IDX,FM DAC,BM DAC,PH DAC,SOA DAC,WL Target
0,11425,4698,17448,24220,1627.5
1,11425,4698,17448,24212,1627.501124971875
2,11425,4698,17448,24204,1627.50224994375
3,11425,4698,17448,24196,1627.503374915625
4,11425,4698,17176,24188,1627.5044998875
5,11425,4698,17176,24180,1627.505624859375
6,11425,4698,17176,24172,1627.50674983125
7,11425,4698,17176,24164,1627.507874803125
8,11425,4698,16946,24156,1627.5089997750001
9,11425,4698,16946,24148,1627.510124746875
10,11425,4698,16946,24140,1627.51124971875
11,11425,4698,16946,24132,1627.512374690625
12,11425,4698,16706,24124,1627.5134996625
13,11425,4698,16706,24116,1627.514624634375
14,11425,4698,16706,24108,1627.51574960625
15,11425,4698,16706,24100,1627.516874578125
16,11425,4698,16432,24080,1627.518
17,11425,4698,16432,24073,1627.5191249875
18,11425,4698,16432,24065,1627.520249975
19,11425,4698,16432,24057,1627.5213749625
20,11425,4698,16226,24049,1627.52249995
21,11425,4698,16226,24041,1627.5236249375
22,11425,4698,16226,24034,1627.524749925
23,11425,4698,16226,24026,1627.5258749125
24,11425,4698,15986,24018,1627.5269999
25,11425,4698,15986,24010,1627.5281248875
26,11425,4698,15986,24003,1627.529249875
27,11425,4698,15986,23995,1627.5303748625001
28,11425,4698,15752,23987,1627.53149985
29,11425,4698,15752,23979,1627.5326248375
30,11425,4698,15752,23971,1627.533749825
31,11425,4698,15752,23964,1627.5348748125
32,11425,4698,15522,23956,1627.5359998000001
33,11425,4698,15522,23948,1627.5371247875
34,11425,4698,15522,23940,1627.5382497750002
35,11425,4698,15522,23932,1627.5393747625
36,11425,4698,15266,23925,1627.54049975
37,11425,4698,15266,23917,1627.5416247375001
38,11425,4698,15266,23909,1627.542749725
39,11425,4698,15266,23901,1627.5438747125002
40,11425,4698,15040,23893,1627.5449997
41,11425,4698,15040,23886,1627.5461246875
42,11425,4698,15040,23878,1627.547249675
43,11425,4698,15040,23870,1627.5483746625
44,11425,4698,14834,23862,1627.5494996500001
45,11425,4698,14834,23855,1627.5506246375
46,11425,4698,14834,23847,1627.551749625
47,11425,4698,14834,23839,1627.5528746125
48,11425,4698,14578,23831,1627.5539996
49,11425,4698,14578,23823,1627.5551245875001
50,11425,4698,14578,23816,1627.556249575
51,11425,4698,14578,23808,1627.5573745625002
52,11196,4519,15426,24055,1627.5585
53,11196,4519,15426,24047,1627.5596249625
54,11196,4519,15426,24040,1627.560749925
55,11196,4519,15426,24032,1627.5618748875002
56,11196,4519,15234,24025,1627.56299985
57,11196,4519,15234,24017,1627.5641248125
58,11196,4519,15234,24010,1627.5652497750002
59,11196,4519,15234,24002,1627.5663747375002
60,11196,4519,15074,23995,1627.5674997
61,11196,4519,15074,23987,1627.5686246625
62,11196,4519,15074,23980,1627.569749625
63,11196,4519,15074,23972,1627.5708745875002
64,11196,4519,14834,23931,1627.572
65,11196,4519,14834,23919,1627.57312494375
66,11196,4519,14834,23908,1627.5742498875
67,11196,4519,14834,23896,1627.57537483125
68,11196,4519,14642,23884,1627.5764997749998
69,11196,4519,14642,23872,1627.5776247187498
70,11196,4519,14642,23861,1627.5787496624998
71,11196,4519,14642,23849,1627.5798746062499
72,11196,4519,14424,23806,1627.581
73,11196,4519,14424,23796,1627.5821249624998
74,11196,4519,14424,23786,1627.583249925
75,11196,4519,14424,23776,1627.5843748875
76,11196,4519,14226,23766,1627.58549985
77,11196,4519,14226,23756,1627.5866248124998
78,11196,4519,14226,23746,1627.5877497749998
79,11196,4519,14226,23736,1627.5888747375
80,11196,4519,14002,23726,1627.5899997
81,11196,4519,14002,23716,1627.5911246624999
82,11196,4519,14002,23706,1627.592249625
83,11196,4519,14002,23696,1627.5933745875
84,11196,4519,13776,23663,1627.5945
85,11196,4519,13776,23649,1627.59562494375
86,11196,4519,13776,23635,1627.5967498875
87,11196,4519,13776,23621,1627.59787483125
88,11196,4519,13584,23607,1627.5989997749998
89,11196,4519,13584,23593,1627.6001247187498
90,11196,4519,13584,23579,1627.6012496624999
91,11196,4519,13584,23565,1627.60237460625
92,11196,4519,13362,23540,1627.6035
93,11196,4519,13362,23528,1627.604624971875
94,11196,4519,13362,23516,1627.60574994375
95,11196,4519,13362,23505,1627.606874915625
96,11196,4519,13160,23493,1627.6079998875
97,11196,4519,13160,23482,1627.609124859375
98,11196,4519,13160,23470,1627.61024983125
99,11196,4519,13160,23458,1627.611374803125
100,11196,4519,12968,23447,1627.6124997749998
101,11196,4519,12968,23435,1627.6136247468748
102,11196,4519,12968,23424,1627.6147497187499
103,11196,4519,12968,23412,1627.6158746906249
104,11196,4519,12770,23400,1627.6169996625
105,11196,4519,12770,23389,1627.618124634375
106,11196,4519,12770,23377,1627.61924960625
107,11196,4519,12770,23366,1627.620374578125
108,10990,4392,13362,23593,1627.6215
109,10990,4392,13362,23584,1627.6226249897727
110,10990,4392,13362,23574,1627.6237499795454
111,10990,4392,13362,23565,1627.6248749693182
112,10990,4392,13154,23556,1627.625999959091
113,10990,4392,13122,23547,1627.6271249488636
114,10990,4392,13090,23538,1627.6282499386364
115,10990,4392,13058,23528,1627.629374928409
116,10990,4392,13026,23519,1627.6304999181818
117,10990,4392,12994,23510,1627.6316249079546
118,10990,4392,12962,23501,1627.6327498977273
119,10990,4392,12930,23492,1627.6338748875
120,10990,4392,12850,23482,1627.6349998772728
121,10990,4392,12850,23473,1627.6361248670455
122,10990,4392,12850,23464,1627.6372498568182
123,10990,4392,12850,23455,1627.638374846591
124,10990,4392,12642,23446,1627.6394998363637
125,10990,4392,12642,23436,1627.6406248261364
126,10990,4392,12642,23427,1627.6417498159092
127,10990,4392,12642,23418,1627.642874805682
128,10990,4392,12432,23409,1627.6439997954546
129,10990,4392,12432,23400,1627.6451247852274
130,10990,4392,12432,23390,1627.646249775
131,10990,4392,12432,23381,1627.6473747647726
132,10990,4392,12242,23372,1627.6484997545454
133,10990,4392,12242,23363,1627.649624744318
134,10990,4392,12242,23353,1627.6507497340908
135,10990,4392,12242,23344,1627.6518747238636
136,10990,4392,12050,23335,1627.6529997136363
137,10990,4392,12050,23326,1627.654124703409
138,10990,4392,12050,23317,1627.6552496931818
139,10990,4392,12050,23307,1627.6563746829545
140,10990,4392,11848,23298,1627.6574996727272
141,10990,4392,11848,23289,1627.6586246625
142,10990,4392,11848,23280,1627.6597496522727
143,10990,4392,11848,23271,1627.6608746420454
144,10990,4392,11682,23261,1627.6619996318182
145,10990,4392,11682,23252,1627.663124621591
146,10990,4392,11682,23243,1627.6642496113636
147,10990,4392,11682,23234,1627.6653746011364
148,10990,4392,11490,23225,1627.666499590909
149,10990,4392,11490,23215,1627.6676245806818
150,10990,4392,11490,23206,1627.6687495704546
151,10990,4392,11490,23197,1627.6698745602273
152,10784,4265,12034,23413,1627.671
153,10784,4265,12034,23406,1627.672124971875
154,10784,4265,12034,23399,1627.67324994375
155,10784,4265,12034,23391,1627.674374915625
156,10784,4265,11858,23384,1627.6754998875
157,10784,4265,11830,23377,1627.6766248593751
158,10784,4265,11802,23369,1627.6777498312501
159,10784,4265,11774,23362,1627.6788748031252
160,10784,4265,11746,23355,1627.679999775
161,10784,4265,11718,23347,1627.681124746875
162,10784,4265,11690,23340,1627.68224971875
163,10784,4265,11662,23333,1627.683374690625
164,10784,4265,11570,23325,1627.6844996625
165,10784,4265,11570,23318,1627.685624634375
166,10784,4265,11570,23311,1627.68674960625
167,10784,4265,11570,23303,1627.687874578125
168,10784,4265,11376,23257,1627.689
169,10784,4265,11376,23245,1627.690124971875
170,10784,4265,11376,23233,1627.69124994375
171,10784,4265,11376,23221,1627.6923749156251
172,10784,4265,11184,23209,1627.6934998875001
173,10784,4265,11184,23197,1627.6946248593752
174,10784,4265,11184,23185,1627.6957498312502
175,10784,4265,11184,23172,1627.6968748031252
176,10784,4265,11026,23160,1627.697999775
177,10784,4265,11026,23148,1627.699124746875
178,10784,4265,11026,23136,1627.70024971875
179,10784,4265,11026,23124,1627.701374690625
180,10784,4265,10850,23112,1627.7024996625
181,10784,4265,10850,23100,1627.703624634375
182,10784,4265,10850,23088,1627.70474960625
183,10784,4265,10850,23076,1627.705874578125
184,10784,4265,10648,23035,1627.707
185,10784,4265,10648,23035,1627.7081248875002
186,10784,4265,10648,23035,1627.709249775
187,10784,4265,10648,23035,1627.7103746625
188,10578,4138,11192,23245,1627.7115
189,10578,4138,11192,23245,1627.7126248875
190,10578,4138,11192,23245,1627.713749775
191,10578,4138,11192,23245,1627.7148746624998
192,10578,4138,11016,23163,1627.716
193,10578,4138,10992,23156,1627.71712494375
194,10578,4138,10968,23149,1627.7182498875
195,10578,4138,10944,23142,1627.71937483125
196,10578,4138,10920,23135,1627.720499775
197,10578,4138,10896,23128,1627.7216247187498
198,10578,4138,10872,23121,1627.7227496624998
199,10578,4138,10848,23114,1627.7238746062499
200,10578,4138,10728,23041,1627.725
201,10578,4138,10692,23029,1627.7261249624999
202,10578,4138,10656,23017,1627.7272499249998
203,10578,4138,10620,23004,1627.7283748875
204,10578,4138,10584,22992,1627.72949985
205,10578,4138,10548,22980,1627.7306248124999
206,10578,4138,10512,22968,1627.731749775
207,10578,4138,10476,22955,1627.7328747375
208,10578,4138,10418,22943,1627.7339997
209,10578,4138,10418,22931,1627.7351246624999
210,10578,4138,10418,22919,1627.7362496249998
211,10578,4138,10418,22906,1627.7373745875
212,10578,4138,10242,22862,1627.7385
213,10578,4138,10242,22849,1627.739624971875
214,10578,4138,10242,22837,1627.74074994375
215,10578,4138,10242,22825,1627.741874915625
216,10578,4138,10080,22812,1627.7429998875
217,10578,4138,10045,22800,1627.744124859375
218,10578,4138,10009,22788,1627.74524983125
219,10578,4138,9974,22775,1627.746374803125
220,10578,4138,9938,22763,1627.747499775
221,10578,4138,9903,22750,1627.7486247468748
222,10578,4138,9867,22738,1627.7497497187499
223,10578,4138,9832,22726,1627.7508746906249
224,10578,4138,9778,22713,1627.7519996624999
225,10578,4138,9778,22701,1627.753124634375
226,10578,4138,9778,22689,1627.75424960625
227,10578,4138,9778,22676,1627.755374578125
228,10372,4011,10240,22860,1627.7565
229,10372,4011,10206,22851,1627.7576249913461
230,10372,4011,10172,22843,1627.7587499826923
231,10372,4011,10137,22834,1627.7598749740384
232,10372,4011,10103,22825,1627.7609999653846
233,10372,4011,10068,22816,1627.7621249567308
234,10372,4011,10034,22808,1627.763249948077
235,10372,4011,10000,22799,1627.764374939423
236,10372,4011,9965,22790,1627.7654999307692
237,10372,4011,9931,22781,1627.7666249221154
238,10372,4011,9896,22773,1627.7677499134616
239,10372,4011,9862,22764,1627.7688749048077
240,10372,4011,9828,22755,1627.7699998961539
241,10372,4011,9793,22746,1627.7711248875
242,10372,4011,9759,22737,1627.7722498788462
243,10372,4011,9724,22729,1627.7733748701924
244,10372,4011,9672,22720,1627.7744998615385
245,10372,4011,9672,22711,1627.7756248528847
246,10372,4011,9672,22702,1627.7767498442308
247,10372,4011,9672,22694,1627.777874835577
248,10372,4011,9512,22685,1627.7789998269232
249,10372,4011,9475,22676,1627.7801248182693
250,10372,4011,9437,22667,1627.7812498096155
251,10372,4011,9400,22658,1627.7823748009616
252,10372,4011,9362,22650,1627.7834997923078
253,10372,4011,9325,22641,1627.784624783654
254,10372,4011,9287,22632,1627.785749775
255,10372,4011,9250,22623,1627.786874766346
256,10372,4011,9202,22615,1627.7879997576922
257,10372,4011,9166,22606,1627.7891247490384
258,10372,4011,9129,22597,1627.7902497403845
259,10372,4011,9093,22588,1627.7913747317307
260,10372,4011,9056,22580,1627.7924997230768
261,10372,4011,9020,22571,1627.793624714423
262,10372,4011,8983,22562,1627.7947497057692
263,10372,4011,8947,22553,1627.7958746971153
264,10372,4011,8895,22544,1627.7969996884615
265,10372,4011,8860,22536,1627.7981246798076
266,10372,4011,8825,22527,1627.7992496711538
267,10372,4011,8789,22518,1627.8003746625
268,10372,4011,8754,22509,1627.8014996538461
269,10372,4011,8718,22501,1627.8026246451923
270,10372,4011,8683,22492,1627.8037496365384
271,10372,4011,8648,22483,1627.8048746278846
272,10372,4011,8612,22474,1627.8059996192308
273,10372,4011,8577,22465,1627.807124610577
274,10372,4011,8541,22457,1627.808249601923
275,10372,4011,8506,22448,1627.8093745932692
276,10372,4011,8471,22439,1627.8104995846154
277,10372,4011,8435,22430,1627.8116245759616
278,10372,4011,8400,22422,1627.8127495673077
279,10372,4011,8364,22413,1627.8138745586539
280,10166,3884,8936,22710,1627.815
281,10166,3884,8936,22701,1627.816124990625
282,10166,3884,8936,22693,1627.8172499812501
283,10166,3884,8936,22685,1627.818374971875
284,10166,3884,8798,22677,1627.8194999625
285,10166,3884,8765,22669,1627.820624953125
286,10166,3884,8731,22661,1627.82174994375
287,10166,3884,8698,22653,1627.822874934375
288,10166,3884,8665,22645,1627.823999925
289,10166,3884,8631,22637,1627.825124915625
290,10166,3884,8598,22629,1627.82624990625
291,10166,3884,8564,22621,1627.827374896875
292,10166,3884,8531,22613,1627.8284998875001
293,10166,3884,8497,22604,1627.829624878125
294,10166,3884,8464,22596,1627.83074986875
295,10166,3884,8431,22588,1627.831874859375
296,10166,3884,8397,22580,1627.83299985
297,10166,3884,8364,22572,1627.834124840625
298,10166,3884,8330,22564,1627.83524983125
299,10166,3884,8297,22556,1627.836374821875
300,10166,3884,8263,22548,1627.8374998125
301,10166,3884,8230,22540,1627.838624803125
302,10166,3884,8197,22532,1627.83974979375
303,10166,3884,8163,22524,1627.840874784375
304,10166,3884,8130,22515,1627.841999775
305,10166,3884,8096,22507,1627.843124765625
306,10166,3884,8063,22499,1627.84424975625
307,10166,3884,8029,22491,1627.845374746875
308,10166,3884,7996,22483,1627.8464997375
309,10166,3884,7962,22475,1627.8476247281249
310,10166,3884,7929,22467,1627.84874971875
311,10166,3884,7896,22459,1627.849874709375
312,10166,3884,7862,22451,1627.8509996999999
313,10166,3884,7829,22443,1627.852124690625
314,10166,3884,7795,22435,1627.85324968125
315,10166,3884,7762,22427,1627.854374671875
316,10166,3884,7728,22418,1627.8554996624998
317,10166,3884,7695,22410,1627.856624653125
318,10166,3884,7662,22402,1627.85774964375
319,10166,3884,7628,22394,1627.8588746343748
320,10166,3884,7595,22386,1627.859999625
321,10166,3884,7561,22378,1627.861124615625
322,10166,3884,7528,22370,1627.8622496062499
323,10166,3884,7494,22362,1627.863374596875
324,10166,3884,7461,22354,1627.8644995875
325,10166,3884,7427,22346,1627.8656245781249
326,10166,3884,7394,22338,1627.8667495687498
327,10166,3884,7361,22330,1627.867874559375
328,9960,3757,7877,22515,1627.869
329,9960,3757,7847,22506,1627.8701249897726
330,9960,3757,7817,22497,1627.8712499795454
331,9960,3757,7787,22488,1627.8723749693181
332,9960,3757,7757,22479,1627.8734999590909
333,9960,3757,7727,22470,1627.8746249488636
334,9960,3757,7697,22461,1627.8757499386363
335,9960,3757,7667,22452,1627.876874928409
336,9960,3757,7637,22443,1627.8779999181818
337,9960,3757,7607,22434,1627.8791249079545
338,9960,3757,7578,22425,1627.8802498977273
339,9960,3757,7548,22416,1627.8813748875
340,9960,3757,7518,22407,1627.8824998772727
341,9960,3757,7488,22398,1627.8836248670455
342,9960,3757,7458,22389,1627.8847498568182
343,9960,3757,7428,22380,1627.885874846591
344,9960,3757,7398,22371,1627.8869998363637
345,9960,3757,7368,22362,1627.8881248261364
346,9960,3757,7338,22353,1627.8892498159091
347,9960,3757,7308,22344,1627.8903748056819
348,9960,3757,7279,22335,1627.8914997954546
349,9960,3757,7249,22326,1627.8926247852273
350,9960,3757,7219,22316,1627.8937497749998
351,9960,3757,7189,22307,1627.8948747647726
352,9960,3757,7159,22298,1627.8959997545453
353,9960,3757,7129,22289,1627.897124744318
354,9960,3757,7099,22280,1627.8982497340908
355,9960,3757,7069,22271,1627.8993747238635
356,9960,3757,7039,22262,1627.9004997136362
357,9960,3757,7009,22253,1627.901624703409
358,9960,3757,6980,22244,1627.9027496931817
359,9960,3757,6950,22235,1627.9038746829544
360,9960,3757,6920,22226,1627.9049996727272
361,9960,3757,6890,22217,1627.9061246625
362,9960,3757,6860,22208,1627.9072496522726
363,9960,3757,6830,22199,1627.9083746420454
364,9960,3757,6800,22190,1627.909499631818
365,9960,3757,6770,22181,1627.9106246215908
366,9960,3757,6740,22172,1627.9117496113636
367,9960,3757,6710,22163,1627.9128746011363
368,9960,3757,6681,22154,1627.913999590909
369,9960,3757,6651,22145,1627.9151245806818
370,9960,3757,6621,22136,1627.9162495704545
371,9960,3757,6591,22127,1627.9173745602272
372,9754,3630,7062,22385,1627.9185
373,9754,3630,7034,22378,1627.91962498875
374,9754,3630,7006,22371,1627.9207499775
375,9754,3630,6978,22364,1627.92187496625
376,9754,3630,6950,22357,1627.922999955
377,9754,3630,6921,22351,1627.92412494375
378,9754,3630,6893,22344,1627.9252499325
379,9754,3630,6865,22337,1627.92637492125
380,9754,3630,6837,22330,1627.92749991
381,9754,3630,6809,22323,1627.92862489875
382,9754,3630,6780,22317,1627.9297498875
383,9754,3630,6752,22310,1627.93087487625
384,9754,3630,6724,22303,1627.931999865
385,9754,3630,6696,22296,1627.93312485375
386,9754,3630,6668,22289,1627.9342498425
387,9754,3630,6639,22283,1627.93537483125
388,9754,3630,6611,22276,1627.93649982
389,9754,3630,6583,22269,1627.9376248087501
390,9754,3630,6555,22262,1627.9387497975001
391,9754,3630,6527,22255,1627.9398747862501
392,9754,3630,6498,22248,1627.940999775
393,9754,3630,6470,22242,1627.94212476375
394,9754,3630,6442,22235,1627.9432497525
395,9754,3630,6414,22228,1627.94437474125
396,9754,3630,6386,22221,1627.94549973
397,9754,3630,6357,22214,1627.94662471875
398,9754,3630,6329,22208,1627.9477497075
399,9754,3630,6301,22201,1627.94887469625
400,9754,3630,6273,22194,1627.949999685
401,9754,3630,6245,22187,1627.95112467375
402,9754,3630,6216,22180,1627.9522496625
403,9754,3630,6188,22174,1627.95337465125
404,9754,3630,6160,22167,1627.95449964
405,9754,3630,6132,22160,1627.95562462875
406,9754,3630,6104,22153,1627.9567496175
407,9754,3630,6076,22146,1627.95787460625
408,9754,3630,6047,22140,1627.958999595
409,9754,3630,6019,22133,1627.96012458375
410,9754,3630,5991,22126,1627.9612495725
411,9754,3630,5963,22119,1627.96237456125
412,9548,3503,6401,22360,1627.9635
413,9548,3503,6376,22351,1627.9646249839286
414,9548,3503,6350,22341,1627.9657499678572
415,9548,3503,6324,22332,1627.9668749517857
416,9548,3503,6298,22322,1627.9679999357143
417,9548,3503,6272,22313,1627.969124919643
418,9548,3503,6247,22304,1627.9702499035716
419,9548,3503,6221,22294,1627.9713748875001
420,9548,3503,6195,22285,1627.9724998714287
421,9548,3503,6169,22275,1627.9736248553572
422,9548,3503,6143,22266,1627.9747498392858
423,9548,3503,6117,22256,1627.9758748232143
424,9548,3503,6092,22247,1627.9769998071429
425,9548,3503,6066,22237,1627.9781247910714
426,9548,3503,6040,22228,1627.979249775
427,9548,3503,6014,22218,1627.9803747589287
428,9548,3503,5988,22209,1627.9814997428573
429,9548,3503,5962,22199,1627.9826247267858
430,9548,3503,5937,22190,1627.9837497107144
431,9548,3503,5911,22180,1627.984874694643
432,9548,3503,5885,22171,1627.9859996785715
433,9548,3503,5859,22161,1627.9871246625
434,9548,3503,5833,22152,1627.9882496464286
435,9548,3503,5808,22142,1627.9893746303571
436,9548,3503,5782,22133,1627.990499614286
437,9548,3503,5756,22123,1627.9916245982145
438,9548,3503,5730,22114,1627.992749582143
439,9548,3503,5704,22104,1627.9938745660716
440,9548,3503,5678,22062,1627.995
441,9548,3503,5653,22048,1627.99612494375
442,9548,3503,5627,22034,1627.9972498875
443,9548,3503,5601,22020,1627.99837483125
444,9548,3503,5575,22006,1627.999499775
445,9548,3503,5549,21992,1628.0006247187498
446,9548,3503,5523,21978,1628.0017496624998
447,9548,3503,5498,21964,1628.0028746062499
448,9548,3503,5472,21756,1628.004
449,9548,3503,5446,21744,1628.00512494375
450,9548,3503,5420,21732,1628.0062498875
451,9548,3503,5394,21720,1628.00737483125
452,9548,3503,5369,21708,1628.008499775
453,9548,3503,5343,21696,1628.0096247187498
454,9548,3503,5317,21684,1628.0107496624998
455,9548,3503,5291,21672,1628.0118746062499
456,9548,3503,5265,21647,1628.013
457,9548,3503,5239,21633,1628.01412494375
458,9548,3503,5214,21620,1628.0152498875
459,9548,3503,5188,21606,1628.01637483125
460,9548,3503,5162,21592,1628.017499775
461,9548,3503,5136,21578,1628.0186247187498
462,9548,3503,5110,21565,1628.0197496624999
463,9548,3503,5084,21551,1628.02087460625
464,9342,3376,5499,21741,1628.022
465,9342,3376,5476,21729,1628.0231249859373
466,9342,3376,5452,21718,1628.024249971875
467,9342,3376,5428,21706,1628.0253749578123
468,9342,3376,5404,21694,1628.02649994375
469,9342,3376,5380,21683,1628.0276249296874
470,9342,3376,5356,21671,1628.028749915625
471,9342,3376,5332,21659,1628.0298749015624
472,9342,3376,5308,21648,1628.0309998875
473,9342,3376,5284,21636,1628.0321248734374
474,9342,3376,5260,21624,1628.033249859375
475,9342,3376,5236,21613,1628.0343748453124
476,9342,3376,5212,21601,1628.03549983125
477,9342,3376,5188,21589,1628.0366248171874
478,9342,3376,5165,21578,1628.037749803125
479,9342,3376,5141,21566,1628.0388747890624
480,9342,3376,5117,21554,1628.039999775
481,9342,3376,5093,21543,1628.0411247609375
482,9342,3376,5069,21531,1628.0422497468749
483,9342,3376,5045,21519,1628.0433747328125
484,9342,3376,5021,21508,1628.0444997187499
485,9342,3376,4997,21496,1628.0456247046875
486,9342,3376,4973,21484,1628.046749690625
487,9342,3376,4949,21473,1628.0478746765625
488,9342,3376,4925,21461,1628.0489996625
489,9342,3376,4901,21449,1628.0501246484375
490,9342,3376,4877,21438,1628.051249634375
491,9342,3376,4853,21426,1628.0523746203125
492,9342,3376,4830,21414,1628.05349960625
493,9342,3376,4806,21403,1628.0546245921876
494,9342,3376,4782,21391,1628.055749578125
495,9342,3376,4758,21379,1628.0568745640626
496,57954,43418,7638,45527,1628.058
497,57954,43418,7608,45527,1628.0591248875
498,57954,43418,7579,45527,1628.060249775
499,57954,43418,7549,45527,1628.0613746625
500,57954,43418,7520,45437,1628.0625
501,57954,43418,7491,45437,1628.0636248875
502,57954,43418,7461,45437,1628.064749775
503,57954,43418,7432,45437,1628.0658746625
504,57954,43418,7402,45373,1628.067
505,57954,43418,7373,45373,1628.0681248875
506,57954,43418,7343,45373,1628.0692497750001
507,57954,43418,7314,45373,1628.0703746625
508,57954,43418,7284,45294,1628.0715
509,57954,43418,7255,45294,1628.0726248875
510,57954,43418,7226,45294,1628.0737497750001
511,57954,43418,7196,45294,1628.0748746625
512,57954,43418,7167,45180,1628.076
513,57954,43418,7137,45180,1628.0771248875
514,57954,43418,7108,45180,1628.0782497750001
515,57954,43418,7078,45180,1628.0793746625
516,57954,43418,7049,45098,1628.0805
517,57954,43418,7019,45088,1628.0816249625
518,57954,43418,6990,45078,1628.082749925
519,57954,43418,6960,45068,1628.0838748875
520,57954,43418,6931,45057,1628.08499985
521,57954,43418,6902,45047,1628.0861248125
522,57954,43418,6872,45037,1628.0872497750001
523,57954,43418,6843,45027,1628.0883747375
524,57954,43418,6813,45016,1628.0894997
525,57954,43418,6784,45006,1628.0906246625
526,57954,43418,6754,44996,1628.091749625
527,57954,43418,6725,44986,1628.0928745875
528,57297,42871,7059,44574,1628.094
529,57297,42871,7032,44566,1628.09512494375
530,57297,42871,7004,44558,1628.0962498875
531,57297,42871,6976,44549,1628.0973748312501
532,57297,42871,6949,44541,1628.0984997750002
533,57297,42871,6921,44533,1628.09962471875
534,57297,42871,6893,44525,1628.1007496625
535,57297,42871,6866,44516,1628.10187460625
536,57297,42871,6838,44461,1628.103
537,57297,42871,6810,44461,1628.1041248875001
538,57297,42871,6782,44461,1628.1052497750002
539,57297,42871,6755,44461,1628.1063746625
540,57297,42871,6727,44351,1628.1075
541,57297,42871,6699,44351,1628.1086248875001
542,57297,42871,6672,44351,1628.1097497750002
543,57297,42871,6644,44351,1628.1108746625
544,57297,42871,6616,44255,1628.112
545,57297,42871,6588,44242,1628.11312494375
546,57297,42871,6561,44229,1628.1142498875001
547,57297,42871,6533,44216,1628.1153748312502
548,57297,42871,6505,44203,1628.1164997750002
549,57297,42871,6478,44190,1628.11762471875
550,57297,42871,6450,44177,1628.1187496625
551,57297,42871,6422,44164,1628.11987460625
552,57297,42871,6394,44142,1628.121
553,57297,42871,6367,44134,1628.1221249437501
554,57297,42871,6339,44126,1628.1232498875002
555,57297,42871,6311,44117,1628.1243748312502
556,57297,42871,6284,44109,1628.1254997750002
557,57297,42871,6256,44101,1628.12662471875
558,57297,42871,6228,44093,1628.1277496625
559,57297,42871,6200,44084,1628.12887460625
560,56640,42324,6532,43695,1628.13
561,56640,42324,6506,43695,1628.1311248875002
562,56640,42324,6480,43695,1628.1322497750002
563,56640,42324,6454,43695,1628.1333746625
564,56640,42324,6428,43564,1628.1345
565,56640,42324,6402,43564,1628.1356248875
566,56640,42324,6376,43564,1628.1367497749998
567,56640,42324,6350,43564,1628.1378746624998
568,56640,42324,6324,43423,1628.139
569,56640,42324,6297,43423,1628.1401248875
570,56640,42324,6271,43423,1628.1412497749998
571,56640,42324,6245,43423,1628.1423746624998
572,56640,42324,6219,43308,1628.1435
573,56640,42324,6193,43308,1628.1446248875
574,56640,42324,6167,43308,1628.1457497749998
575,56640,42324,6141,43308,1628.1468746624998
576,56640,42324,6115,43199,1628.148
577,56640,42324,6089,43199,1628.1491248875
578,56640,42324,6063,43199,1628.1502497749998
579,56640,42324,6037,43199,1628.1513746624998
580,56640,42324,6011,43128,1628.1525
581,56640,42324,5984,43128,1628.1536248875
582,56640,42324,5958,43128,1628.1547497749998
583,56640,42324,5932,43128,1628.1558746624999
584,56640,42324,5906,43035,1628.157
585,56640,42324,5880,43035,1628.1581248875
586,56640,42324,5854,43035,1628.1592497749998
587,56640,42324,5828,43035,1628.1603746624999
588,56640,42324,5802,42926,1628.1615
589,56640,42324,5776,42926,1628.1626248875
590,56640,42324,5750,42926,1628.1637497749998
591,56640,42324,5724,42926,1628.1648746624999
592,56640,42324,5698,42827,1628.166
593,56640,42324,5671,42827,1628.1671248875
594,56640,42324,5645,42827,1628.1682497749998
595,56640,42324,5619,42827,1628.1693746624999
596,55983,41777,5939,42460,1628.1705
597,55983,41777,5915,42460,1628.1716248875
598,55983,41777,5891,42460,1628.1727497749998
599,55983,41777,5868,42460,1628.1738746624999
600,55983,41777,5844,42390,1628.175
601,55983,41777,5820,42375,1628.17612494375
602,55983,41777,5796,42361,1628.1772498875
603,55983,41777,5773,42346,1628.17837483125
604,55983,41777,5749,42331,1628.1794997749998
605,55983,41777,5725,42316,1628.1806247187499
606,55983,41777,5701,42302,1628.1817496625
607,55983,41777,5678,42287,1628.18287460625
608,55983,41777,5654,42222,1628.184
609,55983,41777,5630,42222,1628.1851248875
610,55983,41777,5606,42222,1628.1862497749999
611,55983,41777,5582,42222,1628.1873746625
612,55983,41777,5559,42151,1628.1885
613,55983,41777,5535,42151,1628.1896248875
614,55983,41777,5511,42151,1628.1907497749999
615,55983,41777,5487,42151,1628.1918746625
616,55983,41777,5464,42074,1628.193
617,55983,41777,5440,42074,1628.1941248875
618,55983,41777,5416,42074,1628.1952497749999
619,55983,41777,5392,42074,1628.1963746625
620,55983,41777,5369,41968,1628.1975
621,55983,41777,5345,41963,1628.198624971875
622,55983,41777,5321,41958,1628.19974994375
623,55983,41777,5297,41954,1628.200874915625
624,55983,41777,5274,41949,1628.2019998875
625,55983,41777,5250,41944,1628.203124859375
626,55983,41777,5226,41939,1628.20424983125
627,55983,41777,5202,41934,1628.205374803125
628,55983,41777,5179,41929,1628.2064997749999
629,55983,41777,5155,41924,1628.207624746875
630,55983,41777,5131,41920,1628.20874971875
631,55983,41777,5107,41915,1628.209874690625
632,55983,41777,5084,41910,1628.2109996625
633,55983,41777,5060,41905,1628.212124634375
634,55983,41777,5036,41900,1628.21324960625
635,55983,41777,5012,41895,1628.214374578125
636,55326,41230,5293,41535,1628.2155
637,55326,41230,5271,41523,1628.21662494375
638,55326,41230,5249,41511,1628.2177498875
639,55326,41230,5227,41499,1628.21887483125
640,55326,41230,5205,41487,1628.219999775
641,55326,41230,5183,41475,1628.22112471875
642,55326,41230,5160,41463,1628.2222496625
643,55326,41230,5138,41451,1628.22337460625
644,55326,41230,5116,41428,1628.2245
645,55326,41230,5094,41419,1628.2256249775
646,55326,41230,5072,41410,1628.226749955
647,55326,41230,5050,41401,1628.2278749325
648,55326,41230,5028,41391,1628.22899991
649,55326,41230,5006,41382,1628.2301248875
650,55326,41230,4984,41373,1628.231249865
651,55326,41230,4961,41363,1628.2323748425001
652,55326,41230,4939,41354,1628.2334998200001
653,55326,41230,4917,41345,1628.2346247975001
654,55326,41230,4895,41335,1628.235749775
655,55326,41230,4873,41326,1628.2368747525
656,55326,41230,4851,41317,1628.23799973
657,55326,41230,4829,41308,1628.2391247075
658,55326,41230,4807,41298,1628.240249685
659,55326,41230,4784,41289,1628.2413746625
660,55326,41230,4762,41280,1628.24249964
661,55326,41230,4740,41270,1628.2436246175
662,55326,41230,4718,41261,1628.244749595
663,55326,41230,4696,41252,1628.2458745725
664,55326,41230,4674,41200,1628.247
665,55326,41230,4652,41200,1628.2481248875001
666,55326,41230,4630,41200,1628.249249775
667,55326,41230,4607,41200,1628.2503746625
668,54668,40675,4895,40895,1628.2515
669,54668,40675,4875,40895,1628.2526248875001
670,54668,40675,4854,40895,1628.253749775
671,54668,40675,4834,40895,1628.2548746625
672,54668,40675,4813,40823,1628.256
673,54668,40675,4793,40808,1628.2571249437501
674,54668,40675,4772,40793,1628.2582498875001
675,54668,40675,4752,40778,1628.2593748312502
676,54668,40675,4731,40763,1628.260499775
677,54668,40675,4710,40748,1628.26162471875
678,54668,40675,4690,40733,1628.2627496625
679,54668,40675,4669,40718,1628.26387460625
680,54668,40675,4649,40699,1628.265
681,54668,40675,4628,40699,1628.2661248875002
682,54668,40675,4608,40699,1628.267249775
683,54668,40675,4587,40699,1628.2683746625
684,54668,40675,4566,40605,1628.2695
685,54668,40675,4546,40605,1628.2706248875002
686,54668,40675,4525,40605,1628.271749775
687,54668,40675,4505,40605,1628.2728746625
688,54668,40675,4484,40507,1628.274
689,54668,40675,4464,40507,1628.2751248875
690,54668,40675,4443,40507,1628.276249775
691,54668,40675,4422,40507,1628.2773746624998
692,54668,40675,4402,40415,1628.2785
693,54668,40675,4381,40415,1628.2796248875
694,54668,40675,4361,40415,1628.280749775
695,54668,40675,4340,40415,1628.2818746624998
696,54668,40675,4320,40311,1628.283
697,54668,40675,4299,40311,1628.2841248875
698,54668,40675,4279,40311,1628.285249775
699,54668,40675,4258,40311,1628.2863746624998
700,54668,40675,4237,40214,1628.2875
701,54668,40675,4217,40214,1628.2886248875
702,54668,40675,4196,40214,1628.289749775
703,54668,40675,4176,40214,1628.2908746624998
704,54668,40675,4155,40096,1628.292
705,54668,40675,4135,40096,1628.2931248875
706,54668,40675,4114,40096,1628.294249775
707,54668,40675,4093,40096,1628.2953746624999
708,54668,40675,4073,39996,1628.2965
709,54668,40675,4052,39996,1628.2976248875
710,54668,40675,4032,39996,1628.298749775
711,54668,40675,4011,39996,1628.2998746624999
712,53826,39999,4346,39599,1628.301
713,53826,39999,4327,39599,1628.3021248875
714,53826,39999,4308,39599,1628.303249775
715,53826,39999,4289,39599,1628.3043746624999
716,53826,39999,4270,39486,1628.3055
717,53826,39999,4251,39486,1628.3066248875
718,53826,39999,4232,39486,1628.307749775
719,53826,39999,4213,39486,1628.3088746624999
720,53826,39999,4193,39400,1628.31
721,53826,39999,4174,39400,1628.3111248875
722,53826,39999,4155,39400,1628.312249775
723,53826,39999,4136,39400,1628.3133746624999
724,53826,39999,4117,39292,1628.3145
725,53826,39999,4098,39292,1628.3156248875
726,53826,39999,4079,39292,1628.316749775
727,53826,39999,4060,39292,1628.3178746625
728,53826,39999,4041,39223,1628.319
729,53826,39999,4022,39223,1628.3201248875
730,53826,39999,4003,39223,1628.321249775
731,53826,39999,3983,39223,1628.3223746625
732,53826,39999,3964,39135,1628.3235
733,53826,39999,3945,39135,1628.3246248875
734,53826,39999,3926,39135,1628.325749775
735,53826,39999,3907,39135,1628.3268746625
736,53826,39999,3888,39030,1628.328
737,53826,39999,3869,39016,1628.32912494375
738,53826,39999,3850,39001,1628.3302498875
739,53826,39999,3831,38987,1628.33137483125
740,53826,39999,3812,38972,1628.332499775
741,53826,39999,3793,38958,1628.33362471875
742,53826,39999,3773,38943,1628.3347496625
743,53826,39999,3754,38929,1628.33587460625
744,53826,39999,3735,38902,1628.337
745,53826,39999,3716,38896,1628.33812494375
746,53826,39999,3697,38889,1628.3392498875
747,53826,39999,3678,38883,1628.34037483125
748,53826,39999,3659,38876,1628.341499775
749,53826,39999,3640,38870,1628.34262471875
750,53826,39999,3621,38863,1628.3437496625
751,53826,39999,3602,38857,1628.34487460625
752,53826,39999,3583,38812,1628.346
753,53826,39999,3563,38812,1628.3471248875
754,53826,39999,3544,38812,1628.348249775
755,53826,39999,3525,38812,1628.3493746625
756,52984,39323,3850,38518,1628.3505
757,52984,39323,3833,38513,1628.35162498875
758,52984,39323,3815,38507,1628.3527499775
759,52984,39323,3797,38502,1628.35387496625
760,52984,39323,3780,38496,1628.354999955
761,52984,39323,3762,38491,1628.35612494375
762,52984,39323,3745,38485,1628.3572499325
763,52984,39323,3727,38480,1628.35837492125
764,52984,39323,3710,38474,1628.35949991
765,52984,39323,3692,38469,1628.36062489875
766,52984,39323,3675,38463,1628.3617498875
767,52984,39323,3657,38458,1628.36287487625
768,52984,39323,3640,38452,1628.363999865
769,52984,39323,3622,38447,1628.36512485375
770,52984,39323,3605,38441,1628.3662498425
771,52984,39323,3587,38436,1628.3673748312501
772,52984,39323,3569,38430,1628.3684998200001
773,52984,39323,3552,38425,1628.3696248087501
774,52984,39323,3534,38419,1628.3707497975001
775,52984,39323,3517,38414,1628.3718747862501
776,52984,39323,3499,38408,1628.3729997750002
777,52984,39323,3482,38403,1628.37412476375
778,52984,39323,3464,38397,1628.3752497525
779,52984,39323,3447,38392,1628.37637474125
780,52984,39323,3429,38386,1628.37749973
781,52984,39323,3412,38381,1628.37862471875
782,52984,39323,3394,38375,1628.3797497075
783,52984,39323,3377,38370,1628.38087469625
784,52984,39323,3359,38364,1628.381999685
785,52984,39323,3341,38359,1628.38312467375
786,52984,39323,3324,38353,1628.3842496625
787,52984,39323,3306,38348,1628.38537465125
788,52984,39323,3289,38342,1628.38649964
789,52984,39323,3271,38337,1628.38762462875
790,52984,39323,3254,38331,1628.3887496175
791,52984,39323,3236,38326,1628.38987460625
792,52984,39323,3219,38320,1628.390999595
793,52984,39323,3201,38315,1628.39212458375
794,52984,39323,3184,38309,1628.3932495725
795,52984,39323,3166,38304,1628.39437456125
796,52142,38647,3458,38095,1628.3955
797,52142,38647,3442,38083,1628.39662494375
798,52142,38647,3425,38071,1628.3977498875001
799,52142,38647,3409,38059,1628.3988748312502
800,52142,38647,3392,38047,1628.3999997750002
801,52142,38647,3375,38035,1628.40112471875
802,52142,38647,3359,38023,1628.4022496625
803,52142,38647,3342,38011,1628.40337460625
804,52142,38647,3326,37982,1628.4045
805,52142,38647,3309,37974,1628.4056249437501
806,52142,38647,3293,37966,1628.4067498875002
807,52142,38647,3276,37958,1628.4078748312502
808,52142,38647,3259,37950,1628.4089997750002
809,52142,38647,3243,37942,1628.41012471875
810,52142,38647,3226,37934,1628.4112496625
811,52142,38647,3210,37926,1628.41237460625
812,52142,38647,3193,37894,1628.4135
813,52142,38647,3177,37887,1628.4146249718751
814,52142,38647,3160,37880,1628.4157499437501
815,52142,38647,3143,37873,1628.4168749156252
816,52142,38647,3127,37866,1628.4179998875002
817,52142,38647,3110,37859,1628.419124859375
818,52142,38647,3094,37852,1628.42024983125
819,52142,38647,3077,37845,1628.421374803125
820,52142,38647,3061,37838,1628.422499775
821,52142,38647,3044,37831,1628.423624746875
822,52142,38647,3028,37825,1628.42474971875
823,52142,38647,3011,37818,1628.425874690625
824,52142,38647,2994,37811,1628.4269996624998
825,52142,38647,2978,37804,1628.4281246343749
826,52142,38647,2961,37797,1628.4292496062499
827,52142,38647,2945,37790,1628.4303745781249
828,52142,38647,2928,37743,1628.4315
829,52142,38647,2912,37729,1628.43262494375
830,52142,38647,2895,37715,1628.4337498875
831,52142,38647,2878,37700,1628.43487483125
832,52142,38647,2862,37686,1628.4359997749998
833,52142,38647,2845,37672,1628.4371247187498
834,52142,38647,2829,37658,1628.4382496624999
835,52142,38647,2812,37643,1628.4393746062499
836,52142,38647,2796,37623,1628.4405
837,52142,38647,2779,37623,1628.4416248875
838,52142,38647,2762,37623,1628.4427497749998
839,52142,38647,2746,37623,1628.4438746624999
840,51300,37971,3017,37385,1628.445
841,51300,37971,3001,37377,1628.4461249859373
842,51300,37971,2986,37369,1628.447249971875
843,51300,37971,2970,37361,1628.4483749578123
844,51300,37971,2955,37353,1628.44949994375
845,51300,37971,2940,37345,1628.4506249296874
846,51300,37971,2924,37337,1628.451749915625
847,51300,37971,2909,37329,1628.4528749015624
848,51300,37971,2894,37322,1628.4539998875
849,51300,37971,2878,37314,1628.4551248734374
850,51300,37971,2863,37306,1628.456249859375
851,51300,37971,2848,37298,1628.4573748453124
852,51300,37971,2832,37290,1628.45849983125
853,51300,37971,2817,37282,1628.4596248171874
854,51300,37971,2802,37274,1628.460749803125
855,51300,37971,2786,37266,1628.4618747890624
856,51300,37971,2771,37258,1628.4629997749998
857,51300,37971,2755,37250,1628.4641247609375
858,51300,37971,2740,37243,1628.4652497468749
859,51300,37971,2725,37235,1628.4663747328125
860,51300,37971,2709,37227,1628.4674997187499
861,51300,37971,2694,37219,1628.4686247046875
862,51300,37971,2679,37211,1628.469749690625
863,51300,37971,2663,37203,1628.4708746765625
864,51300,37971,2648,37195,1628.4719996625
865,51300,37971,2633,37187,1628.4731246484375
866,51300,37971,2617,37179,1628.474249634375
867,51300,37971,2602,37171,1628.4753746203126
868,51300,37971,2587,37164,1628.47649960625
869,51300,37971,2571,37156,1628.4776245921876
870,51300,37971,2556,37148,1628.478749578125
871,51300,37971,2540,37140,1628.4798745640626
872,50458,37295,9874,41575,1628.481
873,50458,37295,9874,41575,1628.4821248875
874,50458,37295,9874,41575,1628.4832497749999
875,50458,37295,9874,41575,1628.4843746625
876,50458,37295,9713,41462,1628.4855
877,50458,37295,9680,41456,1628.4866249897727
878,50458,37295,9647,41449,1628.4877499795455
879,50458,37295,9615,41443,1628.4888749693182
880,50458,37295,9582,41436,1628.489999959091
881,50458,37295,9550,41430,1628.4911249488637
882,50458,37295,9517,41424,1628.4922499386364
883,50458,37295,9484,41417,1628.4933749284091
884,50458,37295,9452,41411,1628.4944999181819
885,50458,37295,9419,41405,1628.4956249079546
886,50458,37295,9387,41398,1628.4967498977273
887,50458,37295,9354,41392,1628.4978748875
888,50458,37295,9321,41386,1628.4989998772728
889,50458,37295,9289,41379,1628.5001248670455
890,50458,37295,9256,41373,1628.5012498568183
891,50458,37295,9224,41367,1628.502374846591
892,50458,37295,9157,41360,1628.5034998363637
893,50458,37295,9124,41354,1628.5046248261365
894,50458,37295,9090,41348,1628.5057498159092
895,50458,37295,9057,41341,1628.506874805682
896,50458,37295,9023,41335,1628.5079997954547
897,50458,37295,8989,41329,1628.5091247852274
898,50458,37295,8956,41322,1628.510249775
899,50458,37295,8922,41316,1628.5113747647727
900,50458,37295,8889,41310,1628.5124997545454
901,50458,37295,8855,41303,1628.5136247443181
902,50458,37295,8822,41297,1628.5147497340909
903,50458,37295,8788,41291,1628.5158747238636
904,50458,37295,8755,41284,1628.5169997136363
905,50458,37295,8721,41278,1628.518124703409
906,50458,37295,8688,41272,1628.5192496931818
907,50458,37295,8654,41265,1628.5203746829545
908,50458,37295,8620,41259,1628.5214996727273
909,50458,37295,8587,41253,1628.5226246625
910,50458,37295,8553,41246,1628.5237496522727
911,50458,37295,8520,41240,1628.5248746420455
912,50458,37295,8450,41234,1628.5259996318182
913,50458,37295,8422,41227,1628.527124621591
914,50458,37295,8394,41221,1628.5282496113637
915,50458,37295,8366,41214,1628.5293746011364
916,50458,37295,8338,41208,1628.5304995909091
917,50458,37295,8310,41202,1628.5316245806819
918,50458,37295,8282,41195,1628.5327495704546
919,50458,37295,8254,41189,1628.5338745602273
920,50458,37295,8176,41142,1628.535
921,50458,37295,8144,41128,1628.53612494375
922,50458,37295,8112,41115,1628.5372498875001
923,50458,37295,8080,41101,1628.5383748312502
924,50458,37295,8048,41087,1628.539499775
925,50458,37295,8016,41073,1628.54062471875
926,50458,37295,7984,41060,1628.5417496625
927,50458,37295,7952,41046,1628.54287460625
928,49616,36619,8559,40823,1628.544
929,49616,36619,8528,40823,1628.5451248875002
930,49616,36619,8497,40823,1628.546249775
931,49616,36619,8466,40823,1628.5473746625
932,49616,36619,8435,40742,1628.5485
933,49616,36619,8404,40742,1628.5496248875002
934,49616,36619,8373,40742,1628.550749775
935,49616,36619,8342,40742,1628.5518746625
936,49616,36619,8311,40649,1628.553
937,49616,36619,8280,40649,1628.5541248875002
938,49616,36619,8249,40649,1628.555249775
939,49616,36619,8218,40649,1628.5563746625
940,49616,36619,8187,40536,1628.5575
941,49616,36619,8156,40536,1628.5586248875
942,49616,36619,8124,40536,1628.559749775
943,49616,36619,8093,40536,1628.5608746624998
944,49616,36619,8062,40444,1628.562
945,49616,36619,8031,40444,1628.5631248875
946,49616,36619,8000,40444,1628.564249775
947,49616,36619,7969,40444,1628.5653746624998
948,49616,36619,7938,40365,1628.5665
949,49616,36619,7907,40365,1628.5676248875
950,49616,36619,7876,40365,1628.568749775
951,49616,36619,7845,40365,1628.5698746624998
952,49616,36619,7814,40285,1628.571
953,49616,36619,7783,40285,1628.5721248875
954,49616,36619,7752,40285,1628.573249775
955,49616,36619,7721,40285,1628.5743746624998
956,49616,36619,7690,40147,1628.5755
957,49616,36619,7659,40147,1628.5766248875
958,49616,36619,7628,40147,1628.577749775
959,49616,36619,7597,40147,1628.5788746624999
960,49616,36619,7566,40045,1628.58
961,49616,36619,7535,40045,1628.5811248875
962,49616,36619,7504,40045,1628.582249775
963,49616,36619,7472,40045,1628.5833746624999
964,49616,36619,7441,39915,1628.5845
965,49616,36619,7410,39915,1628.5856248875
966,49616,36619,7379,39915,1628.586749775
967,49616,36619,7348,39915,1628.5878746624999
968,49616,36619,7317,39803,1628.589
969,49616,36619,7286,39803,1628.5901248875
970,49616,36619,7255,39803,1628.591249775
971,49616,36619,7224,39803,1628.5923746624999
972,49616,36619,7193,39677,1628.5935
973,49616,36619,7162,39677,1628.5946248875
974,49616,36619,7131,39677,1628.595749775
975,49616,36619,7100,39677,1628.5968746624999
976,49616,36619,7069,39602,1628.598
977,49616,36619,7038,39602,1628.5991248875
978,49616,36619,7007,39602,1628.600249775
979,49616,36619,6976,39602,1628.6013746625
980,48774,35943,7546,39355,1628.6025
981,48774,35943,7518,39355,1628.6036248875
982,48774,35943,7489,39355,1628.604749775
983,48774,35943,7461,39355,1628.6058746625
984,48774,35943,7433,39259,1628.607
985,48774,35943,7404,39259,1628.6081248875
986,48774,35943,7376,39259,1628.609249775
987,48774,35943,7347,39259,1628.6103746625
988,48774,35943,7319,39148,1628.6115
989,48774,35943,7290,39148,1628.6126248875
990,48774,35943,7262,39148,1628.613749775
991,48774,35943,7233,39148,1628.6148746625
992,48774,35943,7205,39035,1628.616
993,48774,35943,7176,39035,1628.6171248875
994,48774,35943,7148,39035,1628.618249775
995,48774,35943,7119,39035,1628.6193746625
996,48774,35943,7091,38955,1628.6205
997,48774,35943,7062,38955,1628.6216248875
998,48774,35943,7034,38955,1628.622749775
999,48774,35943,7006,38955,1628.6238746625
1000,48774,35943,6977,38875,1628.625
1001,48774,35943,6949,38875,1628.6261248875
1002,48774,35943,6920,38875,1628.627249775
1003,48774,35943,6892,38875,1628.6283746625
1004,48774,35943,6863,38811,1628.6295
1005,48774,35943,6835,38811,1628.6306248875
1006,48774,35943,6806,38811,1628.6317497750001
1007,48774,35943,6778,38811,1628.6328746625
1008,48774,35943,6749,38715,1628.634
1009,48774,35943,6721,38715,1628.6351248875
1010,48774,35943,6692,38715,1628.6362497750001
1011,48774,35943,6664,38715,1628.6373746625
1012,48774,35943,6636,38620,1628.6385
1013,48774,35943,6607,38611,1628.639624971875
1014,48774,35943,6579,38602,1628.64074994375
1015,48774,35943,6550,38593,1628.641874915625
1016,48774,35943,6522,38584,1628.6429998875
1017,48774,35943,6493,38575,1628.644124859375
1018,48774,35943,6465,38566,1628.64524983125
1019,48774,35943,6436,38556,1628.6463748031251
1020,48774,35943,6408,38547,1628.6474997750001
1021,48774,35943,6379,38538,1628.648624746875
1022,48774,35943,6351,38529,1628.64974971875
1023,48774,35943,6322,38520,1628.650874690625
1024,48774,35943,6294,38511,1628.6519996625
1025,48774,35943,6266,38502,1628.653124634375
1026,48774,35943,6237,38493,1628.65424960625
1027,48774,35943,6209,38484,1628.655374578125
1028,47932,35267,6709,38352,1628.6565
1029,47932,35267,6684,38352,1628.6576248875
1030,47932,35267,6658,38352,1628.6587497750002
1031,47932,35267,6633,38352,1628.6598746625
1032,47932,35267,6607,38270,1628.661
1033,47932,35267,6582,38270,1628.6621248875
1034,47932,35267,6556,38270,1628.6632497750002
1035,47932,35267,6531,38270,1628.6643746625
1036,47932,35267,6505,38197,1628.6655
1037,47932,35267,6480,38197,1628.6666248875001
1038,47932,35267,6454,38197,1628.6677497750002
1039,47932,35267,6429,38197,1628.6688746625
1040,47932,35267,6403,38134,1628.67
1041,47932,35267,6378,38119,1628.67112494375
1042,47932,35267,6352,38105,1628.6722498875001
1043,47932,35267,6327,38090,1628.6733748312502
1044,47932,35267,6301,38075,1628.6744997750002
1045,47932,35267,6276,38060,1628.67562471875
1046,47932,35267,6250,38046,1628.6767496625
1047,47932,35267,6225,38031,1628.67787460625
1048,47932,35267,6199,37998,1628.679
1049,47932,35267,6174,37984,1628.6801249437501
1050,47932,35267,6148,37970,1628.6812498875001
1051,47932,35267,6123,37956,1628.6823748312502
1052,47932,35267,6097,37942,1628.6834997750002
1053,47932,35267,6072,37928,1628.68462471875
1054,47932,35267,6046,37914,1628.6857496625
1055,47932,35267,6020,37900,1628.68687460625
1056,47932,35267,5995,37868,1628.688
1057,47932,35267,5969,37868,1628.6891248875002
1058,47932,35267,5944,37868,1628.6902497750002
1059,47932,35267,5918,37868,1628.6913746625
1060,47932,35267,5893,37780,1628.6925
1061,47932,35267,5867,37780,1628.6936248875002
1062,47932,35267,5842,37780,1628.6947497750002
1063,47932,35267,5816,37780,1628.6958746625
1064,47932,35267,5791,37709,1628.697
1065,47932,35267,5765,37709,1628.6981248875
1066,47932,35267,5740,37709,1628.6992497749998
1067,47932,35267,5714,37709,1628.7003746624998
1068,47932,35267,5689,37607,1628.7015
1069,47932,35267,5663,37607,1628.7026248875
1070,47932,35267,5638,37607,1628.7037497749998
1071,47932,35267,5612,37607,1628.7048746624998
1072,47090,34591,6069,37483,1628.706
1073,47090,34591,6045,37483,1628.7071248875
1074,47090,34591,6022,37483,1628.7082497749998
1075,47090,34591,5998,37483,1628.7093746624998
1076,47090,34591,5974,37417,1628.7105
1077,47090,34591,5951,37417,1628.7116248875
1078,47090,34591,5927,37417,1628.7127497749998
1079,47090,34591,5903,37417,1628.7138746624998
1080,47090,34591,5880,37324,1628.715
1081,47090,34591,5856,37324,1628.7161248875
1082,47090,34591,5833,37324,1628.7172497749998
1083,47090,34591,5809,37324,1628.7183746624999
1084,47090,34591,5785,37243,1628.7195
1085,47090,34591,5762,37243,1628.7206248875
1086,47090,34591,5738,37243,1628.7217497749998
1087,47090,34591,5714,37243,1628.7228746624999
1088,47090,34591,5691,37106,1628.724
1089,47090,34591,5667,37106,1628.7251248875
1090,47090,34591,5644,37106,1628.7262497749998
1091,47090,34591,5620,37106,1628.7273746624999
1092,47090,34591,5596,37022,1628.7285
1093,47090,34591,5573,37022,1628.7296248875
1094,47090,34591,5549,37022,1628.7307497749998
1095,47090,34591,5525,37022,1628.7318746624999
1096,47090,34591,5502,36916,1628.733
1097,47090,34591,5478,36916,1628.7341248875
1098,47090,34591,5455,36916,1628.7352497749998
1099,47090,34591,5431,36916,1628.7363746624999
1100,47090,34591,5407,36822,1628.7375
1101,47090,34591,5384,36822,1628.7386248875
1102,47090,34591,5360,36822,1628.7397497749998
1103,47090,34591,5337,36822,1628.7408746625
1104,47090,34591,5313,36758,1628.742
1105,47090,34591,5289,36758,1628.7431248875
1106,47090,34591,5266,36758,1628.7442497749998
1107,47090,34591,5242,36758,1628.7453746625
1108,47090,34591,5218,36693,1628.7465
1109,47090,34591,5195,36693,1628.7476248875
1110,47090,34591,5171,36693,1628.7487497749999
1111,47090,34591,5148,36693,1628.7498746625
1112,47090,34591,5124,36600,1628.751
1113,47090,34591,5100,36592,1628.75212498125
1114,47090,34591,5077,36584,1628.7532499625
1115,47090,34591,5053,36576,1628.75437494375
1116,47090,34591,5029,36568,1628.755499925
1117,47090,34591,5006,36560,1628.75662490625
1118,47090,34591,4982,36552,1628.7577498875
1119,47090,34591,4959,36544,1628.75887486875
1120,47090,34591,4935,36536,1628.75999985
1121,47090,34591,4911,36528,1628.76112483125
1122,47090,34591,4888,36521,1628.7622498125
1123,47090,34591,4864,36513,1628.76337479375
1124,47090,34591,4840,36505,1628.7644997749999
1125,47090,34591,4817,36497,1628.76562475625
1126,47090,34591,4793,36489,1628.7667497375
1127,47090,34591,4770,36481,1628.76787471875
1128,47090,34591,4746,36473,1628.7689997
1129,47090,34591,4722,36465,1628.77012468125
1130,47090,34591,4699,36457,1628.7712496625
1131,47090,34591,4675,36449,1628.77237464375
1132,47090,34591,4651,36441,1628.773499625
1133,47090,34591,4628,36433,1628.77462460625
1134,47090,34591,4604,36425,1628.7757495875
1135,47090,34591,4581,36417,1628.77687456875
1136,46241,33908,5043,36340,1628.778
1137,46241,33908,5022,36331,1628.7791249913462
1138,46241,33908,5001,36323,1628.7802499826923
1139,46241,33908,4981,36314,1628.7813749740385
1140,46241,33908,4960,36306,1628.7824999653847
1141,46241,33908,4939,36298,1628.7836249567308
1142,46241,33908,4918,36289,1628.784749948077
1143,46241,33908,4897,36281,1628.7858749394231
1144,46241,33908,4877,36272,1628.7869999307693
1145,46241,33908,4856,36264,1628.7881249221155
1146,46241,33908,4835,36256,1628.7892499134616
1147,46241,33908,4814,36247,1628.7903749048078
1148,46241,33908,4793,36239,1628.791499896154
1149,46241,33908,4772,36231,1628.7926248875
1150,46241,33908,4752,36222,1628.7937498788463
1151,46241,33908,4731,36214,1628.7948748701924
1152,46241,33908,4710,36205,1628.7959998615386
1153,46241,33908,4689,36197,1628.7971248528847
1154,46241,33908,4668,36189,1628.798249844231
1155,46241,33908,4648,36180,1628.799374835577
1156,46241,33908,4627,36172,1628.8004998269232
1157,46241,33908,4606,36163,1628.8016248182694
1158,46241,33908,4585,36155,1628.8027498096155
1159,46241,33908,4564,36147,1628.8038748009617
1160,46241,33908,4544,36138,1628.8049997923079
1161,46241,33908,4523,36130,1628.806124783654
1162,46241,33908,4502,36122,1628.807249775
1163,46241,33908,4481,36113,1628.808374766346
1164,46241,33908,4460,36105,1628.8094997576923
1165,46241,33908,4439,36096,1628.8106247490384
1166,46241,33908,4419,36088,1628.8117497403846
1167,46241,33908,4398,36080,1628.8128747317307
1168,46241,33908,4377,36071,1628.813999723077
1169,46241,33908,4356,36063,1628.815124714423
1170,46241,33908,4335,36054,1628.8162497057692
1171,46241,33908,4315,36046,1628.8173746971154
1172,46241,33908,4294,36038,1628.8184996884615
1173,46241,33908,4273,36029,1628.8196246798077
1174,46241,33908,4252,36021,1628.8207496711539
1175,46241,33908,4231,36013,1628.8218746625
1176,46241,33908,4211,36004,1628.8229996538462
1177,46241,33908,4190,35996,1628.8241246451923
1178,46241,33908,4169,35987,1628.8252496365385
1179,46241,33908,4148,35979,1628.8263746278847
1180,46241,33908,4127,35971,1628.8274996192308
1181,46241,33908,4106,35962,1628.828624610577
1182,46241,33908,4086,35954,1628.8297496019231
1183,46241,33908,4065,35945,1628.8308745932693
1184,46241,33908,4044,35937,1628.8319995846155
1185,46241,33908,4023,35929,1628.8331245759616
1186,46241,33908,4002,35920,1628.8342495673078
1187,46241,33908,3982,35912,1628.835374558654
1188,46241,33908,3961,35854,1628.8365
1189,46241,33908,3940,35844,1628.83762494375
1190,46241,33908,3919,35835,1628.8387498875
1191,46241,33908,3898,35825,1628.83987483125
1192,46241,33908,3877,35815,1628.840999775
1193,46241,33908,3857,35805,1628.8421247187498
1194,46241,33908,3836,35796,1628.8432496624998
1195,46241,33908,3815,35786,1628.8443746062499
1196,45604,33392,4126,35617,1628.8455
1197,45604,33392,4107,35604,1628.8466249624998
1198,45604,33392,4088,35591,1628.8477499249998
1199,45604,33392,4069,35577,1628.8488748875
1200,45604,33392,4051,35564,1628.84999985
1201,45604,33392,4032,35551,1628.8511248124998
1202,45604,33392,4013,35538,1628.852249775
1203,45604,33392,3994,35525,1628.8533747375
1204,45604,33392,3976,35512,1628.8544997
1205,45604,33392,3957,35499,1628.8556246624998
1206,45604,33392,3938,35486,1628.8567496249998
1207,45604,33392,3919,35472,1628.8578745875
1208,45604,33392,3900,35435,1628.859
1209,45604,33392,3882,35435,1628.8601248875
1210,45604,33392,3863,35435,1628.861249775
1211,45604,33392,3844,35435,1628.8623746624999
1212,45604,33392,3825,35335,1628.8635
1213,45604,33392,3807,35335,1628.8646248875
1214,45604,33392,3788,35335,1628.865749775
1215,45604,33392,3769,35335,1628.8668746624999
1216,45604,33392,3750,35261,1628.868
1217,45604,33392,3731,35249,1628.86912494375
1218,45604,33392,3713,35238,1628.8702498875
1219,45604,33392,3694,35226,1628.87137483125
1220,45604,33392,3675,35214,1628.872499775
1221,45604,33392,3656,35202,1628.8736247187499
1222,45604,33392,3638,35191,1628.8747496624999
1223,45604,33392,3619,35179,1628.87587460625
1224,45604,33392,3600,35131,1628.877
1225,45604,33392,3581,35131,1628.8781248875
1226,45604,33392,3562,35131,1628.879249775
1227,45604,33392,3544,35131,1628.8803746625
1228,45604,33392,3525,35056,1628.8815
1229,45604,33392,3506,35056,1628.8826248875
1230,45604,33392,3487,35056,1628.883749775
1231,45604,33392,3469,35056,1628.8848746625
1232,45604,33392,3450,34995,1628.886
1233,45604,33392,3431,34981,1628.88712494375
1234,45604,33392,3412,34966,1628.8882498875
1235,45604,33392,3393,34952,1628.88937483125
1236,45604,33392,3375,34937,1628.890499775
1237,45604,33392,3356,34923,1628.8916247187499
1238,45604,33392,3337,34908,1628.8927496625
1239,45604,33392,3318,34894,1628.89387460625
1240,44967,32876,3596,34738,1628.895
1241,44967,32876,3579,34728,1628.8961249859374
1242,44967,32876,3562,34718,1628.897249971875
1243,44967,32876,3545,34708,1628.8983749578124
1244,44967,32876,3528,34698,1628.89949994375
1245,44967,32876,3511,34688,1628.9006249296874
1246,44967,32876,3493,34678,1628.901749915625
1247,44967,32876,3476,34669,1628.9028749015624
1248,44967,32876,3459,34659,1628.9039998875
1249,44967,32876,3442,34649,1628.9051248734374
1250,44967,32876,3425,34639,1628.906249859375
1251,44967,32876,3408,34629,1628.9073748453125
1252,44967,32876,3391,34619,1628.90849983125
1253,44967,32876,3374,34610,1628.9096248171875
1254,44967,32876,3357,34600,1628.910749803125
1255,44967,32876,3339,34590,1628.9118747890625
1256,44967,32876,3322,34580,1628.9129997750001
1257,44967,32876,3305,34570,1628.9141247609375
1258,44967,32876,3288,34560,1628.915249746875
1259,44967,32876,3271,34551,1628.9163747328125
1260,44967,32876,3254,34541,1628.91749971875
1261,44967,32876,3237,34531,1628.9186247046875
1262,44967,32876,3220,34521,1628.919749690625
1263,44967,32876,3202,34511,1628.9208746765626
1264,44967,32876,3185,34501,1628.9219996625
1265,44967,32876,3168,34492,1628.9231246484376
1266,44967,32876,3151,34482,1628.924249634375
1267,44967,32876,3134,34472,1628.9253746203126
1268,44967,32876,3117,34462,1628.92649960625
1269,44967,32876,3100,34452,1628.9276245921876
1270,44967,32876,3083,34442,1628.928749578125
1271,44967,32876,3065,34432,1628.9298745640626
1272,44330,32360,3319,34363,1628.931
1273,44330,32360,3303,34356,1628.932124990625
1274,44330,32360,3286,34348,1628.9332499812501
1275,44330,32360,3270,34341,1628.934374971875
1276,44330,32360,3254,34334,1628.9354999625
1277,44330,32360,3238,34326,1628.936624953125
1278,44330,32360,3221,34319,1628.93774994375
1279,44330,32360,3205,34312,1628.938874934375
1280,44330,32360,3189,34304,1628.939999925
1281,44330,32360,3172,34297,1628.941124915625
1282,44330,32360,3156,34289,1628.94224990625
1283,44330,32360,3140,34282,1628.943374896875
1284,44330,32360,3124,34275,1628.9444998875001
1285,44330,32360,3107,34267,1628.945624878125
1286,44330,32360,3091,34260,1628.94674986875
1287,44330,32360,3075,34253,1628.947874859375
1288,44330,32360,3058,34245,1628.94899985
1289,44330,32360,3042,34238,1628.950124840625
1290,44330,32360,3026,34230,1628.95124983125
1291,44330,32360,3010,34223,1628.952374821875
1292,44330,32360,2993,34216,1628.9534998125
1293,44330,32360,2977,34208,1628.954624803125
1294,44330,32360,2961,34201,1628.9557497937499
1295,44330,32360,2945,34194,1628.956874784375
1296,44330,32360,2928,34186,1628.957999775
1297,44330,32360,2912,34179,1628.959124765625
1298,44330,32360,2896,34171,1628.96024975625
1299,44330,32360,2879,34164,1628.961374746875
1300,44330,32360,2863,34157,1628.9624997375
1301,44330,32360,2847,34149,1628.9636247281248
1302,44330,32360,2831,34142,1628.96474971875
1303,44330,32360,2814,34135,1628.965874709375
1304,44330,32360,2798,34127,1628.9669996999999
1305,44330,32360,2782,34120,1628.968124690625
1306,44330,32360,2766,34112,1628.96924968125
1307,44330,32360,2749,34105,1628.9703746718749
1308,44330,32360,2733,34098,1628.9714996624998
1309,44330,32360,2717,34090,1628.972624653125
1310,44330,32360,2700,34083,1628.97374964375
1311,44330,32360,2684,34076,1628.9748746343748
1312,44330,32360,2668,34068,1628.975999625
1313,44330,32360,2652,34061,1628.977124615625
1314,44330,32360,2635,34053,1628.9782496062498
1315,44330,32360,2619,34046,1628.979374596875
1316,44330,32360,2603,34039,1628.9804995875
1317,44330,32360,2587,34031,1628.9816245781249
1318,44330,32360,2570,34024,1628.9827495687498
1319,44330,32360,2554,34017,1628.983874559375
1320,43693,31844,2802,33903,1628.985
1321,43693,31844,2786,33888,1628.98612494375
1322,43693,31844,2770,33874,1628.9872498875
1323,43693,31844,2754,33859,1628.98837483125
1324,43693,31844,2738,33844,1628.9894997749998
1325,43693,31844,2722,33829,1628.9906247187498
1326,43693,31844,2706,33815,1628.9917496624998
1327,43693,31844,2690,33800,1628.9928746062499
1328,43693,31844,2674,33774,1628.994
1329,43693,31844,2658,33762,1628.99512494375
1330,43693,31844,2641,33750,1628.9962498875
1331,43693,31844,2625,33738,1628.99737483125
1332,43693,31844,2609,33726,1628.9984997749998
1333,43693,31844,2593,33714,1628.9996247187498
1334,43693,31844,2577,33702,1629.0007496624999
1335,43693,31844,2561,33690,1629.0018746062499
1336,43693,31844,2545,33662,1629.003
1337,43693,31844,2529,33662,1629.0041248875
1338,43693,31844,2513,33662,1629.0052497749998
1339,43693,31844,2497,33662,1629.0063746624999
1340,43056,31328,9810,36700,1629.0075
1341,43056,31328,9810,36700,1629.0086248875
1342,43056,31328,9810,36700,1629.0097497749998
1343,43056,31328,9810,36700,1629.0108746624999
1344,43056,31328,9631,36589,1629.012
1345,43056,31328,9597,36589,1629.0131248875
1346,43056,31328,9562,36589,1629.0142497749998
1347,43056,31328,9528,36589,1629.0153746624999
1348,43056,31328,9494,36494,1629.0165
1349,43056,31328,9459,36494,1629.0176248875
1350,43056,31328,9425,36494,1629.0187497749998
1351,43056,31328,9391,36494,1629.0198746625
1352,43056,31328,9356,36398,1629.021
1353,43056,31328,9322,36398,1629.0221248875
1354,43056,31328,9287,36398,1629.0232497749998
1355,43056,31328,9253,36398,1629.0243746625
1356,43056,31328,9219,36281,1629.0255
1357,43056,31328,9184,36275,1629.0266249946428
1358,43056,31328,9150,36270,1629.0277499892857
1359,43056,31328,9116,36264,1629.0288749839285
1360,43056,31328,9081,36258,1629.0299999785714
1361,43056,31328,9047,36252,1629.0311249732142
1362,43056,31328,9012,36246,1629.032249967857
1363,43056,31328,8978,36240,1629.0333749625
1364,43056,31328,8944,36234,1629.0344999571428
1365,43056,31328,8909,36229,1629.0356249517856
1366,43056,31328,8875,36223,1629.0367499464285
1367,43056,31328,8841,36217,1629.0378749410713
1368,43056,31328,8806,36211,1629.0389999357142
1369,43056,31328,8772,36205,1629.040124930357
1370,43056,31328,8737,36199,1629.041249925
1371,43056,31328,8703,36193,1629.042374919643
1372,43056,31328,8669,36188,1629.0434999142858
1373,43056,31328,8634,36182,1629.0446249089287
1374,43056,31328,8600,36176,1629.0457499035715
1375,43056,31328,8565,36170,1629.0468748982144
1376,43056,31328,8531,36164,1629.0479998928572
1377,43056,31328,8497,36158,1629.0491248875
1378,43056,31328,8462,36153,1629.050249882143
1379,43056,31328,8428,36147,1629.0513748767858
1380,43056,31328,8394,36141,1629.0524998714286
1381,43056,31328,8359,36135,1629.0536248660715
1382,43056,31328,8325,36129,1629.0547498607143
1383,43056,31328,8290,36123,1629.0558748553572
1384,43056,31328,8256,36117,1629.05699985
1385,43056,31328,8222,36112,1629.0581248446429
1386,43056,31328,8187,36106,1629.0592498392857
1387,43056,31328,8153,36100,1629.0603748339286
1388,42419,30812,8739,36094,1629.0614998285714
1389,42419,30812,8707,36088,1629.0626248232143
1390,42419,30812,8675,36082,1629.0637498178571
1391,42419,30812,8643,36076,1629.0648748125
1392,42419,30812,8611,36071,1629.0659998071428
1393,42419,30812,8579,36065,1629.0671248017857
1394,42419,30812,8547,36059,1629.0682497964285
1395,42419,30812,8515,36053,1629.0693747910714
1396,42419,30812,8483,36047,1629.0704997857142
1397,42419,30812,8451,36041,1629.071624780357
1398,42419,30812,8419,36036,1629.072749775
1399,42419,30812,8387,36030,1629.073874769643
1400,42419,30812,8355,36024,1629.0749997642858
1401,42419,30812,8323,36018,1629.0761247589287
1402,42419,30812,8292,36012,1629.0772497535716
1403,42419,30812,8260,36006,1629.0783747482144
1404,42419,30812,8228,36000,1629.0794997428573
1405,42419,30812,8196,35995,1629.0806247375
1406,42419,30812,8164,35989,1629.081749732143
1407,42419,30812,8132,35983,1629.0828747267858
1408,42419,30812,8100,35977,1629.0839997214287
1409,42419,30812,8068,35971,1629.0851247160715
1410,42419,30812,8036,35965,1629.0862497107144
1411,42419,30812,8004,35959,1629.0873747053572
1412,42419,30812,7972,35954,1629.0884997
1413,42419,30812,7940,35948,1629.089624694643
1414,42419,30812,7908,35942,1629.0907496892858
1415,42419,30812,7876,35936,1629.0918746839286
1416,42419,30812,7844,35930,1629.0929996785715
1417,42419,30812,7812,35924,1629.0941246732143
1418,42419,30812,7780,35919,1629.0952496678572
1419,42419,30812,7748,35913,1629.0963746625
1420,42419,30812,7716,35907,1629.0974996571429
1421,42419,30812,7684,35901,1629.0986246517857
1422,42419,30812,7652,35895,1629.0997496464286
1423,42419,30812,7621,35889,1629.1008746410714
1424,42419,30812,7589,35883,1629.1019996357143
1425,42419,30812,7557,35878,1629.1031246303571
1426,42419,30812,7525,35872,1629.1042496250002
1427,42419,30812,7493,35866,1629.105374619643
1428,42419,30812,7461,35860,1629.106499614286
1429,42419,30812,7429,35854,1629.1076246089287
1430,42419,30812,7397,35848,1629.1087496035716
1431,42419,30812,7365,35842,1629.1098745982144
1432,42419,30812,7333,35837,1629.1109995928573
1433,42419,30812,7301,35831,1629.1121245875001
1434,42419,30812,7269,35825,1629.113249582143
1435,42419,30812,7237,35819,1629.1143745767858
1436,42419,30812,7205,35813,1629.1154995714287
1437,42419,30812,7173,35807,1629.1166245660716
1438,42419,30812,7141,35802,1629.1177495607144
1439,42419,30812,7109,35796,1629.1188745553573
1440,41782,30296,7620,35726,1629.12
1441,41782,30296,7591,35726,1629.1211248875
1442,41782,30296,7562,35726,1629.122249775
1443,41782,30296,7534,35726,1629.1233746624998
1444,41782,30296,7505,35663,1629.1245
1445,41782,30296,7476,35652,1629.12562494375
1446,41782,30296,7447,35641,1629.1267498875
1447,41782,30296,7418,35630,1629.12787483125
1448,41782,30296,7389,35619,1629.128999775
1449,41782,30296,7360,35608,1629.1301247187498
1450,41782,30296,7332,35597,1629.1312496624998
1451,41782,30296,7303,35586,1629.1323746062499
1452,41782,30296,7274,35547,1629.1335
1453,41782,30296,7245,35547,1629.1346248875
1454,41782,30296,7216,35547,1629.135749775
1455,41782,30296,7187,35547,1629.1368746624998
1456,41782,30296,7158,35454,1629.138
1457,41782,30296,7129,35454,1629.1391248875
1458,41782,30296,7101,35454,1629.140249775
1459,41782,30296,7072,35454,1629.1413746624999
1460,41782,30296,7043,35381,1629.1425
1461,41782,30296,7014,35366,1629.14362494375
1462,41782,30296,6985,35352,1629.1447498875
1463,41782,30296,6956,35337,1629.14587483125
1464,41782,30296,6927,35322,1629.146999775
1465,41782,30296,6899,35307,1629.1481247187498
1466,41782,30296,6870,35293,1629.1492496624999
1467,41782,30296,6841,35278,1629.15037460625
1468,41782,30296,6812,35255,1629.1515
1469,41782,30296,6783,35255,1629.1526248875
1470,41782,30296,6754,35255,1629.153749775
1471,41782,30296,6725,35255,1629.1548746624999
1472,41782,30296,6697,35182,1629.156
1473,41782,30296,6668,35182,1629.1571248875
1474,41782,30296,6639,35182,1629.158249775
1475,41782,30296,6610,35182,1629.1593746624999
1476,41782,30296,6581,35102,1629.1605
1477,41782,30296,6552,35102,1629.1616248875
1478,41782,30296,6523,35102,1629.162749775
1479,41782,30296,6495,35102,1629.1638746625
1480,41782,30296,6466,35035,1629.165
1481,41782,30296,6437,35035,1629.1661248875
1482,41782,30296,6408,35035,1629.167249775
1483,41782,30296,6379,35035,1629.1683746625
1484,41145,29780,6851,34911,1629.1695
1485,41145,29780,6824,34911,1629.1706248875
1486,41145,29780,6797,34911,1629.171749775
1487,41145,29780,6770,34911,1629.1728746625
1488,41145,29780,6743,34837,1629.174
1489,41145,29780,6716,34823,1629.17512494375
1490,41145,29780,6689,34809,1629.1762498875
1491,41145,29780,6662,34794,1629.17737483125
1492,41145,29780,6635,34780,1629.178499775
1493,41145,29780,6608,34766,1629.17962471875
1494,41145,29780,6581,34752,1629.1807496625
1495,41145,29780,6554,34737,1629.18187460625
1496,41145,29780,6527,34718,1629.183
1497,41145,29780,6500,34706,1629.18412494375
1498,41145,29780,6473,34694,1629.1852498875
1499,41145,29780,6446,34682,1629.18637483125
1500,41145,29780,6420,34670,1629.187499775
1501,41145,29780,6393,34658,1629.18862471875
1502,41145,29780,6366,34646,1629.1897496625
1503,41145,29780,6339,34634,1629.19087460625
1504,41145,29780,6312,34605,1629.192
1505,41145,29780,6285,34605,1629.1931248875
1506,41145,29780,6258,34605,1629.1942497750001
1507,41145,29780,6231,34605,1629.1953746625
1508,41145,29780,6204,34517,1629.1965
1509,41145,29780,6177,34506,1629.197624971875
1510,41145,29780,6150,34496,1629.19874994375
1511,41145,29780,6123,34486,1629.199874915625
1512,41145,29780,6096,34476,1629.2009998875
1513,41145,29780,6069,34466,1629.202124859375
1514,41145,29780,6042,34456,1629.20324983125
1515,41145,29780,6015,34445,1629.2043748031251
1516,41145,29780,5988,34435,1629.2054997750001
1517,41145,29780,5961,34425,1629.206624746875
1518,41145,29780,5934,34415,1629.20774971875
1519,41145,29780,5907,34405,1629.208874690625
1520,41145,29780,5880,34394,1629.2099996625
1521,41145,29780,5853,34384,1629.211124634375
1522,41145,29780,5826,34374,1629.21224960625
1523,41145,29780,5800,34364,1629.213374578125
1524,40508,29264,6227,34336,1629.2145
1525,40508,29264,6202,34325,1629.2156249812501
1526,40508,29264,6177,34313,1629.2167499625
1527,40508,29264,6152,34302,1629.21787494375
1528,40508,29264,6128,34291,1629.218999925
1529,40508,29264,6103,34280,1629.22012490625
1530,40508,29264,6078,34268,1629.2212498875
1531,40508,29264,6054,34257,1629.22237486875
1532,40508,29264,6029,34246,1629.22349985
1533,40508,29264,6004,34234,1629.2246248312501
1534,40508,29264,5979,34223,1629.2257498125
1535,40508,29264,5955,34212,1629.22687479375
1536,40508,29264,5930,34200,1629.2279997750002
1537,40508,29264,5905,34189,1629.22912475625
1538,40508,29264,5880,34178,1629.2302497375001
1539,40508,29264,5856,34167,1629.23137471875
1540,40508,29264,5831,34155,1629.2324997
1541,40508,29264,5806,34144,1629.2336246812501
1542,40508,29264,5782,34133,1629.2347496625
1543,40508,29264,5757,34121,1629.23587464375
1544,40508,29264,5732,34110,1629.236999625
1545,40508,29264,5707,34099,1629.23812460625
1546,40508,29264,5683,34087,1629.2392495875001
1547,40508,29264,5658,34076,1629.24037456875
1548,40508,29264,5633,34042,1629.2415
1549,40508,29264,5609,34039,1629.2426249437501
1550,40508,29264,5584,34035,1629.2437498875001
1551,40508,29264,5559,34032,1629.2448748312502
1552,40508,29264,5534,34028,1629.2459997750002
1553,40508,29264,5510,34025,1629.24712471875
1554,40508,29264,5485,34021,1629.2482496625
1555,40508,29264,5460,34018,1629.24937460625
1556,40508,29264,5436,33962,1629.2505
1557,40508,29264,5411,33962,1629.2516248875002
1558,40508,29264,5386,33962,1629.2527497750002
1559,40508,29264,5361,33962,1629.2538746625
1560,40508,29264,5337,33868,1629.255
1561,40508,29264,5312,33868,1629.2561248875002
1562,40508,29264,5287,33868,1629.2572497750002
1563,40508,29264,5263,33868,1629.2583746625
1564,40508,29264,5238,33787,1629.2595
1565,40508,29264,5213,33776,1629.26062494375
1566,40508,29264,5188,33765,1629.2617498875
1567,40508,29264,5164,33753,1629.26287483125
1568,39871,28740,5557,33742,1629.2639997749998
1569,39871,28740,5534,33731,1629.2651247187498
1570,39871,28740,5512,33720,1629.2662496624998
1571,39871,28740,5489,33708,1629.2673746062499
1572,39871,28740,5467,33663,1629.2685
1573,39871,28740,5444,33654,1629.26962494375
1574,39871,28740,5422,33645,1629.2707498875
1575,39871,28740,5399,33636,1629.27187483125
1576,39871,28740,5377,33627,1629.2729997749998
1577,39871,28740,5355,33618,1629.2741247187498
1578,39871,28740,5332,33609,1629.2752496624998
1579,39871,28740,5310,33600,1629.2763746062499
1580,39871,28740,5287,33536,1629.2775
1581,39871,28740,5265,33536,1629.2786248875
1582,39871,28740,5242,33536,1629.2797497749998
1583,39871,28740,5220,33536,1629.2808746624999
1584,39871,28740,5197,33453,1629.282
1585,39871,28740,5175,33453,1629.2831248875
1586,39871,28740,5153,33453,1629.2842497749998
1587,39871,28740,5130,33453,1629.2853746624999
1588,39871,28740,5108,33358,1629.2865
1589,39871,28740,5085,33358,1629.2876248875
1590,39871,28740,5063,33358,1629.2887497749998
1591,39871,28740,5040,33358,1629.2898746624999
1592,39871,28740,5018,33270,1629.291
1593,39871,28740,4995,33270,1629.2921248875
1594,39871,28740,4973,33270,1629.2932497749998
1595,39871,28740,4951,33270,1629.2943746624999
1596,39871,28740,4928,33205,1629.2955
1597,39871,28740,4906,33192,1629.2966249625
1598,39871,28740,4883,33180,1629.297749925
1599,39871,28740,4861,33167,1629.2988748875
1600,39871,28740,4838,33155,1629.29999985
1601,39871,28740,4816,33143,1629.3011248125
1602,39871,28740,4793,33130,1629.3022497749998
1603,39871,28740,4771,33118,1629.3033747375
1604,39871,28740,4749,33106,1629.3044997
1605,39871,28740,4726,33093,1629.3056246625
1606,39871,28740,4704,33081,1629.306749625
1607,39871,28740,4681,33068,1629.3078745875
1608,39871,28740,4659,33015,1629.309
1609,39871,28740,4636,33015,1629.31012494375
1610,39871,28740,4614,33015,1629.3112498875
1611,39871,28740,4591,33016,1629.31237483125
1612,39219,28221,4987,33016,1629.3134997749999
1613,39219,28221,4966,33016,1629.3146247187499
1614,39219,28221,4945,33016,1629.3157496625
1615,39219,28221,4924,33017,1629.31687460625
1616,39219,28221,4903,32955,1629.318
1617,39219,28221,4882,32955,1629.3191248875
1618,39219,28221,4861,32955,1629.3202497749999
1619,39219,28221,4840,32955,1629.3213746625
1620,39219,28221,4819,32893,1629.3225
1621,39219,28221,4798,32883,1629.3236249625
1622,39219,28221,4777,32873,1629.324749925
1623,39219,28221,4756,32864,1629.3258748875
1624,39219,28221,4735,32854,1629.32699985
1625,39219,28221,4714,32844,1629.3281248125
1626,39219,28221,4693,32834,1629.3292497749999
1627,39219,28221,4672,32824,1629.3303747375
1628,39219,28221,4651,32814,1629.3314997
1629,39219,28221,4630,32804,1629.3326246625
1630,39219,28221,4609,32794,1629.333749625
1631,39219,28221,4588,32785,1629.3348745875
1632,39219,28221,4566,32769,1629.336
1633,39219,28221,4545,32762,1629.3371249948864
1634,39219,28221,4524,32755,1629.3382499897727
1635,39219,28221,4503,32748,1629.3393749846591
1636,39219,28221,4482,32741,1629.3404999795455
1637,39219,28221,4461,32734,1629.3416249744319
1638,39219,28221,4440,32726,1629.3427499693182
1639,39219,28221,4419,32719,1629.3438749642046
1640,39219,28221,4398,32712,1629.344999959091
1641,39219,28221,4377,32705,1629.3461249539773
1642,39219,28221,4356,32698,1629.3472499488637
1643,39219,28221,4335,32691,1629.34837494375
1644,39219,28221,4314,32684,1629.3494999386364
1645,39219,28221,4293,32677,1629.3506249335228
1646,39219,28221,4272,32669,1629.3517499284092
1647,39219,28221,4251,32662,1629.3528749232955
1648,39219,28221,4230,32655,1629.353999918182
1649,39219,28221,4209,32648,1629.3551249130683
1650,39219,28221,4188,32641,1629.3562499079546
1651,39219,28221,4167,32634,1629.357374902841
1652,39219,28221,4146,32627,1629.3584998977274
1653,39219,28221,4125,32619,1629.3596248926137
1654,39219,28221,4104,32612,1629.3607498874999
1655,39219,28221,4083,32605,1629.3618748823862
1656,39219,28221,4062,32598,1629.3629998772726
1657,39219,28221,4041,32591,1629.364124872159
1658,39219,28221,4020,32584,1629.3652498670453
1659,39219,28221,3999,32577,1629.3663748619317
1660,39219,28221,3978,32569,1629.367499856818
1661,39219,28221,3957,32562,1629.3686248517045
1662,39219,28221,3936,32555,1629.3697498465908
1663,39219,28221,3915,32548,1629.3708748414772
1664,39219,28221,3894,32541,1629.3719998363636
1665,39219,28221,3873,32534,1629.37312483125
1666,39219,28221,3852,32527,1629.3742498261363
1667,39219,28221,3831,32520,1629.3753748210227
1668,38567,27702,4192,32512,1629.376499815909
1669,38567,27702,4174,32505,1629.3776248107954
1670,38567,27702,4155,32498,1629.3787498056818
1671,38567,27702,4137,32491,1629.3798748005681
1672,38567,27702,4119,32484,1629.3809997954545
1673,38567,27702,4100,32477,1629.3821247903409
1674,38567,27702,4082,32470,1629.3832497852272
1675,38567,27702,4063,32462,1629.3843747801136
1676,38567,27702,4045,32455,1629.385499775
1677,38567,27702,4026,32448,1629.3866247698863
1678,38567,27702,4008,32441,1629.3877497647727
1679,38567,27702,3990,32434,1629.388874759659
1680,38567,27702,3971,32427,1629.3899997545454
1681,38567,27702,3953,32420,1629.3911247494318
1682,38567,27702,3934,32413,1629.3922497443182
1683,38567,27702,3916,32405,1629.3933747392045
1684,38567,27702,3898,32398,1629.394499734091
1685,38567,27702,3879,32391,1629.3956247289773
1686,38567,27702,3861,32384,1629.3967497238636
1687,38567,27702,3842,32377,1629.39787471875
1688,38567,27702,3824,32370,1629.3989997136364
1689,38567,27702,3805,32363,1629.4001247085228
1690,38567,27702,3787,32355,1629.4012497034091
1691,38567,27702,3769,32348,1629.4023746982955
1692,38567,27702,3750,32341,1629.4034996931819
1693,38567,27702,3732,32334,1629.4046246880682
1694,38567,27702,3713,32327,1629.4057496829546
1695,38567,27702,3695,32320,1629.406874677841
1696,38567,27702,3677,32313,1629.4079996727273
1697,38567,27702,3658,32305,1629.4091246676137
1698,38567,27702,3640,32298,1629.4102496625
1699,38567,27702,3621,32291,1629.4113746573862
1700,38567,27702,3603,32284,1629.4124996522726
1701,38567,27702,3585,32277,1629.413624647159
1702,38567,27702,3566,32270,1629.4147496420453
1703,38567,27702,3548,32263,1629.4158746369317
1704,38567,27702,3529,32256,1629.416999631818
1705,38567,27702,3511,32248,1629.4181246267044
1706,38567,27702,3492,32241,1629.4192496215908
1707,38567,27702,3474,32234,1629.4203746164771
1708,38567,27702,3456,32227,1629.4214996113635
1709,38567,27702,3437,32220,1629.4226246062499
1710,38567,27702,3419,32213,1629.4237496011363
1711,38567,27702,3400,32206,1629.4248745960226
1712,38567,27702,3382,32198,1629.425999590909
1713,38567,27702,3364,32191,1629.4271245857954
1714,38567,27702,3345,32184,1629.4282495806817
1715,38567,27702,3327,32177,1629.429374575568
1716,38567,27702,3308,32170,1629.4304995704545
1717,38567,27702,3290,32163,1629.4316245653408
1718,38567,27702,3272,32156,1629.4327495602272
1719,38567,27702,3253,32149,1629.4338745551136
1720,38567,27702,3235,32030,1629.435
1721,38567,27702,3216,32016,1629.4361249625
1722,38567,27702,3198,32002,1629.4372499249998
1723,38567,27702,3179,31988,1629.4383748875
1724,37915,27183,3506,31974,1629.43949985
1725,37915,27183,3489,31960,1629.4406248125
1726,37915,27183,3472,31945,1629.441749775
1727,37915,27183,3455,31931,1629.4428747375
1728,37915,27183,3437,31917,1629.4439997
1729,37915,27183,3420,31903,1629.4451246625
1730,37915,27183,3403,31889,1629.4462496249998
1731,37915,27183,3386,31875,1629.4473745875
1732,37915,27183,3369,31852,1629.4485
1733,37915,27183,3352,31852,1629.4496248875
1734,37915,27183,3334,31852,1629.450749775
1735,37915,27183,3317,31852,1629.4518746625
1736,37915,27183,3300,31788,1629.453
1737,37915,27183,3283,31788,1629.4541248875
1738,37915,27183,3266,31788,1629.455249775
1739,37915,27183,3249,31788,1629.4563746625
1740,37915,27183,3231,31696,1629.4575
1741,37915,27183,3214,31688,1629.4586249929687
1742,37915,27183,3197,31680,1629.4597499859374
1743,37915,27183,3180,31672,1629.4608749789063
1744,37915,27183,3163,31664,1629.461999971875
1745,37915,27183,3145,31656,1629.4631249648437
1746,37915,27183,3128,31648,1629.4642499578124
1747,37915,27183,3111,31640,1629.4653749507813
1748,37915,27183,3094,31632,1629.46649994375
1749,37915,27183,3077,31624,1629.4676249367187
1750,37915,27183,3060,31616,1629.4687499296874
1751,37915,27183,3042,31608,1629.4698749226563
1752,37915,27183,3025,31600,1629.470999915625
1753,37915,27183,3008,31592,1629.4721249085937
1754,37915,27183,2991,31584,1629.4732499015624
1755,37915,27183,2974,31576,1629.4743748945314
1756,37915,27183,2957,31568,1629.4754998875
1757,37915,27183,2939,31560,1629.4766248804688
1758,37915,27183,2922,31552,1629.4777498734375
1759,37915,27183,2905,31544,1629.4788748664062
1760,37915,27183,2888,31536,1629.479999859375
1761,37915,27183,2871,31528,1629.4811248523438
1762,37915,27183,2854,31520,1629.4822498453125
1763,37915,27183,2836,31512,1629.4833748382812
1764,37263,26664,3130,31504,1629.48449983125
1765,37263,26664,3114,31496,1629.4856248242188
1766,37263,26664,3098,31488,1629.4867498171875
1767,37263,26664,3082,31480,1629.4878748101562
1768,37263,26664,3066,31472,1629.4889998031251
1769,37263,26664,3049,31464,1629.4901247960938
1770,37263,26664,3033,31456,1629.4912497890625
1771,37263,26664,3017,31448,1629.4923747820312
1772,37263,26664,3001,31440,1629.4934997750001
1773,37263,26664,2985,31432,1629.4946247679688
1774,37263,26664,2968,31424,1629.4957497609375
1775,37263,26664,2952,31416,1629.4968747539062
1776,37263,26664,2936,31408,1629.497999746875
1777,37263,26664,2920,31400,1629.4991247398439
1778,37263,26664,2904,31392,1629.5002497328126
1779,37263,26664,2887,31384,1629.5013747257813
1780,37263,26664,2871,31376,1629.50249971875
1781,37263,26664,2855,31368,1629.5036247117189
1782,37263,26664,2839,31360,1629.5047497046876
1783,37263,26664,2823,31352,1629.5058746976563
1784,37263,26664,2806,31344,1629.506999690625
1785,37263,26664,2790,31336,1629.508124683594
1786,37263,26664,2774,31328,1629.5092496765626
1787,37263,26664,2758,31320,1629.5103746695313
1788,37263,26664,2742,31312,1629.5114996625
1789,37263,26664,2725,31304,1629.5126246554687
1790,37263,26664,2709,31296,1629.5137496484376
1791,37263,26664,2693,31288,1629.5148746414063
1792,37263,26664,2677,31280,1629.515999634375
1793,37263,26664,2661,31272,1629.5171246273437
1794,37263,26664,2644,31264,1629.5182496203126
1795,37263,26664,2628,31256,1629.5193746132813
1796,37263,26664,2612,31248,1629.52049960625
1797,37263,26664,2596,31240,1629.5216245992187
1798,37263,26664,2580,31232,1629.5227495921877
1799,37263,26664,2564,31224,1629.5238745851564
1800,37263,26664,2547,31216,1629.524999578125
1801,37263,26664,2531,31208,1629.5261245710938
1802,37263,26664,2515,31200,1629.5272495640627
1803,37263,26664,2499,31192,1629.5283745570314
1804,36611,26145,10002,33750,1629.5295
1805,36611,26145,10002,33737,1629.530624971875
1806,36611,26145,10002,33724,1629.5317499437501
1807,36611,26145,10002,33711,1629.5328749156251
1808,36611,26145,9843,33698,1629.5339998875002
1809,36611,26145,9808,33685,1629.535124859375
1810,36611,26145,9773,33672,1629.53624983125
1811,36611,26145,9737,33659,1629.537374803125
1812,36611,26145,9702,33646,1629.538499775
1813,36611,26145,9667,33633,1629.539624746875
1814,36611,26145,9632,33620,1629.54074971875
1815,36611,26145,9596,33607,1629.541874690625
1816,36611,26145,9561,33594,1629.5429996624998
1817,36611,26145,9526,33581,1629.5441246343748
1818,36611,26145,9491,33568,1629.5452496062499
1819,36611,26145,9455,33555,1629.5463745781249
1820,36611,26145,9387,33493,1629.5475
1821,36611,26145,9353,33493,1629.5486248875
1822,36611,26145,9319,33493,1629.5497497749998
1823,36611,26145,9285,33493,1629.5508746624998
1824,36611,26145,9251,33391,1629.552
1825,36611,26145,9217,33391,1629.5531248875
1826,36611,26145,9183,33391,1629.5542497749998
1827,36611,26145,9149,33391,1629.5553746624998
1828,36611,26145,9115,33317,1629.5565
1829,36611,26145,9081,33317,1629.5576248875
1830,36611,26145,9047,33317,1629.5587497749998
1831,36611,26145,9013,33317,1629.5598746624999
1832,36611,26145,8979,33254,1629.561
1833,36611,26145,8945,33244,1629.56212494375
1834,36611,26145,8911,33235,1629.5632498875
1835,36611,26145,8876,33225,1629.56437483125
1836,36611,26145,8842,33215,1629.5654997749998
1837,36611,26145,8808,33205,1629.5666247187498
1838,36611,26145,8774,33196,1629.5677496624999
1839,36611,26145,8740,33186,1629.56887460625
1840,36611,26145,8690,33134,1629.57
1841,36611,26145,8657,33134,1629.5711248875
1842,36611,26145,8623,33134,1629.5722497749998
1843,36611,26145,8589,33134,1629.5733746624999
1844,36611,26145,8555,33051,1629.5745
1845,36611,26145,8522,33051,1629.5756248875
1846,36611,26145,8488,33051,1629.5767497749998
1847,36611,26145,8454,33051,1629.5778746624999
1848,36611,26145,8420,32981,1629.579
1849,36611,26145,8387,32981,1629.5801248875
1850,36611,26145,8353,32981,1629.5812497749998
1851,36611,26145,8319,32981,1629.5823746625
1852,36611,26145,8285,32897,1629.5835
1853,36611,26145,8252,32890,1629.584624971875
1854,36611,26145,8218,32884,1629.58574994375
1855,36611,26145,8184,32878,1629.586874915625
1856,36611,26145,8150,32872,1629.5879998875
1857,36611,26145,8117,32865,1629.589124859375
1858,36611,26145,8083,32859,1629.59024983125
1859,36611,26145,8049,32853,1629.591374803125
1860,35959,25626,8719,32847,1629.5924997749999
1861,35959,25626,8688,32840,1629.5936247468749
1862,35959,25626,8656,32834,1629.5947497187499
1863,35959,25626,8624,32828,1629.595874690625
1864,35959,25626,8592,32821,1629.5969996625
1865,35959,25626,8561,32815,1629.598124634375
1866,35959,25626,8529,32809,1629.59924960625
1867,35959,25626,8497,32803,1629.600374578125
1868,35959,25626,8465,32744,1629.6015
1869,35959,25626,8434,32729,1629.60262494375
1870,35959,25626,8402,32715,1629.6037498875
1871,35959,25626,8370,32700,1629.60487483125
1872,35959,25626,8338,32685,1629.6059997749999
1873,35959,25626,8307,32670,1629.60712471875
1874,35959,25626,8275,32656,1629.6082496625
1875,35959,25626,8243,32641,1629.60937460625
1876,35959,25626,8211,32580,1629.6105
1877,35959,25626,8180,32575,1629.6116249875
1878,35959,25626,8148,32570,1629.612749975
1879,35959,25626,8116,32564,1629.6138749625
1880,35959,25626,8084,32559,1629.61499995
1881,35959,25626,8053,32553,1629.6161249375
1882,35959,25626,8021,32548,1629.6172499250001
1883,35959,25626,7989,32542,1629.6183749125
1884,35959,25626,7957,32537,1629.6194999
1885,35959,25626,7925,32531,1629.6206248875
1886,35959,25626,7894,32526,1629.621749875
1887,35959,25626,7862,32520,1629.6228748625
1888,35959,25626,7830,32515,1629.62399985
1889,35959,25626,7798,32510,1629.6251248375
1890,35959,25626,7767,32504,1629.626249825
1891,35959,25626,7735,32499,1629.6273748125
1892,35959,25626,7703,32493,1629.6284998
1893,35959,25626,7671,32488,1629.6296247875
1894,35959,25626,7640,32482,1629.630749775
1895,35959,25626,7608,32477,1629.6318747625
1896,35959,25626,7576,32471,1629.63299975
1897,35959,25626,7544,32466,1629.6341247375
1898,35959,25626,7513,32460,1629.635249725
1899,35959,25626,7481,32455,1629.6363747125001
1900,35959,25626,7449,32450,1629.6374997
1901,35959,25626,7417,32444,1629.6386246875
1902,35959,25626,7386,32439,1629.639749675
1903,35959,25626,7354,32433,1629.6408746625
1904,35959,25626,7322,32428,1629.6419996500001
1905,35959,25626,7290,32422,1629.6431246375
1906,35959,25626,7259,32417,1629.6442496250002
1907,35959,25626,7227,32411,1629.6453746125
1908,35959,25626,7195,32406,1629.6464996
1909,35959,25626,7163,32401,1629.6476245875
1910,35959,25626,7132,32395,1629.648749575
1911,35959,25626,7100,32390,1629.6498745625001
1912,35307,25107,7716,32535,1629.651
1913,35307,25107,7687,32526,1629.6521249933824
1914,35307,25107,7658,32516,1629.6532499867649
1915,35307,25107,7629,32507,1629.6543749801472
1916,35307,25107,7600,32497,1629.6554999735295
1917,35307,25107,7571,32487,1629.6566249669117
1918,35307,25107,7542,32478,1629.6577499602943
1919,35307,25107,7514,32468,1629.6588749536766
1920,35307,25107,7485,32459,1629.6599999470589
1921,35307,25107,7456,32449,1629.6611249404411
1922,35307,25107,7427,32439,1629.6622499338237
1923,35307,25107,7398,32430,1629.663374927206
1924,35307,25107,7369,32420,1629.6644999205882
1925,35307,25107,7340,32411,1629.6656249139705
1926,35307,25107,7311,32401,1629.666749907353
1927,35307,25107,7283,32391,1629.6678749007353
1928,35307,25107,7254,32382,1629.6689998941176
1929,35307,25107,7225,32372,1629.6701248875002
1930,35307,25107,7196,32363,1629.6712498808824
1931,35307,25107,7167,32353,1629.6723748742647
1932,35307,25107,7138,32344,1629.673499867647
1933,35307,25107,7109,32334,1629.6746248610295
1934,35307,25107,7080,32324,1629.6757498544118
1935,35307,25107,7052,32315,1629.6768748477941
1936,35307,25107,7023,32305,1629.6779998411764
1937,35307,25107,6994,32296,1629.679124834559
1938,35307,25107,6965,32286,1629.6802498279412
1939,35307,25107,6936,32276,1629.6813748213235
1940,35307,25107,6907,32267,1629.6824998147058
1941,35307,25107,6878,32257,1629.6836248080883
1942,35307,25107,6850,32248,1629.6847498014706
1943,35307,25107,6821,32238,1629.685874794853
1944,35307,25107,6792,32228,1629.6869997882352
1945,35307,25107,6763,32219,1629.6881247816177
1946,35307,25107,6734,32209,1629.689249775
1947,35307,25107,6705,32200,1629.6903747683823
1948,35307,25107,6676,32190,1629.6914997617648
1949,35307,25107,6647,32181,1629.692624755147
1950,35307,25107,6619,32171,1629.6937497485294
1951,35307,25107,6590,32161,1629.6948747419117
1952,35307,25107,6561,32152,1629.6959997352942
1953,35307,25107,6532,32142,1629.6971247286765
1954,35307,25107,6503,32133,1629.6982497220588
1955,35307,25107,6474,32123,1629.699374715441
1956,35307,25107,6445,32113,1629.7004997088236
1957,35307,25107,6416,32104,1629.701624702206
1958,35307,25107,6388,32094,1629.7027496955882
1959,35307,25107,6359,32085,1629.7038746889705
1960,35307,25107,6330,32075,1629.704999682353
1961,35307,25107,6301,32065,1629.7061246757353
1962,35307,25107,6272,32056,1629.7072496691176
1963,35307,25107,6243,32046,1629.7083746624999
1964,35307,25107,6214,32037,1629.7094996558824
1965,35307,25107,6185,32027,1629.7106246492647
1966,35307,25107,6157,32018,1629.711749642647
1967,35307,25107,6128,32008,1629.7128746360295
1968,34655,24588,6670,31998,1629.7139996294118
1969,34655,24588,6644,31989,1629.715124622794
1970,34655,24588,6619,31979,1629.7162496161764
1971,34655,24588,6593,31970,1629.7173746095589
1972,34655,24588,6567,31960,1629.7184996029412
1973,34655,24588,6541,31950,1629.7196245963235
1974,34655,24588,6515,31941,1629.7207495897057
1975,34655,24588,6490,31931,1629.7218745830883
1976,34655,24588,6464,31922,1629.7229995764706
1977,34655,24588,6438,31912,1629.7241245698528
1978,34655,24588,6412,31902,1629.7252495632351
1979,34655,24588,6386,31893,1629.7263745566177
1980,34655,24588,6360,31817,1629.7275
1981,34655,24588,6335,31817,1629.7286248875
1982,34655,24588,6309,31817,1629.729749775
1983,34655,24588,6283,31817,1629.7308746625
1984,34655,24588,6257,31740,1629.732
1985,34655,24588,6231,31740,1629.7331248875
1986,34655,24588,6206,31740,1629.734249775
1987,34655,24588,6180,31740,1629.7353746625
1988,34655,24588,6154,31665,1629.7365
1989,34655,24588,6128,31655,1629.7376249625
1990,34655,24588,6102,31645,1629.7387499249999
1991,34655,24588,6077,31635,1629.7398748875
1992,34655,24588,6051,31624,1629.74099985
1993,34655,24588,6025,31614,1629.7421248125
1994,34655,24588,5999,31604,1629.743249775
1995,34655,24588,5973,31594,1629.7443747375
1996,34655,24588,5948,31583,1629.7454997
1997,34655,24588,5922,31573,1629.7466246625
1998,34655,24588,5896,31563,1629.7477496249999
1999,34655,24588,5870,31553,1629.7488745875
2000,34655,24588,5844,31516,1629.75
2001,34655,24588,5818,31504,1629.7511249625
2002,34655,24588,5793,31491,1629.752249925
2003,34655,24588,5767,31478,1629.7533748875
2004,34655,24588,5741,31465,1629.75449985
2005,34655,24588,5715,31452,1629.7556248125
2006,34655,24588,5689,31439,1629.7567497750001
2007,34655,24588,5664,31426,1629.7578747375
2008,34655,24588,5638,31414,1629.7589997
2009,34655,24588,5612,31401,1629.7601246625
2010,34655,24588,5586,31388,1629.761249625
2011,34655,24588,5560,31375,1629.7623745875
2012,34003,24069,6074,31534,1629.7635
2013,34003,24069,6050,31523,1629.764624990625
2014,34003,24069,6026,31511,1629.76574998125
2015,34003,24069,6002,31500,1629.766874971875
2016,34003,24069,5978,31489,1629.7679999625
2017,34003,24069,5954,31477,1629.7691249531251
2018,34003,24069,5930,31466,1629.77024994375
2019,34003,24069,5906,31455,1629.771374934375
2020,34003,24069,5882,31443,1629.772499925
2021,34003,24069,5858,31432,1629.773624915625
2022,34003,24069,5834,31420,1629.77474990625
2023,34003,24069,5810,31409,1629.775874896875
2024,34003,24069,5786,31398,1629.7769998875
2025,34003,24069,5762,31386,1629.778124878125
2026,34003,24069,5738,31375,1629.77924986875
2027,34003,24069,5714,31364,1629.7803748593751
2028,34003,24069,5690,31352,1629.78149985
2029,34003,24069,5666,31341,1629.782624840625
2030,34003,24069,5642,31330,1629.7837498312501
2031,34003,24069,5618,31318,1629.784874821875
2032,34003,24069,5594,31307,1629.7859998125
2033,34003,24069,5570,31295,1629.7871248031252
2034,34003,24069,5546,31284,1629.78824979375
2035,34003,24069,5522,31273,1629.789374784375
2036,34003,24069,5498,31261,1629.7904997750002
2037,34003,24069,5474,31250,1629.791624765625
2038,34003,24069,5450,31239,1629.79274975625
2039,34003,24069,5426,31227,1629.793874746875
2040,34003,24069,5402,31216,1629.7949997375001
2041,34003,24069,5378,31205,1629.796124728125
2042,34003,24069,5353,31193,1629.79724971875
2043,34003,24069,5329,31182,1629.7983747093751
2044,34003,24069,5305,31170,1629.7994997
2045,34003,24069,5281,31159,1629.800624690625
2046,34003,24069,5257,31148,1629.8017496812502
2047,34003,24069,5233,31136,1629.802874671875
2048,34003,24069,5209,31125,1629.8039996625
2049,34003,24069,5185,31114,1629.8051246531252
2050,34003,24069,5161,31102,1629.80624964375
2051,34003,24069,5137,31091,1629.807374634375
2052,34003,24069,5113,31080,1629.808499625
2053,34003,24069,5089,31068,1629.8096246156251
2054,34003,24069,5065,31057,1629.81074960625
2055,34003,24069,5041,31045,1629.811874596875
2056,34003,24069,5017,31034,1629.8129995875001
2057,34003,24069,4993,31023,1629.814124578125
2058,34003,24069,4969,31011,1629.81524956875
2059,34003,24069,4945,31000,1629.8163745593752
2060,34003,24069,4921,30970,1629.8175
2061,34003,24069,4897,30965,1629.8186249775001
2062,34003,24069,4873,30961,1629.8197499550001
2063,34003,24069,4849,30956,1629.8208749325001
2064,34003,24069,4825,30951,1629.8219999100002
2065,34003,24069,4801,30946,1629.8231248875
2066,34003,24069,4777,30941,1629.824249865
2067,34003,24069,4753,30936,1629.8253748425
2068,33347,23547,5214,30932,1629.82649982
2069,33347,23547,5193,30927,1629.8276247975
2070,33347,23547,5172,30922,1629.828749775
2071,33347,23547,5150,30917,1629.8298747525
2072,33347,23547,5129,30912,1629.83099973
2073,33347,23547,5108,30907,1629.8321247075
2074,33347,23547,5087,30903,1629.833249685
2075,33347,23547,5066,30898,1629.8343746625
2076,33347,23547,5045,30893,1629.8354996399999
2077,33347,23547,5023,30888,1629.8366246174999
2078,33347,23547,5002,30883,1629.8377495949999
2079,33347,23547,4981,30879,1629.8388745725
2080,33347,23547,4960,30781,1629.84
2081,33347,23547,4939,30781,1629.8411248875
2082,33347,23547,4918,30781,1629.8422497749998
2083,33347,23547,4896,30781,1629.8433746624999
2084,33347,23547,4875,30679,1629.8445
2085,33347,23547,4854,30679,1629.8456248875
2086,33347,23547,4833,30679,1629.8467497749998
2087,33347,23547,4812,30679,1629.8478746624999
2088,33347,23547,4791,30606,1629.849
2089,33347,23547,4769,30606,1629.8501248875
2090,33347,23547,4748,30606,1629.8512497749998
2091,33347,23547,4727,30606,1629.8523746624999
2092,33347,23547,4706,30534,1629.8535
2093,33347,23547,4685,30534,1629.8546248875
2094,33347,23547,4664,30534,1629.8557497749998
2095,33347,23547,4642,30534,1629.8568746624999
2096,33347,23547,4621,30446,1629.858
2097,33347,23547,4600,30433,1629.85912494375
2098,33347,23547,4579,30420,1629.8602498875
2099,33347,23547,4558,30407,1629.86137483125
2100,33347,23547,4537,30394,1629.8624997749998
2101,33347,23547,4516,30381,1629.8636247187499
2102,33347,23547,4494,30368,1629.8647496625
2103,33347,23547,4473,30355,1629.86587460625
2104,33347,23547,4452,30319,1629.867
2105,33347,23547,4431,30305,1629.86812494375
2106,33347,23547,4410,30291,1629.8692498875
2107,33347,23547,4389,30277,1629.87037483125
2108,33347,23547,4367,30263,1629.8714997749998
2109,33347,23547,4346,30249,1629.8726247187499
2110,33347,23547,4325,30235,1629.8737496625
2111,33347,23547,4304,30221,1629.87487460625
2112,33347,23547,4283,30186,1629.876
2113,33347,23547,4262,30186,1629.8771248875
2114,33347,23547,4240,30186,1629.8782497749999
2115,33347,23547,4219,30186,1629.8793746625
2116,33347,23547,4198,30124,1629.8805
2117,33347,23547,4177,30124,1629.8816248875
2118,33347,23547,4156,30124,1629.8827497749999
2119,33347,23547,4135,30124,1629.8838746625
2120,33347,23547,4113,30048,1629.885
2121,33347,23547,4092,30046,1629.886124971875
2122,33347,23547,4071,30044,1629.88724994375
2123,33347,23547,4050,30043,1629.888374915625
2124,33347,23547,4029,30041,1629.8894998875
2125,33347,23547,4008,30040,1629.890624859375
2126,33347,23547,3987,30038,1629.89174983125
2127,33347,23547,3965,30036,1629.892874803125
2128,32867,23202,4267,30035,1629.8939997749999
2129,32867,23202,4248,30033,1629.895124746875
2130,32867,23202,4229,30032,1629.89624971875
2131,32867,23202,4209,30030,1629.897374690625
2132,32867,23202,4190,30028,1629.8984996625
2133,32867,23202,4171,30027,1629.899624634375
2134,32867,23202,4151,30025,1629.90074960625
2135,32867,23202,4132,30024,1629.901874578125
2136,32867,23202,4113,29934,1629.903
2137,32867,23202,4094,29930,1629.9041249859374
2138,32867,23202,4074,29925,1629.905249971875
2139,32867,23202,4055,29920,1629.9063749578124
2140,32867,23202,4036,29915,1629.90749994375
2141,32867,23202,4017,29911,1629.9086249296874
2142,32867,23202,3997,29906,1629.909749915625
2143,32867,23202,3978,29901,1629.9108749015625
2144,32867,23202,3959,29897,1629.9119998875
2145,32867,23202,3939,29892,1629.9131248734375
2146,32867,23202,3920,29887,1629.914249859375
2147,32867,23202,3901,29882,1629.9153748453125
2148,32867,23202,3882,29878,1629.9164998312501
2149,32867,23202,3862,29873,1629.9176248171875
2150,32867,23202,3843,29868,1629.9187498031251
2151,32867,23202,3824,29864,1629.9198747890625
2152,32867,23202,3805,29859,1629.920999775
2153,32867,23202,3785,29854,1629.9221247609375
2154,32867,23202,3766,29849,1629.923249746875
2155,32867,23202,3747,29845,1629.9243747328126
2156,32867,23202,3728,29840,1629.92549971875
2157,32867,23202,3708,29835,1629.9266247046876
2158,32867,23202,3689,29830,1629.927749690625
2159,32867,23202,3670,29826,1629.9288746765626
2160,32867,23202,3650,29821,1629.9299996625
2161,32867,23202,3631,29816,1629.9311246484376
2162,32867,23202,3612,29812,1629.932249634375
2163,32867,23202,3593,29807,1629.9333746203126
2164,32867,23202,3573,29802,1629.93449960625
2165,32867,23202,3554,29797,1629.9356245921877
2166,32867,23202,3535,29793,1629.936749578125
2167,32867,23202,3516,29788,1629.9378745640627
2168,32387,22857,3783,29905,1629.939
2169,32387,22857,3765,29898,1629.9401249958335
2170,32387,22857,3747,29891,1629.9412499916668
2171,32387,22857,3729,29884,1629.9423749875
2172,32387,22857,3710,29877,1629.9434999833334
2173,32387,22857,3692,29870,1629.9446249791667
2174,32387,22857,3674,29863,1629.9457499750001
2175,32387,22857,3656,29856,1629.9468749708335
2176,32387,22857,3638,29849,1629.9479999666667
2177,32387,22857,3620,29842,1629.9491249625
2178,32387,22857,3602,29834,1629.9502499583334
2179,32387,22857,3583,29827,1629.9513749541668
2180,32387,22857,3565,29820,1629.9524999500002
2181,32387,22857,3547,29813,1629.9536249458333
2182,32387,22857,3529,29806,1629.9547499416667
2183,32387,22857,3511,29799,1629.9558749375
2184,32387,22857,3493,29792,1629.9569999333335
2185,32387,22857,3474,29785,1629.9581249291668
2186,32387,22857,3456,29778,1629.959249925
2187,32387,22857,3438,29771,1629.9603749208334
2188,32387,22857,3420,29763,1629.9614999166668
2189,32387,22857,3402,29756,1629.9626249125001
2190,32387,22857,3384,29749,1629.9637499083335
2191,32387,22857,3366,29742,1629.9648749041667
2192,32387,22857,3347,29735,1629.9659999
2193,32387,22857,3329,29728,1629.9671248958334
2194,32387,22857,3311,29721,1629.9682498916668
2195,32387,22857,3293,29714,1629.9693748875002
2196,32387,22857,3275,29707,1629.9704998833333
2197,32387,22857,3257,29700,1629.9716248791667
2198,32387,22857,3239,29692,1629.972749875
2199,32387,22857,3220,29685,1629.9738748708335
2200,32387,22857,3202,29678,1629.9749998666666
2201,32387,22857,3184,29671,1629.9761248625
2202,32387,22857,3166,29664,1629.9772498583334
2203,32387,22857,3148,29657,1629.9783748541668
2204,32387,22857,3130,29650,1629.9794998500001
2205,32387,22857,3111,29643,1629.9806248458333
2206,32387,22857,3093,29636,1629.9817498416667
2207,32387,22857,3075,29629,1629.9828748375
2208,32387,22857,3057,29621,1629.9839998333334
2209,32387,22857,3039,29614,1629.9851248291668
2210,32387,22857,3021,29607,1629.986249825
2211,32387,22857,3003,29600,1629.9873748208333
2212,31907,22512,3255,29593,1629.9884998166667
2213,31907,22512,3238,29586,1629.9896248125
2214,31907,22512,3221,29579,1629.9907498083335
2215,31907,22512,3204,29572,1629.9918748041666
2216,31907,22512,3187,29565,1629.9929998
2217,31907,22512,3170,29558,1629.9941247958334
2218,31907,22512,3153,29550,1629.9952497916668
2219,31907,22512,3136,29543,1629.9963747875001
2220,31907,22512,3119,29536,1629.9974997833333
2221,31907,22512,3102,29529,1629.9986247791667
2222,31907,22512,3085,29522,1629.999749775
2223,31907,22512,3068,29515,1630.0008747708334
2224,31907,22512,3051,29508,1630.0019997666668
2225,31907,22512,3034,29501,1630.0031247625
2226,31907,22512,3018,29494,1630.0042497583333
2227,31907,22512,3001,29487,1630.0053747541667
2228,31907,22512,2984,29480,1630.00649975
2229,31907,22512,2967,29472,1630.0076247458335
2230,31907,22512,2950,29465,1630.0087497416666
2231,31907,22512,2933,29458,1630.0098747375
2232,31907,22512,2916,29451,1630.0109997333334
2233,31907,22512,2899,29444,1630.0121247291668
2234,31907,22512,2882,29437,1630.0132497250002
2235,31907,22512,2865,29430,1630.0143747208333
2236,31907,22512,2848,29423,1630.0154997166667
2237,31907,22512,2831,29416,1630.0166247125
2238,31907,22512,2814,29409,1630.0177497083334
2239,31907,22512,2797,29401,1630.0188747041668
2240,31907,22512,2780,29394,1630.0199997
2241,31907,22512,2763,29387,1630.0211246958334
2242,31907,22512,2746,29380,1630.0222496916667
2243,31907,22512,2729,29373,1630.0233746875
2244,31907,22512,2712,29366,1630.0244996833335
2245,31907,22512,2695,29359,1630.0256246791666
2246,31907,22512,2679,29352,1630.026749675
2247,31907,22512,2662,29345,1630.0278746708334
2248,31907,22512,2645,29338,1630.0289996666668
2249,31907,22512,2628,29330,1630.0301246625
2250,31907,22512,2611,29323,1630.0312496583333
2251,31907,22512,2594,29316,1630.0323746541667
2252,31907,22512,2577,29309,1630.03349965
2253,31907,22512,2560,29302,1630.0346246458334
2254,31907,22512,2543,29295,1630.0357496416666
2255,31907,22512,2526,29288,1630.0368746375
2256,31427,22167,2780,29281,1630.0379996333334
2257,31427,22167,2764,29274,1630.0391246291667
2258,31427,22167,2748,29267,1630.0402496250001
2259,31427,22167,2732,29259,1630.0413746208333
2260,31427,22167,2716,29252,1630.0424996166666
2261,31427,22167,2700,29245,1630.0436246125
2262,31427,22167,2683,29238,1630.0447496083334
2263,31427,22167,2667,29231,1630.0458746041668
2264,31427,22167,2651,29224,1630.0469996
2265,31427,22167,2635,29217,1630.0481245958333
2266,31427,22167,2619,29210,1630.0492495916667
2267,31427,22167,2603,29203,1630.0503745875
2268,31427,22167,2587,29196,1630.0514995833335
2269,31427,22167,2571,29189,1630.0526245791666
2270,31427,22167,2555,29181,1630.053749575
2271,31427,22167,2538,29174,1630.0548745708334
2272,31427,22167,2522,29167,1630.0559995666667
2273,31427,22167,2506,29160,1630.0571245625001
2274,31427,22167,2506,29153,1630.0582495583333
2275,31427,22167,2506,29146,1630.0593745541667
2276,30947,21822,9954,31205,1630.0605
2277,30947,21822,9918,31197,1630.061624990625
2278,30947,21822,9882,31189,1630.0627499812501
2279,30947,21822,9846,31181,1630.063874971875
2280,30947,21822,9810,31174,1630.0649999625
2281,30947,21822,9774,31166,1630.066124953125
2282,30947,21822,9738,31158,1630.06724994375
2283,30947,21822,9702,31150,1630.068374934375
2284,30947,21822,9657,31142,1630.069499925
2285,30947,21822,9620,31134,1630.070624915625
2286,30947,21822,9584,31126,1630.07174990625
2287,30947,21822,9547,31119,1630.072874896875
2288,30947,21822,9510,31111,1630.0739998875001
2289,30947,21822,9473,31103,1630.075124878125
2290,30947,21822,9437,31095,1630.07624986875
2291,30947,21822,9400,31087,1630.077374859375
2292,30947,21822,9363,31079,1630.07849985
2293,30947,21822,9326,31071,1630.079624840625
2294,30947,21822,9290,31064,1630.08074983125
2295,30947,21822,9253,31056,1630.081874821875
2296,30947,21822,9202,31048,1630.0829998125
2297,30947,21822,9170,31040,1630.084124803125
2298,30947,21822,9137,31032,1630.0852497937499
2299,30947,21822,9105,31024,1630.086374784375
2300,30947,21822,9072,31016,1630.087499775
2301,30947,21822,9040,31009,1630.088624765625
2302,30947,21822,9007,31001,1630.08974975625
2303,30947,21822,8975,30993,1630.090874746875
2304,30947,21822,8916,30985,1630.0919997375
2305,30947,21822,8882,30977,1630.0931247281248
2306,30947,21822,8848,30969,1630.09424971875
2307,30947,21822,8814,30961,1630.095374709375
2308,30947,21822,8779,30954,1630.0964996999999
2309,30947,21822,8745,30946,1630.097624690625
2310,30947,21822,8711,30938,1630.09874968125
2311,30947,21822,8677,30930,1630.0998746718749
2312,30947,21822,8643,30922,1630.1009996624998
2313,30947,21822,8608,30914,1630.102124653125
2314,30947,21822,8574,30907,1630.10324964375
2315,30947,21822,8540,30899,1630.1043746343748
2316,30947,21822,8506,30891,1630.105499625
2317,30947,21822,8472,30883,1630.106624615625
2318,30947,21822,8437,30875,1630.1077496062499
2319,30947,21822,8403,30867,1630.108874596875
2320,30467,21477,8936,30859,1630.1099995875
2321,30467,21477,8936,30852,1630.1111245781249
2322,30467,21477,8936,30844,1630.1122495687498
2323,30467,21477,8936,30836,1630.113374559375
2324,30467,21477,8794,30817,1630.1145
2325,30467,21477,8762,30805,1630.115624971875
2326,30467,21477,8730,30792,1630.11674994375
2327,30467,21477,8698,30779,1630.117874915625
2328,30467,21477,8666,30767,1630.1189998875
2329,30467,21477,8634,30754,1630.120124859375
2330,30467,21477,8603,30742,1630.12124983125
2331,30467,21477,8571,30729,1630.122374803125
2332,30467,21477,8539,30716,1630.1234997749998
2333,30467,21477,8507,30704,1630.1246247468748
2334,30467,21477,8475,30691,1630.1257497187498
2335,30467,21477,8443,30679,1630.1268746906248
2336,30467,21477,8411,30666,1630.1279996624999
2337,30467,21477,8379,30653,1630.1291246343749
2338,30467,21477,8348,30641,1630.13024960625
2339,30467,21477,8316,30628,1630.131374578125
2340,30467,21477,8284,30589,1630.1325
2341,30467,21477,8252,30589,1630.1336248875
2342,30467,21477,8220,30589,1630.1347497749998
2343,30467,21477,8188,30589,1630.1358746624999
2344,30467,21477,8156,30524,1630.137
2345,30467,21477,8124,30524,1630.1381248875
2346,30467,21477,8092,30524,1630.1392497749998
2347,30467,21477,8061,30524,1630.1403746624999
2348,30467,21477,8029,30436,1630.1415
2349,30467,21477,7997,30427,1630.1426249775
2350,30467,21477,7965,30417,1630.143749955
2351,30467,21477,7933,30408,1630.1448749325
2352,30467,21477,7901,30399,1630.14599991
2353,30467,21477,7869,30390,1630.1471248875
2354,30467,21477,7837,30381,1630.148249865
2355,30467,21477,7806,30371,1630.1493748425
2356,30467,21477,7774,30362,1630.15049982
2357,30467,21477,7742,30353,1630.1516247975
2358,30467,21477,7710,30344,1630.1527497749998
2359,30467,21477,7678,30335,1630.1538747524999
2360,30467,21477,7646,30325,1630.1549997299999
2361,30467,21477,7614,30316,1630.1561247074999
2362,30467,21477,7582,30307,1630.157249685
2363,30467,21477,7551,30298,1630.1583746625
2364,29987,21132,8064,30289,1630.15949964
2365,29987,21132,8034,30279,1630.1606246175
2366,29987,21132,8004,30270,1630.161749595
2367,29987,21132,7973,30261,1630.1628745725
2368,29987,21132,7943,30236,1630.164
2369,29987,21132,7912,30226,1630.1651249875
2370,29987,21132,7882,30215,1630.166249975
2371,29987,21132,7851,30205,1630.1673749625
2372,29987,21132,7821,30195,1630.16849995
2373,29987,21132,7790,30185,1630.1696249375
2374,29987,21132,7760,30175,1630.170749925
2375,29987,21132,7730,30165,1630.1718749125
2376,29987,21132,7699,30154,1630.1729999
2377,29987,21132,7669,30144,1630.1741248875
2378,29987,21132,7638,30134,1630.175249875
2379,29987,21132,7608,30124,1630.1763748625
2380,29987,21132,7577,30114,1630.17749985
2381,29987,21132,7547,30104,1630.1786248375
2382,29987,21132,7516,30093,1630.179749825
2383,29987,21132,7486,30083,1630.1808748125
2384,29987,21132,7456,30073,1630.1819998
2385,29987,21132,7425,30063,1630.1831247875
2386,29987,21132,7395,30053,1630.184249775
2387,29987,21132,7364,30042,1630.1853747625
2388,29987,21132,7334,30032,1630.18649975
2389,29987,21132,7303,30022,1630.1876247375
2390,29987,21132,7273,30012,1630.188749725
2391,29987,21132,7242,30002,1630.1898747125
2392,29987,21132,7212,29992,1630.1909997
2393,29987,21132,7181,29981,1630.1921246875
2394,29987,21132,7151,29971,1630.193249675
2395,29987,21132,7121,29961,1630.1943746625
2396,29987,21132,7090,29951,1630.19549965
2397,29987,21132,7060,29941,1630.1966246375
2398,29987,21132,7029,29931,1630.1977496250001
2399,29987,21132,6999,29920,1630.1988746125
2400,29987,21132,6968,29910,1630.1999996
2401,29987,21132,6938,29900,1630.2011245875
2402,29987,21132,6907,29890,1630.202249575
2403,29987,21132,6877,29880,1630.2033745625001
2404,29507,20787,7333,29987,1630.2045
2405,29507,20787,7306,29983,1630.2056249897728
2406,29507,20787,7278,29978,1630.2067499795455
2407,29507,20787,7250,29974,1630.2078749693183
2408,29507,20787,7222,29969,1630.208999959091
2409,29507,20787,7194,29964,1630.2101249488637
2410,29507,20787,7166,29960,1630.2112499386365
2411,29507,20787,7138,29955,1630.2123749284092
2412,29507,20787,7110,29951,1630.213499918182
2413,29507,20787,7083,29946,1630.2146249079547
2414,29507,20787,7055,29942,1630.2157498977274
2415,29507,20787,7027,29937,1630.2168748875
2416,29507,20787,6999,29933,1630.2179998772726
2417,29507,20787,6971,29928,1630.2191248670454
2418,29507,20787,6943,29924,1630.220249856818
2419,29507,20787,6915,29919,1630.2213748465908
2420,29507,20787,6888,29915,1630.2224998363636
2421,29507,20787,6860,29910,1630.2236248261363
2422,29507,20787,6832,29906,1630.224749815909
2423,29507,20787,6804,29901,1630.2258748056818
2424,29507,20787,6776,29897,1630.2269997954545
2425,29507,20787,6748,29892,1630.2281247852272
2426,29507,20787,6720,29888,1630.229249775
2427,29507,20787,6693,29883,1630.2303747647727
2428,29507,20787,6665,29879,1630.2314997545454
2429,29507,20787,6637,29874,1630.2326247443182
2430,29507,20787,6609,29870,1630.233749734091
2431,29507,20787,6581,29865,1630.2348747238636
2432,29507,20787,6553,29861,1630.2359997136364
2433,29507,20787,6525,29856,1630.237124703409
2434,29507,20787,6498,29852,1630.2382496931818
2435,29507,20787,6470,29847,1630.2393746829546
2436,29507,20787,6442,29843,1630.2404996727273
2437,29507,20787,6414,29838,1630.2416246624998
2438,29507,20787,6386,29834,1630.2427496522726
2439,29507,20787,6358,29829,1630.2438746420453
2440,29507,20787,6330,29825,1630.244999631818
2441,29507,20787,6303,29820,1630.2461246215908
2442,29507,20787,6275,29816,1630.2472496113635
2443,29507,20787,6247,29811,1630.2483746011362
2444,29507,20787,6219,29807,1630.249499590909
2445,29507,20787,6191,29802,1630.2506245806817
2446,29507,20787,6163,29798,1630.2517495704544
2447,29507,20787,6135,29793,1630.2528745602272
2448,29027,20442,6563,29853,1630.254
2449,29027,20442,6537,29843,1630.255124971875
2450,29027,20442,6511,29832,1630.25624994375
2451,29027,20442,6484,29822,1630.257374915625
2452,29027,20442,6458,29812,1630.2584998875
2453,29027,20442,6432,29802,1630.259624859375
2454,29027,20442,6406,29791,1630.26074983125
2455,29027,20442,6380,29781,1630.261874803125
2456,29027,20442,6354,29771,1630.262999775
2457,29027,20442,6328,29760,1630.2641247468748
2458,29027,20442,6301,29750,1630.2652497187498
2459,29027,20442,6275,29740,1630.2663746906248
2460,29027,20442,6249,29730,1630.2674996624999
2461,29027,20442,6223,29719,1630.2686246343749
2462,29027,20442,6197,29709,1630.26974960625
2463,29027,20442,6171,29699,1630.270874578125
2464,29027,20442,6145,29671,1630.272
2465,29027,20442,6119,29661,1630.2731249775
2466,29027,20442,6092,29651,1630.274249955
2467,29027,20442,6066,29641,1630.2753749325
2468,29027,20442,6040,29631,1630.27649991
2469,29027,20442,6014,29621,1630.2776248875
2470,29027,20442,5988,29611,1630.278749865
2471,29027,20442,5962,29602,1630.2798748425
2472,29027,20442,5936,29592,1630.28099982
2473,29027,20442,5909,29582,1630.2821247975
2474,29027,20442,5883,29572,1630.283249775
2475,29027,20442,5857,29562,1630.2843747524998
2476,29027,20442,5831,29552,1630.2854997299999
2477,29027,20442,5805,29542,1630.2866247074999
2478,29027,20442,5779,29532,1630.2877496849999
2479,29027,20442,5753,29522,1630.2888746625
2480,29027,20442,5727,29512,1630.28999964
2481,29027,20442,5700,29503,1630.2911246175
2482,29027,20442,5674,29493,1630.292249595
2483,29027,20442,5648,29483,1630.2933745725
2484,29027,20442,5622,29476,1630.2945
2485,29027,20442,5596,29467,1630.295624990625
2486,29027,20442,5570,29458,1630.29674998125
2487,29027,20442,5544,29449,1630.297874971875
2488,28547,20096,5935,29440,1630.2989999625
2489,28547,20096,5911,29431,1630.300124953125
2490,28547,20096,5887,29422,1630.30124994375
2491,28547,20096,5863,29413,1630.302374934375
2492,28547,20096,5839,29405,1630.3034999249999
2493,28547,20096,5815,29396,1630.304624915625
2494,28547,20096,5791,29387,1630.30574990625
2495,28547,20096,5767,29378,1630.306874896875
2496,28547,20096,5743,29369,1630.3079998875
2497,28547,20096,5720,29360,1630.309124878125
2498,28547,20096,5696,29351,1630.31024986875
2499,28547,20096,5672,29342,1630.311374859375
2500,28547,20096,5648,29333,1630.31249985
2501,28547,20096,5624,29324,1630.313624840625
2502,28547,20096,5600,29315,1630.31474983125
2503,28547,20096,5576,29306,1630.315874821875
2504,28547,20096,5552,29297,1630.3169998125
2505,28547,20096,5528,29288,1630.318124803125
2506,28547,20096,5505,29280,1630.31924979375
2507,28547,20096,5481,29271,1630.320374784375
2508,28547,20096,5457,29262,1630.3214997750001
2509,28547,20096,5433,29253,1630.322624765625
2510,28547,20096,5409,29244,1630.32374975625
2511,28547,20096,5385,29235,1630.324874746875
2512,28547,20096,5361,29226,1630.3259997375
2513,28547,20096,5337,29217,1630.327124728125
2514,28547,20096,5313,29208,1630.32824971875
2515,28547,20096,5289,29199,1630.329374709375
2516,28547,20096,5266,29190,1630.3304997
2517,28547,20096,5242,29181,1630.331624690625
2518,28547,20096,5218,29172,1630.33274968125
2519,28547,20096,5194,29163,1630.333874671875
2520,28547,20096,5170,29154,1630.3349996625
2521,28547,20096,5146,29146,1630.3361246531251
2522,28547,20096,5122,29137,1630.33724964375
2523,28547,20096,5098,29128,1630.338374634375
2524,28547,20096,5074,29119,1630.339499625
2525,28547,20096,5051,29110,1630.340624615625
2526,28547,20096,5027,29101,1630.34174960625
2527,28547,20096,5003,29092,1630.342874596875
2528,28547,20096,4979,29083,1630.3439995875
2529,28547,20096,4955,29074,1630.345124578125
2530,28547,20096,4931,29065,1630.34624956875
2531,28547,20096,4907,29056,1630.347374559375
2532,28105,19703,5303,29208,1630.3485
2533,28105,19703,5281,29199,1630.349624990625
2534,28105,19703,5259,29190,1630.3507499812501
2535,28105,19703,5236,29181,1630.351874971875
2536,28105,19703,5214,29172,1630.3529999625
2537,28105,19703,5192,29163,1630.354124953125
2538,28105,19703,5170,29154,1630.35524994375
2539,28105,19703,5148,29145,1630.356374934375
2540,28105,19703,5126,29136,1630.357499925
2541,28105,19703,5104,29128,1630.3586249156251
2542,28105,19703,5082,29119,1630.35974990625
2543,28105,19703,5060,29110,1630.360874896875
2544,28105,19703,5038,29101,1630.3619998875001
2545,28105,19703,5016,29092,1630.363124878125
2546,28105,19703,4994,29083,1630.36424986875
2547,28105,19703,4972,29074,1630.365374859375
2548,28105,19703,4950,29065,1630.36649985
2549,28105,19703,4928,29056,1630.367624840625
2550,28105,19703,4905,29047,1630.36874983125
2551,28105,19703,4883,29038,1630.369874821875
2552,28105,19703,4861,29029,1630.3709998125
2553,28105,19703,4839,29021,1630.372124803125
2554,28105,19703,4817,29012,1630.37324979375
2555,28105,19703,4795,29003,1630.374374784375
2556,28105,19703,4773,28994,1630.375499775
2557,28105,19703,4751,28985,1630.376624765625
2558,28105,19703,4729,28976,1630.37774975625
2559,28105,19703,4707,28967,1630.378874746875
2560,28105,19703,4685,28958,1630.3799997375
2561,28105,19703,4663,28949,1630.3811247281249
2562,28105,19703,4641,28940,1630.38224971875
2563,28105,19703,4619,28931,1630.383374709375
2564,28105,19703,4597,28923,1630.3844996999999
2565,28105,19703,4574,28914,1630.385624690625
2566,28105,19703,4552,28905,1630.38674968125
2567,28105,19703,4530,28896,1630.387874671875
2568,28105,19703,4508,28887,1630.3889996624998
2569,28105,19703,4486,28878,1630.390124653125
2570,28105,19703,4464,28869,1630.39124964375
2571,28105,19703,4442,28860,1630.3923746343748
2572,28105,19703,4420,28851,1630.393499625
2573,28105,19703,4398,28842,1630.394624615625
2574,28105,19703,4376,28833,1630.3957496062499
2575,28105,19703,4354,28824,1630.396874596875
2576,28105,19703,4332,28816,1630.3979995875
2577,28105,19703,4310,28807,1630.3991245781249
2578,28105,19703,4288,28798,1630.4002495687498
2579,28105,19703,4266,28789,1630.401374559375
2580,28105,19703,4244,28730,1630.4025
2581,28105,19703,4221,28727,1630.40362494375
2582,28105,19703,4199,28724,1630.4047498875
2583,28105,19703,4177,28721,1630.40587483125
2584,27663,19310,4523,28718,1630.4069997749998
2585,27663,19310,4503,28715,1630.4081247187498
2586,27663,19310,4484,28712,1630.4092496624999
2587,27663,19310,4464,28709,1630.41037460625
2588,27663,19310,4444,28655,1630.4115
2589,27663,19310,4424,28647,1630.41262494375
2590,27663,19310,4404,28639,1630.4137498875
2591,27663,19310,4384,28631,1630.41487483125
2592,27663,19310,4365,28623,1630.4159997749998
2593,27663,19310,4345,28615,1630.4171247187498
2594,27663,19310,4325,28607,1630.4182496624999
2595,27663,19310,4305,28599,1630.41937460625
2596,27663,19310,4285,28558,1630.4205
2597,27663,19310,4265,28544,1630.42162494375
2598,27663,19310,4245,28531,1630.4227498875
2599,27663,19310,4226,28517,1630.42387483125
2600,27663,19310,4206,28503,1630.4249997749998
2601,27663,19310,4186,28489,1630.4261247187499
2602,27663,19310,4166,28476,1630.4272496625
2603,27663,19310,4146,28462,1630.42837460625
2604,27663,19310,4126,28407,1630.4295
2605,27663,19310,4107,28407,1630.4306248875
2606,27663,19310,4087,28407,1630.4317497749998
2607,27663,19310,4067,28407,1630.4328746625
2608,27663,19310,4047,28343,1630.434
2609,27663,19310,4027,28343,1630.4351248875
2610,27663,19310,4007,28343,1630.4362497749999
2611,27663,19310,3987,28343,1630.4373746625
2612,27663,19310,3968,28278,1630.4385
2613,27663,19310,3948,28264,1630.43962494375
2614,27663,19310,3928,28250,1630.4407498875
2615,27663,19310,3908,28235,1630.44187483125
2616,27663,19310,3888,28221,1630.4429997749999
2617,27663,19310,3868,28207,1630.44412471875
2618,27663,19310,3849,28193,1630.4452496625
2619,27663,19310,3829,28178,1630.44637460625
2620,27663,19310,3809,28141,1630.4475
2621,27663,19310,3789,28135,1630.448624995982
2622,27663,19310,3769,28129,1630.4497499919644
2623,27663,19310,3749,28123,1630.4508749879465
2624,27663,19310,3729,28117,1630.4519999839285
2625,27663,19310,3710,28111,1630.4531249799106
2626,27663,19310,3690,28104,1630.454249975893
2627,27663,19310,3670,28098,1630.455374971875
2628,27221,18917,4005,28092,1630.456499967857
2629,27221,18917,3986,28086,1630.4576249638392
2630,27221,18917,3968,28080,1630.4587499598215
2631,27221,18917,3949,28074,1630.4598749558036
2632,27221,18917,3931,28068,1630.4609999517857
2633,27221,18917,3913,28062,1630.4621249477677
2634,27221,18917,3894,28056,1630.46324994375
2635,27221,18917,3876,28050,1630.4643749397321
2636,27221,18917,3857,28044,1630.4654999357142
2637,27221,18917,3839,28038,1630.4666249316965
2638,27221,18917,3821,28032,1630.4677499276786
2639,27221,18917,3802,28026,1630.4688749236607
2640,27221,18917,3784,28020,1630.4699999196428
2641,27221,18917,3766,28013,1630.471124915625
2642,27221,18917,3747,28007,1630.4722499116072
2643,27221,18917,3729,28001,1630.4733749075892
2644,27221,18917,3710,27995,1630.4744999035713
2645,27221,18917,3692,27989,1630.4756248995536
2646,27221,18917,3674,27983,1630.4767498955357
2647,27221,18917,3655,27977,1630.4778748915178
2648,27221,18917,3637,27971,1630.4789998874999
2649,27221,18917,3618,27965,1630.4801248834822
2650,27221,18917,3600,27959,1630.4812498794643
2651,27221,18917,3582,27953,1630.4823748754463
2652,27221,18917,3563,27947,1630.4834998714286
2653,27221,18917,3545,27941,1630.4846248674107
2654,27221,18917,3526,27935,1630.4857498633928
2655,27221,18917,3508,27929,1630.486874859375
2656,27221,18917,3490,27922,1630.4879998553572
2657,27221,18917,3471,27916,1630.4891248513393
2658,27221,18917,3453,27910,1630.4902498473214
2659,27221,18917,3434,27904,1630.4913748433034
2660,27221,18917,3416,27898,1630.4924998392858
2661,27221,18917,3398,27892,1630.4936248352678
2662,27221,18917,3379,27886,1630.49474983125
2663,27221,18917,3361,27880,1630.4958748272322
2664,27221,18917,3343,27874,1630.4969998232143
2665,27221,18917,3324,27868,1630.4981248191964
2666,27221,18917,3306,27862,1630.4992498151785
2667,27221,18917,3287,27856,1630.5003748111608
2668,27221,18917,3269,27850,1630.5014998071429
2669,27221,18917,3251,27844,1630.502624803125
2670,27221,18917,3232,27838,1630.503749799107
2671,27221,18917,3214,27831,1630.5048747950893
2672,27221,18917,3195,27825,1630.5059997910714
2673,27221,18917,3177,27819,1630.5071247870535
2674,27221,18917,3159,27813,1630.5082497830356
2675,27221,18917,3140,27807,1630.509374779018
2676,27221,18917,3122,27801,1630.510499775
2677,27221,18917,3103,27795,1630.511624770982
2678,27221,18917,3085,27789,1630.5127497669644
2679,27221,18917,3067,27783,1630.5138747629464
2680,27221,18917,3048,27777,1630.5149997589285
2681,27221,18917,3030,27771,1630.5161247549106
2682,27221,18917,3012,27765,1630.517249750893
2683,27221,18917,2993,27759,1630.518374746875
2684,26779,18524,3294,27753,1630.519499742857
2685,26779,18524,3277,27747,1630.5206247388392
2686,26779,18524,3260,27740,1630.5217497348215
2687,26779,18524,3243,27734,1630.5228747308036
2688,26779,18524,3226,27728,1630.5239997267856
2689,26779,18524,3210,27722,1630.5251247227677
2690,26779,18524,3193,27716,1630.52624971875
2691,26779,18524,3176,27710,1630.527374714732
2692,26779,18524,3159,27704,1630.5284997107142
2693,26779,18524,3142,27698,1630.5296247066965
2694,26779,18524,3125,27692,1630.5307497026786
2695,26779,18524,3109,27686,1630.5318746986607
2696,26779,18524,3092,27680,1630.5329996946427
2697,26779,18524,3075,27674,1630.534124690625
2698,26779,18524,3058,27668,1630.5352496866071
2699,26779,18524,3041,27662,1630.5363746825892
2700,26779,18524,3024,27656,1630.5374996785713
2701,26779,18524,3008,27649,1630.5386246745536
2702,26779,18524,2991,27643,1630.5397496705357
2703,26779,18524,2974,27637,1630.5408746665178
2704,26779,18524,2957,27631,1630.5419996625
2705,26779,18524,2940,27625,1630.5431246584822
2706,26779,18524,2924,27619,1630.5442496544642
2707,26779,18524,2907,27613,1630.5453746504463
2708,26779,18524,2890,27607,1630.5464996464286
2709,26779,18524,2873,27601,1630.5476246424107
2710,26779,18524,2856,27595,1630.5487496383928
2711,26779,18524,2839,27589,1630.5498746343749
2712,26779,18524,2823,27583,1630.5509996303572
2713,26779,18524,2806,27577,1630.5521246263393
2714,26779,18524,2789,27571,1630.5532496223213
2715,26779,18524,2772,27565,1630.5543746183034
2716,26779,18524,2755,27558,1630.5554996142857
2717,26779,18524,2738,27552,1630.5566246102678
2718,26779,18524,2722,27546,1630.55774960625
2719,26779,18524,2705,27540,1630.5588746022322
2720,26779,18524,2688,27534,1630.5599995982143
2721,26779,18524,2671,27528,1630.5611245941964
2722,26779,18524,2654,27522,1630.5622495901785
2723,26779,18524,2637,27516,1630.5633745861608
2724,26779,18524,2621,27510,1630.5644995821428
2725,26779,18524,2604,27504,1630.565624578125
2726,26779,18524,2587,27498,1630.566749574107
2727,26779,18524,2570,27492,1630.5678745700893
2728,26779,18524,2553,27486,1630.5689995660714
2729,26779,18524,2536,27480,1630.5701245620535
2730,26779,18524,2520,27474,1630.5712495580356
2731,26779,18524,2503,27467,1630.5723745540179
2732,26337,18131,10208,29120,1630.5735
2733,26337,18131,10172,29112,1630.5746249897727
2734,26337,18131,10136,29103,1630.5757499795454
2735,26337,18131,10100,29094,1630.5768749693182
2736,26337,18131,10064,29085,1630.577999959091
2737,26337,18131,10028,29076,1630.5791249488636
2738,26337,18131,9992,29067,1630.5802499386364
2739,26337,18131,9956,29058,1630.581374928409
2740,26337,18131,9906,29049,1630.5824999181818
2741,26337,18131,9906,29040,1630.5836249079546
2742,26337,18131,9906,29031,1630.5847498977273
2743,26337,18131,9906,29022,1630.5858748875
2744,26337,18131,9746,29013,1630.5869998772728
2745,26337,18131,9746,29004,1630.5881248670455
2746,26337,18131,9746,28995,1630.5892498568182
2747,26337,18131,9746,28986,1630.590374846591
2748,26337,18131,9592,28977,1630.5914998363637
2749,26337,18131,9592,28969,1630.5926248261364
2750,26337,18131,9592,28960,1630.5937498159092
2751,26337,18131,9592,28951,1630.594874805682
2752,26337,18131,9431,28942,1630.5959997954546
2753,26337,18131,9394,28933,1630.5971247852274
2754,26337,18131,9358,28924,1630.598249775
2755,26337,18131,9321,28915,1630.5993747647726
2756,26337,18131,9284,28906,1630.6004997545454
2757,26337,18131,9247,28897,1630.601624744318
2758,26337,18131,9211,28888,1630.6027497340908
2759,26337,18131,9174,28879,1630.6038747238636
2760,26337,18131,9137,28870,1630.6049997136363
2761,26337,18131,9100,28861,1630.606124703409
2762,26337,18131,9064,28852,1630.6072496931818
2763,26337,18131,9027,28843,1630.6083746829545
2764,26337,18131,8976,28834,1630.6094996727272
2765,26337,18131,8976,28826,1630.6106246625
2766,26337,18131,8976,28817,1630.6117496522727
2767,26337,18131,8976,28808,1630.6128746420454
2768,26337,18131,8818,28799,1630.6139996318182
2769,26337,18131,8786,28790,1630.615124621591
2770,26337,18131,8754,28781,1630.6162496113636
2771,26337,18131,8722,28772,1630.6173746011364
2772,26337,18131,8690,28763,1630.618499590909
2773,26337,18131,8658,28754,1630.6196245806818
2774,26337,18131,8626,28745,1630.6207495704546
2775,26337,18131,8594,28736,1630.6218745602273
2776,25895,17738,9254,28899,1630.623
2777,25895,17738,9222,28894,1630.6241249933823
2778,25895,17738,9190,28889,1630.6252499867649
2779,25895,17738,9157,28884,1630.6263749801471
2780,25895,17738,9125,28878,1630.6274999735294
2781,25895,17738,9093,28873,1630.6286249669117
2782,25895,17738,9061,28868,1630.6297499602942
2783,25895,17738,9028,28863,1630.6308749536765
2784,25895,17738,8996,28857,1630.6319999470588
2785,25895,17738,8964,28852,1630.6331249404411
2786,25895,17738,8932,28847,1630.6342499338236
2787,25895,17738,8899,28842,1630.635374927206
2788,25895,17738,8867,28836,1630.6364999205882
2789,25895,17738,8835,28831,1630.6376249139705
2790,25895,17738,8803,28826,1630.638749907353
2791,25895,17738,8770,28820,1630.6398749007353
2792,25895,17738,8706,28815,1630.6409998941176
2793,25895,17738,8676,28810,1630.6421248875
2794,25895,17738,8645,28805,1630.6432498808824
2795,25895,17738,8615,28799,1630.6443748742647
2796,25895,17738,8584,28794,1630.645499867647
2797,25895,17738,8554,28789,1630.6466248610295
2798,25895,17738,8523,28784,1630.6477498544118
2799,25895,17738,8493,28778,1630.648874847794
2800,25895,17738,8421,28773,1630.6499998411764
2801,25895,17738,8387,28768,1630.651124834559
2802,25895,17738,8354,28763,1630.6522498279412
2803,25895,17738,8320,28757,1630.6533748213235
2804,25895,17738,8286,28752,1630.6544998147058
2805,25895,17738,8252,28747,1630.6556248080883
2806,25895,17738,8219,28741,1630.6567498014706
2807,25895,17738,8185,28736,1630.657874794853
2808,25895,17738,8151,28731,1630.6589997882352
2809,25895,17738,8117,28726,1630.6601247816177
2810,25895,17738,8084,28720,1630.661249775
2811,25895,17738,8050,28715,1630.6623747683823
2812,25895,17738,8016,28710,1630.6634997617648
2813,25895,17738,7982,28705,1630.664624755147
2814,25895,17738,7949,28699,1630.6657497485294
2815,25895,17738,7915,28694,1630.6668747419117
2816,25895,17738,7881,28689,1630.6679997352942
2817,25895,17738,7847,28684,1630.6691247286765
2818,25895,17738,7814,28678,1630.6702497220588
2819,25895,17738,7780,28673,1630.671374715441
2820,25895,17738,7746,28668,1630.6724997088236
2821,25895,17738,7712,28662,1630.6736247022059
2822,25895,17738,7679,28657,1630.6747496955882
2823,25895,17738,7645,28652,1630.6758746889705
2824,25895,17738,7611,28647,1630.676999682353
2825,25895,17738,7577,28641,1630.6781246757353
2826,25895,17738,7544,28636,1630.6792496691176
2827,25895,17738,7510,28631,1630.6803746625
2828,25453,17345,8115,28626,1630.6814996558824
2829,25453,17345,8085,28620,1630.6826246492647
2830,25453,17345,8055,28615,1630.683749642647
2831,25453,17345,8025,28610,1630.6848746360295
2832,25453,17345,7995,28605,1630.6859996294118
2833,25453,17345,7965,28599,1630.687124622794
2834,25453,17345,7935,28594,1630.6882496161763
2835,25453,17345,7905,28589,1630.6893746095589
2836,25453,17345,7875,28583,1630.6904996029411
2837,25453,17345,7845,28578,1630.6916245963234
2838,25453,17345,7815,28573,1630.6927495897057
2839,25453,17345,7785,28568,1630.6938745830882
2840,25453,17345,7755,28562,1630.6949995764705
2841,25453,17345,7725,28557,1630.6961245698528
2842,25453,17345,7695,28552,1630.6972495632351
2843,25453,17345,7666,28547,1630.6983745566176
2844,25453,17345,7636,28473,1630.6995
2845,25453,17345,7606,28473,1630.7006248875
2846,25453,17345,7576,28473,1630.7017497749998
2847,25453,17345,7546,28473,1630.7028746624999
2848,25453,17345,7516,28399,1630.704
2849,25453,17345,7486,28386,1630.7051249625
2850,25453,17345,7456,28373,1630.706249925
2851,25453,17345,7426,28360,1630.7073748875
2852,25453,17345,7396,28347,1630.70849985
2853,25453,17345,7366,28334,1630.7096248125
2854,25453,17345,7336,28321,1630.7107497749998
2855,25453,17345,7306,28308,1630.7118747375
2856,25453,17345,7276,28295,1630.7129997
2857,25453,17345,7246,28282,1630.7141246625
2858,25453,17345,7216,28269,1630.715249625
2859,25453,17345,7186,28256,1630.7163745875
2860,25453,17345,7156,28232,1630.7175
2861,25453,17345,7126,28232,1630.7186248875
2862,25453,17345,7096,28232,1630.7197497749999
2863,25453,17345,7066,28232,1630.7208746625
2864,25453,17345,7036,28156,1630.722
2865,25453,17345,7006,28156,1630.7231248875
2866,25453,17345,6976,28156,1630.7242497749999
2867,25453,17345,6946,28156,1630.7253746625
2868,25453,17345,6916,28090,1630.7265
2869,25453,17345,6887,28079,1630.72762494375
2870,25453,17345,6857,28068,1630.7287498875
2871,25453,17345,6827,28057,1630.72987483125
2872,25453,17345,6797,28046,1630.7309997749999
2873,25453,17345,6767,28035,1630.73212471875
2874,25453,17345,6737,28024,1630.7332496625
2875,25453,17345,6707,28013,1630.73437460625
2876,25453,17345,6677,27983,1630.7355
2877,25453,17345,6647,27983,1630.7366248875
2878,25453,17345,6617,27983,1630.7377497749999
2879,25453,17345,6587,27983,1630.7388746625
2880,25011,16952,7145,28050,1630.74
2881,25011,16952,7117,28040,1630.741124971875
2882,25011,16952,7090,28030,1630.74224994375
2883,25011,16952,7062,28020,1630.743374915625
2884,25011,16952,7034,28010,1630.7444998875
2885,25011,16952,7007,28000,1630.745624859375
2886,25011,16952,6979,27990,1630.74674983125
2887,25011,16952,6952,27979,1630.7478748031251
2888,25011,16952,6924,27969,1630.748999775
2889,25011,16952,6896,27959,1630.750124746875
2890,25011,16952,6869,27949,1630.75124971875
2891,25011,16952,6841,27939,1630.752374690625
2892,25011,16952,6813,27929,1630.7534996625
2893,25011,16952,6786,27918,1630.754624634375
2894,25011,16952,6758,27908,1630.75574960625
2895,25011,16952,6730,27898,1630.756874578125
2896,25011,16952,6703,27856,1630.758
2897,25011,16952,6675,27846,1630.7591249775
2898,25011,16952,6647,27837,1630.760249955
2899,25011,16952,6620,27827,1630.7613749325
2900,25011,16952,6592,27818,1630.76249991
2901,25011,16952,6564,27808,1630.7636248875
2902,25011,16952,6537,27799,1630.764749865
2903,25011,16952,6509,27789,1630.7658748425001
2904,25011,16952,6481,27780,1630.7669998200001
2905,25011,16952,6454,27770,1630.7681247975001
2906,25011,16952,6426,27761,1630.769249775
2907,25011,16952,6398,27751,1630.7703747525
2908,25011,16952,6371,27742,1630.77149973
2909,25011,16952,6343,27732,1630.7726247075
2910,25011,16952,6315,27723,1630.773749685
2911,25011,16952,6288,27713,1630.7748746625
2912,25011,16952,6260,27704,1630.77599964
2913,25011,16952,6233,27694,1630.7771246175
2914,25011,16952,6205,27685,1630.778249595
2915,25011,16952,6177,27675,1630.7793745725
2916,25011,16952,6150,27643,1630.7805
2917,25011,16952,6122,27639,1630.781624971875
2918,25011,16952,6094,27634,1630.78274994375
2919,25011,16952,6067,27630,1630.7838749156251
2920,25011,16952,6039,27625,1630.7849998875001
2921,25011,16952,6011,27620,1630.7861248593751
2922,25011,16952,5984,27616,1630.7872498312502
2923,25011,16952,5956,27611,1630.7883748031252
2924,25011,16952,5928,27607,1630.789499775
2925,25011,16952,5901,27602,1630.790624746875
2926,25011,16952,5873,27597,1630.79174971875
2927,25011,16952,5845,27593,1630.792874690625
2928,25011,16952,5818,27588,1630.7939996625
2929,25011,16952,5790,27583,1630.795124634375
2930,25011,16952,5762,27579,1630.79624960625
2931,25011,16952,5735,27574,1630.797374578125
2932,24569,16559,6253,27692,1630.7985
2933,24569,16559,6228,27692,1630.7996248875002
2934,24569,16559,6202,27692,1630.800749775
2935,24569,16559,6177,27692,1630.8018746625
2936,24569,16559,6152,27645,1630.803
2937,24569,16559,6127,27637,1630.8041249859375
2938,24569,16559,6102,27629,1630.8052499718751
2939,24569,16559,6077,27621,1630.8063749578125
2940,24569,16559,6052,27614,1630.8074999437501
2941,24569,16559,6027,27606,1630.8086249296875
2942,24569,16559,6002,27598,1630.8097499156252
2943,24569,16559,5977,27590,1630.8108749015626
2944,24569,16559,5952,27582,1630.8119998875
2945,24569,16559,5927,27574,1630.8131248734376
2946,24569,16559,5902,27566,1630.814249859375
2947,24569,16559,5877,27558,1630.8153748453126
2948,24569,16559,5852,27550,1630.81649983125
2949,24569,16559,5827,27543,1630.8176248171876
2950,24569,16559,5802,27535,1630.818749803125
2951,24569,16559,5777,27527,1630.8198747890626
2952,24569,16559,5752,27519,1630.820999775
2953,24569,16559,5727,27511,1630.8221247609374
2954,24569,16559,5702,27503,1630.823249746875
2955,24569,16559,5677,27495,1630.8243747328124
2956,24569,16559,5652,27487,1630.82549971875
2957,24569,16559,5627,27479,1630.8266247046874
2958,24569,16559,5602,27471,1630.827749690625
2959,24569,16559,5577,27464,1630.8288746765625
2960,24569,16559,5552,27456,1630.8299996625
2961,24569,16559,5527,27448,1630.8311246484375
2962,24569,16559,5502,27440,1630.8322496343749
2963,24569,16559,5477,27432,1630.8333746203125
2964,24569,16559,5452,27424,1630.83449960625
2965,24569,16559,5427,27416,1630.8356245921875
2966,24569,16559,5402,27408,1630.836749578125
2967,24569,16559,5377,27400,1630.8378745640625
2968,24569,16559,5352,27352,1630.839
2969,24569,16559,5327,27352,1630.8401248875
2970,24569,16559,5302,27352,1630.841249775
2971,24569,16559,5276,27352,1630.8423746624999
2972,24569,16559,5251,27291,1630.8435
2973,24569,16559,5226,27291,1630.8446248875
2974,24569,16559,5201,27291,1630.845749775
2975,24569,16559,5176,27291,1630.8468746624999
2976,24120,16166,5651,27421,1630.848
2977,24120,16166,5628,27413,1630.8491249625
2978,24120,16166,5605,27405,1630.8502499249998
2979,24120,16166,5581,27397,1630.8513748875
2980,24120,16166,5558,27389,1630.85249985
2981,24120,16166,5535,27381,1630.8536248125
2982,24120,16166,5511,27373,1630.854749775
2983,24120,16166,5488,27365,1630.8558747375
2984,24120,16166,5465,27357,1630.8569997
2985,24120,16166,5441,27349,1630.8581246625
2986,24120,16166,5418,27341,1630.8592496249998
2987,24120,16166,5395,27333,1630.8603745875
2988,24120,16166,5372,27288,1630.8615
2989,24120,16166,5348,27278,1630.86262494375
2990,24120,16166,5325,27267,1630.8637498875
2991,24120,16166,5302,27257,1630.86487483125
2992,24120,16166,5278,27246,1630.865999775
2993,24120,16166,5255,27236,1630.86712471875
2994,24120,16166,5232,27225,1630.8682496625
2995,24120,16166,5209,27215,1630.86937460625
2996,24120,16166,5185,27165,1630.8705
2997,24120,16166,5162,27156,1630.8716249875
2998,24120,16166,5139,27147,1630.872749975
2999,24120,16166,5115,27138,1630.8738749625
3000,24120,16166,5092,27129,1630.87499995
3001,24120,16166,5069,27120,1630.8761249375
3002,24120,16166,5046,27111,1630.877249925
3003,24120,16166,5022,27102,1630.8783749125
3004,24120,16166,4999,27093,1630.8794999
3005,24120,16166,4976,27084,1630.8806248875
3006,24120,16166,4952,27075,1630.881749875
3007,24120,16166,4929,27066,1630.8828748625
3008,24120,16166,4906,27058,1630.88399985
3009,24120,16166,4883,27049,1630.8851248375
3010,24120,16166,4859,27040,1630.886249825
3011,24120,16166,4836,27031,1630.8873748125
3012,24120,16166,4813,27022,1630.8884998
3013,24120,16166,4789,27013,1630.8896247875
3014,24120,16166,4766,27004,1630.8907497750001
3015,24120,16166,4743,26995,1630.8918747625
3016,24120,16166,4720,26986,1630.89299975
3017,24120,16166,4696,26977,1630.8941247375
3018,24120,16166,4673,26968,1630.895249725
3019,24120,16166,4650,26959,1630.8963747125001
3020,24120,16166,4626,26950,1630.8974997
3021,24120,16166,4603,26941,1630.8986246875
3022,24120,16166,4580,26932,1630.899749675
3023,24120,16166,4557,26923,1630.9008746625
3024,24120,16166,4533,26914,1630.90199965
3025,24120,16166,4510,26905,1630.9031246375
3026,24120,16166,4487,26896,1630.904249625
3027,24120,16166,4463,26887,1630.9053746125
3028,24120,16166,4440,26878,1630.9064996
3029,24120,16166,4417,26869,1630.9076245875
3030,24120,16166,4393,26860,1630.908749575
3031,24120,16166,4370,26851,1630.9098745625001
3032,23715,15849,4743,27038,1630.911
3033,23715,15849,4723,27032,1630.9121249897728
3034,23715,15849,4702,27026,1630.9132499795455
3035,23715,15849,4681,27020,1630.9143749693183
3036,23715,15849,4661,27014,1630.915499959091
3037,23715,15849,4640,27009,1630.9166249488637
3038,23715,15849,4619,27003,1630.9177499386365
3039,23715,15849,4599,26997,1630.9188749284092
3040,23715,15849,4578,26991,1630.919999918182
3041,23715,15849,4557,26985,1630.9211249079547
3042,23715,15849,4536,26980,1630.9222498977274
3043,23715,15849,4516,26974,1630.9233748875
3044,23715,15849,4495,26968,1630.9244998772726
3045,23715,15849,4474,26962,1630.9256248670454
3046,23715,15849,4454,26956,1630.926749856818
3047,23715,15849,4433,26951,1630.9278748465908
3048,23715,15849,4412,26945,1630.9289998363636
3049,23715,15849,4392,26939,1630.9301248261363
3050,23715,15849,4371,26933,1630.931249815909
3051,23715,15849,4350,26928,1630.9323748056818
3052,23715,15849,4329,26922,1630.9334997954545
3053,23715,15849,4309,26916,1630.9346247852272
3054,23715,15849,4288,26910,1630.935749775
3055,23715,15849,4267,26904,1630.9368747647727
3056,23715,15849,4247,26899,1630.9379997545454
3057,23715,15849,4226,26893,1630.9391247443182
3058,23715,15849,4205,26887,1630.940249734091
3059,23715,15849,4185,26881,1630.9413747238636
3060,23715,15849,4164,26875,1630.9424997136364
3061,23715,15849,4143,26870,1630.9436247034091
3062,23715,15849,4122,26864,1630.9447496931818
3063,23715,15849,4102,26858,1630.9458746829546
3064,23715,15849,4081,26852,1630.9469996727273
3065,23715,15849,4060,26846,1630.9481246625
3066,23715,15849,4040,26841,1630.9492496522726
3067,23715,15849,4019,26835,1630.9503746420453
3068,23715,15849,3998,26829,1630.951499631818
3069,23715,15849,3978,26823,1630.9526246215908
3070,23715,15849,3957,26817,1630.9537496113635
3071,23715,15849,3936,26812,1630.9548746011362
3072,23715,15849,3915,26806,1630.955999590909
3073,23715,15849,3895,26800,1630.9571245806817
3074,23715,15849,3874,26794,1630.9582495704544
3075,23715,15849,3853,26789,1630.9593745602272
3076,23310,15532,4178,26911,1630.9605
3077,23310,15532,4159,26911,1630.9616248875
3078,23310,15532,4140,26911,1630.9627497749998
3079,23310,15532,4121,26911,1630.9638746624998
3080,23310,15532,4103,26851,1630.965
3081,23310,15532,4084,26841,1630.966124971875
3082,23310,15532,4065,26830,1630.96724994375
3083,23310,15532,4047,26819,1630.968374915625
3084,23310,15532,4028,26809,1630.9694998875
3085,23310,15532,4009,26798,1630.970624859375
3086,23310,15532,3990,26788,1630.97174983125
3087,23310,15532,3972,26777,1630.972874803125
3088,23310,15532,3953,26767,1630.9739997749998
3089,23310,15532,3934,26756,1630.9751247468748
3090,23310,15532,3916,26745,1630.9762497187498
3091,23310,15532,3897,26735,1630.9773746906249
3092,23310,15532,3878,26724,1630.9784996624999
3093,23310,15532,3859,26714,1630.9796246343749
3094,23310,15532,3841,26703,1630.98074960625
3095,23310,15532,3822,26693,1630.981874578125
3096,23310,15532,3803,26653,1630.983
3097,23310,15532,3785,26639,1630.9841249625
3098,23310,15532,3766,26625,1630.985249925
3099,23310,15532,3747,26611,1630.9863748875
3100,23310,15532,3728,26597,1630.98749985
3101,23310,15532,3710,26583,1630.9886248125
3102,23310,15532,3691,26569,1630.9897497749998
3103,23310,15532,3672,26555,1630.9908747375
3104,23310,15532,3654,26541,1630.9919997
3105,23310,15532,3635,26527,1630.9931246625
3106,23310,15532,3616,26513,1630.994249625
3107,23310,15532,3597,26499,1630.9953745875
3108,23310,15532,3579,26480,1630.9965
3109,23310,15532,3560,26469,1630.99762494375
3110,23310,15532,3541,26459,1630.9987498875
3111,23310,15532,3523,26448,1630.99987483125
3112,23310,15532,3504,26437,1631.0009997749999
3113,23310,15532,3485,26426,1631.0021247187499
3114,23310,15532,3466,26416,1631.0032496625
3115,23310,15532,3448,26405,1631.00437460625
3116,23310,15532,3429,26372,1631.0055
3117,23310,15532,3410,26361,1631.0066249625
3118,23310,15532,3392,26350,1631.007749925
3119,23310,15532,3373,26339,1631.0088748875
3120,23310,15532,3354,26329,1631.00999985
3121,23310,15532,3335,26318,1631.0111248125
3122,23310,15532,3317,26307,1631.0122497749999
3123,23310,15532,3298,26296,1631.0133747375
3124,23310,15532,3279,26286,1631.0144997
3125,23310,15532,3261,26275,1631.0156246625
3126,23310,15532,3242,26264,1631.016749625
3127,23310,15532,3223,26253,1631.0178745875
3128,23310,15532,3204,26211,1631.019
3129,23310,15532,3186,26211,1631.0201248875
3130,23310,15532,3167,26211,1631.021249775
3131,23310,15532,3148,26211,1631.0223746625
3132,22905,15215,3461,26254,1631.0235
3133,22905,15215,3444,26245,1631.0246249897727
3134,22905,15215,3427,26235,1631.0257499795455
3135,22905,15215,3409,26226,1631.0268749693182
3136,22905,15215,3392,26217,1631.027999959091
3137,22905,15215,3375,26208,1631.0291249488637
3138,22905,15215,3357,26198,1631.0302499386364
3139,22905,15215,3340,26189,1631.0313749284092
3140,22905,15215,3322,26180,1631.0324999181819
3141,22905,15215,3305,26170,1631.0336249079546
3142,22905,15215,3288,26161,1631.0347498977274
3143,22905,15215,3270,26152,1631.0358748875
3144,22905,15215,3253,26143,1631.0369998772728
3145,22905,15215,3236,26133,1631.0381248670456
3146,22905,15215,3218,26124,1631.0392498568183
3147,22905,15215,3201,26115,1631.040374846591
3148,22905,15215,3183,26106,1631.0414998363638
3149,22905,15215,3166,26096,1631.0426248261365
3150,22905,15215,3149,26087,1631.0437498159092
3151,22905,15215,3131,26078,1631.044874805682
3152,22905,15215,3114,26069,1631.0459997954547
3153,22905,15215,3097,26059,1631.0471247852274
3154,22905,15215,3079,26050,1631.048249775
3155,22905,15215,3062,26041,1631.0493747647727
3156,22905,15215,3045,26031,1631.0504997545454
3157,22905,15215,3027,26022,1631.0516247443181
3158,22905,15215,3010,26013,1631.0527497340909
3159,22905,15215,2992,26004,1631.0538747238636
3160,22905,15215,2975,25994,1631.0549997136363
3161,22905,15215,2958,25985,1631.056124703409
3162,22905,15215,2940,25976,1631.0572496931818
3163,22905,15215,2923,25967,1631.0583746829545
3164,22905,15215,2906,25957,1631.0594996727273
3165,22905,15215,2888,25948,1631.0606246625
3166,22905,15215,2871,25939,1631.0617496522727
3167,22905,15215,2853,25930,1631.0628746420455
3168,22905,15215,2836,25920,1631.0639996318182
3169,22905,15215,2819,25911,1631.065124621591
3170,22905,15215,2801,25902,1631.0662496113637
3171,22905,15215,2784,25892,1631.0673746011364
3172,22905,15215,2767,25883,1631.0684995909091
3173,22905,15215,2749,25874,1631.0696245806819
3174,22905,15215,2732,25865,1631.0707495704546
3175,22905,15215,2714,25855,1631.0718745602273
3176,22500,14898,2999,26008,1631.073
3177,22500,14898,2983,26000,1631.0741249859375
3178,22500,14898,2966,25993,1631.075249971875
3179,22500,14898,2950,25986,1631.0763749578125
3180,22500,14898,2934,25979,1631.0774999437501
3181,22500,14898,2917,25972,1631.0786249296875
3182,22500,14898,2901,25964,1631.0797499156251
3183,22500,14898,2884,25957,1631.0808749015625
3184,22500,14898,2868,25950,1631.0819998875
3185,22500,14898,2852,25943,1631.0831248734376
3186,22500,14898,2835,25935,1631.084249859375
3187,22500,14898,2819,25928,1631.0853748453126
3188,22500,14898,2802,25921,1631.08649983125
3189,22500,14898,2786,25914,1631.0876248171876
3190,22500,14898,2770,25907,1631.088749803125
3191,22500,14898,2753,25899,1631.0898747890626
3192,22500,14898,2737,25892,1631.090999775
3193,22500,14898,2720,25885,1631.0921247609374
3194,22500,14898,2704,25878,1631.093249746875
3195,22500,14898,2687,25870,1631.0943747328124
3196,22500,14898,2671,25863,1631.09549971875
3197,22500,14898,2655,25856,1631.0966247046874
3198,22500,14898,2638,25849,1631.097749690625
3199,22500,14898,2622,25841,1631.0988746765624
3200,22500,14898,2605,25834,1631.0999996625
3201,22500,14898,2589,25827,1631.1011246484375
3202,22500,14898,2573,25820,1631.1022496343749
3203,22500,14898,2556,25813,1631.1033746203125
3204,22500,14898,2540,25805,1631.1044996062499
3205,22500,14898,2523,25798,1631.1056245921875
3206,22500,14898,2507,25791,1631.106749578125
3207,22500,14898,2507,25784,1631.1078745640625
3208,22095,14581,10272,27381,1631.109
3209,22095,14581,10272,27369,1631.1101249775
3210,22095,14581,10272,27358,1631.111249955
3211,22095,14581,10272,27347,1631.1123749325
3212,22095,14581,10112,27336,1631.11349991
3213,22095,14581,10077,27325,1631.1146248875
3214,22095,14581,10041,27314,1631.115749865
3215,22095,14581,10006,27302,1631.1168748425
3216,22095,14581,9970,27291,1631.11799982
3217,22095,14581,9935,27280,1631.1191247975
3218,22095,14581,9899,27269,1631.120249775
3219,22095,14581,9864,27258,1631.1213747524998
3220,22095,14581,9810,27247,1631.1224997299998
3221,22095,14581,9810,27235,1631.1236247074999
3222,22095,14581,9810,27224,1631.1247496849999
3223,22095,14581,9810,27213,1631.1258746624999
3224,22095,14581,9654,27202,1631.12699964
3225,22095,14581,9620,27191,1631.1281246175
3226,22095,14581,9585,27179,1631.129249595
3227,22095,14581,9550,27168,1631.1303745725
3228,22095,14581,9515,27134,1631.1315
3229,22095,14581,9481,27124,1631.13262494375
3230,22095,14581,9446,27114,1631.1337498875
3231,22095,14581,9411,27104,1631.13487483125
3232,22095,14581,9376,27094,1631.135999775
3233,22095,14581,9342,27084,1631.1371247187499
3234,22095,14581,9307,27074,1631.1382496625
3235,22095,14581,9272,27064,1631.13937460625
3236,22095,14581,9210,27019,1631.1405
3237,22095,14581,9174,27008,1631.1416249859374
3238,22095,14581,9139,26997,1631.142749971875
3239,22095,14581,9103,26986,1631.1438749578124
3240,22095,14581,9068,26975,1631.14499994375
3241,22095,14581,9032,26964,1631.1461249296874
3242,22095,14581,8997,26953,1631.147249915625
3243,22095,14581,8961,26942,1631.1483749015624
3244,22095,14581,8926,26931,1631.1494998875
3245,22095,14581,8890,26920,1631.1506248734374
3246,22095,14581,8855,26909,1631.151749859375
3247,22095,14581,8819,26898,1631.1528748453125
3248,22095,14581,8784,26887,1631.15399983125
3249,22095,14581,8748,26876,1631.1551248171875
3250,22095,14581,8713,26865,1631.156249803125
3251,22095,14581,8678,26854,1631.1573747890625
3252,22095,14581,8642,26843,1631.158499775
3253,22095,14581,8607,26832,1631.1596247609375
3254,22095,14581,8571,26821,1631.160749746875
3255,22095,14581,8536,26810,1631.1618747328125
3256,22095,14581,8500,26799,1631.16299971875
3257,22095,14581,8465,26788,1631.1641247046875
3258,22095,14581,8429,26777,1631.165249690625
3259,22095,14581,8394,26766,1631.1663746765626
3260,22095,14581,8358,26755,1631.1674996625
3261,22095,14581,8323,26744,1631.1686246484376
3262,22095,14581,8287,26733,1631.169749634375
3263,22095,14581,8252,26722,1631.1708746203126
3264,22095,14581,8216,26711,1631.17199960625
3265,22095,14581,8181,26700,1631.1731245921876
3266,22095,14581,8145,26689,1631.174249578125
3267,22095,14581,8110,26678,1631.1753745640626
3268,21690,14264,8741,26851,1631.1765
3269,21690,14264,8709,26846,1631.1776249913462
3270,21690,14264,8677,26841,1631.1787499826924
3271,21690,14264,8645,26837,1631.1798749740385
3272,21690,14264,8614,26832,1631.1809999653847
3273,21690,14264,8582,26827,1631.1821249567308
3274,21690,14264,8550,26822,1631.183249948077
3275,21690,14264,8518,26818,1631.1843749394232
3276,21690,14264,8486,26813,1631.1854999307693
3277,21690,14264,8454,26808,1631.1866249221155
3278,21690,14264,8422,26803,1631.1877499134616
3279,21690,14264,8390,26799,1631.1888749048078
3280,21690,14264,8358,26794,1631.189999896154
3281,21690,14264,8326,26789,1631.1911248874999
3282,21690,14264,8294,26785,1631.192249878846
3283,21690,14264,8262,26780,1631.1933748701922
3284,21690,14264,8230,26775,1631.1944998615384
3285,21690,14264,8198,26770,1631.1956248528845
3286,21690,14264,8166,26766,1631.1967498442307
3287,21690,14264,8134,26761,1631.1978748355768
3288,21690,14264,8102,26756,1631.198999826923
3289,21690,14264,8070,26752,1631.2001248182692
3290,21690,14264,8038,26747,1631.2012498096153
3291,21690,14264,8006,26742,1631.2023748009615
3292,21690,14264,7974,26737,1631.2034997923076
3293,21690,14264,7943,26733,1631.2046247836538
3294,21690,14264,7911,26728,1631.205749775
3295,21690,14264,7879,26723,1631.2068747663461
3296,21690,14264,7847,26719,1631.2079997576923
3297,21690,14264,7815,26714,1631.2091247490384
3298,21690,14264,7783,26709,1631.2102497403846
3299,21690,14264,7751,26704,1631.2113747317308
3300,21690,14264,7719,26700,1631.212499723077
3301,21690,14264,7687,26695,1631.213624714423
3302,21690,14264,7655,26690,1631.2147497057692
3303,21690,14264,7623,26685,1631.2158746971154
3304,21690,14264,7591,26681,1631.2169996884616
3305,21690,14264,7559,26676,1631.2181246798077
3306,21690,14264,7527,26671,1631.2192496711539
3307,21690,14264,7495,26667,1631.2203746625
3308,21690,14264,7463,26662,1631.221499653846
3309,21690,14264,7431,26657,1631.2226246451921
3310,21690,14264,7399,26652,1631.2237496365383
3311,21690,14264,7367,26648,1631.2248746278844
3312,21690,14264,7335,26643,1631.2259996192306
3313,21690,14264,7303,26638,1631.2271246105768
3314,21690,14264,7272,26634,1631.228249601923
3315,21690,14264,7240,26629,1631.229374593269
3316,21690,14264,7208,26624,1631.2304995846152
3317,21690,14264,7176,26619,1631.2316245759614
3318,21690,14264,7144,26615,1631.2327495673076
3319,21690,14264,7112,26610,1631.2338745586537
3320,21285,13947,7711,26829,1631.235
3321,21285,13947,7682,26822,1631.2361249775
3322,21285,13947,7653,26816,1631.237249955
3323,21285,13947,7624,26809,1631.2383749325
3324,21285,13947,7594,26803,1631.23949991
3325,21285,13947,7565,26796,1631.2406248875
3326,21285,13947,7536,26790,1631.241749865
3327,21285,13947,7507,26784,1631.2428748425
3328,21285,13947,7477,26777,1631.24399982
3329,21285,13947,7448,26771,1631.2451247975
3330,21285,13947,7419,26764,1631.2462497749998
3331,21285,13947,7390,26758,1631.2473747524998
3332,21285,13947,7361,26752,1631.2484997299998
3333,21285,13947,7331,26745,1631.2496247074998
3334,21285,13947,7302,26739,1631.2507496849998
3335,21285,13947,7273,26732,1631.2518746624999
3336,21285,13947,7244,26726,1631.2529996399999
3337,21285,13947,7214,26719,1631.2541246174999
3338,21285,13947,7185,26713,1631.255249595
3339,21285,13947,7156,26707,1631.2563745725
3340,21285,13947,7127,26649,1631.2575
3341,21285,13947,7097,26637,1631.25862498125
3342,21285,13947,7068,26625,1631.2597499624999
3343,21285,13947,7039,26614,1631.26087494375
3344,21285,13947,7010,26602,1631.261999925
3345,21285,13947,6981,26590,1631.26312490625
3346,21285,13947,6951,26579,1631.2642498875
3347,21285,13947,6922,26567,1631.2653748687499
3348,21285,13947,6893,26555,1631.26649985
3349,21285,13947,6864,26544,1631.26762483125
3350,21285,13947,6834,26532,1631.2687498125
3351,21285,13947,6805,26520,1631.26987479375
3352,21285,13947,6776,26509,1631.2709997749998
3353,21285,13947,6747,26497,1631.27212475625
3354,21285,13947,6717,26485,1631.2732497375
3355,21285,13947,6688,26474,1631.2743747187499
3356,21285,13947,6659,26462,1631.2754997
3357,21285,13947,6630,26450,1631.27662468125
3358,21285,13947,6601,26439,1631.2777496625
3359,21285,13947,6571,26427,1631.27887464375
3360,21285,13947,6542,26415,1631.279999625
3361,21285,13947,6513,26404,1631.28112460625
3362,21285,13947,6484,26392,1631.2822495875
3363,21285,13947,6454,26380,1631.2833745687499
3364,21285,13947,6425,26357,1631.2845
3365,21285,13947,6396,26343,1631.28562494375
3366,21285,13947,6367,26328,1631.2867498875
3367,21285,13947,6337,26314,1631.28787483125
3368,21285,13947,6308,26299,1631.2889997749999
3369,21285,13947,6279,26285,1631.29012471875
3370,21285,13947,6250,26270,1631.2912496625
3371,21285,13947,6221,26256,1631.29237460625
3372,21285,13947,6191,26235,1631.2935
3373,21285,13947,6162,26235,1631.2946248875
3374,21285,13947,6133,26235,1631.2957497749999
3375,21285,13947,6104,26235,1631.2968746625
3376,20880,13630,6628,26333,1631.298
3377,20880,13630,6601,26321,1631.299124971875
3378,20880,13630,6575,26310,1631.30024994375
3379,20880,13630,6549,26299,1631.301374915625
3380,20880,13630,6522,26287,1631.3024998875
3381,20880,13630,6496,26276,1631.303624859375
3382,20880,13630,6470,26265,1631.30474983125
3383,20880,13630,6443,26253,1631.305874803125
3384,20880,13630,6417,26242,1631.306999775
3385,20880,13630,6390,26230,1631.308124746875
3386,20880,13630,6364,26219,1631.30924971875
3387,20880,13630,6338,26208,1631.310374690625
3388,20880,13630,6311,26196,1631.3114996625
3389,20880,13630,6285,26185,1631.312624634375
3390,20880,13630,6258,26174,1631.31374960625
3391,20880,13630,6232,26162,1631.314874578125
3392,20880,13630,6206,26100,1631.316
3393,20880,13630,6179,26091,1631.3171249839286
3394,20880,13630,6153,26081,1631.3182499678571
3395,20880,13630,6127,26072,1631.3193749517857
3396,20880,13630,6100,26063,1631.3204999357142
3397,20880,13630,6074,26054,1631.321624919643
3398,20880,13630,6047,26045,1631.3227499035715
3399,20880,13630,6021,26035,1631.3238748875
3400,20880,13630,5995,26026,1631.3249998714286
3401,20880,13630,5968,26017,1631.3261248553572
3402,20880,13630,5942,26008,1631.3272498392857
3403,20880,13630,5916,25999,1631.3283748232143
3404,20880,13630,5889,25989,1631.3294998071428
3405,20880,13630,5863,25980,1631.3306247910714
3406,20880,13630,5836,25971,1631.331749775
3407,20880,13630,5810,25962,1631.3328747589287
3408,20880,13630,5784,25953,1631.3339997428573
3409,20880,13630,5757,25943,1631.3351247267858
3410,20880,13630,5731,25934,1631.3362497107144
3411,20880,13630,5704,25925,1631.337374694643
3412,20880,13630,5678,25916,1631.3384996785715
3413,20880,13630,5652,25907,1631.3396246625
3414,20880,13630,5625,25897,1631.3407496464285
3415,20880,13630,5599,25888,1631.341874630357
3416,20880,13630,5573,25879,1631.3429996142859
3417,20880,13630,5546,25870,1631.3441245982144
3418,20880,13630,5520,25861,1631.345249582143
3419,20880,13630,5493,25851,1631.3463745660715
3420,20475,13313,5962,26015,1631.3475
3421,20475,13313,5938,26006,1631.3486249839286
3422,20475,13313,5914,25998,1631.3497499678572
3423,20475,13313,5890,25990,1631.3508749517857
3424,20475,13313,5866,25982,1631.3519999357143
3425,20475,13313,5842,25974,1631.3531249196428
3426,20475,13313,5818,25966,1631.3542499035714
3427,20475,13313,5794,25957,1631.3553748875001
3428,20475,13313,5769,25949,1631.3564998714287
3429,20475,13313,5745,25941,1631.3576248553572
3430,20475,13313,5721,25933,1631.3587498392858
3431,20475,13313,5697,25925,1631.3598748232143
3432,20475,13313,5673,25917,1631.360999807143
3433,20475,13313,5649,25908,1631.3621247910714
3434,20475,13313,5625,25900,1631.363249775
3435,20475,13313,5601,25892,1631.3643747589285
3436,20475,13313,5576,25884,1631.365499742857
3437,20475,13313,5552,25876,1631.3666247267856
3438,20475,13313,5528,25868,1631.3677497107142
3439,20475,13313,5504,25859,1631.3688746946427
3440,20475,13313,5480,25851,1631.3699996785713
3441,20475,13313,5456,25843,1631.3711246624998
3442,20475,13313,5432,25835,1631.3722496464286
3443,20475,13313,5408,25827,1631.3733746303571
3444,20475,13313,5383,25819,1631.3744996142857
3445,20475,13313,5359,25810,1631.3756245982142
3446,20475,13313,5335,25802,1631.3767495821428
3447,20475,13313,5311,25794,1631.3778745660713
3448,20475,13313,5287,25756,1631.379
3449,20475,13313,5263,25747,1631.38012498125
3450,20475,13313,5239,25738,1631.3812499624999
3451,20475,13313,5215,25729,1631.38237494375
3452,20475,13313,5190,25720,1631.3834999249998
3453,20475,13313,5166,25711,1631.3846249062499
3454,20475,13313,5142,25702,1631.3857498875
3455,20475,13313,5118,25693,1631.3868748687498
3456,20475,13313,5094,25683,1631.38799985
3457,20475,13313,5070,25674,1631.38912483125
3458,20475,13313,5046,25665,1631.3902498124999
3459,20475,13313,5021,25656,1631.39137479375
3460,20475,13313,4997,25647,1631.392499775
3461,20475,13313,4973,25638,1631.39362475625
3462,20475,13313,4949,25629,1631.3947497375
3463,20475,13313,4925,25620,1631.3958747187498
3464,20475,13313,4901,25610,1631.3969997
3465,20475,13313,4877,25601,1631.39812468125
3466,20475,13313,4853,25592,1631.3992496624999
3467,20475,13313,4828,25583,1631.40037464375
3468,20475,13313,4804,25574,1631.4014996249998
3469,20475,13313,4780,25565,1631.40262460625
3470,20475,13313,4756,25556,1631.4037495875
3471,20475,13313,4732,25547,1631.4048745687498
3472,20065,12994,5201,25758,1631.406
3473,20065,12994,5179,25758,1631.4071248875
3474,20065,12994,5157,25758,1631.408249775
3475,20065,12994,5135,25758,1631.4093746624999
3476,20065,12994,5113,25692,1631.4105
3477,20065,12994,5091,25680,1631.4116249775
3478,20065,12994,5068,25668,1631.412749955
3479,20065,12994,5046,25655,1631.4138749325
3480,20065,12994,5024,25643,1631.41499991
3481,20065,12994,5002,25631,1631.4161248875
3482,20065,12994,4980,25619,1631.417249865
3483,20065,12994,4958,25607,1631.4183748425
3484,20065,12994,4936,25595,1631.41949982
3485,20065,12994,4914,25583,1631.4206247975
3486,20065,12994,4892,25571,1631.421749775
3487,20065,12994,4870,25559,1631.4228747524999
3488,20065,12994,4848,25547,1631.4239997299999
3489,20065,12994,4826,25535,1631.4251247075
3490,20065,12994,4804,25523,1631.426249685
3491,20065,12994,4782,25511,1631.4273746625
3492,20065,12994,4760,25499,1631.42849964
3493,20065,12994,4738,25487,1631.4296246175
3494,20065,12994,4716,25475,1631.430749595
3495,20065,12994,4694,25463,1631.4318745725
3496,20065,12994,4672,25438,1631.433
3497,20065,12994,4649,25438,1631.4341248875
3498,20065,12994,4627,25438,1631.435249775
3499,20065,12994,4605,25438,1631.4363746625
3500,20065,12994,4583,25367,1631.4375
3501,20065,12994,4561,25357,1631.4386249839285
3502,20065,12994,4539,25347,1631.439749967857
3503,20065,12994,4517,25337,1631.4408749517856
3504,20065,12994,4495,25327,1631.4419999357142
3505,20065,12994,4473,25317,1631.443124919643
3506,20065,12994,4451,25307,1631.4442499035715
3507,20065,12994,4429,25297,1631.4453748875
3508,20065,12994,4407,25287,1631.4464998714286
3509,20065,12994,4385,25277,1631.4476248553572
3510,20065,12994,4363,25266,1631.4487498392857
3511,20065,12994,4341,25256,1631.4498748232143
3512,20065,12994,4319,25246,1631.4509998071428
3513,20065,12994,4297,25236,1631.4521247910714
3514,20065,12994,4275,25226,1631.4532497750001
3515,20065,12994,4253,25216,1631.4543747589287
3516,20065,12994,4230,25206,1631.4554997428572
3517,20065,12994,4208,25196,1631.4566247267858
3518,20065,12994,4186,25186,1631.4577497107143
3519,20065,12994,4164,25176,1631.4588746946429
3520,20065,12994,4142,25166,1631.4599996785714
3521,20065,12994,4120,25155,1631.4611246625
3522,20065,12994,4098,25145,1631.4622496464285
3523,20065,12994,4076,25135,1631.463374630357
3524,20065,12994,4054,25125,1631.4644996142858
3525,20065,12994,4032,25115,1631.4656245982144
3526,20065,12994,4010,25105,1631.466749582143
3527,20065,12994,3988,25095,1631.4678745660715
3528,19741,12742,4313,25236,1631.469
3529,19741,12742,4294,25231,1631.4701249897728
3530,19741,12742,4274,25227,1631.4712499795455
3531,19741,12742,4255,25222,1631.4723749693183
3532,19741,12742,4235,25218,1631.473499959091
3533,19741,12742,4215,25213,1631.4746249488637
3534,19741,12742,4196,25209,1631.4757499386365
3535,19741,12742,4176,25204,1631.4768749284092
3536,19741,12742,4156,25200,1631.477999918182
3537,19741,12742,4137,25195,1631.4791249079547
3538,19741,12742,4117,25191,1631.4802498977274
3539,19741,12742,4097,25186,1631.4813748875
3540,19741,12742,4078,25182,1631.4824998772726
3541,19741,12742,4058,25177,1631.4836248670454
3542,19741,12742,4039,25173,1631.484749856818
3543,19741,12742,4019,25168,1631.4858748465908
3544,19741,12742,3999,25163,1631.4869998363636
3545,19741,12742,3980,25159,1631.4881248261363
3546,19741,12742,3960,25154,1631.489249815909
3547,19741,12742,3940,25150,1631.4903748056818
3548,19741,12742,3921,25145,1631.4914997954545
3549,19741,12742,3901,25141,1631.4926247852272
3550,19741,12742,3881,25136,1631.493749775
3551,19741,12742,3862,25132,1631.4948747647727
3552,19741,12742,3842,25127,1631.4959997545454
3553,19741,12742,3823,25123,1631.4971247443182
3554,19741,12742,3803,25118,1631.498249734091
3555,19741,12742,3783,25114,1631.4993747238636
3556,19741,12742,3764,25109,1631.5004997136364
3557,19741,12742,3744,25105,1631.501624703409
3558,19741,12742,3724,25100,1631.5027496931818
3559,19741,12742,3705,25096,1631.5038746829546
3560,19741,12742,3685,25091,1631.5049996727273
3561,19741,12742,3665,25086,1631.5061246625
3562,19741,12742,3646,25082,1631.5072496522725
3563,19741,12742,3626,25077,1631.5083746420453
3564,19741,12742,3607,25073,1631.509499631818
3565,19741,12742,3587,25068,1631.5106246215908
3566,19741,12742,3567,25064,1631.5117496113635
3567,19741,12742,3548,25059,1631.5128746011362
3568,19741,12742,3528,25055,1631.513999590909
3569,19741,12742,3508,25050,1631.5151245806817
3570,19741,12742,3489,25046,1631.5162495704544
3571,19741,12742,3469,25041,1631.5173745602272
3572,19417,12490,3771,25198,1631.5185
3573,19417,12490,3753,25189,1631.5196249874998
3574,19417,12490,3734,25180,1631.520749975
3575,19417,12490,3716,25172,1631.5218749624999
3576,19417,12490,3698,25163,1631.52299995
3577,19417,12490,3680,25155,1631.5241249375
3578,19417,12490,3661,25146,1631.525249925
3579,19417,12490,3643,25138,1631.5263749125
3580,19417,12490,3625,25129,1631.5274998999998
3581,19417,12490,3606,25121,1631.5286248875
3582,19417,12490,3588,25112,1631.5297498749999
3583,19417,12490,3570,25103,1631.5308748625
3584,19417,12490,3551,25095,1631.53199985
3585,19417,12490,3533,25086,1631.5331248374998
3586,19417,12490,3515,25078,1631.534249825
3587,19417,12490,3496,25069,1631.5353748124999
3588,19417,12490,3478,25061,1631.5364998
3589,19417,12490,3460,25052,1631.5376247875
3590,19417,12490,3442,25043,1631.5387497749998
3591,19417,12490,3423,25035,1631.5398747625
3592,19417,12490,3405,25026,1631.5409997499999
3593,19417,12490,3387,25018,1631.5421247375
3594,19417,12490,3368,25009,1631.543249725
3595,19417,12490,3350,25001,1631.5443747125
3596,19417,12490,3332,24992,1631.5454997
3597,19417,12490,3313,24983,1631.5466246874998
3598,19417,12490,3295,24975,1631.547749675
3599,19417,12490,3277,24966,1631.5488746624999
3600,19417,12490,3258,24958,1631.54999965
3601,19417,12490,3240,24949,1631.5511246375
3602,19417,12490,3222,24941,1631.552249625
3603,19417,12490,3204,24932,1631.5533746125
3604,19417,12490,3185,24923,1631.5544995999999
3605,19417,12490,3167,24915,1631.5556245875
3606,19417,12490,3149,24906,1631.556749575
3607,19417,12490,3130,24898,1631.5578745625
3608,19417,12490,3112,24827,1631.559
3609,19417,12490,3094,24819,1631.56012494375
3610,19417,12490,3075,24811,1631.5612498875
3611,19417,12490,3057,24803,1631.56237483125
3612,19417,12490,3039,24795,1631.5634997749999
3613,19417,12490,3020,24787,1631.5646247187499
3614,19417,12490,3002,24779,1631.5657496625
3615,19417,12490,2984,24771,1631.56687460625
3616,19093,12238,3254,24869,1631.568
3617,19093,12238,3237,24858,1631.569124990625
3618,19093,12238,3221,24847,1631.57024998125
3619,19093,12238,3204,24836,1631.571374971875
3620,19093,12238,3187,24825,1631.5724999625
3621,19093,12238,3170,24814,1631.573624953125
3622,19093,12238,3153,24804,1631.57474994375
3623,19093,12238,3136,24793,1631.575874934375
3624,19093,12238,3119,24782,1631.576999925
3625,19093,12238,3103,24771,1631.578124915625
3626,19093,12238,3086,24760,1631.57924990625
3627,19093,12238,3069,24749,1631.580374896875
3628,19093,12238,3052,24738,1631.5814998875
3629,19093,12238,3035,24727,1631.582624878125
3630,19093,12238,3018,24716,1631.58374986875
3631,19093,12238,3001,24705,1631.584874859375
3632,19093,12238,2985,24694,1631.58599985
3633,19093,12238,2968,24683,1631.587124840625
3634,19093,12238,2951,24672,1631.58824983125
3635,19093,12238,2934,24661,1631.589374821875
3636,19093,12238,2917,24650,1631.5904998125
3637,19093,12238,2900,24640,1631.5916248031251
3638,19093,12238,2884,24629,1631.59274979375
3639,19093,12238,2867,24618,1631.593874784375
3640,19093,12238,2850,24607,1631.594999775
3641,19093,12238,2833,24596,1631.596124765625
3642,19093,12238,2816,24585,1631.59724975625
3643,19093,12238,2799,24574,1631.598374746875
3644,19093,12238,2782,24563,1631.5994997375
3645,19093,12238,2766,24552,1631.600624728125
3646,19093,12238,2749,24541,1631.60174971875
3647,19093,12238,2732,24530,1631.602874709375
3648,19093,12238,2715,24519,1631.6039997
3649,19093,12238,2698,24508,1631.605124690625
3650,19093,12238,2681,24497,1631.6062496812501
3651,19093,12238,2664,24486,1631.607374671875
3652,19093,12238,2648,24476,1631.6084996625
3653,19093,12238,2631,24465,1631.6096246531251
3654,19093,12238,2614,24454,1631.61074964375
3655,19093,12238,2597,24443,1631.611874634375
3656,19093,12238,2580,24432,1631.6129996250002
3657,19093,12238,2563,24421,1631.614124615625
3658,19093,12238,2546,24410,1631.61524960625
3659,19093,12238,2530,24399,1631.616374596875
3660,19093,12238,2513,24388,1631.6174995875
3661,19093,12238,2496,24377,1631.618624578125
3662,19093,12238,2496,24366,1631.61974956875
3663,19093,12238,2496,24355,1631.6208745593751
3664,18769,11986,10224,25819,1631.622
3665,18769,11986,10188,25811,1631.6231249875
3666,18769,11986,10152,25803,1631.624249975
3667,18769,11986,10116,25795,1631.6253749625
3668,18769,11986,10080,25787,1631.6264999500002
3669,18769,11986,10044,25779,1631.6276249375
3670,18769,11986,10008,25771,1631.628749925
3671,18769,11986,9972,25763,1631.6298749125
3672,18769,11986,9922,25755,1631.6309999
3673,18769,11986,9922,25747,1631.6321248875001
3674,18769,11986,9922,25739,1631.633249875
3675,18769,11986,9922,25731,1631.6343748625
3676,18769,11986,9762,25724,1631.63549985
3677,18769,11986,9762,25716,1631.6366248375
3678,18769,11986,9762,25708,1631.637749825
3679,18769,11986,9762,25700,1631.6388748125
3680,18769,11986,9608,25692,1631.6399998
3681,18769,11986,9608,25684,1631.6411247875
3682,18769,11986,9608,25676,1631.642249775
3683,18769,11986,9608,25668,1631.6433747625
3684,18769,11986,9448,25660,1631.64449975
3685,18769,11986,9411,25652,1631.6456247375
3686,18769,11986,9373,25644,1631.646749725
3687,18769,11986,9336,25636,1631.6478747125
3688,18769,11986,9298,25628,1631.6489996999999
3689,18769,11986,9261,25620,1631.6501246875
3690,18769,11986,9223,25612,1631.651249675
3691,18769,11986,9186,25604,1631.6523746625
3692,18769,11986,9138,25596,1631.65349965
3693,18769,11986,9102,25589,1631.6546246374999
3694,18769,11986,9065,25581,1631.655749625
3695,18769,11986,9029,25573,1631.6568746125
3696,18769,11986,8992,25565,1631.6579995999998
3697,18769,11986,8956,25557,1631.6591245875
3698,18769,11986,8919,25549,1631.6602495749999
3699,18769,11986,8883,25541,1631.6613745625
3700,18445,11734,9522,25727,1631.6625
3701,18445,11734,9490,25719,1631.66362494375
3702,18445,11734,9458,25712,1631.6647498875
3703,18445,11734,9426,25704,1631.66587483125
3704,18445,11734,9394,25696,1631.666999775
3705,18445,11734,9362,25688,1631.6681247187498
3706,18445,11734,9330,25681,1631.6692496624999
3707,18445,11734,9298,25673,1631.6703746062499
3708,18445,11734,9230,25627,1631.6715
3709,18445,11734,9195,25627,1631.6726248875
3710,18445,11734,9160,25627,1631.673749775
3711,18445,11734,9125,25627,1631.6748746624999
3712,18445,11734,9091,25588,1631.676
3713,18445,11734,9056,25576,1631.6771249874998
3714,18445,11734,9021,25564,1631.678249975
3715,18445,11734,8986,25553,1631.6793749624999
3716,18445,11734,8951,25541,1631.68049995
3717,18445,11734,8917,25529,1631.6816249375
3718,18445,11734,8882,25518,1631.6827499249998
3719,18445,11734,8847,25506,1631.6838749125
3720,18445,11734,8812,25494,1631.6849998999999
3721,18445,11734,8777,25483,1631.6861248875
3722,18445,11734,8743,25471,1631.687249875
3723,18445,11734,8708,25459,1631.6883748625
3724,18445,11734,8657,25448,1631.68949985
3725,18445,11734,8622,25436,1631.6906248374999
3726,18445,11734,8587,25424,1631.691749825
3727,18445,11734,8553,25413,1631.6928748125
3728,18445,11734,8518,25401,1631.6939998
3729,18445,11734,8484,25389,1631.6951247875
3730,18445,11734,8449,25378,1631.696249775
3731,18445,11734,8414,25366,1631.6973747625
3732,18445,11734,8380,25354,1631.6984997499999
3733,18445,11734,8345,25343,1631.6996247375
3734,18445,11734,8310,25331,1631.700749725
3735,18445,11734,8276,25320,1631.7018747125
3736,18445,11734,8241,25308,1631.7029997
3737,18445,11734,8206,25296,1631.7041246874999
3738,18445,11734,8172,25285,1631.705249675
3739,18445,11734,8137,25273,1631.7063746625
3740,18445,11734,8102,25261,1631.70749965
3741,18445,11734,8068,25250,1631.7086246375
3742,18445,11734,8033,25238,1631.7097496249999
3743,18445,11734,7999,25226,1631.7108746125
3744,18445,11734,7964,25215,1631.7119996
3745,18445,11734,7929,25203,1631.7131245875
3746,18445,11734,7895,25191,1631.714249575
3747,18445,11734,7860,25180,1631.7153745625
3748,18121,11482,8453,25350,1631.7165
3749,18121,11482,8421,25344,1631.71762494375
3750,18121,11482,8389,25338,1631.7187498875
3751,18121,11482,8357,25332,1631.71987483125
3752,18121,11482,8325,25326,1631.720999775
3753,18121,11482,8293,25320,1631.72212471875
3754,18121,11482,8261,25314,1631.7232496625
3755,18121,11482,8230,25308,1631.72437460625
3756,18121,11482,8198,25240,1631.7255
3757,18121,11482,8166,25233,1631.7266249875
3758,18121,11482,8134,25225,1631.727749975
3759,18121,11482,8102,25217,1631.7288749625
3760,18121,11482,8070,25210,1631.72999995
3761,18121,11482,8038,25202,1631.7311249375
3762,18121,11482,8006,25194,1631.732249925
3763,18121,11482,7975,25186,1631.7333749125
3764,18121,11482,7943,25179,1631.7344999
3765,18121,11482,7911,25171,1631.7356248875
3766,18121,11482,7879,25163,1631.736749875
3767,18121,11482,7847,25155,1631.7378748625001
3768,18121,11482,7815,25148,1631.73899985
3769,18121,11482,7783,25140,1631.7401248375
3770,18121,11482,7751,25132,1631.741249825
3771,18121,11482,7719,25124,1631.7423748125
3772,18121,11482,7688,25117,1631.7434998
3773,18121,11482,7656,25109,1631.7446247875
3774,18121,11482,7624,25101,1631.7457497750001
3775,18121,11482,7592,25093,1631.7468747625
3776,18121,11482,7560,25086,1631.74799975
3777,18121,11482,7528,25078,1631.7491247375
3778,18121,11482,7496,25070,1631.750249725
3779,18121,11482,7464,25062,1631.7513747125001
3780,18121,11482,7433,25055,1631.7524997
3781,18121,11482,7401,25047,1631.7536246875
3782,18121,11482,7369,25039,1631.754749675
3783,18121,11482,7337,25031,1631.7558746625
3784,18121,11482,7305,25024,1631.7569996500001
3785,18121,11482,7273,25016,1631.7581246375
3786,18121,11482,7241,25008,1631.759249625
3787,18121,11482,7209,25000,1631.7603746125
3788,18121,11482,7177,24993,1631.7614996
3789,18121,11482,7146,24985,1631.7626245875
3790,18121,11482,7114,24977,1631.763749575
3791,18121,11482,7082,24969,1631.7648745625002
3792,17797,11230,7604,25178,1631.766
3793,17797,11230,7575,25174,1631.7671249913462
3794,17797,11230,7546,25169,1631.7682499826924
3795,17797,11230,7517,25164,1631.7693749740386
3796,17797,11230,7488,25160,1631.7704999653847
3797,17797,11230,7459,25155,1631.7716249567309
3798,17797,11230,7429,25151,1631.772749948077
3799,17797,11230,7400,25146,1631.7738749394232
3800,17797,11230,7371,25141,1631.7749999307694
3801,17797,11230,7342,25137,1631.7761249221155
3802,17797,11230,7313,25132,1631.7772499134617
3803,17797,11230,7284,25128,1631.7783749048078
3804,17797,11230,7255,25123,1631.779499896154
3805,17797,11230,7225,25118,1631.7806248875
3806,17797,11230,7196,25114,1631.781749878846
3807,17797,11230,7167,25109,1631.7828748701922
3808,17797,11230,7138,25105,1631.7839998615384
3809,17797,11230,7109,25100,1631.7851248528846
3810,17797,11230,7080,25095,1631.7862498442307
3811,17797,11230,7051,25091,1631.7873748355769
3812,17797,11230,7021,25086,1631.788499826923
3813,17797,11230,6992,25082,1631.7896248182692
3814,17797,11230,6963,25077,1631.7907498096154
3815,17797,11230,6934,25072,1631.7918748009615
3816,17797,11230,6905,25068,1631.7929997923077
3817,17797,11230,6876,25063,1631.7941247836538
3818,17797,11230,6846,25058,1631.795249775
3819,17797,11230,6817,25054,1631.7963747663462
3820,17797,11230,6788,25049,1631.7974997576923
3821,17797,11230,6759,25045,1631.7986247490385
3822,17797,11230,6730,25040,1631.7997497403846
3823,17797,11230,6701,25035,1631.8008747317308
3824,17797,11230,6672,25031,1631.801999723077
3825,17797,11230,6642,25026,1631.8031247144231
3826,17797,11230,6613,25022,1631.8042497057693
3827,17797,11230,6584,25017,1631.8053746971154
3828,17797,11230,6555,25012,1631.8064996884616
3829,17797,11230,6526,25008,1631.8076246798078
3830,17797,11230,6497,25003,1631.808749671154
3831,17797,11230,6468,24999,1631.8098746625
3832,17797,11230,6438,24994,1631.810999653846
3833,17797,11230,6409,24989,1631.8121246451922
3834,17797,11230,6380,24985,1631.8132496365383
3835,17797,11230,6351,24980,1631.8143746278845
3836,17797,11230,6322,24976,1631.8154996192306
3837,17797,11230,6293,24971,1631.8166246105768
3838,17797,11230,6264,24966,1631.817749601923
3839,17797,11230,6234,24962,1631.8188745932691
3840,17797,11230,6205,24957,1631.8199995846153
3841,17797,11230,6176,24953,1631.8211245759614
3842,17797,11230,6147,24948,1631.8222495673076
3843,17797,11230,6118,24943,1631.8233745586538
3844,17473,10978,6602,25082,1631.8245
3845,17473,10978,6576,25074,1631.825624971875
3846,17473,10978,6549,25067,1631.82674994375
3847,17473,10978,6523,25059,1631.827874915625
3848,17473,10978,6497,25051,1631.8289998875
3849,17473,10978,6471,25044,1631.830124859375
3850,17473,10978,6444,25036,1631.83124983125
3851,17473,10978,6418,25028,1631.832374803125
3852,17473,10978,6392,25021,1631.8334997749998
3853,17473,10978,6365,25013,1631.8346247468749
3854,17473,10978,6339,25005,1631.8357497187499
3855,17473,10978,6313,24998,1631.8368746906249
3856,17473,10978,6287,24990,1631.8379996625
3857,17473,10978,6260,24982,1631.839124634375
3858,17473,10978,6234,24975,1631.84024960625
3859,17473,10978,6208,24967,1631.841374578125
3860,17473,10978,6182,24927,1631.8425
3861,17473,10978,6155,24914,1631.84362498125
3862,17473,10978,6129,24901,1631.8447499625
3863,17473,10978,6103,24887,1631.84587494375
3864,17473,10978,6077,24874,1631.846999925
3865,17473,10978,6050,24861,1631.84812490625
3866,17473,10978,6024,24848,1631.8492498875
3867,17473,10978,5998,24835,1631.85037486875
3868,17473,10978,5972,24822,1631.85149985
3869,17473,10978,5945,24808,1631.85262483125
3870,17473,10978,5919,24795,1631.8537498125
3871,17473,10978,5893,24782,1631.85487479375
3872,17473,10978,5867,24769,1631.8559997749999
3873,17473,10978,5840,24756,1631.85712475625
3874,17473,10978,5814,24742,1631.8582497375
3875,17473,10978,5788,24729,1631.85937471875
3876,17473,10978,5762,24716,1631.8604997
3877,17473,10978,5735,24703,1631.86162468125
3878,17473,10978,5709,24690,1631.8627496625
3879,17473,10978,5683,24677,1631.86387464375
3880,17473,10978,5657,24663,1631.864999625
3881,17473,10978,5630,24650,1631.86612460625
3882,17473,10978,5604,24637,1631.8672495875
3883,17473,10978,5578,24624,1631.86837456875
3884,17149,10726,6030,24833,1631.8695
3885,17149,10726,6006,24822,1631.8706249625
3886,17149,10726,5981,24811,1631.8717499250001
3887,17149,10726,5957,24800,1631.8728748875
3888,17149,10726,5932,24789,1631.87399985
3889,17149,10726,5908,24778,1631.8751248125
3890,17149,10726,5883,24767,1631.876249775
3891,17149,10726,5859,24756,1631.8773747375
3892,17149,10726,5834,24746,1631.8784997
3893,17149,10726,5810,24735,1631.8796246625
3894,17149,10726,5785,24724,1631.8807496250001
3895,17149,10726,5761,24713,1631.8818745875
3896,17149,10726,5736,24669,1631.883
3897,17149,10726,5712,24669,1631.8841248875
3898,17149,10726,5687,24669,1631.885249775
3899,17149,10726,5663,24669,1631.8863746625
3900,17149,10726,5638,24600,1631.8875
3901,17149,10726,5614,24591,1631.88862498875
3902,17149,10726,5589,24582,1631.8897499775
3903,17149,10726,5565,24573,1631.89087496625
3904,17149,10726,5540,24563,1631.891999955
3905,17149,10726,5516,24554,1631.89312494375
3906,17149,10726,5491,24545,1631.8942499325
3907,17149,10726,5467,24536,1631.89537492125
3908,17149,10726,5442,24526,1631.89649991
3909,17149,10726,5418,24517,1631.89762489875
3910,17149,10726,5393,24508,1631.8987498875001
3911,17149,10726,5369,24499,1631.8998748762501
3912,17149,10726,5344,24489,1631.9009998650001
3913,17149,10726,5320,24480,1631.9021248537501
3914,17149,10726,5295,24471,1631.9032498425001
3915,17149,10726,5271,24462,1631.9043748312502
3916,17149,10726,5246,24452,1631.9054998200002
3917,17149,10726,5222,24443,1631.9066248087502
3918,17149,10726,5197,24434,1631.9077497975002
3919,17149,10726,5173,24425,1631.9088747862502
3920,17149,10726,5148,24415,1631.909999775
3921,17149,10726,5124,24406,1631.91112476375
3922,17149,10726,5099,24397,1631.9122497525
3923,17149,10726,5075,24388,1631.91337474125
3924,17149,10726,5050,24378,1631.91449973
3925,17149,10726,5026,24369,1631.91562471875
3926,17149,10726,5001,24360,1631.9167497075
3927,17149,10726,4976,24351,1631.91787469625
3928,17149,10726,4952,24341,1631.918999685
3929,17149,10726,4927,24332,1631.92012467375
3930,17149,10726,4903,24323,1631.9212496625
3931,17149,10726,4878,24314,1631.92237465125
3932,17149,10726,4854,24304,1631.92349964
3933,17149,10726,4829,24295,1631.92462462875
3934,17149,10726,4805,24286,1631.9257496175
3935,17149,10726,4780,24277,1631.92687460625
3936,17149,10726,4756,24267,1631.927999595
3937,17149,10726,4731,24258,1631.92912458375
3938,17149,10726,4707,24249,1631.9302495725
3939,17149,10726,4682,24240,1631.93137456125
3940,16824,10466,5100,24424,1631.9325
3941,16824,10466,5079,24415,1631.9336249839284
3942,16824,10466,5057,24406,1631.934749967857
3943,16824,10466,5035,24397,1631.9358749517855
3944,16824,10466,5013,24388,1631.936999935714
3945,16824,10466,4991,24378,1631.9381249196429
3946,16824,10466,4969,24369,1631.9392499035714
3947,16824,10466,4947,24360,1631.9403748875
3948,16824,10466,4925,24351,1631.9414998714285
3949,16824,10466,4903,24342,1631.942624855357
3950,16824,10466,4882,24333,1631.9437498392856
3951,16824,10466,4860,24324,1631.9448748232141
3952,16824,10466,4838,24315,1631.9459998071427
3953,16824,10466,4816,24306,1631.9471247910712
3954,16824,10466,4794,24297,1631.948249775
3955,16824,10466,4772,24287,1631.9493747589286
3956,16824,10466,4750,24278,1631.9504997428571
3957,16824,10466,4728,24269,1631.9516247267857
3958,16824,10466,4707,24260,1631.9527497107142
3959,16824,10466,4685,24251,1631.9538746946428
3960,16824,10466,4663,24242,1631.9549996785713
3961,16824,10466,4641,24233,1631.9561246624999
3962,16824,10466,4619,24224,1631.9572496464284
3963,16824,10466,4597,24215,1631.958374630357
3964,16824,10466,4575,24205,1631.9594996142857
3965,16824,10466,4553,24196,1631.9606245982143
3966,16824,10466,4531,24187,1631.9617495821428
3967,16824,10466,4510,24178,1631.9628745660714
3968,16824,10466,4488,24125,1631.964
3969,16824,10466,4466,24114,1631.965124971875
3970,16824,10466,4444,24102,1631.96624994375
3971,16824,10466,4422,24091,1631.967374915625
3972,16824,10466,4400,24080,1631.9684998875
3973,16824,10466,4378,24069,1631.969624859375
3974,16824,10466,4356,24057,1631.97074983125
3975,16824,10466,4334,24046,1631.971874803125
3976,16824,10466,4313,24035,1631.972999775
3977,16824,10466,4291,24023,1631.9741247468748
3978,16824,10466,4269,24012,1631.9752497187499
3979,16824,10466,4247,24001,1631.9763746906249
3980,16824,10466,4225,23990,1631.9774996625
3981,16824,10466,4203,23978,1631.978624634375
3982,16824,10466,4181,23967,1631.97974960625
3983,16824,10466,4159,23956,1631.980874578125
3984,16569,10268,4447,24090,1631.982
3985,16569,10268,4427,24078,1631.9831249625
3986,16569,10268,4406,24065,1631.9842499249999
3987,16569,10268,4386,24053,1631.9853748875
3988,16569,10268,4365,24040,1631.98649985
3989,16569,10268,4345,24028,1631.9876248125
3990,16569,10268,4325,24015,1631.988749775
3991,16569,10268,4304,24003,1631.9898747375
3992,16569,10268,4284,23990,1631.9909997
3993,16569,10268,4263,23978,1631.9921246625
3994,16569,10268,4243,23965,1631.9932496249999
3995,16569,10268,4222,23953,1631.9943745875
3996,16569,10268,4202,23927,1631.9955
3997,16569,10268,4182,23927,1631.9966248875
3998,16569,10268,4161,23927,1631.997749775
3999,16569,10268,4141,23927,1631.9988746625
4000,16569,10268,4120,23853,1632.0
4001,16569,10268,4100,23842,1632.0011249775
4002,16569,10268,4080,23831,1632.002249955
4003,16569,10268,4059,23820,1632.0033749325
4004,16569,10268,4039,23809,1632.00449991
4005,16569,10268,4018,23798,1632.0056248875
4006,16569,10268,3998,23787,1632.006749865
4007,16569,10268,3978,23776,1632.0078748425
4008,16569,10268,3957,23765,1632.00899982
4009,16569,10268,3937,23754,1632.0101247975
4010,16569,10268,3916,23743,1632.0112497750001
4011,16569,10268,3896,23732,1632.0123747525
4012,16569,10268,3875,23721,1632.01349973
4013,16569,10268,3855,23710,1632.0146247075
4014,16569,10268,3835,23699,1632.015749685
4015,16569,10268,3814,23688,1632.0168746625
4016,16569,10268,3794,23677,1632.01799964
4017,16569,10268,3773,23666,1632.0191246175
4018,16569,10268,3753,23655,1632.020249595
4019,16569,10268,3733,23644,1632.0213745725
4020,16569,10268,3712,23610,1632.0225
4021,16569,10268,3692,23610,1632.0236248875
4022,16569,10268,3671,23610,1632.0247497750001
4023,16569,10268,3651,23610,1632.0258746625
4024,16314,10070,3931,23712,1632.027
4025,16314,10070,3912,23707,1632.0281249897728
4026,16314,10070,3894,23701,1632.0292499795455
4027,16314,10070,3875,23696,1632.0303749693182
4028,16314,10070,3856,23691,1632.031499959091
4029,16314,10070,3837,23685,1632.0326249488637
4030,16314,10070,3819,23680,1632.0337499386364
4031,16314,10070,3800,23675,1632.0348749284092
4032,16314,10070,3781,23670,1632.035999918182
4033,16314,10070,3762,23664,1632.0371249079546
4034,16314,10070,3744,23659,1632.0382498977274
4035,16314,10070,3725,23654,1632.0393748875
4036,16314,10070,3706,23648,1632.0404998772726
4037,16314,10070,3687,23643,1632.0416248670454
4038,16314,10070,3668,23638,1632.042749856818
4039,16314,10070,3650,23632,1632.0438748465908
4040,16314,10070,3631,23627,1632.0449998363636
4041,16314,10070,3612,23622,1632.0461248261363
4042,16314,10070,3593,23616,1632.047249815909
4043,16314,10070,3575,23611,1632.0483748056818
4044,16314,10070,3556,23606,1632.0494997954545
4045,16314,10070,3537,23601,1632.0506247852272
4046,16314,10070,3518,23595,1632.051749775
4047,16314,10070,3500,23590,1632.0528747647727
4048,16314,10070,3481,23585,1632.0539997545454
4049,16314,10070,3462,23579,1632.0551247443182
4050,16314,10070,3443,23574,1632.056249734091
4051,16314,10070,3424,23569,1632.0573747238636
4052,16314,10070,3406,23563,1632.0584997136364
4053,16314,10070,3387,23558,1632.059624703409
4054,16314,10070,3368,23553,1632.0607496931818
4055,16314,10070,3349,23547,1632.0618746829546
4056,16314,10070,3331,23542,1632.0629996727273
4057,16314,10070,3312,23537,1632.0641246625
4058,16314,10070,3293,23531,1632.0652496522725
4059,16314,10070,3274,23526,1632.0663746420453
4060,16314,10070,3256,23521,1632.067499631818
4061,16314,10070,3237,23516,1632.0686246215907
4062,16314,10070,3218,23510,1632.0697496113635
4063,16314,10070,3199,23505,1632.0708746011362
4064,16314,10070,3180,23500,1632.071999590909
4065,16314,10070,3162,23494,1632.0731245806817
4066,16314,10070,3143,23489,1632.0742495704544
4067,16314,10070,3124,23484,1632.0753745602271
4068,16059,9872,3379,23653,1632.0765
4069,16059,9872,3361,23648,1632.07762498875
4070,16059,9872,3343,23642,1632.0787499775
4071,16059,9872,3325,23637,1632.07987496625
4072,16059,9872,3308,23631,1632.080999955
4073,16059,9872,3290,23626,1632.08212494375
4074,16059,9872,3272,23621,1632.0832499325
4075,16059,9872,3254,23615,1632.08437492125
4076,16059,9872,3236,23610,1632.08549991
4077,16059,9872,3219,23604,1632.08662489875
4078,16059,9872,3201,23599,1632.0877498875
4079,16059,9872,3183,23594,1632.08887487625
4080,16059,9872,3165,23588,1632.089999865
4081,16059,9872,3148,23583,1632.09112485375
4082,16059,9872,3130,23577,1632.0922498425
4083,16059,9872,3112,23572,1632.09337483125
4084,16059,9872,3094,23566,1632.09449982
4085,16059,9872,3076,23561,1632.09562480875
4086,16059,9872,3059,23556,1632.0967497975
4087,16059,9872,3041,23550,1632.09787478625
4088,16059,9872,3023,23545,1632.0989997749998
4089,16059,9872,3005,23539,1632.1001247637498
4090,16059,9872,2987,23534,1632.1012497524998
4091,16059,9872,2970,23529,1632.1023747412498
4092,16059,9872,2952,23523,1632.1034997299998
4093,16059,9872,2934,23518,1632.1046247187498
4094,16059,9872,2916,23512,1632.1057497074999
4095,16059,9872,2899,23507,1632.1068746962499
4096,16059,9872,2881,23501,1632.1079996849999
4097,16059,9872,2863,23496,1632.1091246737499
4098,16059,9872,2845,23491,1632.1102496624999
4099,16059,9872,2827,23485,1632.11137465125
4100,16059,9872,2810,23480,1632.11249964
4101,16059,9872,2792,23474,1632.11362462875
4102,16059,9872,2774,23469,1632.1147496175
4103,16059,9872,2756,23463,1632.11587460625
4104,16059,9872,2738,23458,1632.116999595
4105,16059,9872,2721,23453,1632.11812458375
4106,16059,9872,2703,23447,1632.1192495725
4107,16059,9872,2685,23442,1632.12037456125
4108,15804,9674,2927,23545,1632.1215
4109,15804,9674,2911,23537,1632.12262498125
4110,15804,9674,2894,23529,1632.1237499625
4111,15804,9674,2877,23521,1632.12487494375
4112,15804,9674,2861,23513,1632.125999925
4113,15804,9674,2844,23505,1632.12712490625
4114,15804,9674,2827,23497,1632.1282498875
4115,15804,9674,2811,23489,1632.12937486875
4116,15804,9674,2794,23481,1632.13049985
4117,15804,9674,2777,23473,1632.13162483125
4118,15804,9674,2761,23465,1632.1327498125
4119,15804,9674,2744,23457,1632.13387479375
4120,15804,9674,2727,23449,1632.1349997749999
4121,15804,9674,2711,23441,1632.13612475625
4122,15804,9674,2694,23433,1632.1372497375
4123,15804,9674,2677,23425,1632.13837471875
4124,15804,9674,2661,23417,1632.1394997
4125,15804,9674,2644,23409,1632.14062468125
4126,15804,9674,2627,23401,1632.1417496625
4127,15804,9674,2611,23393,1632.14287464375
4128,15804,9674,2594,23385,1632.143999625
4129,15804,9674,2577,23377,1632.14512460625
4130,15804,9674,2561,23369,1632.1462495875
4131,15804,9674,2544,23361,1632.14737456875
4132,15804,9674,2528,23320,1632.1485
4133,15804,9674,2511,23320,1632.1496248875
4134,15804,9674,2511,23320,1632.150749775
4135,15804,9674,2511,23320,1632.1518746625
4136,15549,9476,10338,24573,1632.153
4137,15549,9476,10338,24573,1632.1541248875
4138,15549,9476,10338,24573,1632.155249775
4139,15549,9476,10338,24573,1632.1563746625
4140,15549,9476,10176,24520,1632.1575
4141,15549,9476,10140,24511,1632.1586249897728
4142,15549,9476,10104,24502,1632.1597499795455
4143,15549,9476,10068,24493,1632.1608749693182
4144,15549,9476,10032,24484,1632.161999959091
4145,15549,9476,9996,24475,1632.1631249488637
4146,15549,9476,9960,24466,1632.1642499386364
4147,15549,9476,9924,24457,1632.1653749284092
4148,15549,9476,9874,24448,1632.166499918182
4149,15549,9476,9874,24439,1632.1676249079546
4150,15549,9476,9874,24430,1632.1687498977274
4151,15549,9476,9874,24420,1632.1698748875
4152,15549,9476,9715,24411,1632.1709998772728
4153,15549,9476,9680,24402,1632.1721248670456
4154,15549,9476,9645,24393,1632.1732498568183
4155,15549,9476,9609,24384,1632.174374846591
4156,15549,9476,9574,24375,1632.1754998363638
4157,15549,9476,9539,24366,1632.1766248261365
4158,15549,9476,9504,24357,1632.1777498159092
4159,15549,9476,9468,24348,1632.178874805682
4160,15549,9476,9433,24339,1632.1799997954547
4161,15549,9476,9398,24330,1632.1811247852274
4162,15549,9476,9363,24321,1632.182249775
4163,15549,9476,9327,24312,1632.1833747647727
4164,15549,9476,9266,24303,1632.1844997545454
4165,15549,9476,9230,24294,1632.1856247443181
4166,15549,9476,9194,24285,1632.1867497340909
4167,15549,9476,9158,24276,1632.1878747238636
4168,15549,9476,9122,24267,1632.1889997136363
4169,15549,9476,9086,24258,1632.190124703409
4170,15549,9476,9050,24249,1632.1912496931818
4171,15549,9476,9014,24240,1632.1923746829546
4172,15549,9476,8958,24231,1632.1934996727273
4173,15549,9476,8924,24222,1632.1946246625
4174,15549,9476,8890,24213,1632.1957496522728
4175,15549,9476,8856,24204,1632.1968746420455
4176,15549,9476,8823,24195,1632.1979996318182
4177,15549,9476,8789,24186,1632.199124621591
4178,15549,9476,8755,24177,1632.2002496113637
4179,15549,9476,8721,24168,1632.2013746011364
4180,15549,9476,8688,24159,1632.2024995909092
4181,15549,9476,8654,24149,1632.203624580682
4182,15549,9476,8620,24140,1632.2047495704546
4183,15549,9476,8586,24131,1632.2058745602274
4184,15294,9278,9096,24322,1632.207
4185,15294,9278,9066,24313,1632.2081249887501
4186,15294,9278,9036,24305,1632.2092499775001
4187,15294,9278,9005,24296,1632.2103749662501
4188,15294,9278,8975,24287,1632.2114999550001
4189,15294,9278,8944,24279,1632.2126249437501
4190,15294,9278,8914,24270,1632.2137499325001
4191,15294,9278,8884,24262,1632.2148749212502
4192,15294,9278,8853,24253,1632.2159999100002
4193,15294,9278,8823,24244,1632.2171248987502
4194,15294,9278,8792,24236,1632.2182498875
4195,15294,9278,8762,24227,1632.21937487625
4196,15294,9278,8732,24218,1632.220499865
4197,15294,9278,8701,24210,1632.22162485375
4198,15294,9278,8671,24201,1632.2227498425
4199,15294,9278,8640,24192,1632.22387483125
4200,15294,9278,8563,24184,1632.22499982
4201,15294,9278,8529,24175,1632.22612480875
4202,15294,9278,8494,24167,1632.2272497975
4203,15294,9278,8460,24158,1632.22837478625
4204,15294,9278,8426,24149,1632.229499775
4205,15294,9278,8392,24141,1632.23062476375
4206,15294,9278,8358,24132,1632.2317497525
4207,15294,9278,8324,24123,1632.23287474125
4208,15294,9278,8290,24115,1632.23399973
4209,15294,9278,8256,24106,1632.23512471875
4210,15294,9278,8222,24097,1632.2362497075
4211,15294,9278,8188,24089,1632.23737469625
4212,15294,9278,8154,24080,1632.238499685
4213,15294,9278,8120,24071,1632.23962467375
4214,15294,9278,8086,24063,1632.2407496625
4215,15294,9278,8052,24054,1632.2418746512499
4216,15294,9278,8018,24046,1632.2429996399999
4217,15294,9278,7984,24037,1632.24412462875
4218,15294,9278,7950,24028,1632.2452496175
4219,15294,9278,7915,24020,1632.24637460625
4220,15294,9278,7881,24011,1632.247499595
4221,15294,9278,7847,24002,1632.24862458375
4222,15294,9278,7813,23994,1632.2497495725
4223,15294,9278,7779,23985,1632.25087456125
4224,15039,9080,8291,24134,1632.252
4225,15039,9080,8259,24122,1632.2531249874999
4226,15039,9080,8228,24110,1632.254249975
4227,15039,9080,8196,24098,1632.2553749625
4228,15039,9080,8165,24086,1632.25649995
4229,15039,9080,8134,24074,1632.2576249375
4230,15039,9080,8102,24063,1632.2587499249998
4231,15039,9080,8071,24051,1632.2598749125
4232,15039,9080,8039,24039,1632.2609999
4233,15039,9080,8008,24027,1632.2621248875
4234,15039,9080,7976,24015,1632.263249875
4235,15039,9080,7945,24003,1632.2643748625
4236,15039,9080,7914,23991,1632.26549985
4237,15039,9080,7882,23979,1632.2666248374999
4238,15039,9080,7851,23967,1632.267749825
4239,15039,9080,7819,23955,1632.2688748125
4240,15039,9080,7788,23943,1632.2699998
4241,15039,9080,7756,23932,1632.2711247875
4242,15039,9080,7725,23920,1632.272249775
4243,15039,9080,7694,23908,1632.2733747625
4244,15039,9080,7662,23896,1632.27449975
4245,15039,9080,7631,23884,1632.2756247375
4246,15039,9080,7599,23872,1632.276749725
4247,15039,9080,7568,23860,1632.2778747125
4248,15039,9080,7536,23848,1632.2789997
4249,15039,9080,7505,23836,1632.2801246875
4250,15039,9080,7474,23824,1632.281249675
4251,15039,9080,7442,23812,1632.2823746625
4252,15039,9080,7411,23801,1632.28349965
4253,15039,9080,7379,23789,1632.2846246375
4254,15039,9080,7348,23777,1632.2857496249999
4255,15039,9080,7317,23765,1632.2868746125
4256,15039,9080,7285,23753,1632.2879996
4257,15039,9080,7254,23741,1632.2891245875
4258,15039,9080,7222,23729,1632.290249575
4259,15039,9080,7191,23717,1632.2913745625
4260,15039,9080,7159,23677,1632.2925
4261,15039,9080,7128,23677,1632.2936248875
4262,15039,9080,7097,23677,1632.2947497750001
4263,15039,9080,7065,23677,1632.2958746625
4264,15039,9080,7034,23615,1632.297
4265,15039,9080,7002,23615,1632.2981248875
4266,15039,9080,6971,23615,1632.2992497750001
4267,15039,9080,6939,23615,1632.3003746625
4268,15039,9080,6908,23552,1632.3015
4269,15039,9080,6877,23552,1632.3026248875
4270,15039,9080,6845,23552,1632.3037497750001
4271,15039,9080,6814,23552,1632.3048746625
4272,14784,8882,7297,23686,1632.306
4273,14784,8882,7268,23679,1632.30712498875
4274,14784,8882,7239,23672,1632.3082499775
4275,14784,8882,7210,23666,1632.30937496625
4276,14784,8882,7181,23659,1632.310499955
4277,14784,8882,7152,23652,1632.31162494375
4278,14784,8882,7124,23645,1632.3127499325
4279,14784,8882,7095,23638,1632.31387492125
4280,14784,8882,7066,23631,1632.31499991
4281,14784,8882,7037,23624,1632.31612489875
4282,14784,8882,7008,23618,1632.3172498875
4283,14784,8882,6979,23611,1632.3183748762501
4284,14784,8882,6950,23604,1632.3194998650001
4285,14784,8882,6921,23597,1632.3206248537501
4286,14784,8882,6892,23590,1632.3217498425001
4287,14784,8882,6863,23583,1632.3228748312501
4288,14784,8882,6835,23576,1632.3239998200002
4289,14784,8882,6806,23570,1632.3251248087502
4290,14784,8882,6777,23563,1632.3262497975002
4291,14784,8882,6748,23556,1632.3273747862502
4292,14784,8882,6719,23549,1632.3284997750002
4293,14784,8882,6690,23542,1632.32962476375
4294,14784,8882,6661,23535,1632.3307497525
4295,14784,8882,6632,23528,1632.33187474125
4296,14784,8882,6603,23522,1632.33299973
4297,14784,8882,6575,23515,1632.33412471875
4298,14784,8882,6546,23508,1632.3352497075
4299,14784,8882,6517,23501,1632.33637469625
4300,14784,8882,6488,23494,1632.337499685
4301,14784,8882,6459,23487,1632.33862467375
4302,14784,8882,6430,23480,1632.3397496625
4303,14784,8882,6401,23474,1632.34087465125
4304,14784,8882,6372,23467,1632.34199964
4305,14784,8882,6343,23460,1632.34312462875
4306,14784,8882,6314,23453,1632.3442496175
4307,14784,8882,6286,23446,1632.34537460625
4308,14784,8882,6257,23439,1632.346499595
4309,14784,8882,6228,23432,1632.34762458375
4310,14784,8882,6199,23426,1632.3487495725
4311,14784,8882,6170,23419,1632.34987456125
4312,14529,8684,6604,23610,1632.351
4313,14529,8684,6578,23605,1632.3521249887501
4314,14529,8684,6551,23600,1632.3532499775001
4315,14529,8684,6524,23596,1632.3543749662501
4316,14529,8684,6498,23591,1632.3554999550001
4317,14529,8684,6471,23586,1632.3566249437501
4318,14529,8684,6444,23582,1632.3577499325002
4319,14529,8684,6418,23577,1632.3588749212502
4320,14529,8684,6391,23572,1632.3599999100002
4321,14529,8684,6364,23567,1632.3611248987502
4322,14529,8684,6338,23563,1632.3622498875002
4323,14529,8684,6311,23558,1632.36337487625
4324,14529,8684,6284,23553,1632.364499865
4325,14529,8684,6258,23548,1632.36562485375
4326,14529,8684,6231,23544,1632.3667498425
4327,14529,8684,6204,23539,1632.36787483125
4328,14529,8684,6178,23534,1632.36899982
4329,14529,8684,6151,23530,1632.37012480875
4330,14529,8684,6124,23525,1632.3712497975
4331,14529,8684,6098,23520,1632.37237478625
4332,14529,8684,6071,23515,1632.373499775
4333,14529,8684,6044,23511,1632.37462476375
4334,14529,8684,6018,23506,1632.3757497525
4335,14529,8684,5991,23501,1632.37687474125
4336,14529,8684,5964,23496,1632.37799973
4337,14529,8684,5938,23492,1632.37912471875
4338,14529,8684,5911,23487,1632.3802497075
4339,14529,8684,5884,23482,1632.38137469625
4340,14529,8684,5858,23477,1632.382499685
4341,14529,8684,5831,23473,1632.38362467375
4342,14529,8684,5804,23468,1632.3847496624999
4343,14529,8684,5778,23463,1632.3858746512499
4344,14529,8684,5751,23459,1632.3869996399999
4345,14529,8684,5724,23454,1632.38812462875
4346,14529,8684,5698,23449,1632.3892496175
4347,14529,8684,5671,23444,1632.39037460625
4348,14529,8684,5644,23440,1632.391499595
4349,14529,8684,5618,23435,1632.39262458375
4350,14529,8684,5591,23430,1632.3937495725
4351,14529,8684,5564,23425,1632.39487456125
4352,14272,8477,5963,23585,1632.396
4353,14272,8477,5939,23576,1632.39712498125
4354,14272,8477,5914,23567,1632.3982499625
4355,14272,8477,5890,23558,1632.39937494375
4356,14272,8477,5866,23549,1632.400499925
4357,14272,8477,5842,23541,1632.40162490625
4358,14272,8477,5818,23532,1632.4027498875
4359,14272,8477,5793,23523,1632.4038748687499
4360,14272,8477,5769,23514,1632.40499985
4361,14272,8477,5745,23505,1632.40612483125
4362,14272,8477,5721,23496,1632.4072498125
4363,14272,8477,5697,23487,1632.40837479375
4364,14272,8477,5672,23478,1632.4094997749999
4365,14272,8477,5648,23469,1632.41062475625
4366,14272,8477,5624,23460,1632.4117497375
4367,14272,8477,5600,23452,1632.41287471875
4368,14272,8477,5576,23443,1632.4139997
4369,14272,8477,5552,23434,1632.41512468125
4370,14272,8477,5527,23425,1632.4162496625
4371,14272,8477,5503,23416,1632.41737464375
4372,14272,8477,5479,23407,1632.418499625
4373,14272,8477,5455,23398,1632.41962460625
4374,14272,8477,5431,23389,1632.4207495875
4375,14272,8477,5406,23380,1632.42187456875
4376,14272,8477,5382,23338,1632.423
4377,14272,8477,5358,23328,1632.4241249839286
4378,14272,8477,5334,23318,1632.425249967857
4379,14272,8477,5310,23308,1632.4263749517856
4380,14272,8477,5285,23298,1632.4274999357142
4381,14272,8477,5261,23288,1632.428624919643
4382,14272,8477,5237,23278,1632.4297499035715
4383,14272,8477,5213,23268,1632.4308748875
4384,14272,8477,5189,23258,1632.4319998714286
4385,14272,8477,5164,23248,1632.4331248553572
4386,14272,8477,5140,23239,1632.4342498392857
4387,14272,8477,5116,23229,1632.4353748232143
4388,14272,8477,5092,23219,1632.4364998071428
4389,14272,8477,5068,23209,1632.4376247910714
4390,14272,8477,5043,23199,1632.438749775
4391,14272,8477,5019,23189,1632.4398747589287
4392,14272,8477,4995,23179,1632.4409997428572
4393,14272,8477,4971,23169,1632.4421247267858
4394,14272,8477,4947,23159,1632.4432497107143
4395,14272,8477,4923,23149,1632.4443746946429
4396,14272,8477,4898,23139,1632.4454996785714
4397,14272,8477,4874,23129,1632.4466246625
4398,14272,8477,4850,23119,1632.4477496464285
4399,14272,8477,4826,23109,1632.448874630357
4400,14272,8477,4802,23099,1632.4499996142858
4401,14272,8477,4777,23089,1632.4511245982144
4402,14272,8477,4753,23079,1632.452249582143
4403,14272,8477,4729,23069,1632.4533745660715
4404,14001,8253,5133,23259,1632.4545
4405,14001,8253,5111,23252,1632.4556249897728
4406,14001,8253,5089,23244,1632.4567499795455
4407,14001,8253,5067,23236,1632.4578749693183
4408,14001,8253,5045,23228,1632.458999959091
4409,14001,8253,5023,23221,1632.4601249488637
4410,14001,8253,5001,23213,1632.4612499386365
4411,14001,8253,4979,23205,1632.4623749284092
4412,14001,8253,4957,23197,1632.463499918182
4413,14001,8253,4935,23190,1632.4646249079547
4414,14001,8253,4913,23182,1632.4657498977274
4415,14001,8253,4891,23174,1632.4668748875
4416,14001,8253,4869,23166,1632.4679998772726
4417,14001,8253,4847,23159,1632.4691248670454
4418,14001,8253,4825,23151,1632.470249856818
4419,14001,8253,4804,23143,1632.4713748465908
4420,14001,8253,4782,23135,1632.4724998363636
4421,14001,8253,4760,23128,1632.4736248261363
4422,14001,8253,4738,23120,1632.474749815909
4423,14001,8253,4716,23112,1632.4758748056818
4424,14001,8253,4694,23104,1632.4769997954545
4425,14001,8253,4672,23097,1632.4781247852272
4426,14001,8253,4650,23089,1632.479249775
4427,14001,8253,4628,23081,1632.4803747647727
4428,14001,8253,4606,23073,1632.4814997545454
4429,14001,8253,4584,23066,1632.4826247443182
4430,14001,8253,4562,23058,1632.483749734091
4431,14001,8253,4540,23050,1632.4848747238636
4432,14001,8253,4518,23042,1632.4859997136364
4433,14001,8253,4496,23035,1632.487124703409
4434,14001,8253,4474,23027,1632.4882496931818
4435,14001,8253,4453,23019,1632.4893746829546
4436,14001,8253,4431,23011,1632.4904996727273
4437,14001,8253,4409,23004,1632.4916246624998
4438,14001,8253,4387,22996,1632.4927496522726
4439,14001,8253,4365,22988,1632.4938746420453
4440,14001,8253,4343,22980,1632.494999631818
4441,14001,8253,4321,22973,1632.4961246215908
4442,14001,8253,4299,22965,1632.4972496113635
4443,14001,8253,4277,22957,1632.4983746011362
4444,14001,8253,4255,22949,1632.499499590909
4445,14001,8253,4233,22942,1632.5006245806817
4446,14001,8253,4211,22934,1632.5017495704544
4447,14001,8253,4189,22926,1632.5028745602272
4448,13730,8029,4552,23139,1632.504
4449,13730,8029,4532,23130,1632.50512498125
4450,13730,8029,4512,23121,1632.5062499624999
4451,13730,8029,4491,23113,1632.50737494375
4452,13730,8029,4471,23104,1632.5084999249998
4453,13730,8029,4451,23095,1632.5096249062499
4454,13730,8029,4431,23086,1632.5107498875
4455,13730,8029,4411,23077,1632.5118748687498
4456,13730,8029,4391,23068,1632.51299985
4457,13730,8029,4370,23059,1632.51412483125
4458,13730,8029,4350,23050,1632.5152498124999
4459,13730,8029,4330,23041,1632.51637479375
4460,13730,8029,4310,23033,1632.517499775
4461,13730,8029,4290,23024,1632.51862475625
4462,13730,8029,4270,23015,1632.5197497375
4463,13730,8029,4249,23006,1632.5208747187498
4464,13730,8029,4229,22997,1632.5219997
4465,13730,8029,4209,22988,1632.52312468125
4466,13730,8029,4189,22979,1632.5242496624999
4467,13730,8029,4169,22970,1632.52537464375
4468,13730,8029,4149,22961,1632.5264996249998
4469,13730,8029,4128,22953,1632.52762460625
4470,13730,8029,4108,22944,1632.5287495875
4471,13730,8029,4088,22935,1632.5298745687498
4472,13730,8029,4068,22902,1632.531
4473,13730,8029,4048,22890,1632.53212498125
4474,13730,8029,4028,22877,1632.5332499625
4475,13730,8029,4007,22865,1632.53437494375
4476,13730,8029,3987,22853,1632.5354999249998
4477,13730,8029,3967,22841,1632.53662490625
4478,13730,8029,3947,22829,1632.5377498875
4479,13730,8029,3927,22816,1632.5388748687499
4480,13730,8029,3907,22804,1632.53999985
4481,13730,8029,3886,22792,1632.54112483125
4482,13730,8029,3866,22780,1632.5422498125
4483,13730,8029,3846,22768,1632.54337479375
4484,13730,8029,3826,22755,1632.544499775
4485,13730,8029,3806,22743,1632.54562475625
4486,13730,8029,3786,22731,1632.5467497375
4487,13730,8029,3765,22719,1632.5478747187499
4488,13730,8029,3745,22707,1632.5489997
4489,13730,8029,3725,22694,1632.55012468125
4490,13730,8029,3705,22682,1632.5512496625
4491,13730,8029,3685,22670,1632.55237464375
4492,13730,8029,3665,22658,1632.5534996249999
4493,13730,8029,3644,22646,1632.55462460625
4494,13730,8029,3624,22634,1632.5557495875
4495,13730,8029,3604,22621,1632.55687456875
4496,13730,8029,3584,22591,1632.558
4497,13730,8029,3564,22579,1632.55912494375
4498,13730,8029,3544,22567,1632.5602498875
4499,13730,8029,3523,22555,1632.56137483125
4500,13730,8029,3503,22543,1632.562499775
4501,13730,8029,3483,22531,1632.56362471875
4502,13730,8029,3463,22519,1632.5647496625
4503,13730,8029,3443,22507,1632.56587460625
4504,13459,7805,3783,22683,1632.567
4505,13459,7805,3764,22683,1632.5681248875
4506,13459,7805,3746,22683,1632.5692497750001
4507,13459,7805,3728,22683,1632.5703746625
4508,13459,7805,3710,22622,1632.5715
4509,13459,7805,3692,22612,1632.57262494375
4510,13459,7805,3673,22603,1632.5737498875
4511,13459,7805,3655,22593,1632.57487483125
4512,13459,7805,3637,22583,1632.5759997750001
4513,13459,7805,3619,22573,1632.57712471875
4514,13459,7805,3601,22564,1632.5782496625
4515,13459,7805,3582,22554,1632.57937460625
4516,13459,7805,3564,22496,1632.5805
4517,13459,7805,3546,22486,1632.58162498875
4518,13459,7805,3528,22476,1632.5827499775
4519,13459,7805,3510,22466,1632.58387496625
4520,13459,7805,3491,22456,1632.584999955
4521,13459,7805,3473,22447,1632.58612494375
4522,13459,7805,3455,22437,1632.5872499325
4523,13459,7805,3437,22427,1632.58837492125
4524,13459,7805,3419,22417,1632.58949991
4525,13459,7805,3400,22407,1632.59062489875
4526,13459,7805,3382,22397,1632.5917498875
4527,13459,7805,3364,22387,1632.59287487625
4528,13459,7805,3346,22378,1632.5939998650001
4529,13459,7805,3328,22368,1632.5951248537501
4530,13459,7805,3309,22358,1632.5962498425001
4531,13459,7805,3291,22348,1632.5973748312501
4532,13459,7805,3273,22338,1632.5984998200001
4533,13459,7805,3255,22328,1632.5996248087501
4534,13459,7805,3237,22318,1632.6007497975002
4535,13459,7805,3218,22309,1632.6018747862502
4536,13459,7805,3200,22299,1632.6029997750002
4537,13459,7805,3182,22289,1632.60412476375
4538,13459,7805,3164,22279,1632.6052497525
4539,13459,7805,3146,22269,1632.60637474125
4540,13459,7805,3127,22259,1632.60749973
4541,13459,7805,3109,22249,1632.60862471875
4542,13459,7805,3091,22240,1632.6097497075
4543,13459,7805,3073,22230,1632.61087469625
4544,13459,7805,3055,22220,1632.611999685
4545,13459,7805,3036,22210,1632.61312467375
4546,13459,7805,3018,22200,1632.6142496625
4547,13459,7805,3000,22190,1632.61537465125
4548,13459,7805,2982,22180,1632.61649964
4549,13459,7805,2964,22170,1632.61762462875
4550,13459,7805,2946,22161,1632.6187496175
4551,13459,7805,2927,22151,1632.61987460625
4552,13459,7805,2909,22141,1632.620999595
4553,13459,7805,2891,22131,1632.62212458375
4554,13459,7805,2873,22121,1632.6232495725
4555,13459,7805,2855,22111,1632.62437456125
4556,13188,7581,3167,22322,1632.6255
4557,13188,7581,3150,22317,1632.62662498875
4558,13188,7581,3133,22312,1632.6277499775001
4559,13188,7581,3115,22306,1632.6288749662501
4560,13188,7581,3098,22301,1632.6299999550001
4561,13188,7581,3081,22296,1632.6311249437501
4562,13188,7581,3064,22290,1632.6322499325001
4563,13188,7581,3047,22285,1632.6333749212502
4564,13188,7581,3029,22279,1632.6344999100002
4565,13188,7581,3012,22274,1632.6356248987502
4566,13188,7581,2995,22269,1632.6367498875002
4567,13188,7581,2978,22263,1632.63787487625
4568,13188,7581,2961,22258,1632.638999865
4569,13188,7581,2943,22253,1632.64012485375
4570,13188,7581,2926,22247,1632.6412498425
4571,13188,7581,2909,22242,1632.64237483125
4572,13188,7581,2892,22236,1632.64349982
4573,13188,7581,2875,22231,1632.64462480875
4574,13188,7581,2857,22226,1632.6457497975
4575,13188,7581,2840,22220,1632.64687478625
4576,13188,7581,2823,22215,1632.647999775
4577,13188,7581,2806,22210,1632.64912476375
4578,13188,7581,2789,22204,1632.6502497525
4579,13188,7581,2771,22199,1632.65137474125
4580,13188,7581,2754,22193,1632.65249973
4581,13188,7581,2737,22188,1632.65362471875
4582,13188,7581,2720,22183,1632.6547497075
4583,13188,7581,2703,22177,1632.65587469625
4584,13188,7581,2685,22172,1632.656999685
4585,13188,7581,2668,22167,1632.65812467375
4586,13188,7581,2651,22161,1632.6592496624999
4587,13188,7581,2634,22156,1632.6603746512499
4588,13188,7581,2617,22150,1632.6614996399999
4589,13188,7581,2599,22145,1632.6626246287499
4590,13188,7581,2582,22140,1632.6637496175
4591,13188,7581,2565,22134,1632.66487460625
4592,13188,7581,2548,22129,1632.665999595
4593,13188,7581,2531,22124,1632.66712458375
4594,13188,7581,2513,22118,1632.6682495725
4595,13188,7581,2496,22113,1632.66937456125
4596,12917,7357,10648,23417,1632.6705
4597,12917,7357,10648,23407,1632.6716249929686
4598,12917,7357,10648,23396,1632.6727499859373
4599,12917,7357,10648,23385,1632.6738749789063
4600,12917,7357,10482,23374,1632.674999971875
4601,12917,7357,10482,23364,1632.6761249648437
4602,12917,7357,10482,23353,1632.6772499578124
4603,12917,7357,10482,23342,1632.6783749507813
4604,12917,7357,10322,23332,1632.67949994375
4605,12917,7357,10322,23321,1632.6806249367187
4606,12917,7357,10322,23310,1632.6817499296874
4607,12917,7357,10322,23299,1632.6828749226563
4608,12917,7357,10160,23289,1632.683999915625
4609,12917,7357,10160,23278,1632.6851249085937
4610,12917,7357,10160,23267,1632.6862499015624
4611,12917,7357,10160,23256,1632.6873748945313
4612,12917,7357,10000,23246,1632.6884998875
4613,12917,7357,9965,23235,1632.6896248804687
4614,12917,7357,9929,23224,1632.6907498734374
4615,12917,7357,9894,23213,1632.6918748664061
4616,12917,7357,9858,23203,1632.692999859375
4617,12917,7357,9823,23192,1632.6941248523437
4618,12917,7357,9787,23181,1632.6952498453124
4619,12917,7357,9752,23171,1632.6963748382811
4620,12917,7357,9698,23160,1632.69749983125
4621,12917,7357,9698,23149,1632.6986248242188
4622,12917,7357,9698,23138,1632.6997498171875
4623,12917,7357,9698,23128,1632.7008748101562
4624,12917,7357,9544,23117,1632.701999803125
4625,12917,7357,9507,23106,1632.7031247960938
4626,12917,7357,9469,23095,1632.7042497890625
4627,12917,7357,9432,23085,1632.7053747820312
4628,12917,7357,9394,23074,1632.7064997749999
4629,12917,7357,9357,23063,1632.7076247679688
4630,12917,7357,9319,23053,1632.7087497609375
4631,12917,7357,9282,23042,1632.7098747539062
4632,12917,7357,9233,23031,1632.710999746875
4633,12917,7357,9197,23020,1632.7121247398438
4634,12917,7357,9161,23010,1632.7132497328125
4635,12917,7357,9125,22999,1632.7143747257812
4636,12917,7357,9089,22988,1632.71549971875
4637,12917,7357,9053,22977,1632.7166247117189
4638,12917,7357,9017,22967,1632.7177497046875
4639,12917,7357,8981,22956,1632.7188746976562
4640,12917,7357,8945,22945,1632.719999690625
4641,12917,7357,8909,22934,1632.7211246835939
4642,12917,7357,8873,22924,1632.7222496765626
4643,12917,7357,8837,22913,1632.7233746695313
4644,12917,7357,8801,22902,1632.7244996625
4645,12917,7357,8765,22892,1632.7256246554687
4646,12917,7357,8730,22881,1632.7267496484376
4647,12917,7357,8694,22870,1632.7278746414063
4648,12917,7357,8658,22859,1632.728999634375
4649,12917,7357,8622,22849,1632.7301246273437
4650,12917,7357,8586,22838,1632.7312496203126
4651,12917,7357,8550,22827,1632.7323746132813
4652,12917,7357,8504,22816,1632.73349960625
4653,12917,7357,8468,22806,1632.7346245992187
4654,12917,7357,8432,22795,1632.7357495921876
4655,12917,7357,8396,22784,1632.7368745851563
4656,12917,7357,8360,22774,1632.737999578125
4657,12917,7357,8324,22763,1632.7391245710937
4658,12917,7357,8288,22752,1632.7402495640627
4659,12917,7357,8252,22741,1632.7413745570313
4660,12646,7133,8923,22969,1632.7425
4661,12646,7133,8891,22962,1632.743624990625
4662,12646,7133,8859,22956,1632.7447499812502
4663,12646,7133,8827,22949,1632.745874971875
4664,12646,7133,8795,22943,1632.7469999625
4665,12646,7133,8763,22936,1632.748124953125
4666,12646,7133,8731,22930,1632.74924994375
4667,12646,7133,8699,22924,1632.750374934375
4668,12646,7133,8667,22917,1632.751499925
4669,12646,7133,8635,22911,1632.7526249156251
4670,12646,7133,8603,22904,1632.75374990625
4671,12646,7133,8571,22898,1632.754874896875
4672,12646,7133,8539,22891,1632.7559998875
4673,12646,7133,8507,22885,1632.757124878125
4674,12646,7133,8475,22878,1632.75824986875
4675,12646,7133,8443,22872,1632.759374859375
4676,12646,7133,8411,22865,1632.76049985
4677,12646,7133,8379,22859,1632.761624840625
4678,12646,7133,8347,22852,1632.76274983125
4679,12646,7133,8315,22846,1632.763874821875
4680,12646,7133,8283,22839,1632.7649998125
4681,12646,7133,8251,22833,1632.766124803125
4682,12646,7133,8219,22826,1632.76724979375
4683,12646,7133,8187,22820,1632.768374784375
4684,12646,7133,8155,22813,1632.769499775
4685,12646,7133,8123,22807,1632.770624765625
4686,12646,7133,8091,22800,1632.77174975625
4687,12646,7133,8059,22794,1632.772874746875
4688,12646,7133,7992,22787,1632.7739997375
4689,12646,7133,7960,22781,1632.7751247281249
4690,12646,7133,7928,22774,1632.77624971875
4691,12646,7133,7897,22768,1632.777374709375
4692,12646,7133,7865,22761,1632.7784996999999
4693,12646,7133,7833,22755,1632.779624690625
4694,12646,7133,7801,22748,1632.78074968125
4695,12646,7133,7769,22742,1632.781874671875
4696,12646,7133,7737,22735,1632.7829996625
4697,12646,7133,7705,22729,1632.784124653125
4698,12646,7133,7673,22722,1632.78524964375
4699,12646,7133,7641,22716,1632.7863746343749
4700,12646,7133,7609,22709,1632.787499625
4701,12646,7133,7577,22703,1632.788624615625
4702,12646,7133,7545,22696,1632.7897496062499
4703,12646,7133,7513,22690,1632.790874596875
4704,12646,7133,7481,22683,1632.7919995875
4705,12646,7133,7449,22677,1632.793124578125
4706,12646,7133,7417,22670,1632.7942495687498
4707,12646,7133,7385,22664,1632.795374559375
4708,12375,6909,7998,22927,1632.7965
4709,12375,6909,7968,22918,1632.7976249839285
4710,12375,6909,7938,22909,1632.798749967857
4711,12375,6909,7908,22900,1632.7998749517856
4712,12375,6909,7878,22891,1632.8009999357141
4713,12375,6909,7848,22882,1632.802124919643
4714,12375,6909,7818,22873,1632.8032499035714
4715,12375,6909,7788,22864,1632.8043748875
4716,12375,6909,7758,22855,1632.8054998714285
4717,12375,6909,7728,22846,1632.806624855357
4718,12375,6909,7698,22837,1632.8077498392856
4719,12375,6909,7668,22828,1632.8088748232142
4720,12375,6909,7638,22819,1632.8099998071427
4721,12375,6909,7608,22810,1632.8111247910713
4722,12375,6909,7578,22801,1632.812249775
4723,12375,6909,7548,22792,1632.8133747589286
4724,12375,6909,7518,22783,1632.8144997428572
4725,12375,6909,7488,22774,1632.8156247267857
4726,12375,6909,7458,22765,1632.8167497107142
4727,12375,6909,7428,22756,1632.8178746946428
4728,12375,6909,7398,22747,1632.8189996785713
4729,12375,6909,7368,22738,1632.8201246625
4730,12375,6909,7338,22729,1632.8212496464284
4731,12375,6909,7308,22720,1632.822374630357
4732,12375,6909,7278,22711,1632.8234996142858
4733,12375,6909,7248,22702,1632.8246245982143
4734,12375,6909,7218,22693,1632.8257495821429
4735,12375,6909,7188,22684,1632.8268745660714
4736,12375,6909,7158,22637,1632.828
4737,12375,6909,7128,22637,1632.8291248875
4738,12375,6909,7098,22637,1632.830249775
4739,12375,6909,7068,22637,1632.8313746625
4740,12375,6909,7038,22572,1632.8325
4741,12375,6909,7008,22562,1632.833624971875
4742,12375,6909,6978,22552,1632.83474994375
4743,12375,6909,6948,22541,1632.835874915625
4744,12375,6909,6918,22531,1632.8369998875
4745,12375,6909,6888,22521,1632.838124859375
4746,12375,6909,6858,22510,1632.83924983125
4747,12375,6909,6828,22500,1632.840374803125
4748,12375,6909,6798,22490,1632.841499775
4749,12375,6909,6768,22479,1632.842624746875
4750,12375,6909,6738,22469,1632.84374971875
4751,12375,6909,6708,22459,1632.844874690625
4752,12375,6909,6678,22448,1632.8459996625
4753,12375,6909,6648,22438,1632.847124634375
4754,12375,6909,6618,22428,1632.84824960625
4755,12375,6909,6588,22417,1632.849374578125
4756,12375,6909,6558,22383,1632.8505
4757,12375,6909,6528,22369,1632.85162494375
4758,12375,6909,6498,22355,1632.8527498875
4759,12375,6909,6468,22340,1632.85387483125
4760,12375,6909,6438,22326,1632.8549997750001
4761,12375,6909,6408,22312,1632.85612471875
4762,12375,6909,6378,22298,1632.8572496625
4763,12375,6909,6348,22283,1632.85837460625
4764,12104,6685,6901,22499,1632.8595
4765,12104,6685,6875,22489,1632.8606249775
4766,12104,6685,6848,22479,1632.861749955
4767,12104,6685,6822,22469,1632.8628749325
4768,12104,6685,6795,22459,1632.86399991
4769,12104,6685,6769,22449,1632.8651248875
4770,12104,6685,6742,22438,1632.866249865
4771,12104,6685,6715,22428,1632.8673748425
4772,12104,6685,6689,22418,1632.8684998200001
4773,12104,6685,6662,22408,1632.8696247975001
4774,12104,6685,6636,22398,1632.8707497750001
4775,12104,6685,6609,22388,1632.8718747525
4776,12104,6685,6582,22378,1632.87299973
4777,12104,6685,6556,22368,1632.8741247075
4778,12104,6685,6529,22357,1632.875249685
4779,12104,6685,6503,22347,1632.8763746625
4780,12104,6685,6476,22337,1632.87749964
4781,12104,6685,6450,22327,1632.8786246175
4782,12104,6685,6423,22317,1632.879749595
4783,12104,6685,6396,22307,1632.8808745725
4784,12104,6685,6370,22261,1632.882
4785,12104,6685,6343,22247,1632.88312494375
4786,12104,6685,6317,22234,1632.8842498875001
4787,12104,6685,6290,22220,1632.8853748312501
4788,12104,6685,6263,22206,1632.8864997750002
4789,12104,6685,6237,22192,1632.88762471875
4790,12104,6685,6210,22179,1632.8887496625
4791,12104,6685,6184,22165,1632.88987460625
4792,12104,6685,6157,22149,1632.891
4793,12104,6685,6130,22142,1632.8921249812502
4794,12104,6685,6104,22135,1632.8932499625
4795,12104,6685,6077,22128,1632.89437494375
4796,12104,6685,6051,22121,1632.895499925
4797,12104,6685,6024,22114,1632.89662490625
4798,12104,6685,5998,22107,1632.8977498875001
4799,12104,6685,5971,22100,1632.89887486875
4800,12104,6685,5944,22093,1632.89999985
4801,12104,6685,5918,22086,1632.9011248312502
4802,12104,6685,5891,22079,1632.9022498125
4803,12104,6685,5865,22072,1632.9033747937501
4804,12104,6685,5838,22065,1632.9044997750002
4805,12104,6685,5811,22058,1632.90562475625
4806,12104,6685,5785,22051,1632.9067497375001
4807,12104,6685,5758,22044,1632.90787471875
4808,12104,6685,5732,22038,1632.9089997
4809,12104,6685,5705,22031,1632.9101246812502
4810,12104,6685,5678,22024,1632.9112496625
4811,12104,6685,5652,22017,1632.9123746437501
4812,12104,6685,5625,22010,1632.913499625
4813,12104,6685,5599,22003,1632.91462460625
4814,12104,6685,5572,21996,1632.9157495875002
4815,12104,6685,5546,21989,1632.91687456875
4816,11833,6461,6049,22277,1632.918
4817,11833,6461,6025,22270,1632.9191249919643
4818,11833,6461,6000,22262,1632.9202499839284
4819,11833,6461,5976,22255,1632.9213749758928
4820,11833,6461,5952,22248,1632.922499967857
4821,11833,6461,5927,22240,1632.9236249598214
4822,11833,6461,5903,22233,1632.9247499517855
4823,11833,6461,5879,22225,1632.92587494375
4824,11833,6461,5854,22218,1632.926999935714
4825,11833,6461,5830,22210,1632.9281249276785
4826,11833,6461,5806,22203,1632.9292499196429
4827,11833,6461,5781,22196,1632.930374911607
4828,11833,6461,5757,22188,1632.9314999035714
4829,11833,6461,5733,22181,1632.9326248955356
4830,11833,6461,5708,22173,1632.9337498875
4831,11833,6461,5684,22166,1632.9348748794641
4832,11833,6461,5659,22158,1632.9359998714285
4833,11833,6461,5635,22151,1632.9371248633927
4834,11833,6461,5611,22144,1632.938249855357
4835,11833,6461,5586,22136,1632.9393748473215
4836,11833,6461,5562,22129,1632.9404998392856
4837,11833,6461,5538,22121,1632.94162483125
4838,11833,6461,5513,22114,1632.9427498232142
4839,11833,6461,5489,22106,1632.9438748151786
4840,11833,6461,5465,22099,1632.9449998071427
4841,11833,6461,5440,22092,1632.946124799107
4842,11833,6461,5416,22084,1632.9472497910713
4843,11833,6461,5392,22077,1632.9483747830357
4844,11833,6461,5367,22069,1632.9494997749998
4845,11833,6461,5343,22062,1632.9506247669642
4846,11833,6461,5318,22054,1632.9517497589286
4847,11833,6461,5294,22047,1632.9528747508928
4848,11833,6461,5270,22039,1632.9539997428571
4849,11833,6461,5245,22032,1632.9551247348213
4850,11833,6461,5221,22025,1632.9562497267857
4851,11833,6461,5197,22017,1632.9573747187499
4852,11833,6461,5172,22010,1632.9584997107142
4853,11833,6461,5148,22002,1632.9596247026784
4854,11833,6461,5124,21995,1632.9607496946428
4855,11833,6461,5099,21987,1632.9618746866072
4856,11833,6461,5075,21980,1632.9629996785714
4857,11833,6461,5051,21973,1632.9641246705357
4858,11833,6461,5026,21965,1632.9652496625
4859,11833,6461,5002,21958,1632.9663746544643
4860,11833,6461,4977,21950,1632.9674996464285
4861,11833,6461,4953,21943,1632.9686246383928
4862,11833,6461,4929,21935,1632.969749630357
4863,11833,6461,4904,21928,1632.9708746223214
4864,11833,6461,4880,21921,1632.9719996142858
4865,11833,6461,4856,21913,1632.97312460625
4866,11833,6461,4831,21906,1632.9742495982143
4867,11833,6461,4807,21898,1632.9753745901785
4868,11833,6461,4783,21891,1632.9764995821429
4869,11833,6461,4758,21883,1632.977624574107
4870,11833,6461,4734,21876,1632.9787495660714
4871,11833,6461,4710,21869,1632.9798745580356
4872,11560,6228,5184,22126,1632.981
4873,11560,6228,5162,22126,1632.9821248875
4874,11560,6228,5140,22126,1632.9832497749999
4875,11560,6228,5118,22126,1632.9843746625
4876,11560,6228,5096,22048,1632.9855
4877,11560,6228,5074,22038,1632.9866249925
4878,11560,6228,5052,22028,1632.987749985
4879,11560,6228,5030,22018,1632.9888749775
4880,11560,6228,5008,22007,1632.98999997
4881,11560,6228,4986,21997,1632.9911249625
4882,11560,6228,4964,21987,1632.992249955
4883,11560,6228,4942,21977,1632.9933749475001
4884,11560,6228,4920,21967,1632.99449994
4885,11560,6228,4898,21957,1632.9956249325
4886,11560,6228,4876,21947,1632.9967499250001
4887,11560,6228,4854,21937,1632.9978749175
4888,11560,6228,4832,21927,1632.99899991
4889,11560,6228,4810,21917,1633.0001249025
4890,11560,6228,4788,21907,1633.001249895
4891,11560,6228,4766,21896,1633.0023748875
4892,11560,6228,4744,21886,1633.00349988
4893,11560,6228,4722,21876,1633.0046248725
4894,11560,6228,4700,21866,1633.005749865
4895,11560,6228,4678,21856,1633.0068748575
4896,11560,6228,4655,21846,1633.00799985
4897,11560,6228,4633,21836,1633.0091248425001
4898,11560,6228,4611,21826,1633.010249835
4899,11560,6228,4589,21816,1633.0113748275
4900,11560,6228,4567,21806,1633.0124998200001
4901,11560,6228,4545,21796,1633.0136248125
4902,11560,6228,4523,21785,1633.014749805
4903,11560,6228,4501,21775,1633.0158747975001
4904,11560,6228,4479,21765,1633.01699979
4905,11560,6228,4457,21755,1633.0181247825
4906,11560,6228,4435,21745,1633.019249775
4907,11560,6228,4413,21735,1633.0203747675
4908,11560,6228,4391,21725,1633.02149976
4909,11560,6228,4369,21715,1633.0226247525
4910,11560,6228,4347,21705,1633.023749745
4911,11560,6228,4325,21695,1633.0248747375
4912,11560,6228,4303,21685,1633.02599973
4913,11560,6228,4281,21674,1633.0271247225
4914,11560,6228,4259,21664,1633.0282497150001
4915,11560,6228,4237,21654,1633.0293747075
4916,11560,6228,4215,21644,1633.0304997
4917,11560,6228,4193,21634,1633.0316246925001
4918,11560,6228,4171,21624,1633.032749685
4919,11560,6228,4149,21614,1633.0338746775
4920,11560,6228,4127,21604,1633.0349996700002
4921,11560,6228,4105,21594,1633.0361246625
4922,11560,6228,4082,21584,1633.037249655
4923,11560,6228,4060,21574,1633.0383746475002
4924,11560,6228,4038,21563,1633.03949964
4925,11560,6228,4016,21553,1633.0406246325
4926,11560,6228,3994,21543,1633.041749625
4927,11560,6228,3972,21533,1633.0428746175
4928,11560,6228,3950,21523,1633.0439996100001
4929,11560,6228,3928,21513,1633.0451246025
4930,11560,6228,3906,21503,1633.046249595
4931,11560,6228,3884,21493,1633.0473745875001
4932,11560,6228,3862,21483,1633.04849958
4933,11560,6228,3840,21473,1633.0496245725
4934,11560,6228,3818,21463,1633.0507495650002
4935,11560,6228,3796,21452,1633.0518745575
4936,11351,6058,4122,21720,1633.053
4937,11351,6058,4103,21714,1633.0541249897728
4938,11351,6058,4084,21707,1633.0552499795456
4939,11351,6058,4064,21700,1633.0563749693183
4940,11351,6058,4045,21693,1633.057499959091
4941,11351,6058,4026,21686,1633.0586249488638
4942,11351,6058,4007,21680,1633.0597499386365
4943,11351,6058,3987,21673,1633.0608749284092
4944,11351,6058,3968,21666,1633.061999918182
4945,11351,6058,3949,21659,1633.0631249079547
4946,11351,6058,3929,21652,1633.0642498977274
4947,11351,6058,3910,21645,1633.0653748875
4948,11351,6058,3891,21639,1633.0664998772727
4949,11351,6058,3872,21632,1633.0676248670454
4950,11351,6058,3852,21625,1633.0687498568182
4951,11351,6058,3833,21618,1633.069874846591
4952,11351,6058,3814,21611,1633.0709998363636
4953,11351,6058,3794,21605,1633.0721248261364
4954,11351,6058,3775,21598,1633.073249815909
4955,11351,6058,3756,21591,1633.0743748056818
4956,11351,6058,3737,21584,1633.0754997954546
4957,11351,6058,3717,21577,1633.0766247852273
4958,11351,6058,3698,21570,1633.077749775
4959,11351,6058,3679,21564,1633.0788747647728
4960,11351,6058,3659,21557,1633.0799997545455
4961,11351,6058,3640,21550,1633.0811247443182
4962,11351,6058,3621,21543,1633.082249734091
4963,11351,6058,3602,21536,1633.0833747238637
4964,11351,6058,3582,21530,1633.0844997136364
4965,11351,6058,3563,21523,1633.0856247034092
4966,11351,6058,3544,21516,1633.086749693182
4967,11351,6058,3524,21509,1633.0878746829546
4968,11351,6058,3505,21502,1633.0889996727274
4969,11351,6058,3486,21495,1633.0901246624999
4970,11351,6058,3466,21489,1633.0912496522726
4971,11351,6058,3447,21482,1633.0923746420453
4972,11351,6058,3428,21475,1633.093499631818
4973,11351,6058,3409,21468,1633.0946246215908
4974,11351,6058,3389,21461,1633.0957496113635
4975,11351,6058,3370,21455,1633.0968746011363
4976,11351,6058,3351,21448,1633.097999590909
4977,11351,6058,3331,21441,1633.0991245806817
4978,11351,6058,3312,21434,1633.1002495704545
4979,11351,6058,3293,21427,1633.1013745602272
4980,11142,5888,3565,21569,1633.1025
4981,11142,5888,3548,21559,1633.1036249775
4982,11142,5888,3530,21550,1633.104749955
4983,11142,5888,3512,21541,1633.1058749325
4984,11142,5888,3494,21532,1633.10699991
4985,11142,5888,3476,21522,1633.1081248875
4986,11142,5888,3458,21513,1633.109249865
4987,11142,5888,3440,21504,1633.1103748425
4988,11142,5888,3422,21495,1633.11149982
4989,11142,5888,3404,21486,1633.1126247975
4990,11142,5888,3387,21476,1633.113749775
4991,11142,5888,3369,21467,1633.1148747524999
4992,11142,5888,3351,21458,1633.1159997299999
4993,11142,5888,3333,21449,1633.1171247075
4994,11142,5888,3315,21439,1633.118249685
4995,11142,5888,3297,21430,1633.1193746625
4996,11142,5888,3279,21421,1633.12049964
4997,11142,5888,3261,21412,1633.1216246175
4998,11142,5888,3243,21403,1633.122749595
4999,11142,5888,3225,21393,1633.1238745725
5000,11142,5888,3208,21341,1633.125
5001,11142,5888,3190,21341,1633.1261248875
5002,11142,5888,3172,21341,1633.127249775
5003,11142,5888,3154,21341,1633.1283746625
5004,11142,5888,3136,21278,1633.1295
5005,11142,5888,3118,21278,1633.1306248875
5006,11142,5888,3100,21278,1633.1317497750001
5007,11142,5888,3082,21278,1633.1328746625
5008,11142,5888,3064,21219,1633.134
5009,11142,5888,3047,21208,1633.135124971875
5010,11142,5888,3029,21196,1633.13624994375
5011,11142,5888,3011,21185,1633.137374915625
5012,11142,5888,2993,21174,1633.1384998875
5013,11142,5888,2975,21163,1633.139624859375
5014,11142,5888,2957,21151,1633.14074983125
5015,11142,5888,2939,21140,1633.1418748031251
5016,11142,5888,2921,21129,1633.1429997750001
5017,11142,5888,2903,21117,1633.144124746875
5018,11142,5888,2885,21106,1633.14524971875
5019,11142,5888,2868,21095,1633.146374690625
5020,11142,5888,2850,21084,1633.1474996625
5021,11142,5888,2832,21072,1633.148624634375
5022,11142,5888,2814,21061,1633.14974960625
5023,11142,5888,2796,21050,1633.150874578125
5024,11142,5888,2778,21015,1633.152
5025,11142,5888,2760,21004,1633.15312494375
5026,11142,5888,2742,20993,1633.1542498875
5027,11142,5888,2724,20981,1633.1553748312501
5028,11142,5888,2707,20970,1633.1564997750002
5029,11142,5888,2689,20959,1633.15762471875
5030,11142,5888,2671,20948,1633.1587496625
5031,11142,5888,2653,20936,1633.15987460625
5032,10933,5718,2942,21157,1633.161
5033,10933,5718,2925,21145,1633.1621249839286
5034,10933,5718,2907,21133,1633.1632499678572
5035,10933,5718,2890,21121,1633.1643749517857
5036,10933,5718,2873,21110,1633.1654999357143
5037,10933,5718,2856,21098,1633.166624919643
5038,10933,5718,2839,21086,1633.1677499035716
5039,10933,5718,2822,21075,1633.1688748875001
5040,10933,5718,2805,21063,1633.1699998714287
5041,10933,5718,2788,21051,1633.1711248553572
5042,10933,5718,2771,21040,1633.1722498392858
5043,10933,5718,2754,21028,1633.1733748232143
5044,10933,5718,2737,21016,1633.1744998071429
5045,10933,5718,2719,21004,1633.1756247910714
5046,10933,5718,2702,20993,1633.1767497750002
5047,10933,5718,2685,20981,1633.1778747589287
5048,10933,5718,2668,20969,1633.1789997428573
5049,10933,5718,2651,20958,1633.1801247267858
5050,10933,5718,2634,20946,1633.1812497107144
5051,10933,5718,2617,20934,1633.182374694643
5052,10933,5718,2600,20923,1633.1834996785715
5053,10933,5718,2583,20911,1633.1846246625
5054,10933,5718,2566,20899,1633.1857496464286
5055,10933,5718,2549,20887,1633.1868746303571
5056,10933,5718,2532,20876,1633.187999614286
5057,10933,5718,2514,20864,1633.1891245982144
5058,10933,5718,2497,20852,1633.190249582143
5059,10933,5718,2497,20841,1633.1913745660715
5060,10724,5548,10632,22043,1633.1925
5061,10724,5548,10632,22035,1633.1936249925002
5062,10724,5548,10632,22026,1633.194749985
5063,10724,5548,10632,22018,1633.1958749775001
5064,10724,5548,10450,22010,1633.1969999700002
5065,10724,5548,10450,22002,1633.1981249625
5066,10724,5548,10450,21994,1633.1992499550001
5067,10724,5548,10450,21985,1633.2003749475
5068,10724,5548,10290,21977,1633.20149994
5069,10724,5548,10290,21969,1633.2026249325002
5070,10724,5548,10290,21961,1633.203749925
5071,10724,5548,10290,21953,1633.2048749175
5072,10724,5548,10128,21945,1633.2059999100002
5073,10724,5548,10128,21936,1633.2071249025
5074,10724,5548,10128,21928,1633.208249895
5075,10724,5548,10128,21920,1633.2093748875
5076,10724,5548,9967,21912,1633.21049988
5077,10724,5548,9932,21904,1633.2116248725001
5078,10724,5548,9897,21896,1633.212749865
5079,10724,5548,9862,21887,1633.2138748575
5080,10724,5548,9827,21879,1633.2149998500001
5081,10724,5548,9792,21871,1633.2161248425
5082,10724,5548,9757,21863,1633.217249835
5083,10724,5548,9722,21855,1633.2183748275002
5084,10724,5548,9687,21846,1633.21949982
5085,10724,5548,9652,21838,1633.2206248125
5086,10724,5548,9617,21830,1633.221749805
5087,10724,5548,9582,21822,1633.2228747975
5088,10724,5548,9528,21814,1633.22399979
5089,10724,5548,9491,21806,1633.2251247825
5090,10724,5548,9453,21797,1633.226249775
5091,10724,5548,9416,21789,1633.2273747675001
5092,10724,5548,9378,21781,1633.22849976
5093,10724,5548,9341,21773,1633.2296247525
5094,10724,5548,9303,21765,1633.2307497450001
5095,10724,5548,9266,21756,1633.2318747375
5096,10724,5548,9202,21748,1633.23299973
5097,10724,5548,9170,21740,1633.2341247225
5098,10724,5548,9137,21732,1633.235249715
5099,10724,5548,9105,21724,1633.2363747075
5100,10724,5548,9072,21716,1633.2374997
5101,10724,5548,9040,21707,1633.2386246925
5102,10724,5548,9007,21699,1633.239749685
5103,10724,5548,8975,21691,1633.2408746775
5104,10724,5548,8912,21683,1633.24199967
5105,10724,5548,8877,21675,1633.2431246625001
5106,10724,5548,8841,21667,1633.244249655
5107,10724,5548,8805,21658,1633.2453746475
5108,10724,5548,8769,21650,1633.24649964
5109,10724,5548,8734,21642,1633.2476246325
5110,10724,5548,8698,21634,1633.248749625
5111,10724,5548,8662,21626,1633.2498746175
5112,10724,5548,8626,21617,1633.25099961
5113,10724,5548,8591,21609,1633.2521246025
5114,10724,5548,8555,21601,1633.253249595
5115,10724,5548,8519,21593,1633.2543745875
5116,10724,5548,8472,21585,1633.2554995799999
5117,10724,5548,8472,21577,1633.2566245725
5118,10724,5548,8472,21568,1633.257749565
5119,10724,5548,8472,21560,1633.2588745575
5120,10515,5378,8972,21814,1633.26
5121,10515,5378,8938,21802,1633.26112494375
5122,10515,5378,8904,21791,1633.2622498875
5123,10515,5378,8870,21779,1633.26337483125
5124,10515,5378,8837,21767,1633.2644997749999
5125,10515,5378,8803,21755,1633.26562471875
5126,10515,5378,8769,21744,1633.2667496625
5127,10515,5378,8735,21732,1633.26787460625
5128,10515,5378,8702,21687,1633.269
5129,10515,5378,8668,21677,1633.2701249897727
5130,10515,5378,8634,21667,1633.2712499795455
5131,10515,5378,8601,21658,1633.2723749693182
5132,10515,5378,8567,21648,1633.273499959091
5133,10515,5378,8533,21638,1633.2746249488637
5134,10515,5378,8499,21628,1633.2757499386364
5135,10515,5378,8466,21618,1633.2768749284091
5136,10515,5378,8432,21608,1633.2779999181819
5137,10515,5378,8398,21599,1633.2791249079546
5138,10515,5378,8365,21589,1633.2802498977273
5139,10515,5378,8331,21579,1633.2813748875
5140,10515,5378,8297,21569,1633.2824998772728
5141,10515,5378,8263,21559,1633.2836248670455
5142,10515,5378,8230,21549,1633.2847498568183
5143,10515,5378,8196,21540,1633.285874846591
5144,10515,5378,8162,21530,1633.2869998363637
5145,10515,5378,8129,21520,1633.2881248261365
5146,10515,5378,8095,21510,1633.2892498159092
5147,10515,5378,8061,21500,1633.290374805682
5148,10515,5378,8027,21490,1633.2914997954547
5149,10515,5378,7994,21480,1633.2926247852274
5150,10515,5378,7960,21471,1633.293749775
5151,10515,5378,7926,21461,1633.2948747647727
5152,10515,5378,7893,21451,1633.2959997545454
5153,10515,5378,7859,21441,1633.2971247443181
5154,10515,5378,7825,21431,1633.2982497340909
5155,10515,5378,7791,21421,1633.2993747238636
5156,10515,5378,7758,21412,1633.3004997136363
5157,10515,5378,7724,21402,1633.301624703409
5158,10515,5378,7690,21392,1633.3027496931818
5159,10515,5378,7657,21382,1633.3038746829545
5160,10515,5378,7623,21372,1633.3049996727273
5161,10515,5378,7589,21362,1633.3061246625
5162,10515,5378,7555,21352,1633.3072496522727
5163,10515,5378,7522,21343,1633.3083746420455
5164,10515,5378,7488,21333,1633.3094996318182
5165,10515,5378,7454,21323,1633.310624621591
5166,10515,5378,7421,21313,1633.3117496113637
5167,10515,5378,7387,21303,1633.3128746011364
5168,10515,5378,7353,21293,1633.3139995909091
5169,10515,5378,7319,21284,1633.3151245806819
5170,10515,5378,7286,21274,1633.3162495704546
5171,10515,5378,7252,21264,1633.3173745602273
5172,10306,5208,7802,21499,1633.3185
5173,10306,5208,7772,21494,1633.319624990625
5174,10306,5208,7742,21489,1633.3207499812502
5175,10306,5208,7712,21484,1633.321874971875
5176,10306,5208,7682,21478,1633.3229999625
5177,10306,5208,7652,21473,1633.324124953125
5178,10306,5208,7622,21468,1633.3252499437501
5179,10306,5208,7592,21463,1633.326374934375
5180,10306,5208,7562,21458,1633.327499925
5181,10306,5208,7532,21453,1633.3286249156251
5182,10306,5208,7502,21448,1633.32974990625
5183,10306,5208,7472,21443,1633.330874896875
5184,10306,5208,7442,21438,1633.3319998875
5185,10306,5208,7412,21433,1633.333124878125
5186,10306,5208,7382,21427,1633.33424986875
5187,10306,5208,7352,21422,1633.335374859375
5188,10306,5208,7322,21417,1633.33649985
5189,10306,5208,7292,21412,1633.337624840625
5190,10306,5208,7262,21407,1633.33874983125
5191,10306,5208,7232,21402,1633.3398748218751
5192,10306,5208,7202,21397,1633.3409998125
5193,10306,5208,7172,21392,1633.342124803125
5194,10306,5208,7142,21387,1633.34324979375
5195,10306,5208,7112,21381,1633.344374784375
5196,10306,5208,7082,21376,1633.345499775
5197,10306,5208,7052,21371,1633.346624765625
5198,10306,5208,7022,21366,1633.34774975625
5199,10306,5208,6992,21361,1633.348874746875
5200,10306,5208,6962,21356,1633.3499997375
5201,10306,5208,6932,21351,1633.351124728125
5202,10306,5208,6902,21346,1633.35224971875
5203,10306,5208,6872,21341,1633.353374709375
5204,10306,5208,6842,21336,1633.3544997
5205,10306,5208,6812,21330,1633.355624690625
5206,10306,5208,6782,21325,1633.35674968125
5207,10306,5208,6752,21320,1633.357874671875
5208,10306,5208,6722,21315,1633.3589996625
5209,10306,5208,6692,21310,1633.360124653125
5210,10306,5208,6662,21305,1633.36124964375
5211,10306,5208,6632,21300,1633.3623746343749
5212,10306,5208,6602,21295,1633.363499625
5213,10306,5208,6572,21290,1633.364624615625
5214,10306,5208,6542,21284,1633.36574960625
5215,10306,5208,6512,21279,1633.366874596875
5216,10306,5208,6482,21274,1633.3679995875
5217,10306,5208,6452,21269,1633.369124578125
5218,10306,5208,6422,21264,1633.3702495687498
5219,10306,5208,6392,21259,1633.371374559375
5220,10097,5038,6882,21514,1633.3725
5221,10097,5038,6855,21505,1633.3736249839285
5222,10097,5038,6828,21497,1633.374749967857
5223,10097,5038,6801,21488,1633.3758749517856
5224,10097,5038,6774,21480,1633.3769999357141
5225,10097,5038,6747,21472,1633.378124919643
5226,10097,5038,6720,21463,1633.3792499035715
5227,10097,5038,6693,21455,1633.3803748875
5228,10097,5038,6666,21446,1633.3814998714286
5229,10097,5038,6639,21438,1633.382624855357
5230,10097,5038,6612,21430,1633.3837498392857
5231,10097,5038,6586,21421,1633.3848748232142
5232,10097,5038,6559,21413,1633.3859998071428
5233,10097,5038,6532,21404,1633.3871247910713
5234,10097,5038,6505,21396,1633.388249775
5235,10097,5038,6478,21388,1633.3893747589286
5236,10097,5038,6451,21379,1633.3904997428572
5237,10097,5038,6424,21371,1633.3916247267857
5238,10097,5038,6397,21362,1633.3927497107143
5239,10097,5038,6370,21354,1633.3938746946428
5240,10097,5038,6343,21346,1633.3949996785714
5241,10097,5038,6316,21337,1633.3961246625
5242,10097,5038,6289,21329,1633.3972496464285
5243,10097,5038,6263,21320,1633.398374630357
5244,10097,5038,6236,21312,1633.3994996142858
5245,10097,5038,6209,21304,1633.4006245982143
5246,10097,5038,6182,21295,1633.4017495821429
5247,10097,5038,6155,21287,1633.4028745660714
5248,10097,5038,6128,21241,1633.404
5249,10097,5038,6101,21230,1633.405124971875
5250,10097,5038,6074,21219,1633.40624994375
5251,10097,5038,6047,21208,1633.407374915625
5252,10097,5038,6020,21198,1633.4084998875
5253,10097,5038,5993,21187,1633.409624859375
5254,10097,5038,5966,21176,1633.41074983125
5255,10097,5038,5940,21165,1633.411874803125
5256,10097,5038,5913,21155,1633.4129997750001
5257,10097,5038,5886,21144,1633.414124746875
5258,10097,5038,5859,21133,1633.41524971875
5259,10097,5038,5832,21122,1633.416374690625
5260,10097,5038,5805,21112,1633.4174996625
5261,10097,5038,5778,21101,1633.418624634375
5262,10097,5038,5751,21090,1633.41974960625
5263,10097,5038,5724,21079,1633.420874578125
5264,9888,4868,6156,21265,1633.422
5265,9888,4868,6132,21255,1633.423124971875
5266,9888,4868,6107,21245,1633.42424994375
5267,9888,4868,6083,21234,1633.425374915625
5268,9888,4868,6058,21224,1633.4264998875
5269,9888,4868,6033,21213,1633.427624859375
5270,9888,4868,6009,21203,1633.4287498312501
5271,9888,4868,5984,21193,1633.4298748031251
5272,9888,4868,5960,21182,1633.4309997750001
5273,9888,4868,5935,21172,1633.432124746875
5274,9888,4868,5910,21161,1633.43324971875
5275,9888,4868,5886,21151,1633.434374690625
5276,9888,4868,5861,21141,1633.4354996625
5277,9888,4868,5836,21130,1633.436624634375
5278,9888,4868,5812,21120,1633.43774960625
5279,9888,4868,5787,21109,1633.438874578125
5280,9888,4868,5763,21064,1633.44
5281,9888,4868,5738,21064,1633.4411248875
5282,9888,4868,5713,21064,1633.4422497750002
5283,9888,4868,5689,21064,1633.4433746625
5284,9888,4868,5664,20988,1633.4445
5285,9888,4868,5640,20977,1633.4456249859375
5286,9888,4868,5615,20966,1633.446749971875
5287,9888,4868,5590,20954,1633.4478749578125
5288,9888,4868,5566,20943,1633.44899994375
5289,9888,4868,5541,20932,1633.4501249296875
5290,9888,4868,5516,20921,1633.451249915625
5291,9888,4868,5492,20909,1633.4523749015625
5292,9888,4868,5467,20898,1633.4534998875001
5293,9888,4868,5443,20887,1633.4546248734375
5294,9888,4868,5418,20876,1633.4557498593751
5295,9888,4868,5393,20864,1633.4568748453125
5296,9888,4868,5369,20853,1633.4579998312502
5297,9888,4868,5344,20842,1633.4591248171876
5298,9888,4868,5320,20831,1633.4602498031252
5299,9888,4868,5295,20819,1633.4613747890626
5300,9888,4868,5270,20808,1633.4624997750002
5301,9888,4868,5246,20797,1633.4636247609376
5302,9888,4868,5221,20786,1633.464749746875
5303,9888,4868,5196,20774,1633.4658747328126
5304,9888,4868,5172,20763,1633.46699971875
5305,9888,4868,5147,20752,1633.4681247046876
5306,9888,4868,5123,20741,1633.469249690625
5307,9888,4868,5098,20729,1633.4703746765626
5308,9888,4868,5073,20718,1633.4714996625
5309,9888,4868,5049,20707,1633.4726246484377
5310,9888,4868,5024,20696,1633.473749634375
5311,9888,4868,5000,20684,1633.4748746203127
5312,9888,4868,4975,20673,1633.47599960625
5313,9888,4868,4950,20662,1633.4771245921877
5314,9888,4868,4926,20651,1633.478249578125
5315,9888,4868,4901,20639,1633.4793745640627
5316,9679,4698,5319,20919,1633.4805
5317,9679,4698,5296,20912,1633.4816249775
5318,9679,4698,5273,20904,1633.482749955
5319,9679,4698,5250,20896,1633.4838749325
5320,9679,4698,5227,20889,1633.48499991
5321,9679,4698,5205,20881,1633.4861248875
5322,9679,4698,5182,20873,1633.487249865
5323,9679,4698,5159,20866,1633.4883748425
5324,9679,4698,5136,20858,1633.48949982
5325,9679,4698,5113,20850,1633.4906247975
5326,9679,4698,5090,20843,1633.4917497749998
5327,9679,4698,5068,20835,1633.4928747524998
5328,9679,4698,5045,20827,1633.4939997299998
5329,9679,4698,5022,20820,1633.4951247074998
5330,9679,4698,4999,20812,1633.4962496849998
5331,9679,4698,4976,20804,1633.4973746624999
5332,9679,4698,4954,20797,1633.4984996399999
5333,9679,4698,4931,20789,1633.4996246174999
5334,9679,4698,4908,20781,1633.500749595
5335,9679,4698,4885,20774,1633.5018745725
5336,9679,4698,4862,20750,1633.503
5337,9679,4698,4840,20741,1633.5041249859373
5338,9679,4698,4817,20731,1633.505249971875
5339,9679,4698,4794,20722,1633.5063749578123
5340,9679,4698,4771,20712,1633.50749994375
5341,9679,4698,4748,20703,1633.5086249296874
5342,9679,4698,4725,20693,1633.509749915625
5343,9679,4698,4703,20684,1633.5108749015624
5344,9679,4698,4680,20674,1633.5119998875
5345,9679,4698,4657,20665,1633.5131248734374
5346,9679,4698,4634,20655,1633.514249859375
5347,9679,4698,4611,20646,1633.5153748453124
5348,9679,4698,4589,20636,1633.51649983125
5349,9679,4698,4566,20627,1633.5176248171874
5350,9679,4698,4543,20617,1633.518749803125
5351,9679,4698,4520,20608,1633.5198747890624
5352,9679,4698,4497,20598,1633.5209997749998
5353,9679,4698,4475,20589,1633.5221247609375
5354,9679,4698,4452,20579,1633.5232497468749
5355,9679,4698,4429,20570,1633.5243747328125
5356,9679,4698,4406,20561,1633.5254997187499
5357,9679,4698,4383,20551,1633.5266247046875
5358,9679,4698,4360,20542,1633.527749690625
5359,9679,4698,4338,20532,1633.5288746765625
5360,9679,4698,4315,20523,1633.5299996625
5361,9679,4698,4292,20513,1633.5311246484375
5362,9679,4698,4269,20504,1633.532249634375
5363,9679,4698,4246,20494,1633.5333746203125
5364,9679,4698,4224,20485,1633.53449960625
5365,9679,4698,4201,20475,1633.5356245921876
5366,9679,4698,4178,20466,1633.536749578125
5367,9679,4698,4155,20456,1633.5378745640626
5368,9463,4519,4553,20726,1633.539
5369,9463,4519,4532,20715,1633.5401249775
5370,9463,4519,4512,20704,1633.541249955
5371,9463,4519,4491,20693,1633.5423749325
5372,9463,4519,4470,20682,1633.54349991
5373,9463,4519,4450,20671,1633.5446248875
5374,9463,4519,4429,20660,1633.545749865
5375,9463,4519,4408,20649,1633.5468748425
5376,9463,4519,4388,20638,1633.54799982
5377,9463,4519,4367,20627,1633.5491247975
5378,9463,4519,4346,20616,1633.5502497749999
5379,9463,4519,4326,20605,1633.5513747525
5380,9463,4519,4305,20594,1633.55249973
5381,9463,4519,4284,20583,1633.5536247075
5382,9463,4519,4264,20572,1633.554749685
5383,9463,4519,4243,20561,1633.5558746625
5384,9463,4519,4222,20550,1633.55699964
5385,9463,4519,4202,20539,1633.5581246175
5386,9463,4519,4181,20528,1633.559249595
5387,9463,4519,4160,20517,1633.5603745725
5388,9463,4519,4139,20475,1633.5615
5389,9463,4519,4119,20464,1633.56262498125
5390,9463,4519,4098,20453,1633.5637499625
5391,9463,4519,4077,20441,1633.56487494375
5392,9463,4519,4057,20430,1633.5659999250001
5393,9463,4519,4036,20418,1633.56712490625
5394,9463,4519,4015,20407,1633.5682498875
5395,9463,4519,3995,20396,1633.56937486875
5396,9463,4519,3974,20384,1633.57049985
5397,9463,4519,3953,20373,1633.5716248312501
5398,9463,4519,3933,20361,1633.5727498125
5399,9463,4519,3912,20350,1633.57387479375
5400,9463,4519,3891,20339,1633.574999775
5401,9463,4519,3871,20327,1633.57612475625
5402,9463,4519,3850,20316,1633.5772497375
5403,9463,4519,3829,20304,1633.57837471875
5404,9463,4519,3809,20293,1633.5794997
5405,9463,4519,3788,20282,1633.5806246812501
5406,9463,4519,3767,20270,1633.5817496625
5407,9463,4519,3747,20259,1633.58287464375
5408,9463,4519,3726,20247,1633.5839996250002
5409,9463,4519,3705,20236,1633.58512460625
5410,9463,4519,3684,20225,1633.5862495875
5411,9463,4519,3664,20213,1633.58737456875
5412,9275,4392,3945,20419,1633.5885
5413,9275,4392,3927,20412,1633.5896249913462
5414,9275,4392,3908,20405,1633.5907499826924
5415,9275,4392,3889,20398,1633.5918749740385
5416,9275,4392,3870,20391,1633.5929999653847
5417,9275,4392,3851,20384,1633.5941249567309
5418,9275,4392,3832,20377,1633.595249948077
5419,9275,4392,3813,20370,1633.5963749394232
5420,9275,4392,3795,20363,1633.5974999307693
5421,9275,4392,3776,20356,1633.5986249221155
5422,9275,4392,3757,20349,1633.5997499134617
5423,9275,4392,3738,20342,1633.6008749048078
5424,9275,4392,3719,20335,1633.601999896154
5425,9275,4392,3700,20328,1633.6031248875001
5426,9275,4392,3681,20321,1633.604249878846
5427,9275,4392,3663,20314,1633.6053748701922
5428,9275,4392,3644,20307,1633.6064998615384
5429,9275,4392,3625,20300,1633.6076248528846
5430,9275,4392,3606,20293,1633.6087498442307
5431,9275,4392,3587,20286,1633.6098748355769
5432,9275,4392,3568,20279,1633.610999826923
5433,9275,4392,3549,20272,1633.6121248182692
5434,9275,4392,3531,20265,1633.6132498096154
5435,9275,4392,3512,20258,1633.6143748009615
5436,9275,4392,3493,20251,1633.6154997923077
5437,9275,4392,3474,20244,1633.6166247836538
5438,9275,4392,3455,20237,1633.617749775
5439,9275,4392,3436,20230,1633.6188747663462
5440,9275,4392,3417,20223,1633.6199997576923
5441,9275,4392,3399,20216,1633.6211247490385
5442,9275,4392,3380,20209,1633.6222497403846
5443,9275,4392,3361,20202,1633.6233747317308
5444,9275,4392,3342,20195,1633.624499723077
5445,9275,4392,3323,20189,1633.625624714423
5446,9275,4392,3304,20182,1633.6267497057693
5447,9275,4392,3285,20175,1633.6278746971154
5448,9275,4392,3267,20168,1633.6289996884616
5449,9275,4392,3248,20161,1633.6301246798077
5450,9275,4392,3229,20154,1633.631249671154
5451,9275,4392,3210,20147,1633.6323746624998
5452,9275,4392,3191,20140,1633.633499653846
5453,9275,4392,3172,20133,1633.6346246451922
5454,9275,4392,3154,20126,1633.6357496365383
5455,9275,4392,3135,20119,1633.6368746278845
5456,9275,4392,3116,20112,1633.6379996192306
5457,9275,4392,3097,20105,1633.6391246105768
5458,9275,4392,3078,20098,1633.640249601923
5459,9275,4392,3059,20091,1633.6413745932691
5460,9275,4392,3040,20084,1633.6424995846153
5461,9275,4392,3022,20077,1633.6436245759614
5462,9275,4392,3003,20070,1633.6447495673076
5463,9275,4392,2984,20063,1633.6458745586538
5464,9087,4265,3245,20320,1633.647
5465,9087,4265,3228,20312,1633.64812498875
5466,9087,4265,3210,20304,1633.6492499775
5467,9087,4265,3192,20297,1633.65037496625
5468,9087,4265,3175,20289,1633.651499955
5469,9087,4265,3157,20282,1633.65262494375
5470,9087,4265,3140,20274,1633.6537499325
5471,9087,4265,3122,20267,1633.65487492125
5472,9087,4265,3105,20259,1633.65599991
5473,9087,4265,3087,20252,1633.65712489875
5474,9087,4265,3069,20244,1633.6582498875
5475,9087,4265,3052,20237,1633.65937487625
5476,9087,4265,3034,20229,1633.660499865
5477,9087,4265,3017,20221,1633.66162485375
5478,9087,4265,2999,20214,1633.6627498425
5479,9087,4265,2982,20206,1633.66387483125
5480,9087,4265,2964,20199,1633.66499982
5481,9087,4265,2946,20191,1633.66612480875
5482,9087,4265,2929,20184,1633.6672497975
5483,9087,4265,2911,20176,1633.66837478625
5484,9087,4265,2894,20169,1633.669499775
5485,9087,4265,2876,20161,1633.6706247637499
5486,9087,4265,2859,20154,1633.6717497524999
5487,9087,4265,2841,20146,1633.6728747412499
5488,9087,4265,2823,20138,1633.6739997299999
5489,9087,4265,2806,20131,1633.6751247187499
5490,9087,4265,2788,20123,1633.6762497075
5491,9087,4265,2771,20116,1633.67737469625
5492,9087,4265,2753,20108,1633.678499685
5493,9087,4265,2735,20101,1633.67962467375
5494,9087,4265,2718,20093,1633.6807496625
5495,9087,4265,2700,20086,1633.68187465125
5496,9087,4265,2683,20078,1633.68299964
5497,9087,4265,2665,20070,1633.68412462875
5498,9087,4265,2648,20063,1633.6852496175
5499,9087,4265,2630,20055,1633.68637460625
5500,9087,4265,2612,20048,1633.687499595
5501,9087,4265,2595,20040,1633.68862458375
5502,9087,4265,2577,20033,1633.6897495725
5503,9087,4265,2560,20025,1633.69087456125
5504,8899,4138,2802,20212,1633.692
5505,8899,4138,2786,20202,1633.693124971875
5506,8899,4138,2770,20193,1633.69424994375
5507,8899,4138,2754,20183,1633.695374915625
5508,8899,4138,2738,20174,1633.6964998875
5509,8899,4138,2722,20164,1633.697624859375
5510,8899,4138,2706,20155,1633.69874983125
5511,8899,4138,2690,20145,1633.699874803125
5512,8899,4138,2674,20135,1633.7009997750001
5513,8899,4138,2658,20126,1633.702124746875
5514,8899,4138,2641,20116,1633.70324971875
5515,8899,4138,2625,20107,1633.704374690625
5516,8899,4138,2609,20097,1633.7054996625
5517,8899,4138,2593,20088,1633.706624634375
5518,8899,4138,2577,20078,1633.70774960625
5519,8899,4138,2561,20069,1633.708874578125
5520,8899,4138,2545,20028,1633.71
5521,8899,4138,2529,20028,1633.7111248875
5522,8899,4138,2513,20028,1633.7122497750001
5523,8899,4138,2497,20028,1633.7133746625
5524,8711,4011,10760,21263,1633.7145
5525,8711,4011,10760,21263,1633.7156248875
5526,8711,4011,10760,21263,1633.7167497750002
5527,8711,4011,10760,21263,1633.7178746625
5528,8711,4011,10584,21200,1633.719
5529,8711,4011,10584,21185,1633.72012494375
5530,8711,4011,10584,21171,1633.7212498875
5531,8711,4011,10584,21156,1633.7223748312501
5532,8711,4011,10418,21141,1633.7234997750002
5533,8711,4011,10418,21126,1633.72462471875
5534,8711,4011,10418,21112,1633.7257496625
5535,8711,4011,10418,21097,1633.72687460625
5536,8711,4011,10258,21060,1633.728
5537,8711,4011,10258,21049,1633.7291249913462
5538,8711,4011,10258,21037,1633.7302499826924
5539,8711,4011,10258,21026,1633.7313749740385
5540,8711,4011,10096,21015,1633.7324999653847
5541,8711,4011,10061,21003,1633.7336249567309
5542,8711,4011,10025,20992,1633.734749948077
5543,8711,4011,9990,20980,1633.7358749394232
5544,8711,4011,9954,20969,1633.7369999307693
5545,8711,4011,9919,20957,1633.7381249221155
5546,8711,4011,9883,20946,1633.7392499134617
5547,8711,4011,9848,20934,1633.7403749048078
5548,8711,4011,9794,20923,1633.741499896154
5549,8711,4011,9794,20911,1633.7426248875
5550,8711,4011,9794,20900,1633.743749878846
5551,8711,4011,9794,20888,1633.7448748701922
5552,8711,4011,9640,20877,1633.7459998615384
5553,8711,4011,9640,20865,1633.7471248528846
5554,8711,4011,9640,20854,1633.7482498442307
5555,8711,4011,9640,20842,1633.7493748355769
5556,8711,4011,9479,20831,1633.750499826923
5557,8711,4011,9442,20819,1633.7516248182692
5558,8711,4011,9405,20808,1633.7527498096154
5559,8711,4011,9369,20797,1633.7538748009615
5560,8711,4011,9332,20785,1633.7549997923077
5561,8711,4011,9296,20774,1633.7561247836538
5562,8711,4011,9259,20762,1633.757249775
5563,8711,4011,9222,20751,1633.7583747663462
5564,8711,4011,9186,20739,1633.7594997576923
5565,8711,4011,9149,20728,1633.7606247490385
5566,8711,4011,9113,20716,1633.7617497403846
5567,8711,4011,9076,20705,1633.7628747317308
5568,8711,4011,9039,20693,1633.763999723077
5569,8711,4011,9003,20682,1633.765124714423
5570,8711,4011,8966,20670,1633.7662497057693
5571,8711,4011,8930,20659,1633.7673746971154
5572,8711,4011,8879,20647,1633.7684996884616
5573,8711,4011,8844,20636,1633.7696246798077
5574,8711,4011,8809,20624,1633.770749671154
5575,8711,4011,8774,20613,1633.7718746625
5576,8711,4011,8739,20602,1633.772999653846
5577,8711,4011,8704,20590,1633.7741246451922
5578,8711,4011,8669,20579,1633.7752496365383
5579,8711,4011,8634,20567,1633.7763746278845
5580,8711,4011,8599,20556,1633.7774996192306
5581,8711,4011,8564,20544,1633.7786246105768
5582,8711,4011,8529,20533,1633.779749601923
5583,8711,4011,8494,20521,1633.7808745932691
5584,8711,4011,8440,20510,1633.7819995846153
5585,8711,4011,8440,20498,1633.7831245759614
5586,8711,4011,8440,20487,1633.7842495673076
5587,8711,4011,8440,20475,1633.7853745586538
5588,8523,3884,8898,20812,1633.7865
5589,8523,3884,8865,20802,1633.78762498875
5590,8523,3884,8832,20792,1633.7887499775
5591,8523,3884,8798,20782,1633.78987496625
5592,8523,3884,8765,20772,1633.790999955
5593,8523,3884,8732,20762,1633.79212494375
5594,8523,3884,8698,20752,1633.7932499325
5595,8523,3884,8665,20742,1633.79437492125
5596,8523,3884,8631,20733,1633.79549991
5597,8523,3884,8598,20723,1633.79662489875
5598,8523,3884,8565,20713,1633.7977498875
5599,8523,3884,8531,20703,1633.79887487625
5600,8523,3884,8498,20693,1633.799999865
5601,8523,3884,8465,20683,1633.80112485375
5602,8523,3884,8431,20673,1633.8022498425
5603,8523,3884,8398,20663,1633.80337483125
5604,8523,3884,8364,20653,1633.80449982
5605,8523,3884,8331,20643,1633.80562480875
5606,8523,3884,8298,20634,1633.8067497975
5607,8523,3884,8264,20624,1633.80787478625
5608,8523,3884,8231,20614,1633.8089997749998
5609,8523,3884,8197,20604,1633.8101247637499
5610,8523,3884,8164,20594,1633.8112497524999
5611,8523,3884,8131,20584,1633.8123747412499
5612,8523,3884,8097,20574,1633.8134997299999
5613,8523,3884,8064,20564,1633.8146247187499
5614,8523,3884,8031,20554,1633.8157497075
5615,8523,3884,7997,20544,1633.81687469625
5616,8523,3884,7964,20534,1633.817999685
5617,8523,3884,7930,20525,1633.81912467375
5618,8523,3884,7897,20515,1633.8202496625
5619,8523,3884,7864,20505,1633.82137465125
5620,8523,3884,7830,20495,1633.82249964
5621,8523,3884,7797,20485,1633.82362462875
5622,8523,3884,7764,20475,1633.8247496175
5623,8523,3884,7730,20465,1633.82587460625
5624,8523,3884,7697,20455,1633.826999595
5625,8523,3884,7663,20445,1633.82812458375
5626,8523,3884,7630,20435,1633.8292495725
5627,8523,3884,7597,20426,1633.83037456125
5628,8335,3757,8118,20687,1633.8315
5629,8335,3757,8087,20675,1633.83262498875
5630,8335,3757,8056,20663,1633.8337499775
5631,8335,3757,8025,20651,1633.83487496625
5632,8335,3757,7994,20639,1633.835999955
5633,8335,3757,7963,20627,1633.83712494375
5634,8335,3757,7933,20616,1633.8382499325
5635,8335,3757,7902,20604,1633.83937492125
5636,8335,3757,7871,20592,1633.84049991
5637,8335,3757,7840,20580,1633.84162489875
5638,8335,3757,7809,20568,1633.8427498875
5639,8335,3757,7778,20556,1633.84387487625
5640,8335,3757,7747,20544,1633.844999865
5641,8335,3757,7716,20532,1633.84612485375
5642,8335,3757,7685,20520,1633.8472498425
5643,8335,3757,7654,20508,1633.84837483125
5644,8335,3757,7623,20497,1633.8494998200001
5645,8335,3757,7592,20485,1633.8506248087501
5646,8335,3757,7561,20473,1633.8517497975001
5647,8335,3757,7530,20461,1633.8528747862501
5648,8335,3757,7499,20449,1633.853999775
5649,8335,3757,7468,20437,1633.85512476375
5650,8335,3757,7437,20425,1633.8562497525
5651,8335,3757,7406,20413,1633.85737474125
5652,8335,3757,7376,20401,1633.85849973
5653,8335,3757,7345,20389,1633.85962471875
5654,8335,3757,7314,20377,1633.8607497075
5655,8335,3757,7283,20366,1633.86187469625
5656,8335,3757,7252,20354,1633.862999685
5657,8335,3757,7221,20342,1633.86412467375
5658,8335,3757,7190,20330,1633.8652496625
5659,8335,3757,7159,20318,1633.86637465125
5660,8335,3757,7128,20306,1633.86749964
5661,8335,3757,7097,20294,1633.86862462875
5662,8335,3757,7066,20282,1633.8697496175
5663,8335,3757,7035,20270,1633.87087460625
5664,8335,3757,7004,20258,1633.871999595
5665,8335,3757,6973,20247,1633.87312458375
5666,8335,3757,6942,20235,1633.8742495725
5667,8335,3757,6911,20223,1633.87537456125
5668,8147,3630,7373,20464,1633.8765
5669,8147,3630,7345,20457,1633.8776249913462
5670,8147,3630,7316,20451,1633.8787499826924
5671,8147,3630,7288,20444,1633.8798749740386
5672,8147,3630,7260,20438,1633.8809999653847
5673,8147,3630,7231,20432,1633.8821249567309
5674,8147,3630,7203,20425,1633.883249948077
5675,8147,3630,7175,20419,1633.8843749394232
5676,8147,3630,7146,20413,1633.8854999307694
5677,8147,3630,7118,20406,1633.8866249221155
5678,8147,3630,7089,20400,1633.8877499134617
5679,8147,3630,7061,20393,1633.8888749048078
5680,8147,3630,7033,20387,1633.889999896154
5681,8147,3630,7004,20381,1633.8911248875002
5682,8147,3630,6976,20374,1633.892249878846
5683,8147,3630,6948,20368,1633.8933748701922
5684,8147,3630,6919,20362,1633.8944998615384
5685,8147,3630,6891,20355,1633.8956248528846
5686,8147,3630,6863,20349,1633.8967498442307
5687,8147,3630,6834,20342,1633.8978748355769
5688,8147,3630,6806,20336,1633.898999826923
5689,8147,3630,6777,20330,1633.9001248182692
5690,8147,3630,6749,20323,1633.9012498096154
5691,8147,3630,6721,20317,1633.9023748009615
5692,8147,3630,6692,20311,1633.9034997923077
5693,8147,3630,6664,20304,1633.9046247836538
5694,8147,3630,6636,20298,1633.905749775
5695,8147,3630,6607,20292,1633.9068747663462
5696,8147,3630,6579,20285,1633.9079997576923
5697,8147,3630,6550,20279,1633.9091247490385
5698,8147,3630,6522,20272,1633.9102497403846
5699,8147,3630,6494,20266,1633.9113747317308
5700,8147,3630,6465,20260,1633.912499723077
5701,8147,3630,6437,20253,1633.9136247144231
5702,8147,3630,6409,20247,1633.9147497057693
5703,8147,3630,6380,20241,1633.9158746971154
5704,8147,3630,6352,20234,1633.9169996884616
5705,8147,3630,6324,20228,1633.9181246798078
5706,8147,3630,6295,20221,1633.919249671154
5707,8147,3630,6267,20215,1633.9203746624999
5708,8147,3630,6238,20209,1633.921499653846
5709,8147,3630,6210,20202,1633.9226246451922
5710,8147,3630,6182,20196,1633.9237496365383
5711,8147,3630,6153,20190,1633.9248746278845
5712,8147,3630,6125,20183,1633.9259996192307
5713,8147,3630,6097,20177,1633.9271246105768
5714,8147,3630,6068,20170,1633.928249601923
5715,8147,3630,6040,20164,1633.9293745932691
5716,8147,3630,6011,20158,1633.9304995846153
5717,8147,3630,5983,20151,1633.9316245759615
5718,8147,3630,5955,20145,1633.9327495673076
5719,8147,3630,5926,20139,1633.9338745586538
5720,7959,3503,6364,20455,1633.935
5721,7959,3503,6339,20447,1633.9361249906249
5722,7959,3503,6313,20439,1633.93724998125
5723,7959,3503,6287,20431,1633.938374971875
5724,7959,3503,6261,20423,1633.9394999625
5725,7959,3503,6235,20414,1633.940624953125
5726,7959,3503,6210,20406,1633.94174994375
5727,7959,3503,6184,20398,1633.942874934375
5728,7959,3503,6158,20390,1633.9439999249998
5729,7959,3503,6132,20382,1633.945124915625
5730,7959,3503,6106,20374,1633.94624990625
5731,7959,3503,6081,20366,1633.9473748968749
5732,7959,3503,6055,20358,1633.9484998875
5733,7959,3503,6029,20350,1633.949624878125
5734,7959,3503,6003,20342,1633.9507498687499
5735,7959,3503,5977,20333,1633.951874859375
5736,7959,3503,5951,20325,1633.95299985
5737,7959,3503,5926,20317,1633.954124840625
5738,7959,3503,5900,20309,1633.95524983125
5739,7959,3503,5874,20301,1633.956374821875
5740,7959,3503,5848,20293,1633.9574998125
5741,7959,3503,5822,20285,1633.958624803125
5742,7959,3503,5797,20277,1633.95974979375
5743,7959,3503,5771,20269,1633.960874784375
5744,7959,3503,5745,20261,1633.961999775
5745,7959,3503,5719,20252,1633.963124765625
5746,7959,3503,5693,20244,1633.96424975625
5747,7959,3503,5668,20236,1633.9653747468749
5748,7959,3503,5642,20228,1633.9664997375
5749,7959,3503,5616,20220,1633.967624728125
5750,7959,3503,5590,20212,1633.96874971875
5751,7959,3503,5564,20204,1633.969874709375
5752,7959,3503,5539,20196,1633.9709997
5753,7959,3503,5513,20188,1633.972124690625
5754,7959,3503,5487,20180,1633.97324968125
5755,7959,3503,5461,20171,1633.974374671875
5756,7959,3503,5435,20163,1633.9754996625
5757,7959,3503,5410,20155,1633.976624653125
5758,7959,3503,5384,20147,1633.97774964375
5759,7959,3503,5358,20139,1633.978874634375
5760,7959,3503,5332,20131,1633.979999625
5761,7959,3503,5306,20123,1633.981124615625
5762,7959,3503,5281,20115,1633.98224960625
5763,7959,3503,5255,20107,1633.983374596875
5764,7959,3503,5229,20099,1633.9844995875
5765,7959,3503,5203,20090,1633.985624578125
5766,7959,3503,5177,20082,1633.98674956875
5767,7959,3503,5152,20074,1633.987874559375
5768,7771,3376,5545,20286,1633.989
5769,7771,3376,5522,20286,1633.9901248875
5770,7771,3376,5498,20286,1633.9912497750001
5771,7771,3376,5474,20286,1633.9923746625
5772,7771,3376,5451,20224,1633.9935
5773,7771,3376,5427,20215,1633.9946249625
5774,7771,3376,5404,20206,1633.995749925
5775,7771,3376,5380,20196,1633.9968748875
5776,7771,3376,5357,20187,1633.99799985
5777,7771,3376,5333,20178,1633.9991248125
5778,7771,3376,5310,20169,1634.0002497750002
5779,7771,3376,5286,20159,1634.0013747375
5780,7771,3376,5263,20150,1634.0024997
5781,7771,3376,5239,20141,1634.0036246625
5782,7771,3376,5216,20132,1634.004749625
5783,7771,3376,5192,20122,1634.0058745875
5784,7771,3376,5168,20085,1634.007
5785,7771,3376,5145,20073,1634.0081249775
5786,7771,3376,5121,20061,1634.009249955
5787,7771,3376,5098,20048,1634.0103749325
5788,7771,3376,5074,20036,1634.01149991
5789,7771,3376,5051,20024,1634.0126248875001
5790,7771,3376,5027,20011,1634.0137498650001
5791,7771,3376,5004,19999,1634.0148748425001
5792,7771,3376,4980,19987,1634.0159998200002
5793,7771,3376,4957,19974,1634.0171247975002
5794,7771,3376,4933,19962,1634.0182497750002
5795,7771,3376,4909,19950,1634.0193747525
5796,7771,3376,4886,19938,1634.02049973
5797,7771,3376,4862,19925,1634.0216247075
5798,7771,3376,4839,19913,1634.022749685
5799,7771,3376,4815,19901,1634.0238746625
5800,7771,3376,4792,19888,1634.02499964
5801,7771,3376,4768,19876,1634.0261246175
5802,7771,3376,4745,19864,1634.027249595
5803,7771,3376,4721,19851,1634.0283745725
5804,7576,3249,5096,20123,1634.0295
5805,7576,3249,5074,20113,1634.0306249913463
5806,7576,3249,5052,20104,1634.0317499826924
5807,7576,3249,5030,20094,1634.0328749740386
5808,7576,3249,5008,20085,1634.0339999653847
5809,7576,3249,4986,20075,1634.035124956731
5810,7576,3249,4964,20066,1634.036249948077
5811,7576,3249,4942,20056,1634.0373749394232
5812,7576,3249,4920,20047,1634.0384999307694
5813,7576,3249,4898,20037,1634.0396249221155
5814,7576,3249,4876,20028,1634.0407499134617
5815,7576,3249,4854,20018,1634.0418749048079
5816,7576,3249,4832,20009,1634.042999896154
5817,7576,3249,4810,19999,1634.0441248875
5818,7576,3249,4788,19990,1634.045249878846
5819,7576,3249,4766,19980,1634.0463748701923
5820,7576,3249,4744,19970,1634.0474998615384
5821,7576,3249,4722,19961,1634.0486248528846
5822,7576,3249,4700,19951,1634.0497498442307
5823,7576,3249,4678,19942,1634.050874835577
5824,7576,3249,4656,19932,1634.051999826923
5825,7576,3249,4634,19923,1634.0531248182692
5826,7576,3249,4612,19913,1634.0542498096154
5827,7576,3249,4590,19904,1634.0553748009615
5828,7576,3249,4568,19894,1634.0564997923077
5829,7576,3249,4546,19885,1634.0576247836539
5830,7576,3249,4524,19875,1634.058749775
5831,7576,3249,4502,19866,1634.0598747663462
5832,7576,3249,4480,19856,1634.0609997576923
5833,7576,3249,4458,19847,1634.0621247490385
5834,7576,3249,4436,19837,1634.0632497403847
5835,7576,3249,4415,19828,1634.0643747317308
5836,7576,3249,4393,19818,1634.065499723077
5837,7576,3249,4371,19809,1634.0666247144231
5838,7576,3249,4349,19799,1634.0677497057693
5839,7576,3249,4327,19790,1634.0688746971155
5840,7576,3249,4305,19780,1634.0699996884616
5841,7576,3249,4283,19771,1634.0711246798078
5842,7576,3249,4261,19761,1634.072249671154
5843,7576,3249,4239,19752,1634.0733746625
5844,7576,3249,4217,19742,1634.074499653846
5845,7576,3249,4195,19732,1634.0756246451922
5846,7576,3249,4173,19723,1634.0767496365384
5847,7576,3249,4151,19713,1634.0778746278845
5848,7576,3249,4129,19704,1634.0789996192307
5849,7576,3249,4107,19694,1634.0801246105768
5850,7576,3249,4085,19685,1634.081249601923
5851,7576,3249,4063,19675,1634.0823745932692
5852,7576,3249,4041,19666,1634.0834995846153
5853,7576,3249,4019,19656,1634.0846245759615
5854,7576,3249,3997,19647,1634.0857495673076
5855,7576,3249,3975,19637,1634.0868745586538
5856,7435,3130,4256,19854,1634.088
5857,7435,3130,4237,19843,1634.089124990625
5858,7435,3130,4217,19831,1634.09024998125
5859,7435,3130,4197,19820,1634.091374971875
5860,7435,3130,4177,19809,1634.0924999625
5861,7435,3130,4157,19797,1634.093624953125
5862,7435,3130,4137,19786,1634.09474994375
5863,7435,3130,4117,19775,1634.095874934375
5864,7435,3130,4097,19764,1634.096999925
5865,7435,3130,4077,19752,1634.098124915625
5866,7435,3130,4058,19741,1634.09924990625
5867,7435,3130,4038,19730,1634.1003748968749
5868,7435,3130,4018,19719,1634.1014998875
5869,7435,3130,3998,19707,1634.102624878125
5870,7435,3130,3978,19696,1634.10374986875
5871,7435,3130,3958,19685,1634.104874859375
5872,7435,3130,3938,19673,1634.10599985
5873,7435,3130,3918,19662,1634.107124840625
5874,7435,3130,3898,19651,1634.10824983125
5875,7435,3130,3879,19640,1634.109374821875
5876,7435,3130,3859,19628,1634.1104998125
5877,7435,3130,3839,19617,1634.111624803125
5878,7435,3130,3819,19606,1634.11274979375
5879,7435,3130,3799,19594,1634.113874784375
5880,7435,3130,3779,19583,1634.114999775
5881,7435,3130,3759,19572,1634.116124765625
5882,7435,3130,3739,19561,1634.11724975625
5883,7435,3130,3719,19549,1634.118374746875
5884,7435,3130,3699,19538,1634.1194997375
5885,7435,3130,3680,19527,1634.120624728125
5886,7435,3130,3660,19516,1634.12174971875
5887,7435,3130,3640,19504,1634.122874709375
5888,7435,3130,3620,19493,1634.1239997
5889,7435,3130,3600,19482,1634.125124690625
5890,7435,3130,3580,19470,1634.12624968125
5891,7435,3130,3560,19459,1634.127374671875
5892,7435,3130,3540,19448,1634.1284996625
5893,7435,3130,3520,19437,1634.1296246531251
5894,7435,3130,3501,19425,1634.13074964375
5895,7435,3130,3481,19414,1634.131874634375
5896,7435,3130,3461,19403,1634.1329996250001
5897,7435,3130,3441,19391,1634.134124615625
5898,7435,3130,3421,19380,1634.13524960625
5899,7435,3130,3401,19369,1634.136374596875
5900,7435,3130,3381,19358,1634.1374995875
5901,7435,3130,3361,19346,1634.138624578125
5902,7435,3130,3341,19335,1634.13974956875
5903,7435,3130,3322,19324,1634.140874559375
5904,7294,3011,3580,19482,1634.142
5905,7294,3011,3562,19471,1634.1431249812501
5906,7294,3011,3543,19461,1634.1442499625
5907,7294,3011,3525,19450,1634.14537494375
5908,7294,3011,3506,19440,1634.1464999250002
5909,7294,3011,3487,19429,1634.14762490625
5910,7294,3011,3469,19419,1634.1487498875001
5911,7294,3011,3450,19408,1634.14987486875
5912,7294,3011,3432,19398,1634.15099985
5913,7294,3011,3413,19387,1634.1521248312501
5914,7294,3011,3395,19377,1634.1532498125
5915,7294,3011,3376,19366,1634.15437479375
5916,7294,3011,3358,19356,1634.155499775
5917,7294,3011,3339,19345,1634.15662475625
5918,7294,3011,3321,19335,1634.1577497375001
5919,7294,3011,3302,19324,1634.15887471875
5920,7294,3011,3283,19314,1634.1599997
5921,7294,3011,3265,19303,1634.1611246812502
5922,7294,3011,3246,19293,1634.1622496625
5923,7294,3011,3228,19282,1634.16337464375
5924,7294,3011,3209,19272,1634.1644996250002
5925,7294,3011,3191,19261,1634.16562460625
5926,7294,3011,3172,19251,1634.1667495875001
5927,7294,3011,3154,19240,1634.16787456875
5928,7294,3011,3135,19214,1634.169
5929,7294,3011,3116,19206,1634.1701249437501
5930,7294,3011,3098,19198,1634.1712498875002
5931,7294,3011,3079,19190,1634.1723748312502
5932,7294,3011,3061,19182,1634.173499775
5933,7294,3011,3042,19174,1634.17462471875
5934,7294,3011,3024,19166,1634.1757496625
5935,7294,3011,3005,19158,1634.17687460625
5936,7153,2892,3242,19353,1634.178
5937,7153,2892,3224,19348,1634.1791249897728
5938,7153,2892,3207,19342,1634.1802499795456
5939,7153,2892,3189,19337,1634.1813749693183
5940,7153,2892,3172,19331,1634.182499959091
5941,7153,2892,3154,19326,1634.1836249488638
5942,7153,2892,3137,19320,1634.1847499386365
5943,7153,2892,3119,19315,1634.1858749284092
5944,7153,2892,3102,19310,1634.186999918182
5945,7153,2892,3084,19304,1634.1881249079547
5946,7153,2892,3066,19299,1634.1892498977274
5947,7153,2892,3049,19293,1634.1903748875
5948,7153,2892,3031,19288,1634.1914998772727
5949,7153,2892,3014,19282,1634.1926248670454
5950,7153,2892,2996,19277,1634.1937498568182
5951,7153,2892,2979,19272,1634.194874846591
5952,7153,2892,2961,19266,1634.1959998363636
5953,7153,2892,2944,19261,1634.1971248261364
5954,7153,2892,2926,19255,1634.198249815909
5955,7153,2892,2908,19250,1634.1993748056818
5956,7153,2892,2891,19244,1634.2004997954546
5957,7153,2892,2873,19239,1634.2016247852273
5958,7153,2892,2856,19234,1634.202749775
5959,7153,2892,2838,19228,1634.2038747647728
5960,7153,2892,2821,19223,1634.2049997545455
5961,7153,2892,2803,19217,1634.2061247443182
5962,7153,2892,2786,19212,1634.207249734091
5963,7153,2892,2768,19206,1634.2083747238637
5964,7153,2892,2750,19201,1634.2094997136364
5965,7153,2892,2733,19195,1634.2106247034092
5966,7153,2892,2715,19190,1634.211749693182
5967,7153,2892,2698,19185,1634.2128746829546
5968,7153,2892,2680,19179,1634.2139996727274
5969,7153,2892,2663,19174,1634.2151246624999
5970,7153,2892,2645,19168,1634.2162496522726
5971,7153,2892,2628,19163,1634.2173746420453
5972,7153,2892,2610,19157,1634.218499631818
5973,7153,2892,2592,19152,1634.2196246215908
5974,7153,2892,2575,19147,1634.2207496113635
5975,7153,2892,2557,19141,1634.2218746011363
5976,7153,2892,2540,19136,1634.222999590909
5977,7153,2892,2522,19130,1634.2241245806817
5978,7153,2892,2505,19125,1634.2252495704545
5979,7153,2892,2505,19119,1634.2263745602272
5980,7012,2773,10898,20358,1634.2275
5981,7012,2773,10898,20351,1634.228624971875
5982,7012,2773,10898,20344,1634.22974994375
5983,7012,2773,10898,20336,1634.230874915625
5984,7012,2773,10712,20329,1634.2319998875
5985,7012,2773,10712,20322,1634.233124859375
5986,7012,2773,10712,20314,1634.23424983125
5987,7012,2773,10712,20307,1634.235374803125
5988,7012,2773,10552,20300,1634.236499775
5989,7012,2773,10552,20292,1634.2376247468749
5990,7012,2773,10552,20285,1634.23874971875
5991,7012,2773,10552,20278,1634.239874690625
5992,7012,2773,10386,20270,1634.2409996625
5993,7012,2773,10386,20263,1634.242124634375
5994,7012,2773,10386,20256,1634.24324960625
5995,7012,2773,10386,20248,1634.244374578125
5996,7012,2773,10208,20215,1634.2455
5997,7012,2773,10172,20206,1634.246624971875
5998,7012,2773,10136,20198,1634.24774994375
5999,7012,2773,10100,20190,1634.248874915625
6000,7012,2773,10064,20182,1634.2499998875
6001,7012,2773,10028,20173,1634.251124859375
6002,7012,2773,9992,20165,1634.25224983125
6003,7012,2773,9956,20157,1634.253374803125
6004,7012,2773,9906,20149,1634.254499775
6005,7012,2773,9906,20141,1634.255624746875
6006,7012,2773,9906,20132,1634.25674971875
6007,7012,2773,9906,20124,1634.257874690625
6008,7012,2773,9730,20116,1634.2589996625
6009,7012,2773,9730,20108,1634.260124634375
6010,7012,2773,9730,20099,1634.26124960625
6011,7012,2773,9730,20091,1634.262374578125
6012,6871,2654,10138,20320,1634.2635
6013,6871,2654,10108,20310,1634.2646249625
6014,6871,2654,10078,20301,1634.265749925
6015,6871,2654,10048,20292,1634.2668748875
6016,6871,2654,10018,20283,1634.26799985
6017,6871,2654,9988,20273,1634.2691248125
6018,6871,2654,9958,20264,1634.2702497750001
6019,6871,2654,9928,20255,1634.2713747375
6020,6871,2654,9898,20246,1634.2724997
6021,6871,2654,9868,20236,1634.2736246625
6022,6871,2654,9838,20227,1634.274749625
6023,6871,2654,9808,20218,1634.2758745875
6024,6871,2654,9730,20177,1634.277
6025,6871,2654,9730,20165,1634.278124971875
6026,6871,2654,9730,20153,1634.27924994375
6027,6871,2654,9730,20141,1634.280374915625
6028,6871,2654,9576,20129,1634.2814998875
6029,6871,2654,9576,20117,1634.2826248593751
6030,6871,2654,9576,20105,1634.2837498312501
6031,6871,2654,9576,20093,1634.2848748031251
6032,6871,2654,9416,20081,1634.2859997750002
6033,6871,2654,9379,20068,1634.287124746875
6034,6871,2654,9341,20056,1634.28824971875
6035,6871,2654,9304,20044,1634.289374690625
6036,6871,2654,9266,20032,1634.2904996625
6037,6871,2654,9229,20020,1634.291624634375
6038,6871,2654,9191,20008,1634.29274960625
6039,6871,2654,9154,19996,1634.293874578125
6040,6871,2654,9106,19970,1634.295
6041,6871,2654,9073,19957,1634.2961249812502
6042,6871,2654,9039,19945,1634.2972499625
6043,6871,2654,9005,19932,1634.29837494375
6044,6871,2654,8971,19920,1634.299499925
6045,6871,2654,8938,19907,1634.30062490625
6046,6871,2654,8904,19895,1634.3017498875001
6047,6871,2654,8870,19883,1634.30287486875
6048,6871,2654,8836,19870,1634.30399985
6049,6871,2654,8803,19858,1634.3051248312502
6050,6871,2654,8769,19845,1634.3062498125
6051,6871,2654,8735,19833,1634.3073747937501
6052,6871,2654,8675,19820,1634.3084997750002
6053,6871,2654,8640,19808,1634.30962475625
6054,6871,2654,8605,19795,1634.3107497375001
6055,6871,2654,8569,19783,1634.31187471875
6056,6871,2654,8534,19770,1634.3129997
6057,6871,2654,8499,19758,1634.3141246812502
6058,6871,2654,8464,19745,1634.3152496625
6059,6871,2654,8428,19733,1634.3163746437501
6060,6871,2654,8393,19721,1634.317499625
6061,6871,2654,8358,19708,1634.31862460625
6062,6871,2654,8323,19696,1634.3197495875002
6063,6871,2654,8287,19683,1634.32087456875
6064,6730,2535,8794,19929,1634.322
6065,6730,2535,8761,19920,1634.3231249897726
6066,6730,2535,8727,19911,1634.3242499795454
6067,6730,2535,8694,19902,1634.325374969318
6068,6730,2535,8661,19893,1634.3264999590908
6069,6730,2535,8627,19884,1634.3276249488636
6070,6730,2535,8594,19875,1634.3287499386363
6071,6730,2535,8561,19866,1634.329874928409
6072,6730,2535,8527,19857,1634.3309999181818
6073,6730,2535,8494,19847,1634.3321249079545
6074,6730,2535,8461,19838,1634.3332498977272
6075,6730,2535,8427,19829,1634.3343748875
6076,6730,2535,8394,19820,1634.3354998772727
6077,6730,2535,8361,19811,1634.3366248670454
6078,6730,2535,8327,19802,1634.3377498568182
6079,6730,2535,8294,19793,1634.338874846591
6080,6730,2535,8261,19784,1634.3399998363636
6081,6730,2535,8227,19775,1634.3411248261364
6082,6730,2535,8194,19766,1634.342249815909
6083,6730,2535,8161,19757,1634.3433748056818
6084,6730,2535,8127,19748,1634.3444997954546
6085,6730,2535,8094,19739,1634.3456247852273
6086,6730,2535,8061,19729,1634.3467497749998
6087,6730,2535,8027,19720,1634.3478747647725
6088,6730,2535,7994,19711,1634.3489997545453
6089,6730,2535,7961,19702,1634.350124744318
6090,6730,2535,7927,19693,1634.3512497340907
6091,6730,2535,7894,19684,1634.3523747238635
6092,6730,2535,7861,19675,1634.3534997136362
6093,6730,2535,7827,19666,1634.354624703409
6094,6730,2535,7794,19657,1634.3557496931817
6095,6730,2535,7760,19648,1634.3568746829544
6096,6730,2535,7727,19639,1634.3579996727271
6097,6730,2535,7694,19630,1634.3591246624999
6098,6730,2535,7660,19621,1634.3602496522726
6099,6730,2535,7627,19611,1634.3613746420453
6100,6730,2535,7594,19602,1634.362499631818
6101,6730,2535,7560,19593,1634.3636246215908
6102,6730,2535,7527,19584,1634.3647496113635
6103,6730,2535,7494,19575,1634.3658746011363
6104,6730,2535,7460,19566,1634.366999590909
6105,6730,2535,7427,19557,1634.3681245806818
6106,6730,2535,7394,19548,1634.3692495704545
6107,6730,2535,7360,19539,1634.3703745602272
6108,6589,2416,7816,19762,1634.3715
6109,6589,2416,7786,19755,1634.3726249775
6110,6589,2416,7756,19747,1634.373749955
6111,6589,2416,7726,19740,1634.3748749325
6112,6589,2416,7696,19732,1634.37599991
6113,6589,2416,7666,19724,1634.3771248875
6114,6589,2416,7635,19717,1634.378249865
6115,6589,2416,7605,19709,1634.3793748425
6116,6589,2416,7575,19701,1634.38049982
6117,6589,2416,7545,19694,1634.3816247975
6118,6589,2416,7515,19686,1634.3827497749999
6119,6589,2416,7485,19679,1634.3838747524999
6120,6589,2416,7455,19671,1634.38499973
6121,6589,2416,7425,19663,1634.3861247075
6122,6589,2416,7395,19656,1634.387249685
6123,6589,2416,7364,19648,1634.3883746625
6124,6589,2416,7334,19640,1634.38949964
6125,6589,2416,7304,19633,1634.3906246175
6126,6589,2416,7274,19625,1634.391749595
6127,6589,2416,7244,19618,1634.3928745725
6128,6589,2416,7214,19574,1634.394
6129,6589,2416,7184,19559,1634.39512494375
6130,6589,2416,7154,19544,1634.3962498875
6131,6589,2416,7123,19529,1634.39737483125
6132,6589,2416,7093,19514,1634.398499775
6133,6589,2416,7063,19499,1634.39962471875
6134,6589,2416,7033,19484,1634.4007496625
6135,6589,2416,7003,19469,1634.40187460625
6136,6589,2416,6973,19453,1634.403
6137,6589,2416,6943,19453,1634.4041248875
6138,6589,2416,6913,19453,1634.405249775
6139,6589,2416,6882,19453,1634.4063746625
6140,6448,2297,7292,19661,1634.4075
6141,6448,2297,7263,19648,1634.40862498875
6142,6448,2297,7234,19636,1634.4097499775
6143,6448,2297,7206,19623,1634.41087496625
6144,6448,2297,7177,19611,1634.411999955
6145,6448,2297,7148,19599,1634.41312494375
6146,6448,2297,7120,19586,1634.4142499325
6147,6448,2297,7091,19574,1634.41537492125
6148,6448,2297,7062,19561,1634.41649991
6149,6448,2297,7034,19549,1634.41762489875
6150,6448,2297,7005,19537,1634.4187498875
6151,6448,2297,6976,19524,1634.41987487625
6152,6448,2297,6948,19512,1634.420999865
6153,6448,2297,6919,19499,1634.4221248537501
6154,6448,2297,6890,19487,1634.4232498425001
6155,6448,2297,6861,19475,1634.4243748312501
6156,6448,2297,6833,19462,1634.4254998200001
6157,6448,2297,6804,19450,1634.4266248087501
6158,6448,2297,6775,19438,1634.4277497975002
6159,6448,2297,6747,19425,1634.4288747862502
6160,6448,2297,6718,19413,1634.429999775
6161,6448,2297,6689,19400,1634.43112476375
6162,6448,2297,6661,19388,1634.4322497525
6163,6448,2297,6632,19376,1634.43337474125
6164,6448,2297,6603,19363,1634.43449973
6165,6448,2297,6575,19351,1634.43562471875
6166,6448,2297,6546,19338,1634.4367497075
6167,6448,2297,6517,19326,1634.43787469625
6168,6448,2297,6489,19314,1634.438999685
6169,6448,2297,6460,19301,1634.44012467375
6170,6448,2297,6431,19289,1634.4412496625
6171,6448,2297,6403,19276,1634.44237465125
6172,6448,2297,6374,19264,1634.44349964
6173,6448,2297,6345,19252,1634.44462462875
6174,6448,2297,6316,19239,1634.4457496175
6175,6448,2297,6288,19227,1634.44687460625
6176,6448,2297,6259,19214,1634.447999595
6177,6448,2297,6230,19202,1634.44912458375
6178,6448,2297,6202,19190,1634.4502495725
6179,6448,2297,6173,19177,1634.45137456125
6180,6448,2297,6144,19150,1634.4525
6181,6448,2297,6116,19142,1634.4536249437501
6182,6448,2297,6087,19135,1634.4547498875002
6183,6448,2297,6058,19127,1634.4558748312502
6184,6448,2297,6030,19119,1634.456999775
6185,6448,2297,6001,19111,1634.45812471875
6186,6448,2297,5972,19104,1634.4592496625
6187,6448,2297,5944,19096,1634.46037460625
6188,6307,2178,6341,19325,1634.4615
6189,6307,2178,6315,19319,1634.4626249906248
6190,6307,2178,6289,19314,1634.46374998125
6191,6307,2178,6263,19308,1634.464874971875
6192,6307,2178,6237,19302,1634.4659999624998
6193,6307,2178,6211,19297,1634.467124953125
6194,6307,2178,6185,19291,1634.46824994375
6195,6307,2178,6159,19285,1634.4693749343749
6196,6307,2178,6133,19280,1634.4704999249998
6197,6307,2178,6107,19274,1634.471624915625
6198,6307,2178,6081,19268,1634.4727499062499
6199,6307,2178,6055,19263,1634.4738748968748
6200,6307,2178,6029,19257,1634.4749998875
6201,6307,2178,6003,19251,1634.476124878125
6202,6307,2178,5978,19246,1634.4772498687498
6203,6307,2178,5952,19240,1634.478374859375
6204,6307,2178,5926,19234,1634.47949985
6205,6307,2178,5900,19229,1634.4806248406248
6206,6307,2178,5874,19223,1634.48174983125
6207,6307,2178,5848,19217,1634.482874821875
6208,6307,2178,5822,19212,1634.4839998124999
6209,6307,2178,5796,19206,1634.485124803125
6210,6307,2178,5770,19200,1634.48624979375
6211,6307,2178,5744,19195,1634.4873747843749
6212,6307,2178,5718,19189,1634.488499775
6213,6307,2178,5692,19183,1634.489624765625
6214,6307,2178,5666,19178,1634.49074975625
6215,6307,2178,5640,19172,1634.4918747468748
6216,6307,2178,5614,19166,1634.4929997375
6217,6307,2178,5588,19161,1634.494124728125
6218,6307,2178,5562,19155,1634.4952497187498
6219,6307,2178,5537,19149,1634.496374709375
6220,6307,2178,5511,19144,1634.4974997
6221,6307,2178,5485,19138,1634.4986246906249
6222,6307,2178,5459,19132,1634.49974968125
6223,6307,2178,5433,19127,1634.500874671875
6224,6307,2178,5407,19121,1634.5019996624999
6225,6307,2178,5381,19115,1634.503124653125
6226,6307,2178,5355,19110,1634.50424964375
6227,6307,2178,5329,19104,1634.505374634375
6228,6307,2178,5303,19098,1634.5064996249998
6229,6307,2178,5277,19093,1634.507624615625
6230,6307,2178,5251,19087,1634.50874960625
6231,6307,2178,5225,19081,1634.5098745968749
6232,6307,2178,5199,19076,1634.5109995875
6233,6307,2178,5173,19070,1634.512124578125
6234,6307,2178,5147,19064,1634.5132495687499
6235,6307,2178,5121,19059,1634.514374559375
6236,43724,38310,8607,36128,1634.5155
6237,43724,38310,8573,36116,1634.5166249625
6238,43724,38310,8539,36103,1634.5177499249999
6239,43724,38310,8505,36091,1634.5188748875
6240,43724,38310,8471,36078,1634.51999985
6241,43724,38310,8437,36065,1634.5211248125
6242,43724,38310,8403,36053,1634.522249775
6243,43724,38310,8369,36040,1634.5233747375
6244,43724,38310,8335,36028,1634.5244997
6245,43724,38310,8301,36015,1634.5256246625
6246,43724,38310,8267,36002,1634.5267496249999
6247,43724,38310,8233,35990,1634.5278745875
6248,43724,38310,8148,35949,1634.529
6249,43724,38310,8118,35937,1634.530124971875
6250,43724,38310,8088,35926,1634.53124994375
6251,43724,38310,8057,35914,1634.532374915625
6252,43724,38310,8027,35903,1634.5334998875
6253,43724,38310,7996,35891,1634.534624859375
6254,43724,38310,7966,35880,1634.53574983125
6255,43724,38310,7936,35869,1634.536874803125
6256,43724,38310,7905,35857,1634.5379997750001
6257,43724,38310,7875,35846,1634.539124746875
6258,43724,38310,7845,35834,1634.54024971875
6259,43724,38310,7814,35823,1634.541374690625
6260,43724,38310,7784,35811,1634.5424996625
6261,43724,38310,7753,35800,1634.543624634375
6262,43724,38310,7723,35788,1634.54474960625
6263,43724,38310,7693,35777,1634.545874578125
6264,43724,38310,7662,35735,1634.547
6265,43724,38310,7632,35735,1634.5481248875
6266,43724,38310,7601,35735,1634.5492497750001
6267,43724,38310,7571,35735,1634.5503746625
6268,43724,38310,7541,35663,1634.5515
6269,43724,38310,7510,35663,1634.5526248875
6270,43724,38310,7480,35663,1634.5537497750001
6271,43724,38310,7449,35663,1634.5548746625
6272,43724,38310,7419,35583,1634.556
6273,43724,38310,7389,35570,1634.5571249625
6274,43724,38310,7358,35558,1634.558249925
6275,43724,38310,7328,35545,1634.5593748875
6276,42933,37618,7936,35533,1634.56049985
6277,42933,37618,7907,35520,1634.5616248125
6278,42933,37618,7877,35508,1634.5627497750002
6279,42933,37618,7848,35495,1634.5638747375
6280,42933,37618,7818,35483,1634.5649997
6281,42933,37618,7789,35470,1634.5661246625
6282,42933,37618,7759,35458,1634.567249625
6283,42933,37618,7729,35445,1634.5683745875
6284,42933,37618,7700,35380,1634.5695
6285,42933,37618,7670,35380,1634.5706248875001
6286,42933,37618,7641,35380,1634.5717497750002
6287,42933,37618,7611,35380,1634.5728746625
6288,42933,37618,7582,35287,1634.574
6289,42933,37618,7552,35287,1634.5751248875001
6290,42933,37618,7523,35287,1634.5762497750002
6291,42933,37618,7493,35287,1634.5773746625
6292,42933,37618,7463,35197,1634.5785
6293,42933,37618,7434,35197,1634.5796248875001
6294,42933,37618,7404,35197,1634.5807497750002
6295,42933,37618,7375,35197,1634.5818746625
6296,42933,37618,7345,35130,1634.583
6297,42933,37618,7316,35130,1634.5841248875001
6298,42933,37618,7286,35130,1634.5852497750002
6299,42933,37618,7257,35130,1634.5863746625
6300,42933,37618,7227,35051,1634.5875
6301,42933,37618,7198,35051,1634.5886248875001
6302,42933,37618,7168,35051,1634.5897497750002
6303,42933,37618,7138,35051,1634.5908746625
6304,42933,37618,7109,34942,1634.592
6305,42933,37618,7079,34942,1634.5931248875002
6306,42933,37618,7050,34942,1634.5942497750002
6307,42933,37618,7020,34942,1634.5953746625
6308,42933,37618,6991,34875,1634.5965
6309,42933,37618,6961,34875,1634.5976248875002
6310,42933,37618,6932,34875,1634.5987497750002
6311,42933,37618,6902,34875,1634.5998746625
6312,42933,37618,6872,34791,1634.601
6313,42933,37618,6843,34776,1634.6021249437501
6314,42933,37618,6813,34761,1634.6032498875002
6315,42933,37618,6784,34746,1634.60437483125
6316,42933,37618,6754,34731,1634.605499775
6317,42933,37618,6725,34716,1634.60662471875
6318,42933,37618,6695,34701,1634.6077496624998
6319,42933,37618,6666,34686,1634.6088746062499
6320,42142,36926,7212,34651,1634.61
6321,42142,36926,7185,34642,1634.61112494375
6322,42142,36926,7158,34633,1634.6122498875
6323,42142,36926,7131,34623,1634.61337483125
6324,42142,36926,7104,34614,1634.6144997749998
6325,42142,36926,7078,34605,1634.6156247187498
6326,42142,36926,7051,34596,1634.6167496624998
6327,42142,36926,7024,34586,1634.6178746062499
6328,42142,36926,6997,34550,1634.619
6329,42142,36926,6970,34543,1634.62012494375
6330,42142,36926,6943,34535,1634.6212498875
6331,42142,36926,6917,34528,1634.62237483125
6332,42142,36926,6890,34520,1634.6234997749998
6333,42142,36926,6863,34513,1634.6246247187498
6334,42142,36926,6836,34505,1634.6257496624999
6335,42142,36926,6809,34498,1634.6268746062499
6336,42142,36926,6782,34452,1634.628
6337,42142,36926,6756,34452,1634.6291248875
6338,42142,36926,6729,34452,1634.6302497749998
6339,42142,36926,6702,34452,1634.6313746624999
6340,42142,36926,6675,34385,1634.6325
6341,42142,36926,6648,34373,1634.6336249775
6342,42142,36926,6621,34362,1634.634749955
6343,42142,36926,6595,34350,1634.6358749325
6344,42142,36926,6568,34339,1634.63699991
6345,42142,36926,6541,34327,1634.6381248875
6346,42142,36926,6514,34315,1634.639249865
6347,42142,36926,6487,34304,1634.6403748425
6348,42142,36926,6460,34292,1634.64149982
6349,42142,36926,6434,34280,1634.6426247975
6350,42142,36926,6407,34269,1634.6437497749998
6351,42142,36926,6380,34257,1634.6448747524998
6352,42142,36926,6353,34246,1634.6459997299999
6353,42142,36926,6326,34234,1634.6471247074999
6354,42142,36926,6300,34222,1634.6482496849999
6355,42142,36926,6273,34211,1634.6493746625
6356,42142,36926,6246,34199,1634.65049964
6357,42142,36926,6219,34187,1634.6516246175
6358,42142,36926,6192,34176,1634.652749595
6359,42142,36926,6165,34164,1634.6538745725
6360,42142,36926,6139,34110,1634.655
6361,42142,36926,6112,34110,1634.6561248875
6362,42142,36926,6085,34110,1634.6572497749999
6363,42142,36926,6058,34110,1634.6583746625
6364,42142,36926,6031,34031,1634.6595
6365,42142,36926,6004,34023,1634.66062494375
6366,42142,36926,5978,34016,1634.6617498875
6367,42142,36926,5951,34008,1634.66287483125
6368,42142,36926,5924,34000,1634.6639997749999
6369,42142,36926,5897,33992,1634.66512471875
6370,42142,36926,5870,33985,1634.6662496625
6371,42142,36926,5843,33977,1634.66737460625
6372,42142,36926,5817,33939,1634.6685
6373,42142,36926,5790,33929,1634.6696249625
6374,42142,36926,5763,33919,1634.670749925
6375,42142,36926,5736,33908,1634.6718748875
6376,41351,36234,6243,33898,1634.67299985
6377,41351,36234,6219,33888,1634.6741248125
6378,41351,36234,6195,33878,1634.6752497749999
6379,41351,36234,6171,33867,1634.6763747375
6380,41351,36234,6147,33857,1634.6774997
6381,41351,36234,6123,33847,1634.6786246625
6382,41351,36234,6099,33836,1634.679749625
6383,41351,36234,6075,33826,1634.6808745875
6384,41351,36234,6051,33779,1634.682
6385,41351,36234,6027,33779,1634.6831248875
6386,41351,36234,6003,33779,1634.684249775
6387,41351,36234,5979,33779,1634.6853746625
6388,41351,36234,5955,33711,1634.6865
6389,41351,36234,5931,33711,1634.6876248875
6390,41351,36234,5907,33711,1634.688749775
6391,41351,36234,5883,33711,1634.6898746625
6392,41351,36234,5859,33635,1634.691
6393,41351,36234,5835,33635,1634.6921248875
6394,41351,36234,5811,33635,1634.693249775
6395,41351,36234,5787,33635,1634.6943746625
6396,41351,36234,5763,33511,1634.6955
6397,41351,36234,5739,33511,1634.6966248875
6398,41351,36234,5715,33511,1634.697749775
6399,41351,36234,5691,33511,1634.6988746625
6400,41351,36234,5667,33423,1634.7
6401,41351,36234,5643,33423,1634.7011248875
6402,41351,36234,5619,33423,1634.702249775
6403,41351,36234,5595,33423,1634.7033746625
6404,41351,36234,5571,33349,1634.7045
6405,41351,36234,5547,33349,1634.7056248875
6406,41351,36234,5523,33349,1634.706749775
6407,41351,36234,5499,33349,1634.7078746625
6408,41351,36234,5475,33269,1634.709
6409,41351,36234,5451,33269,1634.7101248875001
6410,41351,36234,5427,33269,1634.711249775
6411,41351,36234,5403,33269,1634.7123746625
6412,41351,36234,5379,33171,1634.7135
6413,41351,36234,5355,33171,1634.7146248875001
6414,41351,36234,5331,33171,1634.715749775
6415,41351,36234,5307,33171,1634.7168746625
6416,41351,36234,5283,33098,1634.718
6417,41351,36234,5259,33098,1634.7191248875001
6418,41351,36234,5235,33098,1634.720249775
6419,41351,36234,5211,33098,1634.7213746625
6420,41351,36234,5187,33011,1634.7225
6421,41351,36234,5163,33011,1634.7236248875001
6422,41351,36234,5139,33011,1634.724749775
6423,41351,36234,5115,33011,1634.7258746625
6424,41351,36234,5091,32950,1634.727
6425,41351,36234,5067,32950,1634.7281248875001
6426,41351,36234,5043,32950,1634.729249775
6427,41351,36234,5019,32950,1634.7303746625
6428,41351,36234,4995,32888,1634.7315
6429,41351,36234,4971,32873,1634.7326249437501
6430,41351,36234,4947,32858,1634.7337498875002
6431,41351,36234,4923,32843,1634.7348748312502
6432,40556,35542,5382,32828,1634.735999775
6433,40556,35542,5360,32813,1634.73712471875
6434,40556,35542,5339,32798,1634.7382496625
6435,40556,35542,5317,32783,1634.73937460625
6436,40556,35542,5296,32762,1634.7405
6437,40556,35542,5274,32750,1634.7416249437501
6438,40556,35542,5253,32738,1634.7427498875
6439,40556,35542,5231,32725,1634.74387483125
6440,40556,35542,5210,32713,1634.744999775
6441,40556,35542,5189,32701,1634.74612471875
6442,40556,35542,5167,32689,1634.7472496625
6443,40556,35542,5146,32676,1634.7483746062499
6444,40556,35542,5124,32627,1634.7495
6445,40556,35542,5103,32621,1634.7506249948863
6446,40556,35542,5081,32615,1634.7517499897726
6447,40556,35542,5060,32610,1634.752874984659
6448,40556,35542,5038,32604,1634.7539999795454
6449,40556,35542,5017,32598,1634.7551249744317
6450,40556,35542,4995,32593,1634.756249969318
6451,40556,35542,4974,32587,1634.7573749642045
6452,40556,35542,4953,32581,1634.7584999590908
6453,40556,35542,4931,32576,1634.7596249539772
6454,40556,35542,4910,32570,1634.7607499488636
6455,40556,35542,4888,32564,1634.76187494375
6456,40556,35542,4867,32559,1634.7629999386363
6457,40556,35542,4845,32553,1634.7641249335227
6458,40556,35542,4824,32547,1634.765249928409
6459,40556,35542,4802,32542,1634.7663749232954
6460,40556,35542,4781,32536,1634.7674999181818
6461,40556,35542,4760,32530,1634.7686249130682
6462,40556,35542,4738,32525,1634.7697499079545
6463,40556,35542,4717,32519,1634.770874902841
6464,40556,35542,4695,32513,1634.7719998977273
6465,40556,35542,4674,32508,1634.7731248926136
6466,40556,35542,4652,32502,1634.7742498875
6467,40556,35542,4631,32496,1634.7753748823864
6468,40556,35542,4609,32491,1634.7764998772727
6469,40556,35542,4588,32485,1634.777624872159
6470,40556,35542,4566,32479,1634.7787498670455
6471,40556,35542,4545,32474,1634.7798748619318
6472,40556,35542,4524,32468,1634.7809998568182
6473,40556,35542,4502,32462,1634.7821248517046
6474,40556,35542,4481,32457,1634.783249846591
6475,40556,35542,4459,32451,1634.7843748414773
6476,40556,35542,4438,32445,1634.7854998363637
6477,40556,35542,4416,32440,1634.78662483125
6478,40556,35542,4395,32434,1634.7877498261364
6479,40556,35542,4373,32428,1634.7888748210228
6480,40556,35542,4352,32423,1634.7899998159091
6481,40556,35542,4330,32417,1634.7911248107955
6482,40556,35542,4309,32411,1634.7922498056819
6483,40556,35542,4288,32405,1634.7933748005682
6484,40556,35542,4266,32400,1634.7944997954546
6485,40556,35542,4245,32394,1634.795624790341
6486,40556,35542,4223,32388,1634.7967497852273
6487,40556,35542,4202,32383,1634.7978747801137
6488,39961,34962,4517,32377,1634.798999775
6489,39961,34962,4498,32371,1634.8001247698862
6490,39961,34962,4478,32366,1634.8012497647726
6491,39961,34962,4459,32360,1634.802374759659
6492,39961,34962,4440,32354,1634.8034997545453
6493,39961,34962,4420,32349,1634.8046247494317
6494,39961,34962,4401,32343,1634.805749744318
6495,39961,34962,4382,32337,1634.8068747392044
6496,39961,34962,4363,32332,1634.8079997340908
6497,39961,34962,4343,32326,1634.8091247289772
6498,39961,34962,4324,32320,1634.8102497238635
6499,39961,34962,4305,32315,1634.81137471875
6500,39961,34962,4285,32309,1634.8124997136363
6501,39961,34962,4266,32303,1634.8136247085226
6502,39961,34962,4247,32298,1634.814749703409
6503,39961,34962,4228,32292,1634.8158746982954
6504,39961,34962,4208,32286,1634.8169996931817
6505,39961,34962,4189,32281,1634.818124688068
6506,39961,34962,4170,32275,1634.8192496829545
6507,39961,34962,4151,32269,1634.8203746778408
6508,39961,34962,4131,32264,1634.8214996727272
6509,39961,34962,4112,32258,1634.8226246676136
6510,39961,34962,4093,32252,1634.8237496625
6511,39961,34962,4073,32247,1634.8248746573863
6512,39961,34962,4054,32241,1634.8259996522727
6513,39961,34962,4035,32235,1634.827124647159
6514,39961,34962,4016,32230,1634.8282496420454
6515,39961,34962,3996,32224,1634.8293746369318
6516,39961,34962,3977,32218,1634.8304996318182
6517,39961,34962,3958,32213,1634.8316246267045
6518,39961,34962,3939,32207,1634.832749621591
6519,39961,34962,3919,32201,1634.8338746164773
6520,39961,34962,3900,32196,1634.8349996113636
6521,39961,34962,3881,32190,1634.83612460625
6522,39961,34962,3861,32184,1634.8372496011364
6523,39961,34962,3842,32179,1634.8383745960227
6524,39961,34962,3823,32173,1634.839499590909
6525,39961,34962,3804,32167,1634.8406245857955
6526,39961,34962,3784,32161,1634.8417495806818
6527,39961,34962,3765,32156,1634.8428745755682
6528,39961,34962,3746,32150,1634.8439995704546
6529,39961,34962,3726,32144,1634.845124565341
6530,39961,34962,3707,32139,1634.8462495602273
6531,39961,34962,3688,32133,1634.8473745551137
6532,39366,34382,3979,31961,1634.8485
6533,39366,34382,3961,31954,1634.8496249951088
6534,39366,34382,3943,31947,1634.8507499902175
6535,39366,34382,3926,31940,1634.851874985326
6536,39366,34382,3908,31934,1634.8529999804348
6537,39366,34382,3890,31927,1634.8541249755435
6538,39366,34382,3872,31920,1634.8552499706523
6539,39366,34382,3855,31913,1634.856374965761
6540,39366,34382,3837,31906,1634.8574999608695
6541,39366,34382,3819,31899,1634.8586249559783
6542,39366,34382,3801,31892,1634.859749951087
6543,39366,34382,3784,31885,1634.8608749461957
6544,39366,34382,3766,31878,1634.8619999413045
6545,39366,34382,3748,31871,1634.863124936413
6546,39366,34382,3730,31864,1634.8642499315217
6547,39366,34382,3713,31857,1634.8653749266305
6548,39366,34382,3695,31851,1634.8664999217392
6549,39366,34382,3677,31844,1634.867624916848
6550,39366,34382,3659,31837,1634.8687499119565
6551,39366,34382,3642,31830,1634.8698749070652
6552,39366,34382,3624,31823,1634.870999902174
6553,39366,34382,3606,31816,1634.8721248972827
6554,39366,34382,3588,31809,1634.8732498923914
6555,39366,34382,3571,31802,1634.8743748875
6556,39366,34382,3553,31795,1634.8754998826087
6557,39366,34382,3535,31788,1634.8766248777174
6558,39366,34382,3517,31781,1634.8777498728261
6559,39366,34382,3500,31774,1634.8788748679349
6560,39366,34382,3482,31768,1634.8799998630436
6561,39366,34382,3464,31761,1634.8811248581521
6562,39366,34382,3447,31754,1634.8822498532609
6563,39366,34382,3429,31747,1634.8833748483696
6564,39366,34382,3411,31740,1634.8844998434784
6565,39366,34382,3393,31733,1634.885624838587
6566,39366,34382,3376,31726,1634.8867498336956
6567,39366,34382,3358,31719,1634.8878748288043
6568,38771,33802,3626,31712,1634.888999823913
6569,38771,33802,3609,31705,1634.8901248190218
6570,38771,33802,3592,31698,1634.8912498141306
6571,38771,33802,3575,31691,1634.892374809239
6572,38771,33802,3558,31685,1634.8934998043478
6573,38771,33802,3541,31678,1634.8946247994566
6574,38771,33802,3524,31671,1634.8957497945653
6575,38771,33802,3507,31664,1634.896874789674
6576,38771,33802,3490,31657,1634.8979997847825
6577,38771,33802,3473,31650,1634.8991247798913
6578,38771,33802,3456,31643,1634.900249775
6579,38771,33802,3439,31636,1634.9013747701088
6580,38771,33802,3422,31629,1634.9024997652175
6581,38771,33802,3405,31622,1634.903624760326
6582,38771,33802,3387,31615,1634.9047497554348
6583,38771,33802,3370,31609,1634.9058747505435
6584,38771,33802,3353,31602,1634.9069997456522
6585,38771,33802,3336,31595,1634.908124740761
6586,38771,33802,3319,31588,1634.9092497358695
6587,38771,33802,3302,31581,1634.9103747309782
6588,38771,33802,3285,31574,1634.911499726087
6589,38771,33802,3268,31567,1634.9126247211957
6590,38771,33802,3251,31560,1634.9137497163044
6591,38771,33802,3234,31553,1634.914874711413
6592,38771,33802,3217,31546,1634.9159997065217
6593,38771,33802,3200,31539,1634.9171247016304
6594,38771,33802,3183,31532,1634.9182496967392
6595,38771,33802,3166,31526,1634.919374691848
6596,38771,33802,3149,31519,1634.9204996869564
6597,38771,33802,3132,31512,1634.9216246820652
6598,38771,33802,3115,31505,1634.922749677174
6599,38771,33802,3098,31498,1634.9238746722826
6600,38771,33802,3081,31491,1634.9249996673914
6601,38771,33802,3064,31484,1634.9261246625001
6602,38771,33802,3047,31477,1634.9272496576086
6603,38771,33802,3030,31470,1634.9283746527174
6604,38771,33802,3013,31463,1634.929499647826
6605,38771,33802,2996,31456,1634.9306246429348
6606,38771,33802,2979,31449,1634.9317496380436
6607,38771,33802,2962,31443,1634.932874633152
6608,38771,33802,2944,31436,1634.9339996282608
6609,38771,33802,2927,31429,1634.9351246233696
6610,38771,33802,2910,31422,1634.9362496184783
6611,38771,33802,2893,31415,1634.937374613587
6612,38771,33802,2876,31408,1634.9384996086956
6613,38771,33802,2859,31401,1634.9396246038043
6614,38771,33802,2842,31394,1634.940749598913
6615,38771,33802,2825,31387,1634.9418745940218
6616,38771,33802,2808,31380,1634.9429995891305
6617,38771,33802,2791,31373,1634.944124584239
6618,38771,33802,2774,31366,1634.9452495793478
6619,38771,33802,2757,31360,1634.9463745744565
6620,38771,33802,2740,31353,1634.9474995695653
6621,38771,33802,2723,31346,1634.948624564674
6622,38771,33802,2706,31339,1634.9497495597825
6623,38771,33802,2689,31332,1634.9508745548912
6624,38176,33222,2954,31355,1634.952
6625,38176,33222,2937,31346,1634.95312498125
6626,38176,33222,2921,31337,1634.9542499625
6627,38176,33222,2905,31328,1634.95537494375
6628,38176,33222,2888,31319,1634.9564999250001
6629,38176,33222,2872,31311,1634.95762490625
6630,38176,33222,2855,31302,1634.9587498875
6631,38176,33222,2839,31293,1634.95987486875
6632,38176,33222,2823,31284,1634.96099985
6633,38176,33222,2806,31275,1634.96212483125
6634,38176,33222,2790,31266,1634.9632498125
6635,38176,33222,2774,31257,1634.96437479375
6636,38176,33222,2757,31248,1634.965499775
6637,38176,33222,2741,31239,1634.96662475625
6638,38176,33222,2724,31230,1634.9677497375
6639,38176,33222,2708,31221,1634.96887471875
6640,38176,33222,2692,31212,1634.9699997
6641,38176,33222,2675,31203,1634.97112468125
6642,38176,33222,2659,31194,1634.9722496625
6643,38176,33222,2643,31185,1634.97337464375
6644,38176,33222,2626,31176,1634.9744996250001
6645,38176,33222,2610,31168,1634.97562460625
6646,38176,33222,2593,31159,1634.9767495875
6647,38176,33222,2577,31150,1634.97787456875
6648,38176,33222,2561,31118,1634.979
6649,38176,33222,2544,31118,1634.9801248875
6650,38176,33222,2528,31118,1634.981249775
6651,38176,33222,2512,31118,1634.9823746625
6652,37581,32642,10128,33726,1634.9835
6653,37581,32642,10128,33726,1634.9846248875
6654,37581,32642,10128,33726,1634.985749775
6655,37581,32642,10128,33726,1634.9868746625
6656,37581,32642,9971,33630,1634.988
6657,37581,32642,9935,33630,1634.9891248875
6658,37581,32642,9900,33630,1634.990249775
6659,37581,32642,9864,33630,1634.9913746625
6660,37581,32642,9828,33531,1634.9925
6661,37581,32642,9792,33531,1634.9936248875001
6662,37581,32642,9756,33531,1634.994749775
6663,37581,32642,9720,33531,1634.9958746625
6664,37581,32642,9684,33454,1634.997
6665,37581,32642,9649,33454,1634.9981248875001
6666,37581,32642,9613,33454,1634.999249775
6667,37581,32642,9577,33454,1635.0003746625
6668,37581,32642,9541,33366,1635.0015
6669,37581,32642,9505,33366,1635.0026248875001
6670,37581,32642,9469,33366,1635.003749775
6671,37581,32642,9433,33366,1635.0048746625
6672,37581,32642,9398,33271,1635.006
6673,37581,32642,9362,33271,1635.0071248875001
6674,37581,32642,9326,33271,1635.008249775
6675,37581,32642,9290,33271,1635.0093746625
6676,37581,32642,9234,33180,1635.0105
6677,37581,32642,9202,33180,1635.0116248875001
6678,37581,32642,9169,33180,1635.012749775
6679,37581,32642,9137,33180,1635.0138746625
6680,37581,32642,9104,33108,1635.015
6681,37581,32642,9072,33108,1635.0161248875002
6682,37581,32642,9039,33108,1635.017249775
6683,37581,32642,9007,33108,1635.0183746625
6684,37581,32642,8944,33019,1635.0195
6685,37581,32642,8913,33009,1635.0206249437501
6686,37581,32642,8881,32999,1635.0217498875
6687,37581,32642,8850,32989,1635.02287483125
6688,37581,32642,8818,32979,1635.023999775
6689,37581,32642,8787,32969,1635.02512471875
6690,37581,32642,8755,32959,1635.0262496625
6691,37581,32642,8724,32949,1635.0273746062499
6692,37581,32642,8658,32851,1635.0285
6693,37581,32642,8628,32844,1635.0296249953124
6694,37581,32642,8597,32836,1635.0307499906248
6695,37581,32642,8567,32828,1635.0318749859373
6696,37581,32642,8536,32821,1635.03299998125
6697,37581,32642,8506,32813,1635.0341249765625
6698,37581,32642,8475,32805,1635.035249971875
6699,37581,32642,8445,32798,1635.0363749671874
6700,36986,32062,9018,32790,1635.0374999624999
6701,36986,32062,8986,32782,1635.0386249578123
6702,36986,32062,8953,32775,1635.039749953125
6703,36986,32062,8921,32767,1635.0408749484375
6704,36986,32062,8888,32759,1635.04199994375
6705,36986,32062,8855,32751,1635.0431249390624
6706,36986,32062,8823,32744,1635.0442499343749
6707,36986,32062,8790,32736,1635.0453749296873
6708,36986,32062,8758,32728,1635.0464999249998
6709,36986,32062,8725,32721,1635.0476249203125
6710,36986,32062,8693,32713,1635.048749915625
6711,36986,32062,8660,32705,1635.0498749109374
6712,36986,32062,8627,32698,1635.05099990625
6713,36986,32062,8595,32690,1635.0521249015624
6714,36986,32062,8562,32682,1635.0532498968748
6715,36986,32062,8530,32675,1635.0543748921875
6716,36986,32062,8497,32667,1635.0554998875
6717,36986,32062,8464,32659,1635.0566248828125
6718,36986,32062,8432,32651,1635.057749878125
6719,36986,32062,8399,32644,1635.0588748734374
6720,36986,32062,8367,32636,1635.0599998687499
6721,36986,32062,8334,32628,1635.0611248640625
6722,36986,32062,8301,32621,1635.062249859375
6723,36986,32062,8269,32613,1635.0633748546875
6724,36986,32062,8236,32605,1635.06449985
6725,36986,32062,8204,32598,1635.0656248453124
6726,36986,32062,8171,32590,1635.0667498406249
6727,36986,32062,8138,32582,1635.0678748359373
6728,36986,32062,8106,32575,1635.06899983125
6729,36986,32062,8073,32567,1635.0701248265625
6730,36986,32062,8041,32559,1635.071249821875
6731,36986,32062,8008,32551,1635.0723748171874
6732,36986,32062,7975,32544,1635.0734998125
6733,36986,32062,7943,32536,1635.0746248078124
6734,36986,32062,7910,32528,1635.075749803125
6735,36986,32062,7878,32521,1635.0768747984375
6736,36986,32062,7845,32513,1635.07799979375
6737,36986,32062,7812,32505,1635.0791247890625
6738,36986,32062,7780,32498,1635.080249784375
6739,36986,32062,7747,32490,1635.0813747796874
6740,36986,32062,7715,32482,1635.082499775
6741,36986,32062,7682,32475,1635.0836247703126
6742,36986,32062,7649,32467,1635.084749765625
6743,36986,32062,7617,32459,1635.0858747609375
6744,36986,32062,7584,32451,1635.08699975625
6745,36986,32062,7552,32444,1635.0881247515624
6746,36986,32062,7519,32436,1635.0892497468749
6747,36986,32062,7486,32428,1635.0903747421876
6748,36986,32062,7454,32421,1635.0914997375
6749,36986,32062,7421,32413,1635.0926247328125
6750,36986,32062,7389,32405,1635.093749728125
6751,36986,32062,7356,32398,1635.0948747234374
6752,36391,31482,7904,32390,1635.09599971875
6753,36391,31482,7875,32382,1635.0971247140626
6754,36391,31482,7846,32375,1635.098249709375
6755,36391,31482,7817,32367,1635.0993747046875
6756,36391,31482,7787,32359,1635.1004997
6757,36391,31482,7758,32351,1635.1016246953125
6758,36391,31482,7729,32344,1635.102749690625
6759,36391,31482,7700,32336,1635.1038746859374
6760,36391,31482,7671,32328,1635.10499968125
6761,36391,31482,7642,32321,1635.1061246765626
6762,36391,31482,7612,32313,1635.107249671875
6763,36391,31482,7583,32305,1635.1083746671875
6764,36391,31482,7554,32298,1635.1094996625
6765,36391,31482,7525,32290,1635.1106246578124
6766,36391,31482,7496,32282,1635.1117496531251
6767,36391,31482,7467,32275,1635.1128746484376
6768,36391,31482,7437,32267,1635.11399964375
6769,36391,31482,7408,32259,1635.1151246390625
6770,36391,31482,7379,32251,1635.116249634375
6771,36391,31482,7350,32244,1635.1173746296874
6772,36391,31482,7321,32236,1635.118499625
6773,36391,31482,7292,32228,1635.1196246203126
6774,36391,31482,7262,32221,1635.120749615625
6775,36391,31482,7233,32213,1635.1218746109375
6776,36391,31482,7204,32205,1635.12299960625
6777,36391,31482,7175,32198,1635.1241246015625
6778,36391,31482,7146,32190,1635.125249596875
6779,36391,31482,7117,32182,1635.1263745921876
6780,36391,31482,7087,32175,1635.1274995875
6781,36391,31482,7058,32167,1635.1286245828126
6782,36391,31482,7029,32159,1635.129749578125
6783,36391,31482,7000,32151,1635.1308745734375
6784,36391,31482,6971,32144,1635.13199956875
6785,36391,31482,6941,32136,1635.1331245640627
6786,36391,31482,6912,32128,1635.1342495593751
6787,36391,31482,6883,32121,1635.1353745546876
6788,36391,31482,6854,32025,1635.1365
6789,36391,31482,6825,32015,1635.1376249625
6790,36391,31482,6796,32005,1635.138749925
6791,36391,31482,6766,31995,1635.1398748875001
6792,36391,31482,6737,31985,1635.14099985
6793,36391,31482,6708,31975,1635.1421248125
6794,36391,31482,6679,31964,1635.1432497750002
6795,36391,31482,6650,31954,1635.1443747375001
6796,35796,30902,7141,31944,1635.1454997
6797,35796,30902,7113,31934,1635.1466246625
6798,35796,30902,7086,31924,1635.147749625
6799,35796,30902,7059,31914,1635.1488745875001
6800,35796,30902,7031,31890,1635.15
6801,35796,30902,7004,31879,1635.1511249625
6802,35796,30902,6976,31868,1635.152249925
6803,35796,30902,6949,31857,1635.1533748875001
6804,35796,30902,6922,31846,1635.15449985
6805,35796,30902,6894,31835,1635.1556248125
6806,35796,30902,6867,31825,1635.1567497750002
6807,35796,30902,6840,31814,1635.1578747375002
6808,35796,30902,6812,31803,1635.1589997
6809,35796,30902,6785,31792,1635.1601246625
6810,35796,30902,6758,31781,1635.161249625
6811,35796,30902,6730,31770,1635.1623745875002
6812,35796,30902,6703,31723,1635.1635
6813,35796,30902,6675,31723,1635.1646248875002
6814,35796,30902,6648,31723,1635.1657497750002
6815,35796,30902,6621,31723,1635.1668746625
6816,35796,30902,6593,31652,1635.168
6817,35796,30902,6566,31640,1635.169124971875
6818,35796,30902,6539,31629,1635.17024994375
6819,35796,30902,6511,31618,1635.171374915625
6820,35796,30902,6484,31606,1635.1724998875
6821,35796,30902,6456,31595,1635.173624859375
6822,35796,30902,6429,31584,1635.17474983125
6823,35796,30902,6402,31572,1635.175874803125
6824,35796,30902,6374,31561,1635.1769997749998
6825,35796,30902,6347,31549,1635.1781247468748
6826,35796,30902,6320,31538,1635.1792497187498
6827,35796,30902,6292,31527,1635.1803746906248
6828,35796,30902,6265,31515,1635.1814996624998
6829,35796,30902,6237,31504,1635.1826246343749
6830,35796,30902,6210,31493,1635.1837496062499
6831,35796,30902,6183,31481,1635.184874578125
6832,35796,30902,6155,31465,1635.186
6833,35796,30902,6128,31459,1635.1871249859373
6834,35796,30902,6101,31453,1635.188249971875
6835,35796,30902,6073,31447,1635.1893749578123
6836,35796,30902,6046,31440,1635.19049994375
6837,35796,30902,6018,31434,1635.1916249296874
6838,35796,30902,5991,31428,1635.192749915625
6839,35796,30902,5964,31422,1635.1938749015624
6840,35201,30322,6427,31415,1635.1949998875
6841,35201,30322,6402,31409,1635.1961248734374
6842,35201,30322,6377,31403,1635.197249859375
6843,35201,30322,6352,31397,1635.1983748453124
6844,35201,30322,6327,31390,1635.19949983125
6845,35201,30322,6302,31384,1635.2006248171874
6846,35201,30322,6277,31378,1635.201749803125
6847,35201,30322,6253,31372,1635.2028747890624
6848,35201,30322,6228,31365,1635.2039997749998
6849,35201,30322,6203,31359,1635.2051247609375
6850,35201,30322,6178,31353,1635.2062497468748
6851,35201,30322,6153,31347,1635.2073747328125
6852,35201,30322,6128,31340,1635.2084997187499
6853,35201,30322,6103,31334,1635.2096247046875
6854,35201,30322,6078,31328,1635.2107496906249
6855,35201,30322,6053,31322,1635.2118746765625
6856,35201,30322,6028,31315,1635.2129996625
6857,35201,30322,6003,31309,1635.2141246484375
6858,35201,30322,5978,31303,1635.215249634375
6859,35201,30322,5953,31297,1635.2163746203125
6860,35201,30322,5928,31290,1635.21749960625
6861,35201,30322,5903,31284,1635.2186245921876
6862,35201,30322,5878,31278,1635.219749578125
6863,35201,30322,5853,31271,1635.2208745640626
6864,35201,30322,5828,31225,1635.222
6865,35201,30322,5804,31215,1635.2231249775
6866,35201,30322,5779,31205,1635.224249955
6867,35201,30322,5754,31195,1635.2253749325
6868,35201,30322,5729,31185,1635.22649991
6869,35201,30322,5704,31175,1635.2276248875
6870,35201,30322,5679,31165,1635.228749865
6871,35201,30322,5654,31155,1635.2298748425
6872,35201,30322,5629,31145,1635.23099982
6873,35201,30322,5604,31135,1635.2321247975
6874,35201,30322,5579,31124,1635.2332497749999
6875,35201,30322,5554,31114,1635.2343747525
6876,35201,30322,5529,31104,1635.23549973
6877,35201,30322,5504,31094,1635.2366247075
6878,35201,30322,5479,31084,1635.237749685
6879,35201,30322,5454,31074,1635.2388746625
6880,35201,30322,5429,31064,1635.23999964
6881,35201,30322,5404,31054,1635.2411246175
6882,35201,30322,5379,31044,1635.242249595
6883,35201,30322,5355,31034,1635.2433745725
6884,35201,30322,5330,31003,1635.2445
6885,35201,30322,5305,31003,1635.2456248875
6886,35201,30322,5280,31003,1635.246749775
6887,35201,30322,5255,31003,1635.2478746625
6888,35201,30322,5230,30935,1635.249
6889,35201,30322,5205,30943,1635.25012494375
6890,35201,30322,5180,30951,1635.2512498875
6891,35201,30322,5155,30959,1635.25237483125
6892,34605,29739,5605,30967,1635.253499775
6893,34605,29739,5582,30975,1635.25462471875
6894,34605,29739,5559,30983,1635.2557496625
6895,34605,29739,5537,30991,1635.25687460625
6896,34605,29739,5514,30903,1635.258
6897,34605,29739,5491,30903,1635.2591248875
6898,34605,29739,5468,30903,1635.260249775
6899,34605,29739,5446,30903,1635.2613746625
6900,34605,29739,5423,30835,1635.2625
6901,34605,29739,5400,30835,1635.2636248875
6902,34605,29739,5377,30835,1635.264749775
6903,34605,29739,5354,30835,1635.2658746625
6904,34605,29739,5332,30751,1635.267
6905,34605,29739,5309,30751,1635.2681248875
6906,34605,29739,5286,30751,1635.269249775
6907,34605,29739,5263,30751,1635.2703746625
6908,34605,29739,5240,30686,1635.2715
6909,34605,29739,5218,30686,1635.2726248875001
6910,34605,29739,5195,30686,1635.273749775
6911,34605,29739,5172,30686,1635.2748746625
6912,34605,29739,5149,30618,1635.276
6913,34605,29739,5127,30618,1635.2771248875001
6914,34605,29739,5104,30618,1635.278249775
6915,34605,29739,5081,30618,1635.2793746625
6916,34605,29739,5058,30526,1635.2805
6917,34605,29739,5035,30526,1635.2816248875001
6918,34605,29739,5013,30526,1635.282749775
6919,34605,29739,4990,30526,1635.2838746625
6920,34605,29739,4967,30447,1635.285
6921,34605,29739,4944,30447,1635.2861248875001
6922,34605,29739,4921,30447,1635.287249775
6923,34605,29739,4899,30447,1635.2883746625
6924,34605,29739,4876,30351,1635.2895
6925,34605,29739,4853,30337,1635.2906249437501
6926,34605,29739,4830,30323,1635.2917498875001
6927,34605,29739,4807,30308,1635.2928748312502
6928,34605,29739,4785,30294,1635.293999775
6929,34605,29739,4762,30280,1635.29512471875
6930,34605,29739,4739,30266,1635.2962496625
6931,34605,29739,4716,30251,1635.29737460625
6932,34605,29739,4694,30222,1635.2985
6933,34605,29739,4671,30222,1635.2996248875002
6934,34605,29739,4648,30222,1635.300749775
6935,34605,29739,4625,30222,1635.3018746625
6936,34605,29739,4602,30134,1635.303
6937,34605,29739,4580,30134,1635.3041248875002
6938,34605,29739,4557,30134,1635.305249775
6939,34605,29739,4534,30134,1635.3063746625
6940,34605,29739,4511,30062,1635.3075
6941,34605,29739,4488,30053,1635.3086249624998
6942,34605,29739,4466,30044,1635.3097499249998
6943,34605,29739,4443,30035,1635.3108748875
6944,34605,29739,4420,30026,1635.31199985
6945,34605,29739,4397,30017,1635.3131248124998
6946,34605,29739,4375,30008,1635.314249775
6947,34605,29739,4352,29999,1635.3153747375
6948,34058,29211,4718,29990,1635.3164997
6949,34058,29211,4697,29980,1635.3176246624998
6950,34058,29211,4677,29971,1635.3187496249998
6951,34058,29211,4657,29962,1635.3198745875
6952,34058,29211,4637,29887,1635.321
6953,34058,29211,4617,29881,1635.3221249973835
6954,34058,29211,4597,29874,1635.3232499947674
6955,34058,29211,4577,29868,1635.324374992151
6956,34058,29211,4557,29862,1635.3254999895348
6957,34058,29211,4537,29856,1635.3266249869184
6958,34058,29211,4517,29849,1635.3277499843023
6959,34058,29211,4497,29843,1635.3288749816859
6960,34058,29211,4477,29837,1635.3299999790697
6961,34058,29211,4457,29831,1635.3311249764533
6962,34058,29211,4437,29824,1635.3322499738372
6963,34058,29211,4417,29818,1635.3333749712208
6964,34058,29211,4397,29812,1635.3344999686046
6965,34058,29211,4377,29806,1635.3356249659882
6966,34058,29211,4357,29799,1635.336749963372
6967,34058,29211,4337,29793,1635.3378749607557
6968,34058,29211,4317,29787,1635.3389999581395
6969,34058,29211,4296,29781,1635.3401249555232
6970,34058,29211,4276,29774,1635.341249952907
6971,34058,29211,4256,29768,1635.3423749502906
6972,34058,29211,4236,29762,1635.3434999476744
6973,34058,29211,4216,29756,1635.344624945058
6974,34058,29211,4196,29749,1635.3457499424417
6975,34058,29211,4176,29743,1635.3468749398255
6976,34058,29211,4156,29737,1635.3479999372091
6977,34058,29211,4136,29731,1635.349124934593
6978,34058,29211,4116,29724,1635.3502499319766
6979,34058,29211,4096,29718,1635.3513749293604
6980,34058,29211,4076,29712,1635.352499926744
6981,34058,29211,4056,29706,1635.3536249241279
6982,34058,29211,4036,29699,1635.3547499215115
6983,34058,29211,4016,29693,1635.3558749188953
6984,34058,29211,3996,29687,1635.356999916279
6985,34058,29211,3976,29681,1635.3581249136628
6986,34058,29211,3956,29674,1635.3592499110464
6987,34058,29211,3936,29668,1635.3603749084302
6988,34058,29211,3916,29662,1635.3614999058138
6989,34058,29211,3896,29656,1635.3626249031977
6990,34058,29211,3875,29649,1635.3637499005813
6991,34058,29211,3855,29643,1635.3648748979651
6992,33511,28683,4166,29637,1635.3659998953488
6993,33511,28683,4147,29631,1635.3671248927326
6994,33511,28683,4129,29624,1635.3682498901162
6995,33511,28683,4111,29618,1635.3693748875
6996,33511,28683,4093,29612,1635.3704998848837
6997,33511,28683,4074,29606,1635.3716248822673
6998,33511,28683,4056,29599,1635.372749879651
6999,33511,28683,4038,29593,1635.3738748770347
7000,33511,28683,4020,29587,1635.3749998744186
7001,33511,28683,4001,29581,1635.3761248718022
7002,33511,28683,3983,29574,1635.377249869186
7003,33511,28683,3965,29568,1635.3783748665696
7004,33511,28683,3947,29562,1635.3794998639535
7005,33511,28683,3928,29556,1635.380624861337
7006,33511,28683,3910,29550,1635.381749858721
7007,33511,28683,3892,29543,1635.3828748561045
7008,33511,28683,3874,29537,1635.3839998534884
7009,33511,28683,3855,29531,1635.385124850872
7010,33511,28683,3837,29525,1635.3862498482558
7011,33511,28683,3819,29518,1635.3873748456394
7012,33511,28683,3801,29512,1635.3884998430233
7013,33511,28683,3782,29506,1635.389624840407
7014,33511,28683,3764,29500,1635.3907498377907
7015,33511,28683,3746,29493,1635.3918748351743
7016,33511,28683,3728,29487,1635.3929998325582
7017,33511,28683,3709,29481,1635.3941248299418
7018,33511,28683,3691,29475,1635.3952498273254
7019,33511,28683,3673,29468,1635.3963748247093
7020,33511,28683,3654,29462,1635.3974998220929
7021,33511,28683,3636,29456,1635.3986248194767
7022,33511,28683,3618,29450,1635.3997498168603
7023,33511,28683,3600,29443,1635.4008748142442
7024,33511,28683,3581,29437,1635.4019998116278
7025,33511,28683,3563,29431,1635.4031248090116
7026,33511,28683,3545,29425,1635.4042498063952
7027,33511,28683,3527,29418,1635.405374803779
7028,33511,28683,3508,29412,1635.4064998011627
7029,33511,28683,3490,29406,1635.4076247985465
7030,33511,28683,3472,29400,1635.4087497959301
7031,33511,28683,3454,29393,1635.409874793314
7032,33511,28683,3435,29387,1635.4109997906976
7033,33511,28683,3417,29381,1635.4121247880814
7034,33511,28683,3399,29375,1635.413249785465
7035,33511,28683,3381,29368,1635.4143747828489
7036,33511,28683,3362,29362,1635.4154997802325
7037,33511,28683,3344,29356,1635.4166247776163
7038,33511,28683,3326,29350,1635.417749775
7039,33511,28683,3308,29343,1635.4188747723836
7040,33511,28683,3289,29337,1635.4199997697674
7041,33511,28683,3271,29331,1635.421124767151
7042,33511,28683,3253,29325,1635.4222497645349
7043,33511,28683,3235,29318,1635.4233747619185
7044,33511,28683,3216,29312,1635.4244997593023
7045,33511,28683,3198,29306,1635.425624756686
7046,33511,28683,3180,29300,1635.4267497540698
7047,33511,28683,3162,29293,1635.4278747514534
7048,32964,28155,3463,29287,1635.4289997488372
7049,32964,28155,3446,29281,1635.4301247462208
7050,32964,28155,3429,29275,1635.4312497436047
7051,32964,28155,3412,29268,1635.4323747409883
7052,32964,28155,3395,29262,1635.4334997383721
7053,32964,28155,3378,29256,1635.4346247357557
7054,32964,28155,3361,29250,1635.4357497331396
7055,32964,28155,3344,29243,1635.4368747305232
7056,32964,28155,3327,29237,1635.437999727907
7057,32964,28155,3310,29231,1635.4391247252906
7058,32964,28155,3293,29225,1635.4402497226745
7059,32964,28155,3276,29218,1635.441374720058
7060,32964,28155,3259,29212,1635.4424997174417
7061,32964,28155,3242,29206,1635.4436247148255
7062,32964,28155,3225,29200,1635.4447497122092
7063,32964,28155,3208,29194,1635.445874709593
7064,32964,28155,3191,29187,1635.4469997069766
7065,32964,28155,3174,29181,1635.4481247043605
7066,32964,28155,3157,29175,1635.449249701744
7067,32964,28155,3140,29169,1635.450374699128
7068,32964,28155,3123,29162,1635.4514996965115
7069,32964,28155,3106,29156,1635.4526246938954
7070,32964,28155,3089,29150,1635.453749691279
7071,32964,28155,3072,29144,1635.4548746886628
7072,32964,28155,3055,29137,1635.4559996860464
7073,32964,28155,3038,29131,1635.4571246834303
7074,32964,28155,3021,29125,1635.4582496808139
7075,32964,28155,3004,29119,1635.4593746781977
7076,32964,28155,2987,29112,1635.4604996755813
7077,32964,28155,2970,29106,1635.4616246729652
7078,32964,28155,2953,29100,1635.4627496703488
7079,32964,28155,2936,29094,1635.4638746677326
7080,32964,28155,2919,29087,1635.4649996651162
7081,32964,28155,2902,29081,1635.4661246625
7082,32964,28155,2885,29075,1635.4672496598837
7083,32964,28155,2868,29069,1635.4683746572673
7084,32964,28155,2851,29062,1635.4694996546511
7085,32964,28155,2834,29056,1635.4706246520348
7086,32964,28155,2817,29050,1635.4717496494186
7087,32964,28155,2800,29044,1635.4728746468022
7088,32964,28155,2783,29037,1635.473999644186
7089,32964,28155,2766,29031,1635.4751246415697
7090,32964,28155,2749,29025,1635.4762496389535
7091,32964,28155,2732,29019,1635.4773746363371
7092,32417,27627,3028,29012,1635.478499633721
7093,32417,27627,3011,29006,1635.4796246311046
7094,32417,27627,2995,29000,1635.4807496284884
7095,32417,27627,2978,28994,1635.481874625872
7096,32417,27627,2961,28987,1635.4829996232559
7097,32417,27627,2945,28981,1635.4841246206395
7098,32417,27627,2928,28975,1635.4852496180233
7099,32417,27627,2912,28969,1635.486374615407
7100,32417,27627,2895,28962,1635.4874996127908
7101,32417,27627,2878,28956,1635.4886246101744
7102,32417,27627,2862,28950,1635.4897496075582
7103,32417,27627,2845,28944,1635.4908746049418
7104,32417,27627,2828,28937,1635.4919996023254
7105,32417,27627,2812,28931,1635.4931245997093
7106,32417,27627,2795,28925,1635.494249597093
7107,32417,27627,2779,28919,1635.4953745944767
7108,32417,27627,2762,28912,1635.4964995918604
7109,32417,27627,2745,28906,1635.4976245892442
7110,32417,27627,2729,28900,1635.4987495866278
7111,32417,27627,2712,28894,1635.4998745840116
7112,32417,27627,2696,28887,1635.5009995813953
7113,32417,27627,2679,28881,1635.502124578779
7114,32417,27627,2662,28875,1635.5032495761627
7115,32417,27627,2646,28869,1635.5043745735466
7116,32417,27627,2629,28863,1635.5054995709302
7117,32417,27627,2613,28856,1635.506624568314
7118,32417,27627,2596,28850,1635.5077495656976
7119,32417,27627,2579,28844,1635.5088745630815
7120,32417,27627,2563,28838,1635.509999560465
7121,32417,27627,2546,28831,1635.511124557849
7122,32417,27627,2529,28825,1635.5122495552325
7123,32417,27627,2513,28819,1635.5133745526164
7124,31870,27099,10222,31198,1635.5145
7125,31870,27099,10188,31188,1635.5156249839285
7126,31870,27099,10154,31177,1635.516749967857
7127,31870,27099,10120,31167,1635.5178749517856
7128,31870,27099,10085,31157,1635.5189999357142
7129,31870,27099,10051,31147,1635.520124919643
7130,31870,27099,10017,31137,1635.5212499035715
7131,31870,27099,9983,31127,1635.5223748875
7132,31870,27099,9949,31117,1635.5234998714286
7133,31870,27099,9914,31107,1635.5246248553572
7134,31870,27099,9880,31096,1635.5257498392857
7135,31870,27099,9846,31086,1635.5268748232143
7136,31870,27099,9812,31076,1635.5279998071428
7137,31870,27099,9778,31066,1635.5291247910714
7138,31870,27099,9743,31056,1635.530249775
7139,31870,27099,9709,31046,1635.5313747589287
7140,31870,27099,9638,31036,1635.5324997428572
7141,31870,27099,9604,31026,1635.5336247267858
7142,31870,27099,9569,31015,1635.5347497107143
7143,31870,27099,9534,31005,1635.5358746946429
7144,31870,27099,9499,30995,1635.5369996785714
7145,31870,27099,9465,30985,1635.5381246625
7146,31870,27099,9430,30975,1635.5392496464285
7147,31870,27099,9395,30965,1635.540374630357
7148,31870,27099,9360,30955,1635.5414996142858
7149,31870,27099,9326,30945,1635.5426245982144
7150,31870,27099,9291,30934,1635.543749582143
7151,31870,27099,9256,30924,1635.5448745660715
7152,31870,27099,9182,30863,1635.546
7153,31870,27099,9147,30863,1635.5471248875
7154,31870,27099,9112,30863,1635.548249775
7155,31870,27099,9077,30863,1635.5493746625
7156,31870,27099,9043,30780,1635.5505
7157,31870,27099,9008,30780,1635.5516248875
7158,31870,27099,8973,30780,1635.552749775
7159,31870,27099,8938,30780,1635.5538746625
7160,31870,27099,8903,30695,1635.555
7161,31870,27099,8869,30684,1635.55612494375
7162,31870,27099,8834,30673,1635.5572498875001
7163,31870,27099,8799,30662,1635.5583748312501
7164,31870,27099,8764,30651,1635.559499775
7165,31870,27099,8729,30640,1635.56062471875
7166,31870,27099,8695,30629,1635.5617496625
7167,31870,27099,8660,30618,1635.56287460625
7168,31870,27099,8616,30571,1635.564
7169,31870,27099,8584,30571,1635.5651249625
7170,31870,27099,8552,30571,1635.5662499250002
7171,31870,27099,8520,30572,1635.5673748875001
7172,31870,27099,8488,30572,1635.56849985
7173,31870,27099,8456,30572,1635.5696248125
7174,31870,27099,8424,30572,1635.570749775
7175,31870,27099,8392,30572,1635.5718747375001
7176,31323,26571,9030,30572,1635.5729997
7177,31323,26571,8997,30572,1635.5741246625
7178,31323,26571,8965,30572,1635.5752496250002
7179,31323,26571,8932,30573,1635.5763745875001
7180,31323,26571,8900,30526,1635.5775
7181,31323,26571,8867,30526,1635.5786248875002
7182,31323,26571,8834,30526,1635.579749775
7183,31323,26571,8802,30526,1635.5808746625
7184,31323,26571,8769,30445,1635.582
7185,31323,26571,8736,30445,1635.5831248875002
7186,31323,26571,8704,30445,1635.584249775
7187,31323,26571,8671,30445,1635.5853746625
7188,31323,26571,8638,30351,1635.5865
7189,31323,26571,8606,30351,1635.5876248875
7190,31323,26571,8573,30351,1635.588749775
7191,31323,26571,8541,30351,1635.5898746624998
7192,31323,26571,8508,30271,1635.591
7193,31323,26571,8475,30271,1635.5921248875
7194,31323,26571,8443,30271,1635.593249775
7195,31323,26571,8410,30271,1635.5943746624998
7196,31323,26571,8377,30200,1635.5955
7197,31323,26571,8345,30200,1635.5966248875
7198,31323,26571,8312,30200,1635.597749775
7199,31323,26571,8279,30200,1635.5988746624998
7200,31323,26571,8247,30136,1635.6
7201,31323,26571,8214,30136,1635.6011248875
7202,31323,26571,8182,30136,1635.602249775
7203,31323,26571,8149,30136,1635.6033746624998
7204,31323,26571,8116,30055,1635.6045
7205,31323,26571,8084,30047,1635.6056249940789
7206,31323,26571,8051,30040,1635.6067499881578
7207,31323,26571,8018,30032,1635.6078749822368
7208,31323,26571,7986,30024,1635.6089999763158
7209,31323,26571,7953,30017,1635.6101249703947
7210,31323,26571,7920,30009,1635.6112499644737
7211,31323,26571,7888,30001,1635.6123749585527
7212,31323,26571,7855,29994,1635.6134999526314
7213,31323,26571,7822,29986,1635.6146249467104
7214,31323,26571,7790,29979,1635.6157499407893
7215,31323,26571,7757,29971,1635.6168749348683
7216,31323,26571,7725,29963,1635.6179999289473
7217,31323,26571,7692,29956,1635.6191249230262
7218,31323,26571,7659,29948,1635.6202499171052
7219,31323,26571,7627,29940,1635.6213749111841
7220,31323,26571,7594,29933,1635.622499905263
7221,31323,26571,7561,29925,1635.623624899342
7222,31323,26571,7529,29917,1635.624749893421
7223,31323,26571,7496,29910,1635.6258748875
7224,31323,26571,7463,29902,1635.626999881579
7225,31323,26571,7431,29895,1635.628124875658
7226,31323,26571,7398,29887,1635.629249869737
7227,31323,26571,7366,29879,1635.6303748638156
7228,30776,26043,7946,29872,1635.6314998578946
7229,30776,26043,7917,29864,1635.6326248519736
7230,30776,26043,7887,29856,1635.6337498460525
7231,30776,26043,7857,29849,1635.6348748401315
7232,30776,26043,7827,29841,1635.6359998342105
7233,30776,26043,7797,29833,1635.6371248282894
7234,30776,26043,7768,29826,1635.6382498223684
7235,30776,26043,7738,29818,1635.6393748164473
7236,30776,26043,7708,29811,1635.6404998105263
7237,30776,26043,7678,29803,1635.6416248046053
7238,30776,26043,7648,29795,1635.6427497986842
7239,30776,26043,7618,29788,1635.6438747927632
7240,30776,26043,7589,29780,1635.6449997868422
7241,30776,26043,7559,29772,1635.6461247809211
7242,30776,26043,7529,29765,1635.647249775
7243,30776,26043,7499,29757,1635.6483747690788
7244,30776,26043,7469,29750,1635.6494997631578
7245,30776,26043,7439,29742,1635.6506247572368
7246,30776,26043,7410,29734,1635.6517497513157
7247,30776,26043,7380,29727,1635.6528747453947
7248,30776,26043,7350,29719,1635.6539997394736
7249,30776,26043,7320,29711,1635.6551247335526
7250,30776,26043,7290,29704,1635.6562497276316
7251,30776,26043,7260,29696,1635.6573747217105
7252,30776,26043,7231,29688,1635.6584997157895
7253,30776,26043,7201,29681,1635.6596247098685
7254,30776,26043,7171,29673,1635.6607497039474
7255,30776,26043,7141,29666,1635.6618746980264
7256,30776,26043,7111,29658,1635.6629996921054
7257,30776,26043,7081,29650,1635.6641246861843
7258,30776,26043,7052,29643,1635.665249680263
7259,30776,26043,7022,29635,1635.666374674342
7260,30776,26043,6992,29627,1635.667499668421
7261,30776,26043,6962,29620,1635.6686246625
7262,30776,26043,6932,29612,1635.669749656579
7263,30776,26043,6903,29604,1635.6708746506579
7264,30776,26043,6873,29597,1635.6719996447368
7265,30776,26043,6843,29589,1635.6731246388158
7266,30776,26043,6813,29582,1635.6742496328948
7267,30776,26043,6783,29574,1635.6753746269737
7268,30776,26043,6753,29566,1635.6764996210527
7269,30776,26043,6724,29559,1635.6776246151317
7270,30776,26043,6694,29551,1635.6787496092106
7271,30776,26043,6664,29543,1635.6798746032896
7272,30776,26043,6634,29536,1635.6809995973686
7273,30776,26043,6604,29528,1635.6821245914473
7274,30776,26043,6574,29521,1635.6832495855263
7275,30776,26043,6545,29513,1635.6843745796052
7276,30776,26043,6515,29505,1635.6854995736842
7277,30776,26043,6485,29498,1635.6866245677631
7278,30776,26043,6455,29490,1635.687749561842
7279,30776,26043,6425,29482,1635.688874555921
7280,30229,25515,6985,29567,1635.69
7281,30229,25515,6958,29559,1635.69112494375
7282,30229,25515,6931,29551,1635.6922498875
7283,30229,25515,6905,29542,1635.6933748312501
7284,30229,25515,6878,29534,1635.6944997750002
7285,30229,25515,6851,29526,1635.69562471875
7286,30229,25515,6825,29518,1635.6967496625
7287,30229,25515,6798,29509,1635.69787460625
7288,30229,25515,6771,29467,1635.699
7289,30229,25515,6745,29467,1635.7001248875001
7290,30229,25515,6718,29467,1635.7012497750002
7291,30229,25515,6691,29467,1635.7023746625
7292,30229,25515,6665,29389,1635.7035
7293,30229,25515,6638,29377,1635.7046249625
7294,30229,25515,6611,29365,1635.705749925
7295,30229,25515,6585,29353,1635.7068748875001
7296,30229,25515,6558,29341,1635.70799985
7297,30229,25515,6531,29329,1635.7091248125
7298,30229,25515,6505,29316,1635.7102497750002
7299,30229,25515,6478,29304,1635.7113747375001
7300,30229,25515,6451,29292,1635.7124997
7301,30229,25515,6425,29280,1635.7136246625
7302,30229,25515,6398,29268,1635.714749625
7303,30229,25515,6372,29256,1635.7158745875001
7304,30229,25515,6345,29230,1635.717
7305,30229,25515,6318,29216,1635.7181249437501
7306,30229,25515,6292,29203,1635.7192498875002
7307,30229,25515,6265,29189,1635.7203748312502
7308,30229,25515,6238,29175,1635.7214997750002
7309,30229,25515,6212,29161,1635.72262471875
7310,30229,25515,6185,29148,1635.7237496625
7311,30229,25515,6158,29134,1635.72487460625
7312,30229,25515,6132,29065,1635.726
7313,30229,25515,6105,29058,1635.7271249933824
7314,30229,25515,6078,29052,1635.728249986765
7315,30229,25515,6052,29045,1635.7293749801472
7316,30229,25515,6025,29038,1635.7304999735295
7317,30229,25515,5998,29031,1635.7316249669118
7318,30229,25515,5972,29024,1635.7327499602943
7319,30229,25515,5945,29017,1635.7338749536766
7320,30229,25515,5918,29010,1635.734999947059
7321,30229,25515,5892,29003,1635.7361249404412
7322,30229,25515,5865,28997,1635.7372499338237
7323,30229,25515,5838,28990,1635.738374927206
7324,30229,25515,5812,28983,1635.7394999205883
7325,30229,25515,5785,28976,1635.7406249139706
7326,30229,25515,5759,28969,1635.741749907353
7327,30229,25515,5732,28962,1635.7428749007354
7328,30229,25515,5705,28955,1635.7439998941177
7329,30229,25515,5679,28948,1635.7451248875
7330,30229,25515,5652,28941,1635.7462498808825
7331,30229,25515,5625,28935,1635.7473748742648
7332,30229,25515,5599,28928,1635.748499867647
7333,30229,25515,5572,28921,1635.7496248610296
7334,30229,25515,5545,28914,1635.7507498544119
7335,30229,25515,5519,28907,1635.7518748477942
7336,29682,24987,5994,28900,1635.7529998411765
7337,29682,24987,5970,28893,1635.754124834559
7338,29682,24987,5946,28886,1635.7552498279413
7339,29682,24987,5922,28880,1635.7563748213236
7340,29682,24987,5898,28873,1635.7574998147059
7341,29682,24987,5875,28866,1635.7586248080884
7342,29682,24987,5851,28859,1635.7597498014707
7343,29682,24987,5827,28852,1635.760874794853
7344,29682,24987,5803,28845,1635.7619997882352
7345,29682,24987,5779,28838,1635.7631247816178
7346,29682,24987,5755,28831,1635.764249775
7347,29682,24987,5732,28824,1635.7653747683823
7348,29682,24987,5708,28818,1635.7664997617649
7349,29682,24987,5684,28811,1635.7676247551472
7350,29682,24987,5660,28804,1635.7687497485294
7351,29682,24987,5636,28797,1635.7698747419117
7352,29682,24987,5612,28790,1635.7709997352943
7353,29682,24987,5589,28783,1635.7721247286765
7354,29682,24987,5565,28776,1635.7732497220588
7355,29682,24987,5541,28769,1635.7743747154411
7356,29682,24987,5517,28763,1635.7754997088236
7357,29682,24987,5493,28756,1635.776624702206
7358,29682,24987,5469,28749,1635.7777496955882
7359,29682,24987,5446,28742,1635.7788746889705
7360,29682,24987,5422,28735,1635.779999682353
7361,29682,24987,5398,28728,1635.7811246757353
7362,29682,24987,5374,28721,1635.7822496691176
7363,29682,24987,5350,28714,1635.7833746625001
7364,29682,24987,5326,28707,1635.7844996558824
7365,29682,24987,5303,28701,1635.7856246492647
7366,29682,24987,5279,28694,1635.786749642647
7367,29682,24987,5255,28687,1635.7878746360295
7368,29682,24987,5231,28680,1635.7889996294118
7369,29682,24987,5207,28673,1635.790124622794
7370,29682,24987,5184,28666,1635.7912496161764
7371,29682,24987,5160,28659,1635.792374609559
7372,29682,24987,5136,28652,1635.7934996029412
7373,29682,24987,5112,28646,1635.7946245963235
7374,29682,24987,5088,28639,1635.7957495897058
7375,29682,24987,5064,28632,1635.7968745830883
7376,29682,24987,5041,28625,1635.7979995764706
7377,29682,24987,5017,28618,1635.799124569853
7378,29682,24987,4993,28611,1635.8002495632352
7379,29682,24987,4969,28604,1635.8013745566177
7380,29127,24453,5409,28739,1635.8025
7381,29127,24453,5387,28728,1635.803624971875
7382,29127,24453,5366,28717,1635.80474994375
7383,29127,24453,5344,28706,1635.805874915625
7384,29127,24453,5322,28696,1635.8069998875
7385,29127,24453,5301,28685,1635.808124859375
7386,29127,24453,5279,28674,1635.80924983125
7387,29127,24453,5257,28663,1635.8103748031251
7388,29127,24453,5235,28652,1635.811499775
7389,29127,24453,5214,28641,1635.812624746875
7390,29127,24453,5192,28630,1635.81374971875
7391,29127,24453,5170,28619,1635.814874690625
7392,29127,24453,5149,28609,1635.8159996625
7393,29127,24453,5127,28598,1635.817124634375
7394,29127,24453,5105,28587,1635.81824960625
7395,29127,24453,5083,28576,1635.819374578125
7396,29127,24453,5062,28552,1635.8205
7397,29127,24453,5040,28541,1635.8216249775
7398,29127,24453,5018,28529,1635.822749955
7399,29127,24453,4996,28518,1635.8238749325
7400,29127,24453,4975,28506,1635.82499991
7401,29127,24453,4953,28495,1635.8261248875
7402,29127,24453,4931,28483,1635.827249865
7403,29127,24453,4910,28472,1635.8283748425001
7404,29127,24453,4888,28460,1635.8294998200001
7405,29127,24453,4866,28448,1635.8306247975001
7406,29127,24453,4844,28437,1635.831749775
7407,29127,24453,4823,28425,1635.8328747525
7408,29127,24453,4801,28414,1635.83399973
7409,29127,24453,4779,28402,1635.8351247075
7410,29127,24453,4758,28391,1635.836249685
7411,29127,24453,4736,28379,1635.8373746625
7412,29127,24453,4714,28368,1635.83849964
7413,29127,24453,4692,28356,1635.8396246175
7414,29127,24453,4671,28345,1635.840749595
7415,29127,24453,4649,28333,1635.8418745725
7416,29127,24453,4627,28284,1635.843
7417,29127,24453,4605,28284,1635.8441248875001
7418,29127,24453,4584,28284,1635.845249775
7419,29127,24453,4562,28284,1635.8463746625
7420,29127,24453,4540,28206,1635.8475
7421,29127,24453,4519,28206,1635.8486248875001
7422,29127,24453,4497,28206,1635.849749775
7423,29127,24453,4475,28206,1635.8508746625
7424,29127,24453,4453,28127,1635.852
7425,29127,24453,4432,28117,1635.853124971875
7426,29127,24453,4410,28107,1635.8542499437501
7427,29127,24453,4388,28097,1635.8553749156251
7428,29127,24453,4367,28087,1635.8564998875001
7429,29127,24453,4345,28077,1635.8576248593752
7430,29127,24453,4323,28067,1635.8587498312502
7431,29127,24453,4301,28056,1635.8598748031252
7432,29127,24453,4280,28046,1635.860999775
7433,29127,24453,4258,28036,1635.862124746875
7434,29127,24453,4236,28026,1635.86324971875
7435,29127,24453,4215,28016,1635.864374690625
7436,28680,24018,4536,28006,1635.8654996625
7437,28680,24018,4516,27996,1635.866624634375
7438,28680,24018,4496,27986,1635.86774960625
7439,28680,24018,4476,27976,1635.868874578125
7440,28680,24018,4457,27959,1635.87
7441,28680,24018,4437,27959,1635.8711248875
7442,28680,24018,4417,27959,1635.872249775
7443,28680,24018,4397,27959,1635.8733746624998
7444,28680,24018,4378,27894,1635.8745
7445,28680,24018,4358,27894,1635.8756248875
7446,28680,24018,4338,27894,1635.876749775
7447,28680,24018,4319,27894,1635.8778746624998
7448,28680,24018,4299,27828,1635.879
7449,28680,24018,4279,27828,1635.8801248875
7450,28680,24018,4259,27828,1635.881249775
7451,28680,24018,4240,27828,1635.8823746624998
7452,28680,24018,4220,27755,1635.8835
7453,28680,24018,4200,27755,1635.8846248875
7454,28680,24018,4180,27755,1635.885749775
7455,28680,24018,4161,27755,1635.8868746624998
7456,28680,24018,4141,27683,1635.888
7457,28680,24018,4121,27673,1635.88912498125
7458,28680,24018,4101,27663,1635.8902499624999
7459,28680,24018,4082,27653,1635.89137494375
7460,28680,24018,4062,27643,1635.8924999249998
7461,28680,24018,4042,27633,1635.89362490625
7462,28680,24018,4022,27622,1635.8947498875
7463,28680,24018,4003,27612,1635.8958748687498
7464,28680,24018,3983,27602,1635.89699985
7465,28680,24018,3963,27592,1635.89812483125
7466,28680,24018,3944,27582,1635.8992498124999
7467,28680,24018,3924,27571,1635.90037479375
7468,28680,24018,3904,27561,1635.901499775
7469,28680,24018,3884,27551,1635.90262475625
7470,28680,24018,3865,27541,1635.9037497375
7471,28680,24018,3845,27531,1635.9048747187499
7472,28680,24018,3825,27521,1635.9059997
7473,28680,24018,3805,27510,1635.90712468125
7474,28680,24018,3786,27500,1635.9082496624999
7475,28680,24018,3766,27490,1635.90937464375
7476,28680,24018,3746,27480,1635.9104996249998
7477,28680,24018,3726,27470,1635.91162460625
7478,28680,24018,3707,27460,1635.9127495875
7479,28680,24018,3687,27449,1635.9138745687499
7480,28233,23583,3989,27547,1635.915
7481,28233,23583,3971,27541,1635.9161249933823
7482,28233,23583,3953,27535,1635.9172499867648
7483,28233,23583,3934,27529,1635.918374980147
7484,28233,23583,3916,27523,1635.9194999735294
7485,28233,23583,3898,27517,1635.9206249669116
7486,28233,23583,3880,27511,1635.9217499602942
7487,28233,23583,3862,27505,1635.9228749536765
7488,28233,23583,3844,27499,1635.9239999470587
7489,28233,23583,3825,27493,1635.9251249404413
7490,28233,23583,3807,27487,1635.9262499338236
7491,28233,23583,3789,27481,1635.9273749272058
7492,28233,23583,3771,27475,1635.9284999205881
7493,28233,23583,3753,27469,1635.9296249139707
7494,28233,23583,3734,27463,1635.930749907353
7495,28233,23583,3716,27457,1635.9318749007352
7496,28233,23583,3698,27451,1635.9329998941175
7497,28233,23583,3680,27445,1635.9341248875
7498,28233,23583,3662,27439,1635.9352498808823
7499,28233,23583,3643,27433,1635.9363748742646
7500,28233,23583,3625,27427,1635.9374998676471
7501,28233,23583,3607,27421,1635.9386248610294
7502,28233,23583,3589,27415,1635.9397498544117
7503,28233,23583,3571,27409,1635.940874847794
7504,28233,23583,3553,27403,1635.9419998411765
7505,28233,23583,3534,27397,1635.9431248345588
7506,28233,23583,3516,27391,1635.9442498279411
7507,28233,23583,3498,27385,1635.9453748213236
7508,28233,23583,3480,27379,1635.946499814706
7509,28233,23583,3462,27373,1635.9476248080882
7510,28233,23583,3443,27367,1635.9487498014705
7511,28233,23583,3425,27361,1635.949874794853
7512,28233,23583,3407,27355,1635.9509997882353
7513,28233,23583,3389,27349,1635.9521247816176
7514,28233,23583,3371,27343,1635.9532497750001
7515,28233,23583,3352,27337,1635.9543747683824
7516,28233,23583,3334,27331,1635.9554997617647
7517,28233,23583,3316,27325,1635.956624755147
7518,28233,23583,3298,27319,1635.9577497485295
7519,28233,23583,3280,27313,1635.9588747419118
7520,28233,23583,3262,27307,1635.959999735294
7521,28233,23583,3243,27301,1635.9611247286764
7522,28233,23583,3225,27295,1635.962249722059
7523,28233,23583,3207,27289,1635.9633747154412
7524,28233,23583,3189,27283,1635.9644997088235
7525,28233,23583,3171,27277,1635.965624702206
7526,28233,23583,3152,27271,1635.9667496955883
7527,28233,23583,3134,27265,1635.9678746889706
7528,28233,23583,3116,27259,1635.968999682353
7529,28233,23583,3098,27253,1635.9701246757354
7530,28233,23583,3080,27247,1635.9712496691177
7531,28233,23583,3061,27241,1635.9723746625
7532,28233,23583,3043,27235,1635.9734996558825
7533,28233,23583,3025,27229,1635.9746246492648
7534,28233,23583,3007,27223,1635.975749642647
7535,28233,23583,2989,27217,1635.9768746360294
7536,27786,23148,3275,27211,1635.977999629412
7537,27786,23148,3258,27205,1635.9791246227942
7538,27786,23148,3241,27199,1635.9802496161765
7539,27786,23148,3224,27193,1635.9813746095588
7540,27786,23148,3208,27187,1635.9824996029413
7541,27786,23148,3191,27181,1635.9836245963236
7542,27786,23148,3174,27175,1635.9847495897059
7543,27786,23148,3157,27169,1635.9858745830884
7544,27786,23148,3140,27163,1635.9869995764707
7545,27786,23148,3124,27157,1635.988124569853
7546,27786,23148,3107,27151,1635.9892495632353
7547,27786,23148,3090,27145,1635.9903745566178
7548,27786,23148,3073,27118,1635.9915
7549,27786,23148,3057,27109,1635.9926249875
7550,27786,23148,3040,27100,1635.9937499750001
7551,27786,23148,3023,27091,1635.9948749625
7552,27786,23148,3006,27083,1635.9959999500002
7553,27786,23148,2989,27074,1635.9971249375
7554,27786,23148,2973,27065,1635.998249925
7555,27786,23148,2956,27056,1635.9993749125001
7556,27786,23148,2939,27048,1636.0004999
7557,27786,23148,2922,27039,1636.0016248875
7558,27786,23148,2905,27030,1636.002749875
7559,27786,23148,2889,27021,1636.0038748625
7560,27786,23148,2872,27013,1636.00499985
7561,27786,23148,2855,27004,1636.0061248375
7562,27786,23148,2838,26995,1636.007249825
7563,27786,23148,2821,26986,1636.0083748125
7564,27786,23148,2805,26977,1636.0094998
7565,27786,23148,2788,26969,1636.0106247875
7566,27786,23148,2771,26960,1636.011749775
7567,27786,23148,2754,26951,1636.0128747625
7568,27786,23148,2737,26942,1636.01399975
7569,27786,23148,2721,26934,1636.0151247375
7570,27786,23148,2704,26925,1636.016249725
7571,27786,23148,2687,26916,1636.0173747125
7572,27786,23148,2670,26907,1636.0184997
7573,27786,23148,2653,26899,1636.0196246875
7574,27786,23148,2637,26890,1636.020749675
7575,27786,23148,2620,26881,1636.0218746625
7576,27786,23148,2603,26872,1636.02299965
7577,27786,23148,2586,26863,1636.0241246374999
7578,27786,23148,2569,26855,1636.025249625
7579,27786,23148,2553,26846,1636.0263746125
7580,27786,23148,2536,26837,1636.0274995999998
7581,27786,23148,2519,26828,1636.0286245875
7582,27786,23148,2502,26820,1636.0297495749999
7583,27786,23148,2502,26811,1636.0308745625
7584,27339,22713,10224,28655,1636.032
7585,27339,22713,10224,28650,1636.0331249874998
7586,27339,22713,10224,28646,1636.034249975
7587,27339,22713,10224,28641,1636.0353749624999
7588,27339,22713,10064,28636,1636.03649995
7589,27339,22713,10064,28631,1636.0376249375
7590,27339,22713,10064,28626,1636.038749925
7591,27339,22713,10064,28622,1636.0398749125
7592,27339,22713,9906,28617,1636.0409998999999
7593,27339,22713,9874,28612,1636.0421248875
7594,27339,22713,9842,28607,1636.043249875
7595,27339,22713,9810,28603,1636.0443748625
7596,27339,22713,9778,28598,1636.04549985
7597,27339,22713,9746,28593,1636.0466248374998
7598,27339,22713,9714,28588,1636.047749825
7599,27339,22713,9682,28583,1636.0488748125
7600,27339,22713,9624,28579,1636.0499998
7601,27339,22713,9624,28574,1636.0511247875
7602,27339,22713,9624,28569,1636.0522497749998
7603,27339,22713,9624,28564,1636.0533747625
7604,27339,22713,9448,28560,1636.0544997499999
7605,27339,22713,9419,28555,1636.0556247375
7606,27339,22713,9389,28550,1636.056749725
7607,27339,22713,9360,28545,1636.0578747125
7608,27339,22713,9330,28540,1636.0589997
7609,27339,22713,9301,28536,1636.0601246874999
7610,27339,22713,9271,28531,1636.061249675
7611,27339,22713,9242,28526,1636.0623746625
7612,27339,22713,9170,28521,1636.06349965
7613,27339,22713,9134,28517,1636.0646246375
7614,27339,22713,9097,28512,1636.065749625
7615,27339,22713,9061,28507,1636.0668746125
7616,27339,22713,9024,28502,1636.0679996
7617,27339,22713,8988,28497,1636.0691245875
7618,27339,22713,8951,28493,1636.070249575
7619,27339,22713,8915,28488,1636.0713745625
7620,26892,22278,9530,28617,1636.0725
7621,26892,22278,9500,28611,1636.07362498875
7622,26892,22278,9470,28605,1636.0747499775
7623,26892,22278,9440,28599,1636.07587496625
7624,26892,22278,9410,28593,1636.076999955
7625,26892,22278,9380,28586,1636.07812494375
7626,26892,22278,9350,28580,1636.0792499325
7627,26892,22278,9320,28574,1636.08037492125
7628,26892,22278,9290,28568,1636.08149991
7629,26892,22278,9260,28561,1636.08262489875
7630,26892,22278,9230,28555,1636.0837498875
7631,26892,22278,9200,28549,1636.08487487625
7632,26892,22278,9122,28543,1636.085999865
7633,26892,22278,9088,28536,1636.08712485375
7634,26892,22278,9054,28530,1636.0882498425
7635,26892,22278,9019,28524,1636.08937483125
7636,26892,22278,8985,28518,1636.09049982
7637,26892,22278,8950,28511,1636.09162480875
7638,26892,22278,8916,28505,1636.0927497975001
7639,26892,22278,8882,28499,1636.0938747862501
7640,26892,22278,8847,28493,1636.094999775
7641,26892,22278,8813,28486,1636.09612476375
7642,26892,22278,8779,28480,1636.0972497525
7643,26892,22278,8744,28474,1636.09837474125
7644,26892,22278,8710,28468,1636.09949973
7645,26892,22278,8675,28462,1636.10062471875
7646,26892,22278,8641,28455,1636.1017497075
7647,26892,22278,8607,28449,1636.10287469625
7648,26892,22278,8572,28443,1636.103999685
7649,26892,22278,8538,28437,1636.10512467375
7650,26892,22278,8503,28430,1636.1062496625
7651,26892,22278,8469,28424,1636.10737465125
7652,26892,22278,8435,28418,1636.10849964
7653,26892,22278,8400,28412,1636.10962462875
7654,26892,22278,8366,28405,1636.1107496175
7655,26892,22278,8332,28399,1636.11187460625
7656,26892,22278,8297,28393,1636.112999595
7657,26892,22278,8263,28387,1636.11412458375
7658,26892,22278,8228,28380,1636.1152495725
7659,26892,22278,8194,28374,1636.11637456125
7660,26892,22278,8160,28303,1636.1175
7661,26892,22278,8125,28303,1636.1186248875001
7662,26892,22278,8091,28303,1636.119749775
7663,26892,22278,8057,28303,1636.1208746625
7664,26445,21843,8652,28414,1636.122
7665,26445,21843,8620,28406,1636.1231249625
7666,26445,21843,8589,28398,1636.1242499250002
7667,26445,21843,8558,28390,1636.1253748875001
7668,26445,21843,8527,28382,1636.12649985
7669,26445,21843,8495,28374,1636.1276248125
7670,26445,21843,8464,28366,1636.128749775
7671,26445,21843,8433,28358,1636.1298747375001
7672,26445,21843,8401,28350,1636.1309997
7673,26445,21843,8370,28341,1636.1321246625
7674,26445,21843,8339,28333,1636.1332496250002
7675,26445,21843,8307,28325,1636.1343745875001
7676,26445,21843,8276,28286,1636.1355
7677,26445,21843,8245,28286,1636.1366248875001
7678,26445,21843,8213,28286,1636.137749775
7679,26445,21843,8182,28286,1636.1388746625
7680,26445,21843,8151,28221,1636.14
7681,26445,21843,8120,28221,1636.1411248875002
7682,26445,21843,8088,28221,1636.142249775
7683,26445,21843,8057,28221,1636.1433746625
7684,26445,21843,8026,28142,1636.1445
7685,26445,21843,7994,28142,1636.1456248875002
7686,26445,21843,7963,28142,1636.146749775
7687,26445,21843,7932,28142,1636.1478746625
7688,26445,21843,7900,28075,1636.149
7689,26445,21843,7869,28062,1636.15012494375
7690,26445,21843,7838,28049,1636.1512498875
7691,26445,21843,7807,28036,1636.15237483125
7692,26445,21843,7775,28023,1636.153499775
7693,26445,21843,7744,28010,1636.1546247187498
7694,26445,21843,7713,27997,1636.1557496624998
7695,26445,21843,7681,27984,1636.1568746062499
7696,26445,21843,7650,27958,1636.158
7697,26445,21843,7619,27946,1636.1591249624998
7698,26445,21843,7587,27933,1636.1602499249998
7699,26445,21843,7556,27920,1636.1613748875
7700,26445,21843,7525,27908,1636.16249985
7701,26445,21843,7494,27895,1636.1636248124998
7702,26445,21843,7462,27882,1636.164749775
7703,26445,21843,7431,27870,1636.1658747375
7704,26445,21843,7400,27857,1636.1669997
7705,26445,21843,7368,27845,1636.1681246624998
7706,26445,21843,7337,27832,1636.1692496249998
7707,26445,21843,7306,27819,1636.1703745875
7708,26445,21843,7274,27797,1636.1715
7709,26445,21843,7243,27797,1636.1726248875
7710,26445,21843,7212,27797,1636.173749775
7711,26445,21843,7181,27797,1636.1748746624999
7712,26445,21843,7149,27766,1636.176
7713,26445,21843,7118,27757,1636.177124991346
7714,26445,21843,7087,27748,1636.1782499826923
7715,26445,21843,7055,27739,1636.1793749740384
7716,25998,21408,7566,27730,1636.1804999653846
7717,25998,21408,7537,27722,1636.1816249567307
7718,25998,21408,7509,27713,1636.182749948077
7719,25998,21408,7480,27704,1636.183874939423
7720,25998,21408,7451,27695,1636.1849999307692
7721,25998,21408,7423,27686,1636.1861249221154
7722,25998,21408,7394,27677,1636.1872499134615
7723,25998,21408,7365,27668,1636.1883749048077
7724,25998,21408,7337,27659,1636.1894998961538
7725,25998,21408,7308,27650,1636.1906248875
7726,25998,21408,7280,27641,1636.1917498788462
7727,25998,21408,7251,27632,1636.1928748701923
7728,25998,21408,7222,27623,1636.1939998615385
7729,25998,21408,7194,27614,1636.1951248528846
7730,25998,21408,7165,27605,1636.1962498442308
7731,25998,21408,7136,27596,1636.197374835577
7732,25998,21408,7108,27587,1636.1984998269231
7733,25998,21408,7079,27578,1636.1996248182693
7734,25998,21408,7051,27569,1636.2007498096154
7735,25998,21408,7022,27560,1636.2018748009616
7736,25998,21408,6993,27551,1636.2029997923078
7737,25998,21408,6965,27542,1636.204124783654
7738,25998,21408,6936,27533,1636.205249775
7739,25998,21408,6907,27524,1636.206374766346
7740,25998,21408,6879,27515,1636.2074997576922
7741,25998,21408,6850,27506,1636.2086247490383
7742,25998,21408,6821,27497,1636.2097497403845
7743,25998,21408,6793,27488,1636.2108747317307
7744,25998,21408,6764,27479,1636.2119997230768
7745,25998,21408,6736,27470,1636.213124714423
7746,25998,21408,6707,27461,1636.2142497057691
7747,25998,21408,6678,27453,1636.2153746971153
7748,25998,21408,6650,27444,1636.2164996884615
7749,25998,21408,6621,27435,1636.2176246798076
7750,25998,21408,6592,27426,1636.2187496711538
7751,25998,21408,6564,27417,1636.2198746625
7752,25998,21408,6535,27408,1636.220999653846
7753,25998,21408,6507,27399,1636.2221246451923
7754,25998,21408,6478,27390,1636.2232496365384
7755,25998,21408,6449,27381,1636.2243746278846
7756,25998,21408,6421,27372,1636.2254996192307
7757,25998,21408,6392,27363,1636.226624610577
7758,25998,21408,6363,27354,1636.227749601923
7759,25998,21408,6335,27345,1636.2288745932692
7760,25998,21408,6306,27336,1636.2299995846154
7761,25998,21408,6278,27327,1636.2311245759615
7762,25998,21408,6249,27318,1636.2322495673077
7763,25998,21408,6220,27309,1636.2333745586538
7764,25551,20973,6732,27452,1636.2345
7765,25551,20973,6705,27442,1636.2356249775
7766,25551,20973,6678,27433,1636.236749955
7767,25551,20973,6651,27423,1636.2378749325
7768,25551,20973,6624,27413,1636.23899991
7769,25551,20973,6598,27403,1636.2401248875
7770,25551,20973,6571,27394,1636.241249865
7771,25551,20973,6544,27384,1636.2423748425
7772,25551,20973,6517,27374,1636.2434998200001
7773,25551,20973,6490,27364,1636.2446247975001
7774,25551,20973,6463,27355,1636.2457497750001
7775,25551,20973,6437,27345,1636.2468747525
7776,25551,20973,6410,27335,1636.24799973
7777,25551,20973,6383,27326,1636.2491247075
7778,25551,20973,6356,27316,1636.250249685
7779,25551,20973,6329,27306,1636.2513746625
7780,25551,20973,6302,27296,1636.25249964
7781,25551,20973,6275,27287,1636.2536246175
7782,25551,20973,6249,27277,1636.254749595
7783,25551,20973,6222,27267,1636.2558745725
7784,25551,20973,6195,27225,1636.257
7785,25551,20973,6168,27225,1636.2581248875001
7786,25551,20973,6141,27225,1636.2592497750002
7787,25551,20973,6114,27225,1636.2603746625
7788,25551,20973,6088,27161,1636.2615
7789,25551,20973,6061,27149,1636.2626249625
7790,25551,20973,6034,27137,1636.263749925
7791,25551,20973,6007,27126,1636.2648748875001
7792,25551,20973,5980,27114,1636.26599985
7793,25551,20973,5953,27102,1636.2671248125
7794,25551,20973,5926,27091,1636.2682497750002
7795,25551,20973,5900,27079,1636.2693747375001
7796,25551,20973,5873,27067,1636.2704997
7797,25551,20973,5846,27055,1636.2716246625
7798,25551,20973,5819,27044,1636.272749625
7799,25551,20973,5792,27032,1636.2738745875001
7800,25551,20973,5765,27002,1636.275
7801,25551,20973,5739,26990,1636.2761249437501
7802,25551,20973,5712,26979,1636.2772498875001
7803,25551,20973,5685,26967,1636.2783748312502
7804,25551,20973,5658,26955,1636.2794997750002
7805,25551,20973,5631,26943,1636.28062471875
7806,25551,20973,5604,26932,1636.2817496625
7807,25551,20973,5577,26920,1636.28287460625
7808,25104,20538,6038,27035,1636.284
7809,25104,20538,6013,27035,1636.2851248875002
7810,25104,20538,5989,27035,1636.2862497750002
7811,25104,20538,5965,27035,1636.2873746625
7812,25104,20538,5940,26974,1636.2885
7813,25104,20538,5916,26974,1636.2896248875002
7814,25104,20538,5892,26974,1636.2907497750002
7815,25104,20538,5867,26974,1636.2918746625
7816,25104,20538,5843,26903,1636.293
7817,25104,20538,5819,26903,1636.2941248875
7818,25104,20538,5794,26903,1636.2952497749998
7819,25104,20538,5770,26903,1636.2963746624998
7820,25104,20538,5745,26839,1636.2975
7821,25104,20538,5721,26839,1636.2986248875
7822,25104,20538,5697,26839,1636.2997497749998
7823,25104,20538,5672,26839,1636.3008746624998
7824,25104,20538,5648,26779,1636.302
7825,25104,20538,5624,26770,1636.3031249624999
7826,25104,20538,5599,26760,1636.304249925
7827,25104,20538,5575,26750,1636.3053748875
7828,25104,20538,5551,26740,1636.30649985
7829,25104,20538,5526,26731,1636.3076248124999
7830,25104,20538,5502,26721,1636.3087497749998
7831,25104,20538,5478,26711,1636.3098747375
7832,25104,20538,5453,26701,1636.3109997
7833,25104,20538,5429,26692,1636.3121246624999
7834,25104,20538,5405,26682,1636.313249625
7835,25104,20538,5380,26672,1636.3143745875
7836,25104,20538,5356,26621,1636.3155
7837,25104,20538,5332,26613,1636.3166249839285
7838,25104,20538,5307,26605,1636.317749967857
7839,25104,20538,5283,26598,1636.3188749517856
7840,25104,20538,5258,26590,1636.3199999357141
7841,25104,20538,5234,26583,1636.321124919643
7842,25104,20538,5210,26575,1636.3222499035714
7843,25104,20538,5185,26568,1636.3233748875
7844,25104,20538,5161,26560,1636.3244998714285
7845,25104,20538,5137,26553,1636.325624855357
7846,25104,20538,5112,26545,1636.3267498392856
7847,25104,20538,5088,26538,1636.3278748232142
7848,25104,20538,5064,26530,1636.3289998071427
7849,25104,20538,5039,26522,1636.3301247910713
7850,25104,20538,5015,26515,1636.3312497749998
7851,25104,20538,4991,26507,1636.3323747589286
7852,25104,20538,4966,26500,1636.3334997428572
7853,25104,20538,4942,26492,1636.3346247267857
7854,25104,20538,4918,26485,1636.3357497107143
7855,25104,20538,4893,26477,1636.3368746946428
7856,25104,20538,4869,26470,1636.3379996785714
7857,25104,20538,4844,26462,1636.3391246625
7858,25104,20538,4820,26455,1636.3402496464284
7859,25104,20538,4796,26447,1636.341374630357
7860,25104,20538,4771,26439,1636.3424996142858
7861,25104,20538,4747,26432,1636.3436245982143
7862,25104,20538,4723,26424,1636.3447495821429
7863,25104,20538,4698,26417,1636.3458745660714
7864,24653,20096,5124,26582,1636.347
7865,24653,20096,5103,26576,1636.3481249913461
7866,24653,20096,5081,26570,1636.3492499826923
7867,24653,20096,5060,26565,1636.3503749740385
7868,24653,20096,5038,26559,1636.3514999653846
7869,24653,20096,5017,26553,1636.3526249567308
7870,24653,20096,4995,26547,1636.353749948077
7871,24653,20096,4974,26541,1636.354874939423
7872,24653,20096,4952,26536,1636.3559999307693
7873,24653,20096,4931,26530,1636.3571249221154
7874,24653,20096,4909,26524,1636.3582499134616
7875,24653,20096,4888,26518,1636.3593749048077
7876,24653,20096,4866,26513,1636.360499896154
7877,24653,20096,4845,26507,1636.3616248875
7878,24653,20096,4823,26501,1636.3627498788462
7879,24653,20096,4802,26495,1636.3638748701924
7880,24653,20096,4780,26489,1636.3649998615385
7881,24653,20096,4759,26484,1636.3661248528847
7882,24653,20096,4737,26478,1636.3672498442309
7883,24653,20096,4716,26472,1636.368374835577
7884,24653,20096,4694,26466,1636.3694998269232
7885,24653,20096,4673,26460,1636.3706248182693
7886,24653,20096,4651,26455,1636.3717498096155
7887,24653,20096,4630,26449,1636.3728748009617
7888,24653,20096,4608,26443,1636.3739997923078
7889,24653,20096,4586,26437,1636.375124783654
7890,24653,20096,4565,26432,1636.376249775
7891,24653,20096,4543,26426,1636.377374766346
7892,24653,20096,4522,26420,1636.3784997576922
7893,24653,20096,4500,26414,1636.3796247490384
7894,24653,20096,4479,26408,1636.3807497403845
7895,24653,20096,4457,26403,1636.3818747317307
7896,24653,20096,4436,26397,1636.3829997230769
7897,24653,20096,4414,26391,1636.384124714423
7898,24653,20096,4393,26385,1636.3852497057692
7899,24653,20096,4371,26380,1636.3863746971153
7900,24653,20096,4350,26374,1636.3874996884615
7901,24653,20096,4328,26368,1636.3886246798077
7902,24653,20096,4307,26362,1636.3897496711538
7903,24653,20096,4285,26356,1636.3908746625
7904,24653,20096,4264,26351,1636.3919996538461
7905,24653,20096,4242,26345,1636.3931246451923
7906,24653,20096,4221,26339,1636.3942496365385
7907,24653,20096,4199,26333,1636.3953746278846
7908,24653,20096,4178,26328,1636.3964996192308
7909,24653,20096,4156,26322,1636.397624610577
7910,24653,20096,4135,26316,1636.398749601923
7911,24653,20096,4113,26310,1636.3998745932693
7912,24653,20096,4092,26304,1636.4009995846154
7913,24653,20096,4070,26299,1636.4021245759616
7914,24653,20096,4049,26293,1636.4032495673077
7915,24653,20096,4027,26287,1636.404374558654
7916,24243,19741,4365,26420,1636.4055
7917,24243,19741,4346,26408,1636.4066249839286
7918,24243,19741,4327,26397,1636.4077499678572
7919,24243,19741,4307,26385,1636.4088749517857
7920,24243,19741,4288,26373,1636.4099999357143
7921,24243,19741,4269,26361,1636.4111249196428
7922,24243,19741,4249,26350,1636.4122499035714
7923,24243,19741,4230,26338,1636.4133748875001
7924,24243,19741,4210,26326,1636.4144998714287
7925,24243,19741,4191,26315,1636.4156248553572
7926,24243,19741,4172,26303,1636.4167498392858
7927,24243,19741,4152,26291,1636.4178748232143
7928,24243,19741,4133,26280,1636.4189998071429
7929,24243,19741,4114,26268,1636.4201247910714
7930,24243,19741,4094,26256,1636.421249775
7931,24243,19741,4075,26245,1636.4223747589285
7932,24243,19741,4056,26233,1636.423499742857
7933,24243,19741,4036,26221,1636.4246247267856
7934,24243,19741,4017,26210,1636.4257497107142
7935,24243,19741,3998,26198,1636.4268746946427
7936,24243,19741,3978,26186,1636.4279996785713
7937,24243,19741,3959,26175,1636.4291246624998
7938,24243,19741,3939,26163,1636.4302496464286
7939,24243,19741,3920,26151,1636.4313746303571
7940,24243,19741,3901,26140,1636.4324996142857
7941,24243,19741,3881,26128,1636.4336245982142
7942,24243,19741,3862,26116,1636.4347495821428
7943,24243,19741,3843,26105,1636.4358745660713
7944,24243,19741,3823,26074,1636.437
7945,24243,19741,3804,26061,1636.4381249624998
7946,24243,19741,3785,26049,1636.4392499249998
7947,24243,19741,3765,26036,1636.4403748875
7948,24243,19741,3746,26023,1636.44149985
7949,24243,19741,3727,26011,1636.4426248124998
7950,24243,19741,3707,25998,1636.443749775
7951,24243,19741,3688,25985,1636.4448747375
7952,24243,19741,3669,25973,1636.4459997
7953,24243,19741,3649,25960,1636.4471246624998
7954,24243,19741,3630,25948,1636.4482496249998
7955,24243,19741,3610,25935,1636.4493745875
7956,24243,19741,3591,25912,1636.4505
7957,24243,19741,3572,25912,1636.4516248875
7958,24243,19741,3552,25912,1636.452749775
7959,24243,19741,3533,25912,1636.4538746624999
7960,23833,19386,3834,25989,1636.455
7961,23833,19386,3816,25979,1636.4561249906249
7962,23833,19386,3797,25970,1636.45724998125
7963,23833,19386,3779,25960,1636.458374971875
7964,23833,19386,3760,25950,1636.4594999624999
7965,23833,19386,3742,25941,1636.460624953125
7966,23833,19386,3724,25931,1636.46174994375
7967,23833,19386,3705,25921,1636.462874934375
7968,23833,19386,3687,25912,1636.4639999249998
7969,23833,19386,3668,25902,1636.465124915625
7970,23833,19386,3650,25892,1636.46624990625
7971,23833,19386,3632,25883,1636.4673748968748
7972,23833,19386,3613,25873,1636.4684998875
7973,23833,19386,3595,25863,1636.469624878125
7974,23833,19386,3576,25853,1636.4707498687499
7975,23833,19386,3558,25844,1636.471874859375
7976,23833,19386,3540,25834,1636.47299985
7977,23833,19386,3521,25824,1636.4741248406249
7978,23833,19386,3503,25815,1636.47524983125
7979,23833,19386,3484,25805,1636.476374821875
7980,23833,19386,3466,25795,1636.4774998125
7981,23833,19386,3448,25786,1636.478624803125
7982,23833,19386,3429,25776,1636.47974979375
7983,23833,19386,3411,25766,1636.480874784375
7984,23833,19386,3392,25757,1636.481999775
7985,23833,19386,3374,25747,1636.483124765625
7986,23833,19386,3356,25737,1636.48424975625
7987,23833,19386,3337,25727,1636.4853747468749
7988,23833,19386,3319,25718,1636.4864997375
7989,23833,19386,3300,25708,1636.487624728125
7990,23833,19386,3282,25698,1636.48874971875
7991,23833,19386,3264,25689,1636.489874709375
7992,23833,19386,3245,25679,1636.4909997
7993,23833,19386,3227,25669,1636.492124690625
7994,23833,19386,3208,25660,1636.49324968125
7995,23833,19386,3190,25650,1636.494374671875
7996,23833,19386,3172,25640,1636.4954996625
7997,23833,19386,3153,25631,1636.496624653125
7998,23833,19386,3135,25621,1636.49774964375
7999,23833,19386,3116,25611,1636.498874634375
8000,23833,19386,3098,25601,1636.4999996249999
8001,23833,19386,3080,25592,1636.501124615625
8002,23833,19386,3061,25582,1636.50224960625
8003,23833,19386,3043,25572,1636.503374596875
8004,23833,19386,3024,25563,1636.5044995875
8005,23833,19386,3006,25553,1636.505624578125
8006,23833,19386,2988,25543,1636.50674956875
8007,23833,19386,2969,25534,1636.507874559375
8008,23423,19031,3263,25703,1636.509
8009,23423,19031,3246,25695,1636.510124990625
8010,23423,19031,3229,25686,1636.51124998125
8011,23423,19031,3212,25678,1636.512374971875
8012,23423,19031,3195,25669,1636.5134999625
8013,23423,19031,3178,25660,1636.5146249531251
8014,23423,19031,3161,25652,1636.51574994375
8015,23423,19031,3144,25643,1636.516874934375
8016,23423,19031,3127,25635,1636.517999925
8017,23423,19031,3111,25626,1636.519124915625
8018,23423,19031,3094,25618,1636.52024990625
8019,23423,19031,3077,25609,1636.521374896875
8020,23423,19031,3060,25601,1636.5224998875
8021,23423,19031,3043,25592,1636.523624878125
8022,23423,19031,3026,25583,1636.52474986875
8023,23423,19031,3009,25575,1636.525874859375
8024,23423,19031,2992,25566,1636.52699985
8025,23423,19031,2975,25558,1636.528124840625
8026,23423,19031,2958,25549,1636.5292498312501
8027,23423,19031,2941,25541,1636.530374821875
8028,23423,19031,2924,25532,1636.5314998125
8029,23423,19031,2907,25524,1636.5326248031251
8030,23423,19031,2890,25515,1636.53374979375
8031,23423,19031,2873,25507,1636.534874784375
8032,23423,19031,2856,25498,1636.5359997750002
8033,23423,19031,2839,25489,1636.537124765625
8034,23423,19031,2822,25481,1636.53824975625
8035,23423,19031,2805,25472,1636.539374746875
8036,23423,19031,2788,25464,1636.5404997375
8037,23423,19031,2772,25455,1636.541624728125
8038,23423,19031,2755,25447,1636.54274971875
8039,23423,19031,2738,25438,1636.5438747093751
8040,23423,19031,2721,25430,1636.5449997
8041,23423,19031,2704,25421,1636.546124690625
8042,23423,19031,2687,25412,1636.5472496812502
8043,23423,19031,2670,25404,1636.548374671875
8044,23423,19031,2653,25395,1636.5494996625
8045,23423,19031,2636,25387,1636.5506246531252
8046,23423,19031,2619,25378,1636.55174964375
8047,23423,19031,2602,25370,1636.552874634375
8048,23423,19031,2585,25361,1636.553999625
8049,23423,19031,2568,25353,1636.5551246156251
8050,23423,19031,2551,25344,1636.55624960625
8051,23423,19031,2534,25336,1636.557374596875
8052,23423,19031,2517,25327,1636.5584995875001
8053,23423,19031,2500,25318,1636.559624578125
8054,23423,19031,2500,25310,1636.56074956875
8055,23423,19031,2500,25301,1636.5618745593752
8056,23013,18676,10290,26919,1636.563
8057,23013,18676,10290,26919,1636.5641248875002
8058,23013,18676,10290,26919,1636.5652497750002
8059,23013,18676,10290,26919,1636.5663746625
8060,23013,18676,10112,26831,1636.5675
8061,23013,18676,10112,26819,1636.5686249718751
8062,23013,18676,10112,26807,1636.5697499437501
8063,23013,18676,10112,26795,1636.5708749156252
8064,23013,18676,9954,26783,1636.5719998875002
8065,23013,18676,9918,26771,1636.573124859375
8066,23013,18676,9882,26760,1636.57424983125
8067,23013,18676,9846,26748,1636.575374803125
8068,23013,18676,9810,26736,1636.576499775
8069,23013,18676,9774,26724,1636.577624746875
8070,23013,18676,9738,26712,1636.57874971875
8071,23013,18676,9702,26700,1636.579874690625
8072,23013,18676,9656,26688,1636.5809996624998
8073,23013,18676,9656,26676,1636.5821246343748
8074,23013,18676,9656,26664,1636.5832496062499
8075,23013,18676,9656,26652,1636.5843745781249
8076,23013,18676,9480,26616,1636.5855
8077,23013,18676,9480,26616,1636.5866248875
8078,23013,18676,9480,26616,1636.5877497749998
8079,23013,18676,9480,26616,1636.5888746624998
8080,22603,18321,9989,26717,1636.59
8081,22603,18321,9959,26710,1636.5911249919643
8082,22603,18321,9929,26704,1636.5922499839285
8083,22603,18321,9899,26697,1636.5933749758929
8084,22603,18321,9869,26690,1636.594499967857
8085,22603,18321,9839,26684,1636.5956249598214
8086,22603,18321,9809,26677,1636.5967499517856
8087,22603,18321,9779,26670,1636.59787494375
8088,22603,18321,9749,26664,1636.5989999357141
8089,22603,18321,9719,26657,1636.6001249276785
8090,22603,18321,9689,26650,1636.601249919643
8091,22603,18321,9659,26643,1636.602374911607
8092,22603,18321,9591,26637,1636.6034999035714
8093,22603,18321,9556,26630,1636.6046248955356
8094,22603,18321,9521,26623,1636.6057498875
8095,22603,18321,9485,26617,1636.6068748794642
8096,22603,18321,9450,26610,1636.6079998714285
8097,22603,18321,9415,26603,1636.6091248633927
8098,22603,18321,9380,26597,1636.610249855357
8099,22603,18321,9345,26590,1636.6113748473215
8100,22603,18321,9310,26583,1636.6124998392856
8101,22603,18321,9275,26576,1636.61362483125
8102,22603,18321,9239,26570,1636.6147498232142
8103,22603,18321,9204,26563,1636.6158748151786
8104,22603,18321,9169,26556,1636.6169998071427
8105,22603,18321,9134,26550,1636.6181247991071
8106,22603,18321,9099,26543,1636.6192497910713
8107,22603,18321,9064,26536,1636.6203747830357
8108,22603,18321,9029,26530,1636.6214997749998
8109,22603,18321,8993,26523,1636.6226247669642
8110,22603,18321,8958,26516,1636.6237497589286
8111,22603,18321,8923,26509,1636.6248747508928
8112,22603,18321,8888,26503,1636.6259997428572
8113,22603,18321,8853,26496,1636.6271247348213
8114,22603,18321,8818,26489,1636.6282497267857
8115,22603,18321,8783,26483,1636.62937471875
8116,22603,18321,8747,26476,1636.6304997107143
8117,22603,18321,8712,26469,1636.6316247026784
8118,22603,18321,8677,26463,1636.6327496946428
8119,22603,18321,8642,26456,1636.6338746866072
8120,22603,18321,8597,26449,1636.6349996785714
8121,22603,18321,8562,26442,1636.6361246705358
8122,22603,18321,8527,26436,1636.6372496625
8123,22603,18321,8491,26429,1636.6383746544643
8124,22603,18321,8456,26422,1636.6394996464285
8125,22603,18321,8420,26416,1636.6406246383929
8126,22603,18321,8385,26409,1636.641749630357
8127,22603,18321,8350,26402,1636.6428746223214
8128,22603,18321,8314,26396,1636.6439996142858
8129,22603,18321,8279,26389,1636.64512460625
8130,22603,18321,8243,26382,1636.6462495982144
8131,22603,18321,8208,26375,1636.6473745901785
8132,22603,18321,8173,26369,1636.648499582143
8133,22603,18321,8137,26362,1636.649624574107
8134,22603,18321,8102,26355,1636.6507495660715
8135,22603,18321,8066,26349,1636.6518745580356
8136,22193,17966,8671,26615,1636.653
8137,22193,17966,8640,26608,1636.654124990625
8138,22193,17966,8608,26600,1636.65524998125
8139,22193,17966,8576,26593,1636.656374971875
8140,22193,17966,8545,26586,1636.6574999625
8141,22193,17966,8513,26579,1636.6586249531251
8142,22193,17966,8482,26572,1636.65974994375
8143,22193,17966,8450,26565,1636.660874934375
8144,22193,17966,8419,26557,1636.6619999250001
8145,22193,17966,8387,26550,1636.663124915625
8146,22193,17966,8356,26543,1636.66424990625
8147,22193,17966,8324,26536,1636.665374896875
8148,22193,17966,8293,26529,1636.6664998875
8149,22193,17966,8261,26522,1636.667624878125
8150,22193,17966,8229,26514,1636.66874986875
8151,22193,17966,8198,26507,1636.669874859375
8152,22193,17966,8166,26500,1636.67099985
8153,22193,17966,8135,26493,1636.672124840625
8154,22193,17966,8103,26486,1636.6732498312501
8155,22193,17966,8072,26479,1636.674374821875
8156,22193,17966,8040,26471,1636.6754998125
8157,22193,17966,8009,26464,1636.6766248031252
8158,22193,17966,7977,26457,1636.67774979375
8159,22193,17966,7946,26450,1636.678874784375
8160,22193,17966,7914,26443,1636.679999775
8161,22193,17966,7882,26436,1636.681124765625
8162,22193,17966,7851,26428,1636.68224975625
8163,22193,17966,7819,26421,1636.683374746875
8164,22193,17966,7788,26414,1636.6844997375001
8165,22193,17966,7756,26407,1636.685624728125
8166,22193,17966,7725,26400,1636.68674971875
8167,22193,17966,7693,26393,1636.6878747093751
8168,22193,17966,7662,26385,1636.6889997
8169,22193,17966,7630,26378,1636.690124690625
8170,22193,17966,7599,26371,1636.6912496812502
8171,22193,17966,7567,26364,1636.692374671875
8172,22193,17966,7535,26357,1636.6934996625
8173,22193,17966,7504,26350,1636.6946246531252
8174,22193,17966,7472,26342,1636.69574964375
8175,22193,17966,7441,26335,1636.696874634375
8176,22193,17966,7409,26328,1636.6979996250002
8177,22193,17966,7378,26321,1636.6991246156251
8178,22193,17966,7346,26314,1636.70024960625
8179,22193,17966,7315,26307,1636.701374596875
8180,22193,17966,7283,26299,1636.7024995875001
8181,22193,17966,7252,26292,1636.703624578125
8182,22193,17966,7220,26285,1636.70474956875
8183,22193,17966,7189,26278,1636.7058745593752
8184,22193,17966,7157,26223,1636.707
8185,22193,17966,7125,26223,1636.7081248875002
8186,22193,17966,7094,26223,1636.709249775
8187,22193,17966,7062,26223,1636.7103746625
8188,21783,17611,7609,26348,1636.7115
8189,21783,17611,7581,26336,1636.712624971875
8190,21783,17611,7552,26324,1636.71374994375
8191,21783,17611,7524,26312,1636.714874915625
8192,21783,17611,7496,26300,1636.7159998875
8193,21783,17611,7467,26287,1636.717124859375
8194,21783,17611,7439,26275,1636.71824983125
8195,21783,17611,7410,26263,1636.719374803125
8196,21783,17611,7382,26251,1636.720499775
8197,21783,17611,7354,26239,1636.7216247468748
8198,21783,17611,7325,26227,1636.7227497187498
8199,21783,17611,7297,26214,1636.7238746906248
8200,21783,17611,7268,26202,1636.7249996624998
8201,21783,17611,7240,26190,1636.7261246343749
8202,21783,17611,7212,26178,1636.7272496062499
8203,21783,17611,7183,26166,1636.7283745781249
8204,21783,17611,7155,26131,1636.7295
8205,21783,17611,7126,26131,1636.7306248875
8206,21783,17611,7098,26131,1636.731749775
8207,21783,17611,7070,26131,1636.7328746624999
8208,21783,17611,7041,26066,1636.734
8209,21783,17611,7013,26054,1636.73512498125
8210,21783,17611,6984,26043,1636.7362499624999
8211,21783,17611,6956,26032,1636.73737494375
8212,21783,17611,6928,26020,1636.7384999249998
8213,21783,17611,6899,26009,1636.73962490625
8214,21783,17611,6871,25997,1636.7407498875
8215,21783,17611,6843,25986,1636.7418748687498
8216,21783,17611,6814,25974,1636.74299985
8217,21783,17611,6786,25963,1636.74412483125
8218,21783,17611,6757,25951,1636.7452498124999
8219,21783,17611,6729,25940,1636.74637479375
8220,21783,17611,6701,25928,1636.747499775
8221,21783,17611,6672,25917,1636.74862475625
8222,21783,17611,6644,25906,1636.7497497375
8223,21783,17611,6615,25894,1636.7508747187499
8224,21783,17611,6587,25883,1636.7519997
8225,21783,17611,6559,25871,1636.75312468125
8226,21783,17611,6530,25860,1636.7542496625
8227,21783,17611,6502,25848,1636.75537464375
8228,21783,17611,6473,25837,1636.7564996249998
8229,21783,17611,6445,25825,1636.75762460625
8230,21783,17611,6417,25814,1636.7587495875
8231,21783,17611,6388,25802,1636.7598745687499
8232,21373,17256,6868,25951,1636.761
8233,21373,17256,6842,25941,1636.76212494375
8234,21373,17256,6815,25931,1636.7632498875
8235,21373,17256,6789,25921,1636.76437483125
8236,21373,17256,6763,25911,1636.765499775
8237,21373,17256,6736,25901,1636.7666247187499
8238,21373,17256,6710,25891,1636.7677496625
8239,21373,17256,6683,25881,1636.76887460625
8240,21373,17256,6657,25854,1636.77
8241,21373,17256,6630,25844,1636.7711249897727
8242,21373,17256,6604,25835,1636.7722499795454
8243,21373,17256,6577,25826,1636.7733749693182
8244,21373,17256,6551,25817,1636.774499959091
8245,21373,17256,6525,25808,1636.7756249488637
8246,21373,17256,6498,25799,1636.7767499386364
8247,21373,17256,6472,25790,1636.7778749284091
8248,21373,17256,6445,25781,1636.7789999181819
8249,21373,17256,6419,25772,1636.7801249079546
8250,21373,17256,6392,25763,1636.7812498977273
8251,21373,17256,6366,25754,1636.7823748875
8252,21373,17256,6340,25745,1636.7834998772728
8253,21373,17256,6313,25736,1636.7846248670455
8254,21373,17256,6287,25727,1636.7857498568183
8255,21373,17256,6260,25718,1636.786874846591
8256,21373,17256,6234,25709,1636.7879998363637
8257,21373,17256,6207,25700,1636.7891248261365
8258,21373,17256,6181,25691,1636.7902498159092
8259,21373,17256,6155,25682,1636.791374805682
8260,21373,17256,6128,25672,1636.7924997954547
8261,21373,17256,6102,25663,1636.7936247852274
8262,21373,17256,6075,25654,1636.7947497750001
8263,21373,17256,6049,25645,1636.7958747647726
8264,21373,17256,6022,25636,1636.7969997545454
8265,21373,17256,5996,25627,1636.798124744318
8266,21373,17256,5970,25618,1636.7992497340908
8267,21373,17256,5943,25609,1636.8003747238636
8268,21373,17256,5917,25600,1636.8014997136363
8269,21373,17256,5890,25591,1636.802624703409
8270,21373,17256,5864,25582,1636.8037496931818
8271,21373,17256,5837,25573,1636.8048746829545
8272,21373,17256,5811,25564,1636.8059996727272
8273,21373,17256,5784,25555,1636.8071246625
8274,21373,17256,5758,25546,1636.8082496522727
8275,21373,17256,5732,25537,1636.8093746420454
8276,21373,17256,5705,25528,1636.8104996318182
8277,21373,17256,5679,25519,1636.811624621591
8278,21373,17256,5652,25509,1636.8127496113636
8279,21373,17256,5626,25500,1636.8138746011364
8280,21373,17256,5599,25491,1636.814999590909
8281,21373,17256,5573,25482,1636.8161245806818
8282,21373,17256,5547,25473,1636.8172495704546
8283,21373,17256,5520,25464,1636.8183745602273
8284,20963,16901,5985,25628,1636.8195
8285,20963,16901,5961,25628,1636.8206248875001
8286,20963,16901,5937,25628,1636.8217497750002
8287,20963,16901,5913,25628,1636.8228746625
8288,20963,16901,5889,25572,1636.824
8289,20963,16901,5864,25561,1636.825124971875
8290,20963,16901,5840,25550,1636.82624994375
8291,20963,16901,5816,25539,1636.8273749156251
8292,20963,16901,5792,25528,1636.8284998875001
8293,20963,16901,5768,25517,1636.8296248593751
8294,20963,16901,5743,25506,1636.8307498312502
8295,20963,16901,5719,25495,1636.8318748031252
8296,20963,16901,5695,25484,1636.8329997750002
8297,20963,16901,5671,25473,1636.834124746875
8298,20963,16901,5646,25462,1636.83524971875
8299,20963,16901,5622,25451,1636.836374690625
8300,20963,16901,5598,25440,1636.8374996625
8301,20963,16901,5574,25429,1636.838624634375
8302,20963,16901,5550,25418,1636.83974960625
8303,20963,16901,5525,25407,1636.840874578125
8304,20963,16901,5501,25373,1636.842
8305,20963,16901,5477,25363,1636.8431249437501
8306,20963,16901,5453,25352,1636.8442498875002
8307,20963,16901,5429,25342,1636.8453748312502
8308,20963,16901,5404,25331,1636.8464997750002
8309,20963,16901,5380,25321,1636.84762471875
8310,20963,16901,5356,25310,1636.8487496625
8311,20963,16901,5332,25300,1636.84987460625
8312,20963,16901,5307,25268,1636.851
8313,20963,16901,5283,25268,1636.8521248875002
8314,20963,16901,5259,25268,1636.8532497750002
8315,20963,16901,5235,25268,1636.8543746625
8316,20963,16901,5211,25205,1636.8555
8317,20963,16901,5186,25192,1636.8566249624998
8318,20963,16901,5162,25179,1636.857749925
8319,20963,16901,5138,25165,1636.8588748875
8320,20963,16901,5114,25152,1636.85999985
8321,20963,16901,5090,25139,1636.8611248124998
8322,20963,16901,5065,25126,1636.8622497749998
8323,20963,16901,5041,25113,1636.8633747375
8324,20963,16901,5017,25100,1636.8644997
8325,20963,16901,4993,25087,1636.8656246624998
8326,20963,16901,4968,25074,1636.866749625
8327,20963,16901,4944,25060,1636.8678745875
8328,20963,16901,4920,25037,1636.869
8329,20963,16901,4896,25024,1636.87012494375
8330,20963,16901,4872,25010,1636.8712498875
8331,20963,16901,4847,24997,1636.87237483125
8332,20963,16901,4823,24983,1636.8734997749998
8333,20963,16901,4799,24970,1636.8746247187498
8334,20963,16901,4775,24956,1636.8757496624999
8335,20963,16901,4751,24943,1636.8768746062499
8336,20552,16540,5191,25066,1636.878
8337,20552,16540,5168,25058,1636.8791249906249
8338,20552,16540,5146,25049,1636.88024998125
8339,20552,16540,5124,25041,1636.881374971875
8340,20552,16540,5102,25032,1636.8824999624999
8341,20552,16540,5079,25024,1636.883624953125
8342,20552,16540,5057,25016,1636.88474994375
8343,20552,16540,5035,25007,1636.885874934375
8344,20552,16540,5013,24999,1636.886999925
8345,20552,16540,4990,24990,1636.888124915625
8346,20552,16540,4968,24982,1636.88924990625
8347,20552,16540,4946,24974,1636.8903748968748
8348,20552,16540,4924,24965,1636.8914998875
8349,20552,16540,4901,24957,1636.892624878125
8350,20552,16540,4879,24948,1636.8937498687499
8351,20552,16540,4857,24940,1636.894874859375
8352,20552,16540,4835,24931,1636.89599985
8353,20552,16540,4813,24923,1636.8971248406249
8354,20552,16540,4790,24915,1636.89824983125
8355,20552,16540,4768,24906,1636.899374821875
8356,20552,16540,4746,24898,1636.9004998125
8357,20552,16540,4724,24889,1636.901624803125
8358,20552,16540,4701,24881,1636.90274979375
8359,20552,16540,4679,24873,1636.903874784375
8360,20552,16540,4657,24864,1636.9049997749999
8361,20552,16540,4635,24856,1636.906124765625
8362,20552,16540,4612,24847,1636.90724975625
8363,20552,16540,4590,24839,1636.9083747468749
8364,20552,16540,4568,24831,1636.9094997375
8365,20552,16540,4546,24822,1636.910624728125
8366,20552,16540,4523,24814,1636.91174971875
8367,20552,16540,4501,24805,1636.912874709375
8368,20552,16540,4479,24797,1636.9139997
8369,20552,16540,4457,24788,1636.915124690625
8370,20552,16540,4434,24780,1636.91624968125
8371,20552,16540,4412,24772,1636.917374671875
8372,20552,16540,4390,24763,1636.9184996625
8373,20552,16540,4368,24755,1636.919624653125
8374,20552,16540,4346,24746,1636.92074964375
8375,20552,16540,4323,24738,1636.921874634375
8376,20552,16540,4301,24730,1636.922999625
8377,20552,16540,4279,24721,1636.924124615625
8378,20552,16540,4257,24713,1636.92524960625
8379,20552,16540,4234,24704,1636.926374596875
8380,20552,16540,4212,24696,1636.9274995875
8381,20552,16540,4190,24687,1636.928624578125
8382,20552,16540,4168,24679,1636.92974956875
8383,20552,16540,4145,24671,1636.930874559375
8384,20224,16253,4455,24843,1636.932
8385,20224,16253,4435,24838,1636.93312498875
8386,20224,16253,4415,24834,1636.9342499775
8387,20224,16253,4395,24829,1636.93537496625
8388,20224,16253,4375,24825,1636.936499955
8389,20224,16253,4355,24820,1636.93762494375
8390,20224,16253,4334,24816,1636.9387499325
8391,20224,16253,4314,24811,1636.93987492125
8392,20224,16253,4294,24806,1636.94099991
8393,20224,16253,4274,24802,1636.94212489875
8394,20224,16253,4254,24797,1636.9432498875
8395,20224,16253,4234,24793,1636.94437487625
8396,20224,16253,4213,24788,1636.945499865
8397,20224,16253,4193,24784,1636.94662485375
8398,20224,16253,4173,24779,1636.9477498425001
8399,20224,16253,4153,24774,1636.9488748312501
8400,20224,16253,4133,24770,1636.9499998200001
8401,20224,16253,4113,24765,1636.9511248087501
8402,20224,16253,4092,24761,1636.9522497975001
8403,20224,16253,4072,24756,1636.9533747862502
8404,20224,16253,4052,24752,1636.954499775
8405,20224,16253,4032,24747,1636.95562476375
8406,20224,16253,4012,24742,1636.9567497525
8407,20224,16253,3992,24738,1636.95787474125
8408,20224,16253,3971,24733,1636.95899973
8409,20224,16253,3951,24729,1636.96012471875
8410,20224,16253,3931,24724,1636.9612497075
8411,20224,16253,3911,24720,1636.96237469625
8412,20224,16253,3891,24715,1636.963499685
8413,20224,16253,3871,24710,1636.96462467375
8414,20224,16253,3850,24706,1636.9657496625
8415,20224,16253,3830,24701,1636.96687465125
8416,20224,16253,3810,24697,1636.96799964
8417,20224,16253,3790,24692,1636.96912462875
8418,20224,16253,3770,24688,1636.9702496175
8419,20224,16253,3750,24683,1636.97137460625
8420,20224,16253,3729,24678,1636.972499595
8421,20224,16253,3709,24674,1636.97362458375
8422,20224,16253,3689,24669,1636.9747495725
8423,20224,16253,3669,24665,1636.97587456125
8424,19896,15966,3960,24787,1636.977
8425,19896,15966,3941,24778,1636.9781249913462
8426,19896,15966,3923,24768,1636.9792499826924
8427,19896,15966,3904,24759,1636.9803749740386
8428,19896,15966,3886,24749,1636.9814999653847
8429,19896,15966,3867,24740,1636.982624956731
8430,19896,15966,3849,24730,1636.983749948077
8431,19896,15966,3830,24721,1636.9848749394232
8432,19896,15966,3812,24711,1636.9859999307694
8433,19896,15966,3793,24702,1636.9871249221155
8434,19896,15966,3775,24692,1636.9882499134617
8435,19896,15966,3756,24683,1636.9893749048078
8436,19896,15966,3738,24673,1636.990499896154
8437,19896,15966,3719,24664,1636.9916248875002
8438,19896,15966,3701,24654,1636.992749878846
8439,19896,15966,3682,24644,1636.9938748701923
8440,19896,15966,3664,24635,1636.9949998615384
8441,19896,15966,3645,24625,1636.9961248528846
8442,19896,15966,3627,24616,1636.9972498442307
8443,19896,15966,3608,24606,1636.998374835577
8444,19896,15966,3590,24597,1636.999499826923
8445,19896,15966,3571,24587,1637.0006248182692
8446,19896,15966,3553,24578,1637.0017498096154
8447,19896,15966,3534,24568,1637.0028748009615
8448,19896,15966,3516,24559,1637.0039997923077
8449,19896,15966,3497,24549,1637.0051247836539
8450,19896,15966,3479,24540,1637.006249775
8451,19896,15966,3460,24530,1637.0073747663462
8452,19896,15966,3442,24521,1637.0084997576923
8453,19896,15966,3423,24511,1637.0096247490385
8454,19896,15966,3405,24502,1637.0107497403847
8455,19896,15966,3386,24492,1637.0118747317308
8456,19896,15966,3368,24483,1637.012999723077
8457,19896,15966,3349,24473,1637.0141247144231
8458,19896,15966,3331,24464,1637.0152497057693
8459,19896,15966,3312,24454,1637.0163746971155
8460,19896,15966,3294,24445,1637.0174996884616
8461,19896,15966,3275,24435,1637.0186246798078
8462,19896,15966,3257,24426,1637.019749671154
8463,19896,15966,3238,24416,1637.0208746624999
8464,19896,15966,3220,24407,1637.021999653846
8465,19896,15966,3201,24397,1637.0231246451922
8466,19896,15966,3183,24388,1637.0242496365383
8467,19896,15966,3164,24378,1637.0253746278845
8468,19896,15966,3146,24369,1637.0264996192307
8469,19896,15966,3127,24359,1637.0276246105768
8470,19896,15966,3109,24350,1637.028749601923
8471,19896,15966,3090,24340,1637.0298745932691
8472,19896,15966,3072,24330,1637.0309995846153
8473,19896,15966,3053,24321,1637.0321245759615
8474,19896,15966,3035,24311,1637.0332495673076
8475,19896,15966,3016,24302,1637.0343745586538
8476,19568,15679,3279,24374,1637.0355
8477,19568,15679,3262,24369,1637.0366249897727
8478,19568,15679,3245,24364,1637.0377499795454
8479,19568,15679,3228,24358,1637.0388749693182
8480,19568,15679,3210,24353,1637.039999959091
8481,19568,15679,3193,24348,1637.0411249488636
8482,19568,15679,3176,24342,1637.0422499386364
8483,19568,15679,3159,24337,1637.043374928409
8484,19568,15679,3142,24332,1637.0444999181818
8485,19568,15679,3125,24326,1637.0456249079546
8486,19568,15679,3108,24321,1637.0467498977273
8487,19568,15679,3090,24316,1637.0478748875
8488,19568,15679,3073,24311,1637.0489998772728
8489,19568,15679,3056,24305,1637.0501248670455
8490,19568,15679,3039,24300,1637.0512498568182
8491,19568,15679,3022,24295,1637.052374846591
8492,19568,15679,3005,24289,1637.0534998363637
8493,19568,15679,2988,24284,1637.0546248261364
8494,19568,15679,2970,24279,1637.0557498159092
8495,19568,15679,2953,24273,1637.056874805682
8496,19568,15679,2936,24268,1637.0579997954546
8497,19568,15679,2919,24263,1637.0591247852274
8498,19568,15679,2902,24257,1637.060249775
8499,19568,15679,2885,24252,1637.0613747647726
8500,19568,15679,2868,24247,1637.0624997545453
8501,19568,15679,2850,24242,1637.063624744318
8502,19568,15679,2833,24236,1637.0647497340908
8503,19568,15679,2816,24231,1637.0658747238635
8504,19568,15679,2799,24226,1637.0669997136363
8505,19568,15679,2782,24220,1637.068124703409
8506,19568,15679,2765,24215,1637.0692496931817
8507,19568,15679,2748,24210,1637.0703746829545
8508,19568,15679,2730,24204,1637.0714996727272
8509,19568,15679,2713,24199,1637.0726246625
8510,19568,15679,2696,24194,1637.0737496522727
8511,19568,15679,2679,24188,1637.0748746420454
8512,19568,15679,2662,24183,1637.0759996318181
8513,19568,15679,2645,24178,1637.0771246215909
8514,19568,15679,2628,24173,1637.0782496113636
8515,19568,15679,2611,24167,1637.0793746011364
8516,19568,15679,2593,24162,1637.080499590909
8517,19568,15679,2576,24157,1637.0816245806818
8518,19568,15679,2559,24151,1637.0827495704546
8519,19568,15679,2542,24146,1637.0838745602273
8520,19240,15392,2806,24261,1637.085
8521,19240,15392,2789,24255,1637.0861249775
8522,19240,15392,2772,24248,1637.087249955
8523,19240,15392,2755,24242,1637.0883749325
8524,19240,15392,2738,24235,1637.08949991
8525,19240,15392,2721,24229,1637.0906248875
8526,19240,15392,2704,24222,1637.091749865
8527,19240,15392,2687,24216,1637.0928748425001
8528,19240,15392,2670,24209,1637.0939998200001
8529,19240,15392,2654,24203,1637.0951247975001
8530,19240,15392,2637,24196,1637.0962497750002
8531,19240,15392,2620,24190,1637.0973747525
8532,19240,15392,2603,24183,1637.09849973
8533,19240,15392,2586,24177,1637.0996247075
8534,19240,15392,2569,24170,1637.100749685
8535,19240,15392,2552,24164,1637.1018746625
8536,19240,15392,2535,24157,1637.10299964
8537,19240,15392,2518,24151,1637.1041246175
8538,19240,15392,2501,24144,1637.105249595
8539,19240,15392,2501,24138,1637.1063745725
8540,18912,15105,10450,25691,1637.1075
8541,18912,15105,10450,25691,1637.1086248875001
8542,18912,15105,10450,25691,1637.1097497750002
8543,18912,15105,10450,25691,1637.1108746625
8544,18912,15105,10274,25626,1637.112
8545,18912,15105,10274,25614,1637.1131249775
8546,18912,15105,10274,25602,1637.114249955
8547,18912,15105,10274,25590,1637.1153749325001
8548,18912,15105,10095,25577,1637.1164999100001
8549,18912,15105,10060,25565,1637.1176248875001
8550,18912,15105,10025,25553,1637.1187498650002
8551,18912,15105,9989,25541,1637.1198748425002
8552,18912,15105,9954,25529,1637.1209998200002
8553,18912,15105,9918,25516,1637.1221247975002
8554,18912,15105,9883,25504,1637.1232497750002
8555,18912,15105,9848,25492,1637.1243747525
8556,18912,15105,9812,25480,1637.12549973
8557,18912,15105,9777,25467,1637.1266247075
8558,18912,15105,9741,25455,1637.127749685
8559,18912,15105,9706,25443,1637.1288746625
8560,18912,15105,9671,25431,1637.12999964
8561,18912,15105,9635,25419,1637.1311246175
8562,18912,15105,9600,25406,1637.132249595
8563,18912,15105,9564,25394,1637.1333745725
8564,18912,15105,9512,25368,1637.1345
8565,18912,15105,9475,25354,1637.1356249874998
8566,18912,15105,9437,25341,1637.136749975
8567,18912,15105,9400,25327,1637.1378749624998
8568,18912,15105,9362,25314,1637.13899995
8569,18912,15105,9325,25301,1637.1401249374999
8570,18912,15105,9287,25287,1637.141249925
8571,18912,15105,9250,25274,1637.1423749125
8572,18912,15105,9198,25260,1637.1434998999998
8573,18912,15105,9163,25247,1637.1446248875
8574,18912,15105,9128,25234,1637.1457498749999
8575,18912,15105,9093,25220,1637.1468748625
8576,18912,15105,9059,25207,1637.14799985
8577,18912,15105,9024,25193,1637.1491248374998
8578,18912,15105,8989,25180,1637.150249825
8579,18912,15105,8954,25167,1637.1513748124999
8580,18912,15105,8920,25153,1637.1524998
8581,18912,15105,8885,25140,1637.1536247875
8582,18912,15105,8850,25126,1637.1547497749998
8583,18912,15105,8815,25113,1637.1558747625
8584,18912,15105,8781,25100,1637.1569997499998
8585,18912,15105,8746,25086,1637.1581247375
8586,18912,15105,8711,25073,1637.1592497249999
8587,18912,15105,8676,25059,1637.1603747125
8588,18912,15105,8642,25046,1637.1614997
8589,18912,15105,8607,25033,1637.1626246874998
8590,18912,15105,8572,25019,1637.163749675
8591,18912,15105,8537,25006,1637.1648746624999
8592,18912,15105,8488,24992,1637.16599965
8593,18912,15105,8452,24979,1637.1671246375
8594,18912,15105,8416,24966,1637.168249625
8595,18912,15105,8380,24952,1637.1693746125
8596,18912,15105,8344,24939,1637.1704995999999
8597,18912,15105,8308,24925,1637.1716245875
8598,18912,15105,8272,24912,1637.172749575
8599,18912,15105,8236,24899,1637.1738745625
8600,18584,14818,8833,25051,1637.175
8601,18584,14818,8800,25044,1637.17612498875
8602,18584,14818,8767,25038,1637.1772499775
8603,18584,14818,8733,25031,1637.17837496625
8604,18584,14818,8700,25024,1637.179499955
8605,18584,14818,8667,25017,1637.18062494375
8606,18584,14818,8634,25011,1637.1817499325
8607,18584,14818,8600,25004,1637.18287492125
8608,18584,14818,8567,24997,1637.18399991
8609,18584,14818,8534,24990,1637.18512489875
8610,18584,14818,8500,24984,1637.1862498875
8611,18584,14818,8467,24977,1637.18737487625
8612,18584,14818,8434,24970,1637.188499865
8613,18584,14818,8401,24963,1637.18962485375
8614,18584,14818,8367,24956,1637.1907498425
8615,18584,14818,8334,24950,1637.19187483125
8616,18584,14818,8301,24943,1637.19299982
8617,18584,14818,8268,24936,1637.19412480875
8618,18584,14818,8234,24929,1637.1952497975
8619,18584,14818,8201,24923,1637.19637478625
8620,18584,14818,8168,24916,1637.1974997749999
8621,18584,14818,8135,24909,1637.1986247637499
8622,18584,14818,8101,24902,1637.1997497524999
8623,18584,14818,8068,24896,1637.20087474125
8624,18584,14818,8035,24889,1637.20199973
8625,18584,14818,8002,24882,1637.20312471875
8626,18584,14818,7968,24875,1637.2042497075
8627,18584,14818,7935,24868,1637.20537469625
8628,18584,14818,7902,24862,1637.206499685
8629,18584,14818,7869,24855,1637.20762467375
8630,18584,14818,7835,24848,1637.2087496625
8631,18584,14818,7802,24841,1637.20987465125
8632,18584,14818,7769,24835,1637.21099964
8633,18584,14818,7736,24828,1637.21212462875
8634,18584,14818,7702,24821,1637.2132496175
8635,18584,14818,7669,24814,1637.21437460625
8636,18584,14818,7636,24808,1637.215499595
8637,18584,14818,7602,24801,1637.21662458375
8638,18584,14818,7569,24794,1637.2177495725
8639,18584,14818,7536,24787,1637.21887456125
8640,18256,14531,8070,24986,1637.22
8641,18256,14531,8039,24982,1637.22112498875
8642,18256,14531,8009,24977,1637.2222499775
8643,18256,14531,7978,24973,1637.22337496625
8644,18256,14531,7948,24969,1637.224499955
8645,18256,14531,7917,24964,1637.22562494375
8646,18256,14531,7887,24960,1637.2267499325
8647,18256,14531,7856,24955,1637.22787492125
8648,18256,14531,7826,24951,1637.22899991
8649,18256,14531,7795,24946,1637.23012489875
8650,18256,14531,7765,24942,1637.2312498875
8651,18256,14531,7735,24937,1637.23237487625
8652,18256,14531,7704,24933,1637.233499865
8653,18256,14531,7674,24929,1637.2346248537501
8654,18256,14531,7643,24924,1637.2357498425001
8655,18256,14531,7613,24920,1637.2368748312501
8656,18256,14531,7582,24915,1637.2379998200001
8657,18256,14531,7552,24911,1637.2391248087501
8658,18256,14531,7521,24906,1637.2402497975002
8659,18256,14531,7491,24902,1637.2413747862502
8660,18256,14531,7460,24898,1637.242499775
8661,18256,14531,7430,24893,1637.24362476375
8662,18256,14531,7399,24889,1637.2447497525
8663,18256,14531,7369,24884,1637.24587474125
8664,18256,14531,7338,24880,1637.24699973
8665,18256,14531,7308,24875,1637.24812471875
8666,18256,14531,7277,24871,1637.2492497075
8667,18256,14531,7247,24866,1637.25037469625
8668,18256,14531,7216,24862,1637.251499685
8669,18256,14531,7186,24858,1637.25262467375
8670,18256,14531,7156,24853,1637.2537496625
8671,18256,14531,7125,24849,1637.25487465125
8672,18256,14531,7095,24844,1637.25599964
8673,18256,14531,7064,24840,1637.25712462875
8674,18256,14531,7034,24835,1637.2582496175
8675,18256,14531,7003,24831,1637.25937460625
8676,18256,14531,6973,24826,1637.260499595
8677,18256,14531,6942,24822,1637.26162458375
8678,18256,14531,6912,24818,1637.2627495725
8679,18256,14531,6881,24813,1637.26387456125
8680,17928,14244,7346,24948,1637.265
8681,17928,14244,7318,24937,1637.266124990625
8682,17928,14244,7289,24927,1637.2672499812502
8683,17928,14244,7261,24916,1637.2683749718751
8684,17928,14244,7233,24905,1637.2694999625
8685,17928,14244,7205,24895,1637.270624953125
8686,17928,14244,7176,24884,1637.2717499437501
8687,17928,14244,7148,24874,1637.272874934375
8688,17928,14244,7120,24863,1637.273999925
8689,17928,14244,7092,24852,1637.2751249156252
8690,17928,14244,7064,24842,1637.27624990625
8691,17928,14244,7035,24831,1637.277374896875
8692,17928,14244,7007,24820,1637.2784998875
8693,17928,14244,6979,24810,1637.279624878125
8694,17928,14244,6951,24799,1637.28074986875
8695,17928,14244,6922,24789,1637.281874859375
8696,17928,14244,6894,24778,1637.2829998500001
8697,17928,14244,6866,24767,1637.284124840625
8698,17928,14244,6838,24757,1637.28524983125
8699,17928,14244,6810,24746,1637.2863748218751
8700,17928,14244,6781,24735,1637.2874998125
8701,17928,14244,6753,24725,1637.288624803125
8702,17928,14244,6725,24714,1637.28974979375
8703,17928,14244,6697,24704,1637.290874784375
8704,17928,14244,6668,24693,1637.291999775
8705,17928,14244,6640,24682,1637.293124765625
8706,17928,14244,6612,24672,1637.29424975625
8707,17928,14244,6584,24661,1637.295374746875
8708,17928,14244,6555,24651,1637.2964997375
8709,17928,14244,6527,24640,1637.297624728125
8710,17928,14244,6499,24629,1637.29874971875
8711,17928,14244,6471,24619,1637.299874709375
8712,17928,14244,6443,24608,1637.3009997
8713,17928,14244,6414,24597,1637.302124690625
8714,17928,14244,6386,24587,1637.30324968125
8715,17928,14244,6358,24576,1637.304374671875
8716,17928,14244,6330,24566,1637.3054996625
8717,17928,14244,6301,24555,1637.306624653125
8718,17928,14244,6273,24544,1637.30774964375
8719,17928,14244,6245,24534,1637.308874634375
8720,17928,14244,6217,24523,1637.309999625
8721,17928,14244,6188,24512,1637.311124615625
8722,17928,14244,6160,24502,1637.31224960625
8723,17928,14244,6132,24491,1637.313374596875
8724,17928,14244,6104,24481,1637.3144995875
8725,17928,14244,6076,24470,1637.315624578125
8726,17928,14244,6047,24459,1637.3167495687499
8727,17928,14244,6019,24449,1637.317874559375
8728,17600,13957,6459,24577,1637.319
8729,17600,13957,6434,24570,1637.3201249913461
8730,17600,13957,6408,24563,1637.3212499826923
8731,17600,13957,6383,24556,1637.3223749740384
8732,17600,13957,6357,24550,1637.3234999653846
8733,17600,13957,6331,24543,1637.3246249567308
8734,17600,13957,6306,24536,1637.325749948077
8735,17600,13957,6280,24529,1637.326874939423
8736,17600,13957,6255,24522,1637.3279999307692
8737,17600,13957,6229,24515,1637.3291249221154
8738,17600,13957,6204,24508,1637.3302499134616
8739,17600,13957,6178,24501,1637.3313749048077
8740,17600,13957,6153,24495,1637.3324998961539
8741,17600,13957,6127,24488,1637.3336248875
8742,17600,13957,6102,24481,1637.3347498788462
8743,17600,13957,6076,24474,1637.3358748701924
8744,17600,13957,6051,24467,1637.3369998615385
8745,17600,13957,6025,24460,1637.3381248528847
8746,17600,13957,6000,24453,1637.3392498442308
8747,17600,13957,5974,24447,1637.340374835577
8748,17600,13957,5949,24440,1637.3414998269232
8749,17600,13957,5923,24433,1637.3426248182693
8750,17600,13957,5898,24426,1637.3437498096155
8751,17600,13957,5872,24419,1637.3448748009616
8752,17600,13957,5847,24412,1637.3459997923078
8753,17600,13957,5821,24405,1637.347124783654
8754,17600,13957,5796,24398,1637.348249775
8755,17600,13957,5770,24392,1637.349374766346
8756,17600,13957,5745,24385,1637.3504997576922
8757,17600,13957,5719,24378,1637.3516247490384
8758,17600,13957,5694,24371,1637.3527497403845
8759,17600,13957,5668,24364,1637.3538747317307
8760,17600,13957,5643,24357,1637.3549997230768
8761,17600,13957,5617,24350,1637.356124714423
8762,17600,13957,5592,24344,1637.3572497057692
8763,17600,13957,5566,24337,1637.3583746971153
8764,17600,13957,5541,24330,1637.3594996884615
8765,17600,13957,5515,24323,1637.3606246798076
8766,17600,13957,5490,24316,1637.3617496711538
8767,17600,13957,5464,24309,1637.3628746625
8768,17600,13957,5439,24302,1637.3639996538461
8769,17600,13957,5413,24295,1637.3651246451923
8770,17600,13957,5388,24289,1637.3662496365384
8771,17600,13957,5362,24282,1637.3673746278846
8772,17600,13957,5337,24275,1637.3684996192308
8773,17600,13957,5311,24268,1637.369624610577
8774,17600,13957,5286,24261,1637.370749601923
8775,17600,13957,5260,24254,1637.3718745932692
8776,17600,13957,5235,24247,1637.3729995846154
8777,17600,13957,5209,24241,1637.3741245759616
8778,17600,13957,5183,24234,1637.3752495673077
8779,17600,13957,5158,24227,1637.3763745586539
8780,17269,13669,5596,24411,1637.3775
8781,17269,13669,5573,24401,1637.37862498875
8782,17269,13669,5549,24392,1637.3797499775
8783,17269,13669,5525,24383,1637.38087496625
8784,17269,13669,5501,24373,1637.381999955
8785,17269,13669,5477,24364,1637.38312494375
8786,17269,13669,5454,24355,1637.3842499325
8787,17269,13669,5430,24345,1637.38537492125
8788,17269,13669,5406,24336,1637.38649991
8789,17269,13669,5382,24327,1637.3876248987501
8790,17269,13669,5358,24317,1637.3887498875001
8791,17269,13669,5334,24308,1637.38987487625
8792,17269,13669,5311,24299,1637.390999865
8793,17269,13669,5287,24289,1637.39212485375
8794,17269,13669,5263,24280,1637.3932498425
8795,17269,13669,5239,24271,1637.39437483125
8796,17269,13669,5215,24261,1637.39549982
8797,17269,13669,5192,24252,1637.39662480875
8798,17269,13669,5168,24243,1637.3977497975
8799,17269,13669,5144,24233,1637.39887478625
8800,17269,13669,5120,24224,1637.399999775
8801,17269,13669,5096,24215,1637.40112476375
8802,17269,13669,5072,24205,1637.4022497525
8803,17269,13669,5049,24196,1637.40337474125
8804,17269,13669,5025,24187,1637.40449973
8805,17269,13669,5001,24177,1637.40562471875
8806,17269,13669,4977,24168,1637.4067497075
8807,17269,13669,4953,24159,1637.40787469625
8808,17269,13669,4930,24149,1637.408999685
8809,17269,13669,4906,24140,1637.41012467375
8810,17269,13669,4882,24131,1637.4112496624998
8811,17269,13669,4858,24121,1637.4123746512498
8812,17269,13669,4834,24112,1637.4134996399998
8813,17269,13669,4810,24103,1637.4146246287498
8814,17269,13669,4787,24093,1637.4157496174998
8815,17269,13669,4763,24084,1637.4168746062498
8816,16970,13379,5119,24075,1637.4179995949999
8817,16970,13379,5098,24065,1637.4191245837499
8818,16970,13379,5076,24056,1637.4202495724999
8819,16970,13379,5055,24047,1637.4213745612499
8820,16970,13379,5033,24061,1637.4225
8821,16970,13379,5011,24056,1637.42362494375
8822,16970,13379,4990,24051,1637.4247498875
8823,16970,13379,4968,24045,1637.42587483125
8824,16970,13379,4947,24040,1637.4269997749998
8825,16970,13379,4925,24035,1637.4281247187498
8826,16970,13379,4904,24030,1637.4292496624998
8827,16970,13379,4882,24024,1637.4303746062499
8828,16970,13379,4861,23968,1637.4315
8829,16970,13379,4839,23955,1637.4326249624999
8830,16970,13379,4817,23942,1637.433749925
8831,16970,13379,4796,23928,1637.4348748875
8832,16970,13379,4774,23915,1637.43599985
8833,16970,13379,4753,23902,1637.4371248124999
8834,16970,13379,4731,23889,1637.4382497749998
8835,16970,13379,4710,23876,1637.4393747375
8836,16970,13379,4688,23863,1637.4404997
8837,16970,13379,4667,23850,1637.4416246624999
8838,16970,13379,4645,23837,1637.442749625
8839,16970,13379,4623,23823,1637.4438745875
8840,16970,13379,4602,23794,1637.445
8841,16970,13379,4580,23781,1637.4461249624999
8842,16970,13379,4559,23768,1637.447249925
8843,16970,13379,4537,23755,1637.4483748875
8844,16970,13379,4516,23743,1637.44949985
8845,16970,13379,4494,23730,1637.4506248124999
8846,16970,13379,4473,23717,1637.4517497749998
8847,16970,13379,4451,23704,1637.4528747375
8848,16970,13379,4429,23692,1637.4539997
8849,16970,13379,4408,23679,1637.4551246624999
8850,16970,13379,4386,23666,1637.456249625
8851,16970,13379,4365,23653,1637.4573745875
8852,16970,13379,4343,23626,1637.4585
8853,16970,13379,4322,23613,1637.459624971875
8854,16970,13379,4300,23601,1637.46074994375
8855,16970,13379,4279,23589,1637.461874915625
8856,16970,13379,4257,23576,1637.4629998875
8857,16970,13379,4235,23564,1637.464124859375
8858,16970,13379,4214,23552,1637.46524983125
8859,16970,13379,4192,23539,1637.466374803125
8860,16970,13379,4171,23527,1637.4674997749999
8861,16970,13379,4149,23514,1637.4686247468749
8862,16970,13379,4128,23502,1637.4697497187499
8863,16970,13379,4106,23490,1637.470874690625
8864,16970,13379,4085,23477,1637.4719996625
8865,16970,13379,4063,23465,1637.473124634375
8866,16970,13379,4041,23453,1637.47424960625
8867,16970,13379,4020,23440,1637.475374578125
8868,16671,13089,4351,23525,1637.4765
8869,16671,13089,4331,23521,1637.4776249946428
8870,16671,13089,4312,23517,1637.4787499892857
8871,16671,13089,4292,23513,1637.4798749839285
8872,16671,13089,4273,23509,1637.4809999785714
8873,16671,13089,4253,23505,1637.4821249732142
8874,16671,13089,4234,23501,1637.483249967857
8875,16671,13089,4214,23498,1637.4843749625
8876,16671,13089,4195,23494,1637.4854999571428
8877,16671,13089,4176,23490,1637.4866249517856
8878,16671,13089,4156,23486,1637.4877499464285
8879,16671,13089,4137,23482,1637.4888749410713
8880,16671,13089,4117,23478,1637.4899999357142
8881,16671,13089,4098,23474,1637.491124930357
8882,16671,13089,4078,23470,1637.492249925
8883,16671,13089,4059,23466,1637.4933749196427
8884,16671,13089,4040,23462,1637.4944999142856
8885,16671,13089,4020,23458,1637.4956249089284
8886,16671,13089,4001,23454,1637.4967499035713
8887,16671,13089,3981,23451,1637.4978748982141
8888,16671,13089,3962,23447,1637.498999892857
8889,16671,13089,3942,23443,1637.5001248875
8890,16671,13089,3923,23439,1637.501249882143
8891,16671,13089,3903,23435,1637.5023748767858
8892,16671,13089,3884,23431,1637.5034998714286
8893,16671,13089,3865,23427,1637.5046248660715
8894,16671,13089,3845,23423,1637.5057498607143
8895,16671,13089,3826,23419,1637.5068748553572
8896,16671,13089,3806,23415,1637.50799985
8897,16671,13089,3787,23411,1637.5091248446429
8898,16671,13089,3767,23408,1637.5102498392857
8899,16671,13089,3748,23404,1637.5113748339286
8900,16671,13089,3729,23400,1637.5124998285714
8901,16671,13089,3709,23396,1637.5136248232143
8902,16671,13089,3690,23392,1637.5147498178571
8903,16671,13089,3670,23388,1637.5158748125
8904,16671,13089,3651,23384,1637.5169998071428
8905,16671,13089,3631,23380,1637.5181248017857
8906,16671,13089,3612,23376,1637.5192497964285
8907,16671,13089,3592,23372,1637.5203747910714
8908,16671,13089,3573,23368,1637.5214997857142
8909,16671,13089,3554,23365,1637.522624780357
8910,16671,13089,3534,23361,1637.523749775
8911,16671,13089,3515,23357,1637.5248747696428
8912,16671,13089,3495,23353,1637.5259997642856
8913,16671,13089,3476,23349,1637.5271247589285
8914,16671,13089,3456,23345,1637.5282497535713
8915,16671,13089,3437,23341,1637.5293747482142
8916,16671,13089,3418,23337,1637.530499742857
8917,16671,13089,3398,23333,1637.5316247375
8918,16671,13089,3379,23329,1637.5327497321427
8919,16671,13089,3359,23325,1637.5338747267856
8920,16671,13089,3340,23322,1637.5349997214284
8921,16671,13089,3320,23318,1637.5361247160713
8922,16671,13089,3301,23314,1637.5372497107141
8923,16671,13089,3281,23310,1637.538374705357
8924,16372,12799,3584,23306,1637.5394996999999
8925,16372,12799,3566,23302,1637.5406246946427
8926,16372,12799,3548,23298,1637.5417496892856
8927,16372,12799,3530,23294,1637.5428746839284
8928,16372,12799,3512,23290,1637.5439996785713
8929,16372,12799,3494,23286,1637.545124673214
8930,16372,12799,3475,23282,1637.546249667857
8931,16372,12799,3457,23279,1637.5473746624998
8932,16372,12799,3439,23275,1637.5484996571429
8933,16372,12799,3421,23271,1637.5496246517857
8934,16372,12799,3403,23267,1637.5507496464286
8935,16372,12799,3385,23263,1637.5518746410714
8936,16372,12799,3367,23259,1637.5529996357143
8937,16372,12799,3349,23255,1637.5541246303571
8938,16372,12799,3331,23251,1637.555249625
8939,16372,12799,3313,23247,1637.5563746196428
8940,16372,12799,3295,23243,1637.5574996142857
8941,16372,12799,3276,23239,1637.5586246089285
8942,16372,12799,3258,23236,1637.5597496035714
8943,16372,12799,3240,23232,1637.5608745982142
8944,16372,12799,3222,23228,1637.561999592857
8945,16372,12799,3204,23224,1637.5631245875
8946,16372,12799,3186,23220,1637.5642495821428
8947,16372,12799,3168,23216,1637.5653745767856
8948,16372,12799,3150,23212,1637.5664995714285
8949,16372,12799,3132,23208,1637.5676245660713
8950,16372,12799,3114,23204,1637.5687495607142
8951,16372,12799,3096,23200,1637.569874555357
8952,16372,12799,3078,23123,1637.571
8953,16372,12799,3059,23115,1637.5721249624999
8954,16372,12799,3041,23107,1637.5732499249998
8955,16372,12799,3023,23099,1637.5743748875
8956,16372,12799,3005,23091,1637.57549985
8957,16372,12799,2987,23083,1637.5766248124999
8958,16372,12799,2969,23074,1637.577749775
8959,16372,12799,2951,23066,1637.5788747375
8960,16372,12799,2933,23058,1637.5799997
8961,16372,12799,2915,23050,1637.5811246624999
8962,16372,12799,2897,23042,1637.5822496249998
8963,16372,12799,2879,23034,1637.5833745875
8964,16073,12509,3185,23179,1637.5845
8965,16073,12509,3168,23171,1637.5856249897727
8966,16073,12509,3150,23163,1637.5867499795454
8967,16073,12509,3133,23155,1637.5878749693181
8968,16073,12509,3116,23147,1637.5889999590909
8969,16073,12509,3099,23139,1637.5901249488636
8970,16073,12509,3082,23131,1637.5912499386363
8971,16073,12509,3065,23123,1637.592374928409
8972,16073,12509,3047,23116,1637.5934999181818
8973,16073,12509,3030,23108,1637.5946249079545
8974,16073,12509,3013,23100,1637.5957498977273
8975,16073,12509,2996,23092,1637.5968748875
8976,16073,12509,2979,23084,1637.5979998772727
8977,16073,12509,2962,23076,1637.5991248670455
8978,16073,12509,2945,23068,1637.6002498568182
8979,16073,12509,2927,23060,1637.601374846591
8980,16073,12509,2910,23052,1637.6024998363637
8981,16073,12509,2893,23044,1637.6036248261364
8982,16073,12509,2876,23037,1637.6047498159091
8983,16073,12509,2859,23029,1637.6058748056819
8984,16073,12509,2842,23021,1637.6069997954546
8985,16073,12509,2824,23013,1637.6081247852273
8986,16073,12509,2807,23005,1637.609249775
8987,16073,12509,2790,22997,1637.6103747647726
8988,16073,12509,2773,22989,1637.6114997545453
8989,16073,12509,2756,22981,1637.612624744318
8990,16073,12509,2739,22973,1637.6137497340908
8991,16073,12509,2722,22965,1637.6148747238635
8992,16073,12509,2704,22958,1637.6159997136363
8993,16073,12509,2687,22950,1637.617124703409
8994,16073,12509,2670,22942,1637.6182496931817
8995,16073,12509,2653,22934,1637.6193746829545
8996,16073,12509,2636,22926,1637.6204996727272
8997,16073,12509,2619,22918,1637.6216246625
8998,16073,12509,2601,22910,1637.6227496522727
8999,16073,12509,2584,22902,1637.6238746420454
9000,16073,12509,2567,22894,1637.6249996318181
9001,16073,12509,2550,22886,1637.6261246215909
9002,16073,12509,2533,22878,1637.6272496113636
9003,16073,12509,2516,22871,1637.6283746011363
9004,16073,12509,2499,22863,1637.629499590909
9005,16073,12509,2499,22855,1637.6306245806818
9006,16073,12509,2499,22847,1637.6317495704545
9007,16073,12509,2499,22839,1637.6328745602273
9008,15774,12219,10546,24268,1637.634
9009,15774,12219,10546,24262,1637.6351249913462
9010,15774,12219,10546,24255,1637.6362499826923
9011,15774,12219,10546,24249,1637.6373749740385
9012,15774,12219,10370,24242,1637.6384999653847
9013,15774,12219,10370,24236,1637.6396249567308
9014,15774,12219,10370,24230,1637.640749948077
9015,15774,12219,10370,24223,1637.6418749394231
9016,15774,12219,10192,24217,1637.6429999307693
9017,15774,12219,10156,24210,1637.6441249221155
9018,15774,12219,10120,24204,1637.6452499134616
9019,15774,12219,10084,24198,1637.6463749048078
9020,15774,12219,10049,24191,1637.647499896154
9021,15774,12219,10013,24185,1637.6486248875
9022,15774,12219,9977,24178,1637.6497498788463
9023,15774,12219,9941,24172,1637.6508748701924
9024,15774,12219,9906,24166,1637.6519998615386
9025,15774,12219,9870,24159,1637.6531248528847
9026,15774,12219,9834,24153,1637.654249844231
9027,15774,12219,9798,24146,1637.655374835577
9028,15774,12219,9746,24140,1637.6564998269232
9029,15774,12219,9746,24134,1637.6576248182694
9030,15774,12219,9746,24127,1637.6587498096155
9031,15774,12219,9746,24121,1637.6598748009617
9032,15774,12219,9592,24114,1637.6609997923078
9033,15774,12219,9592,24108,1637.662124783654
9034,15774,12219,9592,24102,1637.6632497750002
9035,15774,12219,9592,24095,1637.664374766346
9036,15774,12219,9431,24089,1637.6654997576923
9037,15774,12219,9394,24082,1637.6666247490384
9038,15774,12219,9358,24076,1637.6677497403846
9039,15774,12219,9321,24070,1637.6688747317307
9040,15774,12219,9284,24063,1637.669999723077
9041,15774,12219,9247,24057,1637.671124714423
9042,15774,12219,9211,24050,1637.6722497057692
9043,15774,12219,9174,24044,1637.6733746971154
9044,15774,12219,9137,24038,1637.6744996884615
9045,15774,12219,9100,24031,1637.6756246798077
9046,15774,12219,9064,24025,1637.6767496711539
9047,15774,12219,9027,24018,1637.6778746625
9048,15774,12219,8976,24012,1637.6789996538462
9049,15774,12219,8945,24006,1637.6801246451923
9050,15774,12219,8913,23999,1637.6812496365385
9051,15774,12219,8882,23993,1637.6823746278847
9052,15774,12219,8850,23986,1637.6834996192308
9053,15774,12219,8819,23980,1637.684624610577
9054,15774,12219,8787,23974,1637.6857496019231
9055,15774,12219,8756,23967,1637.6868745932693
9056,15774,12219,8690,23961,1637.6879995846155
9057,15774,12219,8690,23954,1637.6891245759616
9058,15774,12219,8690,23948,1637.6902495673078
9059,15774,12219,8690,23942,1637.691374558654
9060,15475,11929,9246,24079,1637.6925
9061,15475,11929,9212,24071,1637.6936249718751
9062,15475,11929,9178,24062,1637.6947499437501
9063,15475,11929,9144,24054,1637.6958749156252
9064,15475,11929,9110,24045,1637.6969998875002
9065,15475,11929,9077,24037,1637.698124859375
9066,15475,11929,9043,24028,1637.69924983125
9067,15475,11929,9009,24019,1637.700374803125
9068,15475,11929,8975,24011,1637.701499775
9069,15475,11929,8941,24002,1637.702624746875
9070,15475,11929,8907,23994,1637.70374971875
9071,15475,11929,8873,23985,1637.704874690625
9072,15475,11929,8839,23977,1637.7059996624998
9073,15475,11929,8806,23968,1637.7071246343748
9074,15475,11929,8772,23960,1637.7082496062499
9075,15475,11929,8738,23951,1637.7093745781249
9076,15475,11929,8704,23910,1637.7105
9077,15475,11929,8670,23896,1637.71162494375
9078,15475,11929,8636,23883,1637.7127498875
9079,15475,11929,8602,23869,1637.71387483125
9080,15475,11929,8568,23855,1637.7149997749998
9081,15475,11929,8535,23841,1637.7161247187498
9082,15475,11929,8501,23828,1637.7172496624999
9083,15475,11929,8467,23814,1637.7183746062499
9084,15475,11929,8433,23791,1637.7195
9085,15475,11929,8399,23778,1637.72062494375
9086,15475,11929,8365,23765,1637.7217498875
9087,15475,11929,8331,23752,1637.72287483125
9088,15475,11929,8297,23739,1637.7239997749998
9089,15475,11929,8263,23726,1637.7251247187498
9090,15475,11929,8230,23713,1637.7262496624999
9091,15475,11929,8196,23700,1637.72737460625
9092,15475,11929,8162,23671,1637.7285
9093,15475,11929,8128,23659,1637.7296249839285
9094,15475,11929,8094,23648,1637.730749967857
9095,15475,11929,8060,23637,1637.7318749517856
9096,15475,11929,8026,23625,1637.7329999357141
9097,15475,11929,7992,23614,1637.734124919643
9098,15475,11929,7959,23603,1637.7352499035715
9099,15475,11929,7925,23591,1637.7363748875
9100,15475,11929,7891,23580,1637.7374998714286
9101,15475,11929,7857,23568,1637.738624855357
9102,15475,11929,7823,23557,1637.7397498392857
9103,15475,11929,7789,23546,1637.7408748232142
9104,15475,11929,7755,23534,1637.7419998071427
9105,15475,11929,7721,23523,1637.7431247910713
9106,15475,11929,7687,23512,1637.7442497749998
9107,15475,11929,7654,23500,1637.7453747589286
9108,15475,11929,7620,23489,1637.7464997428572
9109,15475,11929,7586,23478,1637.7476247267857
9110,15475,11929,7552,23466,1637.7487497107143
9111,15475,11929,7518,23455,1637.7498746946428
9112,15475,11929,7484,23444,1637.7509996785714
9113,15475,11929,7450,23432,1637.7521246625
9114,15475,11929,7416,23421,1637.7532496464285
9115,15475,11929,7383,23410,1637.754374630357
9116,15475,11929,7349,23398,1637.7554996142858
9117,15475,11929,7315,23387,1637.7566245982143
9118,15475,11929,7281,23376,1637.7577495821429
9119,15475,11929,7247,23364,1637.7588745660714
9120,15176,11639,7849,23509,1637.76
9121,15176,11639,7819,23503,1637.7611249897727
9122,15176,11639,7789,23496,1637.7622499795455
9123,15176,11639,7759,23490,1637.7633749693182
9124,15176,11639,7730,23484,1637.764499959091
9125,15176,11639,7700,23478,1637.7656249488637
9126,15176,11639,7670,23472,1637.7667499386364
9127,15176,11639,7640,23465,1637.7678749284091
9128,15176,11639,7610,23459,1637.7689999181819
9129,15176,11639,7580,23453,1637.7701249079546
9130,15176,11639,7551,23447,1637.7712498977273
9131,15176,11639,7521,23441,1637.7723748875
9132,15176,11639,7491,23434,1637.7734998772728
9133,15176,11639,7461,23428,1637.7746248670455
9134,15176,11639,7431,23422,1637.7757498568183
9135,15176,11639,7402,23416,1637.776874846591
9136,15176,11639,7372,23410,1637.7779998363637
9137,15176,11639,7342,23403,1637.7791248261365
9138,15176,11639,7312,23397,1637.7802498159092
9139,15176,11639,7282,23391,1637.781374805682
9140,15176,11639,7253,23385,1637.7824997954547
9141,15176,11639,7223,23379,1637.7836247852274
9142,15176,11639,7193,23373,1637.784749775
9143,15176,11639,7163,23366,1637.7858747647726
9144,15176,11639,7133,23360,1637.7869997545454
9145,15176,11639,7103,23354,1637.788124744318
9146,15176,11639,7074,23348,1637.7892497340908
9147,15176,11639,7044,23342,1637.7903747238636
9148,15176,11639,7014,23335,1637.7914997136363
9149,15176,11639,6984,23329,1637.792624703409
9150,15176,11639,6954,23323,1637.7937496931818
9151,15176,11639,6925,23317,1637.7948746829545
9152,15176,11639,6895,23311,1637.7959996727272
9153,15176,11639,6865,23304,1637.7971246625
9154,15176,11639,6835,23298,1637.7982496522727
9155,15176,11639,6805,23292,1637.7993746420454
9156,15176,11639,6776,23286,1637.8004996318182
9157,15176,11639,6746,23280,1637.801624621591
9158,15176,11639,6716,23273,1637.8027496113637
9159,15176,11639,6686,23267,1637.8038746011364
9160,15176,11639,6656,23261,1637.8049995909091
9161,15176,11639,6626,23255,1637.8061245806819
9162,15176,11639,6597,23249,1637.8072495704546
9163,15176,11639,6567,23243,1637.8083745602273
9164,14877,11349,7097,23471,1637.8095
9165,14877,11349,7069,23462,1637.8106249913462
9166,14877,11349,7042,23454,1637.8117499826924
9167,14877,11349,7014,23445,1637.8128749740386
9168,14877,11349,6987,23437,1637.8139999653847
9169,14877,11349,6959,23428,1637.8151249567309
9170,14877,11349,6932,23419,1637.816249948077
9171,14877,11349,6904,23411,1637.8173749394232
9172,14877,11349,6877,23402,1637.8184999307693
9173,14877,11349,6849,23394,1637.8196249221155
9174,14877,11349,6822,23385,1637.8207499134617
9175,14877,11349,6795,23377,1637.8218749048078
9176,14877,11349,6767,23368,1637.822999896154
9177,14877,11349,6740,23359,1637.8241248875001
9178,14877,11349,6712,23351,1637.825249878846
9179,14877,11349,6685,23342,1637.8263748701922
9180,14877,11349,6657,23334,1637.8274998615384
9181,14877,11349,6630,23325,1637.8286248528846
9182,14877,11349,6602,23316,1637.8297498442307
9183,14877,11349,6575,23308,1637.8308748355769
9184,14877,11349,6547,23299,1637.831999826923
9185,14877,11349,6520,23291,1637.8331248182692
9186,14877,11349,6492,23282,1637.8342498096154
9187,14877,11349,6465,23274,1637.8353748009615
9188,14877,11349,6437,23265,1637.8364997923077
9189,14877,11349,6410,23256,1637.8376247836538
9190,14877,11349,6382,23248,1637.838749775
9191,14877,11349,6355,23239,1637.8398747663462
9192,14877,11349,6327,23231,1637.8409997576923
9193,14877,11349,6300,23222,1637.8421247490385
9194,14877,11349,6272,23214,1637.8432497403846
9195,14877,11349,6245,23205,1637.8443747317308
9196,14877,11349,6217,23196,1637.845499723077
9197,14877,11349,6190,23188,1637.8466247144231
9198,14877,11349,6162,23179,1637.8477497057693
9199,14877,11349,6135,23171,1637.8488746971154
9200,14877,11349,6107,23162,1637.8499996884616
9201,14877,11349,6080,23154,1637.8511246798078
9202,14877,11349,6052,23145,1637.852249671154
9203,14877,11349,6025,23136,1637.8533746624998
9204,14877,11349,5997,23128,1637.854499653846
9205,14877,11349,5970,23119,1637.8556246451922
9206,14877,11349,5942,23111,1637.8567496365383
9207,14877,11349,5915,23102,1637.8578746278845
9208,14877,11349,5887,23093,1637.8589996192306
9209,14877,11349,5860,23085,1637.8601246105768
9210,14877,11349,5832,23076,1637.861249601923
9211,14877,11349,5805,23068,1637.8623745932691
9212,14877,11349,5777,23059,1637.8634995846153
9213,14877,11349,5750,23051,1637.8646245759614
9214,14877,11349,5722,23042,1637.8657495673076
9215,14877,11349,5695,23033,1637.8668745586538
9216,14578,11059,6180,23160,1637.868
9217,14578,11059,6155,23151,1637.8691249624999
9218,14578,11059,6130,23143,1637.8702499249998
9219,14578,11059,6106,23134,1637.8713748875
9220,14578,11059,6081,23125,1637.87249985
9221,14578,11059,6056,23117,1637.8736248124999
9222,14578,11059,6031,23108,1637.874749775
9223,14578,11059,6007,23099,1637.8758747375
9224,14578,11059,5982,23091,1637.8769997
9225,14578,11059,5957,23082,1637.8781246624999
9226,14578,11059,5932,23074,1637.8792496249998
9227,14578,11059,5907,23065,1637.8803745875
9228,14578,11059,5883,23034,1637.8815
9229,14578,11059,5858,23025,1637.88262498875
9230,14578,11059,5833,23016,1637.8837499775
9231,14578,11059,5808,23008,1637.88487496625
9232,14578,11059,5784,22999,1637.885999955
9233,14578,11059,5759,22990,1637.88712494375
9234,14578,11059,5734,22982,1637.8882499325
9235,14578,11059,5709,22973,1637.88937492125
9236,14578,11059,5684,22964,1637.89049991
9237,14578,11059,5660,22956,1637.89162489875
9238,14578,11059,5635,22947,1637.8927498875
9239,14578,11059,5610,22938,1637.89387487625
9240,14578,11059,5585,22930,1637.894999865
9241,14578,11059,5561,22921,1637.89612485375
9242,14578,11059,5536,22912,1637.8972498425
9243,14578,11059,5511,22904,1637.89837483125
9244,14578,11059,5486,22895,1637.89949982
9245,14578,11059,5462,22886,1637.90062480875
9246,14578,11059,5437,22878,1637.9017497975
9247,14578,11059,5412,22869,1637.90287478625
9248,14578,11059,5387,22860,1637.903999775
9249,14578,11059,5362,22852,1637.9051247637499
9250,14578,11059,5338,22843,1637.9062497525
9251,14578,11059,5313,22834,1637.90737474125
9252,14578,11059,5288,22826,1637.90849973
9253,14578,11059,5263,22817,1637.90962471875
9254,14578,11059,5239,22808,1637.9107497075
9255,14578,11059,5214,22800,1637.91187469625
9256,14578,11059,5189,22791,1637.912999685
9257,14578,11059,5164,22782,1637.91412467375
9258,14578,11059,5139,22774,1637.9152496625
9259,14578,11059,5115,22765,1637.91637465125
9260,14578,11059,5090,22757,1637.91749964
9261,14578,11059,5065,22748,1637.91862462875
9262,14578,11059,5040,22739,1637.9197496175
9263,14578,11059,5016,22731,1637.92087460625
9264,14578,11059,4991,22722,1637.921999595
9265,14578,11059,4966,22713,1637.92312458375
9266,14578,11059,4941,22705,1637.9242495725
9267,14578,11059,4916,22696,1637.92537456125
9268,14272,10767,5353,22889,1637.9265
9269,14272,10767,5330,22882,1637.9276249913462
9270,14272,10767,5308,22874,1637.9287499826924
9271,14272,10767,5285,22866,1637.9298749740385
9272,14272,10767,5262,22859,1637.9309999653847
9273,14272,10767,5240,22851,1637.9321249567308
9274,14272,10767,5217,22844,1637.933249948077
9275,14272,10767,5195,22836,1637.9343749394232
9276,14272,10767,5172,22828,1637.9354999307693
9277,14272,10767,5149,22821,1637.9366249221155
9278,14272,10767,5127,22813,1637.9377499134616
9279,14272,10767,5104,22806,1637.9388749048078
9280,14272,10767,5081,22798,1637.939999896154
9281,14272,10767,5059,22791,1637.9411248874999
9282,14272,10767,5036,22783,1637.942249878846
9283,14272,10767,5014,22775,1637.9433748701922
9284,14272,10767,4991,22768,1637.9444998615384
9285,14272,10767,4968,22760,1637.9456248528845
9286,14272,10767,4946,22753,1637.9467498442307
9287,14272,10767,4923,22745,1637.9478748355768
9288,14272,10767,4900,22737,1637.948999826923
9289,14272,10767,4878,22730,1637.9501248182692
9290,14272,10767,4855,22722,1637.9512498096153
9291,14272,10767,4833,22715,1637.9523748009615
9292,14272,10767,4810,22707,1637.9534997923076
9293,14272,10767,4787,22699,1637.9546247836538
9294,14272,10767,4765,22692,1637.955749775
9295,14272,10767,4742,22684,1637.9568747663461
9296,14272,10767,4720,22677,1637.9579997576923
9297,14272,10767,4697,22669,1637.9591247490384
9298,14272,10767,4674,22662,1637.9602497403846
9299,14272,10767,4652,22654,1637.9613747317308
9300,14272,10767,4629,22646,1637.962499723077
9301,14272,10767,4606,22639,1637.963624714423
9302,14272,10767,4584,22631,1637.9647497057692
9303,14272,10767,4561,22624,1637.9658746971154
9304,14272,10767,4539,22616,1637.9669996884616
9305,14272,10767,4516,22608,1637.9681246798077
9306,14272,10767,4493,22601,1637.9692496711539
9307,14272,10767,4471,22593,1637.9703746625
9308,14272,10767,4448,22586,1637.971499653846
9309,14272,10767,4425,22578,1637.9726246451921
9310,14272,10767,4403,22571,1637.9737496365383
9311,14272,10767,4380,22563,1637.9748746278844
9312,14272,10767,4358,22555,1637.9759996192306
9313,14272,10767,4335,22548,1637.9771246105768
9314,14272,10767,4312,22540,1637.978249601923
9315,14272,10767,4290,22533,1637.979374593269
9316,14272,10767,4267,22525,1637.9804995846152
9317,14272,10767,4244,22517,1637.9816245759614
9318,14272,10767,4222,22510,1637.9827495673076
9319,14272,10767,4199,22502,1637.9838745586537
9320,14038,10538,4522,22627,1637.985
9321,14038,10538,4502,22614,1637.9861249897726
9322,14038,10538,4481,22601,1637.9872499795454
9323,14038,10538,4461,22587,1637.988374969318
9324,14038,10538,4441,22574,1637.9894999590908
9325,14038,10538,4421,22561,1637.9906249488636
9326,14038,10538,4401,22548,1637.9917499386363
9327,14038,10538,4380,22535,1637.992874928409
9328,14038,10538,4360,22522,1637.9939999181818
9329,14038,10538,4340,22509,1637.9951249079545
9330,14038,10538,4320,22496,1637.9962498977272
9331,14038,10538,4300,22482,1637.9973748875
9332,14038,10538,4279,22469,1637.9984998772727
9333,14038,10538,4259,22456,1637.9996248670454
9334,14038,10538,4239,22443,1638.0007498568182
9335,14038,10538,4219,22430,1638.001874846591
9336,14038,10538,4198,22417,1638.0029998363636
9337,14038,10538,4178,22404,1638.0041248261364
9338,14038,10538,4158,22391,1638.005249815909
9339,14038,10538,4138,22377,1638.0063748056818
9340,14038,10538,4118,22364,1638.0074997954546
9341,14038,10538,4097,22351,1638.0086247852273
9342,14038,10538,4077,22338,1638.0097497749998
9343,14038,10538,4057,22325,1638.0108747647726
9344,14038,10538,4037,22312,1638.0119997545453
9345,14038,10538,4017,22299,1638.013124744318
9346,14038,10538,3996,22286,1638.0142497340908
9347,14038,10538,3976,22272,1638.0153747238635
9348,14038,10538,3956,22259,1638.0164997136362
9349,14038,10538,3936,22246,1638.017624703409
9350,14038,10538,3916,22233,1638.0187496931817
9351,14038,10538,3895,22220,1638.0198746829544
9352,14038,10538,3875,22207,1638.0209996727272
9353,14038,10538,3855,22194,1638.0221246625
9354,14038,10538,3835,22181,1638.0232496522726
9355,14038,10538,3815,22167,1638.0243746420454
9356,14038,10538,3794,22154,1638.025499631818
9357,14038,10538,3774,22141,1638.0266246215908
9358,14038,10538,3754,22128,1638.0277496113636
9359,14038,10538,3734,22115,1638.0288746011363
9360,14038,10538,3713,22102,1638.029999590909
9361,14038,10538,3693,22089,1638.0311245806818
9362,14038,10538,3673,22076,1638.0322495704545
9363,14038,10538,3653,22062,1638.0333745602272
9364,13804,10309,3933,22167,1638.0345
9365,13804,10309,3914,22158,1638.0356249625
9366,13804,10309,3895,22148,1638.036749925
9367,13804,10309,3876,22139,1638.0378748875
9368,13804,10309,3857,22129,1638.03899985
9369,13804,10309,3838,22120,1638.0401248125
9370,13804,10309,3819,22110,1638.0412497749999
9371,13804,10309,3801,22101,1638.0423747375
9372,13804,10309,3782,22091,1638.0434997
9373,13804,10309,3763,22082,1638.0446246625
9374,13804,10309,3744,22072,1638.045749625
9375,13804,10309,3725,22063,1638.0468745875
9376,13804,10309,3706,22015,1638.048
9377,13804,10309,3687,22009,1638.04912498875
9378,13804,10309,3668,22003,1638.0502499775
9379,13804,10309,3649,21996,1638.05137496625
9380,13804,10309,3630,21990,1638.052499955
9381,13804,10309,3611,21984,1638.05362494375
9382,13804,10309,3592,21978,1638.0547499325
9383,13804,10309,3574,21972,1638.05587492125
9384,13804,10309,3555,21965,1638.05699991
9385,13804,10309,3536,21959,1638.05812489875
9386,13804,10309,3517,21953,1638.0592498875
9387,13804,10309,3498,21947,1638.06037487625
9388,13804,10309,3479,21940,1638.061499865
9389,13804,10309,3460,21934,1638.06262485375
9390,13804,10309,3441,21928,1638.0637498425
9391,13804,10309,3422,21922,1638.06487483125
9392,13804,10309,3403,21916,1638.0659998200001
9393,13804,10309,3384,21909,1638.0671248087501
9394,13804,10309,3365,21903,1638.0682497975001
9395,13804,10309,3347,21897,1638.0693747862501
9396,13804,10309,3328,21891,1638.070499775
9397,13804,10309,3309,21885,1638.07162476375
9398,13804,10309,3290,21878,1638.0727497525
9399,13804,10309,3271,21872,1638.07387474125
9400,13804,10309,3252,21866,1638.07499973
9401,13804,10309,3233,21860,1638.07612471875
9402,13804,10309,3214,21853,1638.0772497075
9403,13804,10309,3195,21847,1638.07837469625
9404,13804,10309,3176,21841,1638.079499685
9405,13804,10309,3157,21835,1638.08062467375
9406,13804,10309,3138,21829,1638.0817496625
9407,13804,10309,3119,21822,1638.08287465125
9408,13804,10309,3101,21816,1638.08399964
9409,13804,10309,3082,21810,1638.08512462875
9410,13804,10309,3063,21804,1638.0862496175
9411,13804,10309,3044,21798,1638.08737460625
9412,13804,10309,3025,21791,1638.088499595
9413,13804,10309,3006,21785,1638.08962458375
9414,13804,10309,2987,21779,1638.0907495725
9415,13804,10309,2968,21773,1638.09187456125
9416,13570,10080,3242,21887,1638.093
9417,13570,10080,3225,21881,1638.09412498875
9418,13570,10080,3207,21876,1638.0952499775
9419,13570,10080,3190,21871,1638.09637496625
9420,13570,10080,3172,21866,1638.097499955
9421,13570,10080,3155,21860,1638.09862494375
9422,13570,10080,3137,21855,1638.0997499325001
9423,13570,10080,3120,21850,1638.1008749212501
9424,13570,10080,3102,21845,1638.1019999100001
9425,13570,10080,3085,21839,1638.1031248987501
9426,13570,10080,3067,21834,1638.1042498875
9427,13570,10080,3050,21829,1638.10537487625
9428,13570,10080,3032,21823,1638.106499865
9429,13570,10080,3015,21818,1638.10762485375
9430,13570,10080,2997,21813,1638.1087498425
9431,13570,10080,2980,21808,1638.10987483125
9432,13570,10080,2962,21802,1638.11099982
9433,13570,10080,2945,21797,1638.11212480875
9434,13570,10080,2927,21792,1638.1132497975
9435,13570,10080,2910,21786,1638.11437478625
9436,13570,10080,2892,21781,1638.115499775
9437,13570,10080,2875,21776,1638.11662476375
9438,13570,10080,2857,21771,1638.1177497525
9439,13570,10080,2840,21765,1638.11887474125
9440,13570,10080,2822,21760,1638.11999973
9441,13570,10080,2805,21755,1638.12112471875
9442,13570,10080,2787,21749,1638.1222497075
9443,13570,10080,2770,21744,1638.12337469625
9444,13570,10080,2752,21739,1638.124499685
9445,13570,10080,2735,21734,1638.12562467375
9446,13570,10080,2717,21728,1638.1267496625
9447,13570,10080,2700,21723,1638.1278746512498
9448,13570,10080,2682,21718,1638.1289996399998
9449,13570,10080,2665,21712,1638.1301246287499
9450,13570,10080,2647,21707,1638.1312496174999
9451,13570,10080,2630,21702,1638.1323746062499
9452,13570,10080,2612,21697,1638.1334995949999
9453,13570,10080,2595,21691,1638.1346245837499
9454,13570,10080,2577,21686,1638.1357495725
9455,13570,10080,2560,21681,1638.13687456125
9456,13336,9851,2812,21775,1638.138
9457,13336,9851,2796,21766,1638.1391249775
9458,13336,9851,2780,21758,1638.140249955
9459,13336,9851,2764,21749,1638.1413749325
9460,13336,9851,2748,21740,1638.14249991
9461,13336,9851,2732,21731,1638.1436248875
9462,13336,9851,2715,21722,1638.144749865
9463,13336,9851,2699,21714,1638.1458748425
9464,13336,9851,2683,21705,1638.14699982
9465,13336,9851,2667,21696,1638.1481247975
9466,13336,9851,2651,21687,1638.149249775
9467,13336,9851,2635,21678,1638.1503747524998
9468,13336,9851,2619,21670,1638.1514997299998
9469,13336,9851,2603,21661,1638.1526247074999
9470,13336,9851,2587,21652,1638.1537496849999
9471,13336,9851,2571,21643,1638.1548746624999
9472,13336,9851,2554,21634,1638.15599964
9473,13336,9851,2538,21626,1638.1571246175
9474,13336,9851,2522,21617,1638.158249595
9475,13336,9851,2506,21608,1638.1593745725
9476,13102,9622,10728,22987,1638.1605
9477,13102,9622,10728,22975,1638.1616249625
9478,13102,9622,10728,22963,1638.1627499249998
9479,13102,9622,10728,22951,1638.1638748875
9480,13102,9622,10568,22939,1638.16499985
9481,13102,9622,10568,22927,1638.1661248125
9482,13102,9622,10568,22915,1638.167249775
9483,13102,9622,10568,22903,1638.1683747375
9484,13102,9622,10402,22891,1638.1694997
9485,13102,9622,10402,22879,1638.1706246625
9486,13102,9622,10402,22867,1638.1717496249998
9487,13102,9622,10402,22855,1638.1728745875
9488,13102,9622,10224,22820,1638.174
9489,13102,9622,10188,22814,1638.1751249913461
9490,13102,9622,10152,22807,1638.1762499826923
9491,13102,9622,10116,22801,1638.1773749740385
9492,13102,9622,10081,22794,1638.1784999653846
9493,13102,9622,10045,22788,1638.1796249567308
9494,13102,9622,10009,22782,1638.180749948077
9495,13102,9622,9973,22775,1638.181874939423
9496,13102,9622,9938,22769,1638.1829999307693
9497,13102,9622,9902,22762,1638.1841249221154
9498,13102,9622,9866,22756,1638.1852499134616
9499,13102,9622,9830,22749,1638.1863749048077
9500,13102,9622,9778,22743,1638.187499896154
9501,13102,9622,9778,22737,1638.1886248875
9502,13102,9622,9778,22730,1638.1897498788462
9503,13102,9622,9778,22724,1638.1908748701924
9504,13102,9622,9625,22717,1638.1919998615385
9505,13102,9622,9588,22711,1638.1931248528847
9506,13102,9622,9552,22704,1638.1942498442309
9507,13102,9622,9515,22698,1638.195374835577
9508,13102,9622,9478,22692,1638.1964998269232
9509,13102,9622,9441,22685,1638.1976248182693
9510,13102,9622,9405,22679,1638.1987498096155
9511,13102,9622,9368,22672,1638.1998748009617
9512,13102,9622,9331,22666,1638.2009997923078
9513,13102,9622,9294,22659,1638.202124783654
9514,13102,9622,9258,22653,1638.2032497750001
9515,13102,9622,9221,22647,1638.204374766346
9516,13102,9622,9170,22640,1638.2054997576922
9517,13102,9622,9170,22634,1638.2066247490384
9518,13102,9622,9170,22627,1638.2077497403845
9519,13102,9622,9170,22621,1638.2088747317307
9520,13102,9622,9007,22614,1638.2099997230769
9521,13102,9622,8971,22608,1638.211124714423
9522,13102,9622,8936,22602,1638.2122497057692
9523,13102,9622,8901,22595,1638.2133746971153
9524,13102,9622,8865,22589,1638.2144996884615
9525,13102,9622,8830,22582,1638.2156246798077
9526,13102,9622,8795,22576,1638.2167496711538
9527,13102,9622,8759,22569,1638.2178746625
9528,13102,9622,8724,22563,1638.2189996538461
9529,13102,9622,8688,22557,1638.2201246451923
9530,13102,9622,8653,22550,1638.2212496365385
9531,13102,9622,8618,22544,1638.2223746278846
9532,13102,9622,8582,22537,1638.2234996192308
9533,13102,9622,8547,22531,1638.224624610577
9534,13102,9622,8512,22524,1638.225749601923
9535,13102,9622,8476,22518,1638.2268745932693
9536,13102,9622,8424,22511,1638.2279995846154
9537,13102,9622,8424,22505,1638.2291245759616
9538,13102,9622,8424,22499,1638.2302495673077
9539,13102,9622,8424,22492,1638.231374558654
9540,12868,9393,8882,22730,1638.2325
9541,12868,9393,8849,22722,1638.233624990625
9542,12868,9393,8817,22713,1638.2347499812502
9543,12868,9393,8784,22704,1638.235874971875
9544,12868,9393,8751,22696,1638.2369999625
9545,12868,9393,8718,22687,1638.238124953125
9546,12868,9393,8686,22679,1638.23924994375
9547,12868,9393,8653,22670,1638.240374934375
9548,12868,9393,8620,22662,1638.241499925
9549,12868,9393,8587,22653,1638.2426249156251
9550,12868,9393,8554,22645,1638.24374990625
9551,12868,9393,8522,22636,1638.244874896875
9552,12868,9393,8489,22628,1638.2459998875001
9553,12868,9393,8456,22619,1638.247124878125
9554,12868,9393,8423,22611,1638.24824986875
9555,12868,9393,8391,22602,1638.249374859375
9556,12868,9393,8358,22594,1638.25049985
9557,12868,9393,8325,22585,1638.251624840625
9558,12868,9393,8292,22577,1638.25274983125
9559,12868,9393,8259,22568,1638.2538748218751
9560,12868,9393,8227,22560,1638.2549998125
9561,12868,9393,8194,22551,1638.256124803125
9562,12868,9393,8161,22543,1638.25724979375
9563,12868,9393,8128,22534,1638.258374784375
9564,12868,9393,8096,22526,1638.259499775
9565,12868,9393,8063,22517,1638.260624765625
9566,12868,9393,8030,22509,1638.26174975625
9567,12868,9393,7997,22500,1638.262874746875
9568,12868,9393,7965,22492,1638.2639997375
9569,12868,9393,7932,22483,1638.2651247281249
9570,12868,9393,7899,22475,1638.26624971875
9571,12868,9393,7866,22466,1638.267374709375
9572,12868,9393,7833,22458,1638.2684997
9573,12868,9393,7801,22449,1638.269624690625
9574,12868,9393,7768,22441,1638.27074968125
9575,12868,9393,7735,22432,1638.271874671875
9576,12868,9393,7702,22424,1638.2729996624998
9577,12868,9393,7670,22415,1638.274124653125
9578,12868,9393,7637,22407,1638.27524964375
9579,12868,9393,7604,22398,1638.2763746343749
9580,12868,9393,7571,22390,1638.277499625
9581,12868,9393,7539,22381,1638.278624615625
9582,12868,9393,7506,22372,1638.2797496062499
9583,12868,9393,7473,22364,1638.280874596875
9584,12868,9393,7440,22355,1638.2819995875
9585,12868,9393,7407,22347,1638.283124578125
9586,12868,9393,7375,22338,1638.2842495687498
9587,12868,9393,7342,22330,1638.285374559375
9588,12634,9164,7859,22458,1638.2865
9589,12634,9164,7829,22458,1638.2876248875
9590,12634,9164,7799,22458,1638.2887497749998
9591,12634,9164,7769,22458,1638.2898746624999
9592,12634,9164,7739,22399,1638.291
9593,12634,9164,7710,22388,1638.2921249624999
9594,12634,9164,7680,22378,1638.293249925
9595,12634,9164,7650,22367,1638.2943748875
9596,12634,9164,7620,22356,1638.29549985
9597,12634,9164,7590,22345,1638.2966248124999
9598,12634,9164,7560,22335,1638.2977497749998
9599,12634,9164,7530,22324,1638.2988747375
9600,12634,9164,7500,22313,1638.2999997
9601,12634,9164,7470,22302,1638.3011246625
9602,12634,9164,7440,22292,1638.302249625
9603,12634,9164,7410,22281,1638.3033745875
9604,12634,9164,7380,22247,1638.3045
9605,12634,9164,7350,22234,1638.30562494375
9606,12634,9164,7320,22222,1638.3067498875
9607,12634,9164,7291,22209,1638.30787483125
9608,12634,9164,7261,22196,1638.3089997749998
9609,12634,9164,7231,22183,1638.3101247187499
9610,12634,9164,7201,22171,1638.3112496625
9611,12634,9164,7171,22158,1638.31237460625
9612,12634,9164,7141,22127,1638.3135
9613,12634,9164,7111,22114,1638.31462494375
9614,12634,9164,7081,22102,1638.3157498875
9615,12634,9164,7051,22089,1638.31687483125
9616,12634,9164,7021,22076,1638.3179997749999
9617,12634,9164,6991,22063,1638.31912471875
9618,12634,9164,6961,22051,1638.3202496625
9619,12634,9164,6931,22038,1638.32137460625
9620,12634,9164,6902,22017,1638.3225
9621,12634,9164,6872,22007,1638.3236249775
9622,12634,9164,6842,21997,1638.324749955
9623,12634,9164,6812,21987,1638.3258749325
9624,12634,9164,6782,21977,1638.32699991
9625,12634,9164,6752,21966,1638.3281248875
9626,12634,9164,6722,21956,1638.329249865
9627,12634,9164,6692,21946,1638.3303748425
9628,12634,9164,6662,21936,1638.33149982
9629,12634,9164,6632,21926,1638.3326247975
9630,12634,9164,6602,21916,1638.333749775
9631,12634,9164,6572,21906,1638.3348747525
9632,12634,9164,6542,21896,1638.33599973
9633,12634,9164,6512,21885,1638.3371247075
9634,12634,9164,6483,21875,1638.338249685
9635,12634,9164,6453,21865,1638.3393746625
9636,12634,9164,6423,21855,1638.34049964
9637,12634,9164,6393,21845,1638.3416246175
9638,12634,9164,6363,21835,1638.342749595
9639,12634,9164,6333,21825,1638.3438745725
9640,12400,8935,6809,21972,1638.345
9641,12400,8935,6782,21965,1638.34612498875
9642,12400,8935,6754,21958,1638.3472499775
9643,12400,8935,6727,21950,1638.34837496625
9644,12400,8935,6700,21943,1638.349499955
9645,12400,8935,6672,21935,1638.35062494375
9646,12400,8935,6645,21928,1638.3517499325
9647,12400,8935,6618,21921,1638.35287492125
9648,12400,8935,6591,21913,1638.35399991
9649,12400,8935,6563,21906,1638.35512489875
9650,12400,8935,6536,21899,1638.3562498875
9651,12400,8935,6509,21891,1638.35737487625
9652,12400,8935,6481,21884,1638.358499865
9653,12400,8935,6454,21876,1638.3596248537501
9654,12400,8935,6427,21869,1638.3607498425001
9655,12400,8935,6399,21862,1638.3618748312501
9656,12400,8935,6372,21854,1638.3629998200001
9657,12400,8935,6345,21847,1638.3641248087501
9658,12400,8935,6318,21840,1638.3652497975002
9659,12400,8935,6290,21832,1638.3663747862502
9660,12400,8935,6263,21825,1638.367499775
9661,12400,8935,6236,21817,1638.36862476375
9662,12400,8935,6208,21810,1638.3697497525
9663,12400,8935,6181,21803,1638.37087474125
9664,12400,8935,6154,21795,1638.37199973
9665,12400,8935,6127,21788,1638.37312471875
9666,12400,8935,6099,21781,1638.3742497075
9667,12400,8935,6072,21773,1638.37537469625
9668,12400,8935,6045,21766,1638.376499685
9669,12400,8935,6017,21759,1638.37762467375
9670,12400,8935,5990,21751,1638.3787496625
9671,12400,8935,5963,21744,1638.37987465125
9672,12400,8935,5935,21736,1638.38099964
9673,12400,8935,5908,21729,1638.38212462875
9674,12400,8935,5881,21722,1638.3832496175
9675,12400,8935,5854,21714,1638.38437460625
9676,12400,8935,5826,21707,1638.385499595
9677,12400,8935,5799,21700,1638.38662458375
9678,12400,8935,5772,21692,1638.3877495725
9679,12400,8935,5744,21685,1638.38887456125
9680,12166,8706,6181,21872,1638.39
9681,12166,8706,6156,21865,1638.3911249625
9682,12166,8706,6130,21859,1638.392249925
9683,12166,8706,6105,21853,1638.3933748875002
9684,12166,8706,6080,21846,1638.39449985
9685,12166,8706,6055,21840,1638.3956248125
9686,12166,8706,6030,21834,1638.396749775
9687,12166,8706,6005,21827,1638.3978747375
9688,12166,8706,5979,21821,1638.3989996999999
9689,12166,8706,5954,21814,1638.4001246624998
9690,12166,8706,5929,21808,1638.401249625
9691,12166,8706,5904,21802,1638.4023745875
9692,12166,8706,5879,21761,1638.4035
9693,12166,8706,5854,21751,1638.4046249839284
9694,12166,8706,5828,21742,1638.405749967857
9695,12166,8706,5803,21733,1638.4068749517855
9696,12166,8706,5778,21724,1638.407999935714
9697,12166,8706,5753,21715,1638.4091249196429
9698,12166,8706,5728,21705,1638.4102499035714
9699,12166,8706,5703,21696,1638.4113748875
9700,12166,8706,5677,21687,1638.4124998714285
9701,12166,8706,5652,21678,1638.413624855357
9702,12166,8706,5627,21668,1638.4147498392856
9703,12166,8706,5602,21659,1638.4158748232142
9704,12166,8706,5577,21650,1638.4169998071427
9705,12166,8706,5552,21641,1638.4181247910713
9706,12166,8706,5526,21632,1638.419249775
9707,12166,8706,5501,21622,1638.4203747589286
9708,12166,8706,5476,21613,1638.4214997428571
9709,12166,8706,5451,21604,1638.4226247267857
9710,12166,8706,5426,21595,1638.4237497107142
9711,12166,8706,5401,21586,1638.4248746946428
9712,12166,8706,5375,21576,1638.4259996785713
9713,12166,8706,5350,21567,1638.4271246624999
9714,12166,8706,5325,21558,1638.4282496464284
9715,12166,8706,5300,21549,1638.429374630357
9716,12166,8706,5275,21539,1638.4304996142857
9717,12166,8706,5250,21530,1638.4316245982143
9718,12166,8706,5224,21521,1638.4327495821428
9719,12166,8706,5199,21512,1638.4338745660714
9720,12166,8706,5174,21470,1638.435
9721,12166,8706,5149,21470,1638.4361248875
9722,12166,8706,5124,21470,1638.437249775
9723,12166,8706,5099,21470,1638.4383746624999
9724,11930,8477,5503,21621,1638.4395
9725,11930,8477,5480,21613,1638.4406249925
9726,11930,8477,5457,21604,1638.441749985
9727,11930,8477,5434,21595,1638.4428749775
9728,11930,8477,5412,21587,1638.44399997
9729,11930,8477,5389,21578,1638.4451249625
9730,11930,8477,5366,21570,1638.446249955
9731,11930,8477,5343,21561,1638.4473749475
9732,11930,8477,5320,21553,1638.44849994
9733,11930,8477,5297,21544,1638.4496249325
9734,11930,8477,5274,21536,1638.4507499249999
9735,11930,8477,5251,21527,1638.4518749175
9736,11930,8477,5228,21518,1638.45299991
9737,11930,8477,5206,21510,1638.4541249024999
9738,11930,8477,5183,21501,1638.455249895
9739,11930,8477,5160,21493,1638.4563748875
9740,11930,8477,5137,21484,1638.45749988
9741,11930,8477,5114,21476,1638.4586248725
9742,11930,8477,5091,21467,1638.459749865
9743,11930,8477,5068,21458,1638.4608748575
9744,11930,8477,5045,21450,1638.46199985
9745,11930,8477,5022,21441,1638.4631248425
9746,11930,8477,4999,21433,1638.464249835
9747,11930,8477,4977,21424,1638.4653748275
9748,11930,8477,4954,21416,1638.46649982
9749,11930,8477,4931,21407,1638.4676248125
9750,11930,8477,4908,21398,1638.468749805
9751,11930,8477,4885,21390,1638.4698747975
9752,11930,8477,4862,21381,1638.47099979
9753,11930,8477,4839,21373,1638.4721247825
9754,11930,8477,4816,21364,1638.473249775
9755,11930,8477,4793,21356,1638.4743747675
9756,11930,8477,4771,21347,1638.47549976
9757,11930,8477,4748,21338,1638.4766247525
9758,11930,8477,4725,21330,1638.477749745
9759,11930,8477,4702,21321,1638.4788747375
9760,11930,8477,4679,21313,1638.47999973
9761,11930,8477,4656,21304,1638.4811247225
9762,11930,8477,4633,21296,1638.482249715
9763,11930,8477,4610,21287,1638.4833747075
9764,11930,8477,4587,21278,1638.4844997
9765,11930,8477,4565,21270,1638.4856246925
9766,11930,8477,4542,21261,1638.486749685
9767,11930,8477,4519,21253,1638.4878746775
9768,11930,8477,4496,21244,1638.48899967
9769,11930,8477,4473,21236,1638.4901246625
9770,11930,8477,4450,21227,1638.491249655
9771,11930,8477,4427,21218,1638.4923746475001
9772,11930,8477,4404,21210,1638.49349964
9773,11930,8477,4381,21201,1638.4946246325
9774,11930,8477,4359,21193,1638.495749625
9775,11930,8477,4336,21184,1638.4968746175
9776,11930,8477,4313,21176,1638.49799961
9777,11930,8477,4290,21167,1638.4991246025
9778,11930,8477,4267,21158,1638.500249595
9779,11930,8477,4244,21150,1638.5013745875
9780,11930,8477,4221,21141,1638.50249958
9781,11930,8477,4198,21133,1638.5036245725
9782,11930,8477,4175,21124,1638.504749565
9783,11930,8477,4153,21116,1638.5058745575
9784,11717,8276,4487,21324,1638.507
9785,11717,8276,4466,21318,1638.50812498875
9786,11717,8276,4445,21312,1638.5092499775
9787,11717,8276,4424,21306,1638.51037496625
9788,11717,8276,4403,21300,1638.511499955
9789,11717,8276,4383,21294,1638.51262494375
9790,11717,8276,4362,21288,1638.5137499325
9791,11717,8276,4341,21282,1638.51487492125
9792,11717,8276,4320,21276,1638.5159999100001
9793,11717,8276,4299,21270,1638.5171248987501
9794,11717,8276,4278,21264,1638.5182498875001
9795,11717,8276,4258,21258,1638.51937487625
9796,11717,8276,4237,21252,1638.520499865
9797,11717,8276,4216,21246,1638.52162485375
9798,11717,8276,4195,21240,1638.5227498425
9799,11717,8276,4174,21234,1638.52387483125
9800,11717,8276,4153,21228,1638.52499982
9801,11717,8276,4132,21222,1638.52612480875
9802,11717,8276,4112,21216,1638.5272497975
9803,11717,8276,4091,21210,1638.52837478625
9804,11717,8276,4070,21204,1638.529499775
9805,11717,8276,4049,21198,1638.53062476375
9806,11717,8276,4028,21192,1638.5317497525
9807,11717,8276,4007,21187,1638.53287474125
9808,11717,8276,3987,21181,1638.53399973
9809,11717,8276,3966,21175,1638.53512471875
9810,11717,8276,3945,21169,1638.5362497075
9811,11717,8276,3924,21163,1638.53737469625
9812,11717,8276,3903,21157,1638.538499685
9813,11717,8276,3882,21151,1638.53962467375
9814,11717,8276,3861,21145,1638.5407496624998
9815,11717,8276,3841,21139,1638.5418746512498
9816,11717,8276,3820,21133,1638.5429996399998
9817,11717,8276,3799,21127,1638.5441246287498
9818,11717,8276,3778,21121,1638.5452496174998
9819,11717,8276,3757,21115,1638.5463746062499
9820,11717,8276,3736,21109,1638.5474995949999
9821,11717,8276,3715,21103,1638.5486245837499
9822,11717,8276,3695,21097,1638.5497495724999
9823,11717,8276,3674,21091,1638.5508745612499
9824,11504,8075,3971,21225,1638.552
9825,11504,8075,3952,21213,1638.5531249897726
9826,11504,8075,3934,21202,1638.5542499795454
9827,11504,8075,3915,21190,1638.555374969318
9828,11504,8075,3896,21179,1638.5564999590908
9829,11504,8075,3877,21167,1638.5576249488636
9830,11504,8075,3859,21155,1638.5587499386363
9831,11504,8075,3840,21144,1638.559874928409
9832,11504,8075,3821,21132,1638.5609999181818
9833,11504,8075,3802,21121,1638.5621249079545
9834,11504,8075,3784,21109,1638.5632498977272
9835,11504,8075,3765,21098,1638.5643748875
9836,11504,8075,3746,21086,1638.5654998772727
9837,11504,8075,3728,21075,1638.5666248670454
9838,11504,8075,3709,21063,1638.5677498568182
9839,11504,8075,3690,21052,1638.568874846591
9840,11504,8075,3671,21040,1638.5699998363636
9841,11504,8075,3653,21029,1638.5711248261364
9842,11504,8075,3634,21017,1638.5722498159091
9843,11504,8075,3615,21006,1638.5733748056819
9844,11504,8075,3596,20994,1638.5744997954546
9845,11504,8075,3578,20983,1638.5756247852273
9846,11504,8075,3559,20971,1638.5767497749998
9847,11504,8075,3540,20960,1638.5778747647726
9848,11504,8075,3521,20948,1638.5789997545453
9849,11504,8075,3503,20937,1638.580124744318
9850,11504,8075,3484,20925,1638.5812497340908
9851,11504,8075,3465,20914,1638.5823747238635
9852,11504,8075,3446,20902,1638.5834997136362
9853,11504,8075,3428,20890,1638.584624703409
9854,11504,8075,3409,20879,1638.5857496931817
9855,11504,8075,3390,20867,1638.5868746829544
9856,11504,8075,3372,20856,1638.5879996727272
9857,11504,8075,3353,20844,1638.5891246625
9858,11504,8075,3334,20833,1638.5902496522726
9859,11504,8075,3315,20821,1638.5913746420454
9860,11504,8075,3297,20810,1638.592499631818
9861,11504,8075,3278,20798,1638.5936246215908
9862,11504,8075,3259,20787,1638.5947496113636
9863,11504,8075,3240,20775,1638.5958746011363
9864,11504,8075,3222,20764,1638.596999590909
9865,11504,8075,3203,20752,1638.5981245806818
9866,11504,8075,3184,20741,1638.5992495704545
9867,11504,8075,3165,20729,1638.6003745602272
9868,11291,7874,3445,20855,1638.6015
9869,11291,7874,3427,20845,1638.6026249897727
9870,11291,7874,3409,20835,1638.6037499795455
9871,11291,7874,3391,20825,1638.6048749693182
9872,11291,7874,3373,20814,1638.605999959091
9873,11291,7874,3355,20804,1638.6071249488637
9874,11291,7874,3337,20794,1638.6082499386364
9875,11291,7874,3319,20784,1638.6093749284091
9876,11291,7874,3301,20774,1638.6104999181819
9877,11291,7874,3283,20763,1638.6116249079546
9878,11291,7874,3265,20753,1638.6127498977273
9879,11291,7874,3247,20743,1638.6138748875
9880,11291,7874,3229,20733,1638.6149998772728
9881,11291,7874,3211,20723,1638.6161248670455
9882,11291,7874,3193,20712,1638.6172498568183
9883,11291,7874,3175,20702,1638.618374846591
9884,11291,7874,3157,20692,1638.6194998363637
9885,11291,7874,3139,20682,1638.6206248261365
9886,11291,7874,3121,20672,1638.6217498159092
9887,11291,7874,3103,20661,1638.622874805682
9888,11291,7874,3085,20651,1638.6239997954547
9889,11291,7874,3067,20641,1638.6251247852274
9890,11291,7874,3049,20631,1638.626249775
9891,11291,7874,3031,20620,1638.6273747647726
9892,11291,7874,3013,20610,1638.6284997545454
9893,11291,7874,2995,20600,1638.629624744318
9894,11291,7874,2977,20590,1638.6307497340908
9895,11291,7874,2959,20580,1638.6318747238636
9896,11291,7874,2941,20569,1638.6329997136363
9897,11291,7874,2923,20559,1638.634124703409
9898,11291,7874,2905,20549,1638.6352496931818
9899,11291,7874,2887,20539,1638.6363746829545
9900,11291,7874,2869,20529,1638.6374996727272
9901,11291,7874,2851,20518,1638.6386246625
9902,11291,7874,2833,20508,1638.6397496522727
9903,11291,7874,2815,20498,1638.6408746420454
9904,11291,7874,2797,20488,1638.6419996318182
9905,11291,7874,2779,20478,1638.643124621591
9906,11291,7874,2761,20467,1638.6442496113636
9907,11291,7874,2743,20457,1638.6453746011364
9908,11291,7874,2725,20447,1638.6464995909091
9909,11291,7874,2707,20437,1638.6476245806818
9910,11291,7874,2689,20427,1638.6487495704546
9911,11291,7874,2671,20416,1638.6498745602273
9912,11078,7673,2946,20611,1638.651
9913,11078,7673,2929,20605,1638.6521249839286
9914,11078,7673,2912,20599,1638.6532499678572
9915,11078,7673,2895,20593,1638.6543749517857
9916,11078,7673,2878,20586,1638.6554999357143
9917,11078,7673,2861,20580,1638.656624919643
9918,11078,7673,2844,20574,1638.6577499035716
9919,11078,7673,2827,20568,1638.6588748875001
9920,11078,7673,2810,20561,1638.6599998714287
9921,11078,7673,2792,20555,1638.6611248553572
9922,11078,7673,2775,20549,1638.6622498392858
9923,11078,7673,2758,20543,1638.6633748232143
9924,11078,7673,2741,20536,1638.6644998071429
9925,11078,7673,2724,20530,1638.6656247910714
9926,11078,7673,2707,20524,1638.666749775
9927,11078,7673,2690,20518,1638.6678747589287
9928,11078,7673,2673,20512,1638.6689997428573
9929,11078,7673,2656,20505,1638.6701247267858
9930,11078,7673,2639,20499,1638.6712497107144
9931,11078,7673,2622,20493,1638.672374694643
9932,11078,7673,2604,20487,1638.6734996785715
9933,11078,7673,2587,20480,1638.6746246625
9934,11078,7673,2570,20474,1638.6757496464286
9935,11078,7673,2553,20468,1638.6768746303571
9936,11078,7673,2536,20462,1638.677999614286
9937,11078,7673,2519,20455,1638.6791245982145
9938,11078,7673,2502,20449,1638.680249582143
9939,11078,7673,2502,20443,1638.6813745660716
9940,10865,7472,10792,21785,1638.6825
9941,10865,7472,10792,21776,1638.683624971875
9942,10865,7472,10792,21766,1638.68474994375
9943,10865,7472,10792,21757,1638.685874915625
9944,10865,7472,10616,21748,1638.6869998875
9945,10865,7472,10579,21739,1638.688124859375
9946,10865,7472,10541,21730,1638.68924983125
9947,10865,7472,10504,21721,1638.690374803125
9948,10865,7472,10466,21711,1638.691499775
9949,10865,7472,10429,21702,1638.6926247468748
9950,10865,7472,10391,21693,1638.6937497187498
9951,10865,7472,10354,21684,1638.6948746906248
9952,10865,7472,10306,21675,1638.6959996624998
9953,10865,7472,10306,21666,1638.6971246343749
9954,10865,7472,10306,21656,1638.6982496062499
9955,10865,7472,10306,21647,1638.699374578125
9956,10865,7472,10144,21606,1638.7005
9957,10865,7472,10144,21606,1638.7016248875
9958,10865,7472,10144,21606,1638.702749775
9959,10865,7472,10144,21606,1638.7038746624999
9960,10865,7472,9968,21538,1638.705
9961,10865,7472,9933,21529,1638.7061249839285
9962,10865,7472,9897,21519,1638.707249967857
9963,10865,7472,9861,21510,1638.7083749517856
9964,10865,7472,9825,21501,1638.7094999357141
9965,10865,7472,9790,21491,1638.710624919643
9966,10865,7472,9754,21482,1638.7117499035714
9967,10865,7472,9718,21473,1638.7128748875
9968,10865,7472,9682,21463,1638.7139998714285
9969,10865,7472,9647,21454,1638.715124855357
9970,10865,7472,9611,21445,1638.7162498392856
9971,10865,7472,9575,21435,1638.7173748232142
9972,10865,7472,9527,21426,1638.7184998071427
9973,10865,7472,9490,21417,1638.7196247910713
9974,10865,7472,9454,21407,1638.720749775
9975,10865,7472,9417,21398,1638.7218747589286
9976,10865,7472,9380,21389,1638.7229997428572
9977,10865,7472,9343,21379,1638.7241247267857
9978,10865,7472,9307,21370,1638.7252497107143
9979,10865,7472,9270,21361,1638.7263746946428
9980,10865,7472,9233,21351,1638.7274996785713
9981,10865,7472,9196,21342,1638.7286246625
9982,10865,7472,9160,21333,1638.7297496464284
9983,10865,7472,9123,21323,1638.730874630357
9984,10865,7472,9069,21314,1638.7319996142858
9985,10865,7472,9035,21305,1638.7331245982143
9986,10865,7472,9002,21295,1638.7342495821429
9987,10865,7472,8968,21286,1638.7353745660714
9988,10865,7472,8934,21243,1638.7365
9989,10865,7472,8900,21233,1638.7376249775
9990,10865,7472,8867,21223,1638.738749955
9991,10865,7472,8833,21213,1638.7398749325
9992,10865,7472,8799,21203,1638.74099991
9993,10865,7472,8765,21193,1638.7421248875
9994,10865,7472,8732,21183,1638.743249865
9995,10865,7472,8698,21172,1638.7443748425
9996,10865,7472,8643,21162,1638.74549982
9997,10865,7472,8608,21152,1638.7466247975
9998,10865,7472,8573,21142,1638.747749775
9999,10865,7472,8537,21132,1638.7488747525
10000,10865,7472,8502,21122,1638.74999973
10001,10865,7472,8467,21112,1638.7511247075
10002,10865,7472,8432,21102,1638.752249685
10003,10865,7472,8396,21092,1638.7533746625
10004,10865,7472,8361,21082,1638.75449964
10005,10865,7472,8326,21072,1638.7556246175
10006,10865,7472,8291,21062,1638.756749595
10007,10865,7472,8255,21052,1638.7578745725
10008,10652,7271,8844,21251,1638.759
10009,10652,7271,8811,21246,1638.760124990625
10010,10652,7271,8778,21241,1638.76124998125
10011,10652,7271,8745,21236,1638.762374971875
10012,10652,7271,8712,21231,1638.7634999625
10013,10652,7271,8679,21226,1638.7646249531251
10014,10652,7271,8646,21221,1638.76574994375
10015,10652,7271,8613,21216,1638.766874934375
10016,10652,7271,8580,21212,1638.767999925
10017,10652,7271,8547,21207,1638.769124915625
10018,10652,7271,8514,21202,1638.77024990625
10019,10652,7271,8481,21197,1638.771374896875
10020,10652,7271,8448,21192,1638.7724998875
10021,10652,7271,8415,21187,1638.773624878125
10022,10652,7271,8382,21182,1638.77474986875
10023,10652,7271,8349,21177,1638.775874859375
10024,10652,7271,8316,21172,1638.77699985
10025,10652,7271,8283,21167,1638.778124840625
10026,10652,7271,8250,21162,1638.7792498312501
10027,10652,7271,8217,21157,1638.780374821875
10028,10652,7271,8184,21153,1638.7814998125
10029,10652,7271,8151,21148,1638.7826248031251
10030,10652,7271,8118,21143,1638.78374979375
10031,10652,7271,8085,21138,1638.784874784375
10032,10652,7271,8052,21133,1638.7859997750002
10033,10652,7271,8019,21128,1638.787124765625
10034,10652,7271,7986,21123,1638.78824975625
10035,10652,7271,7953,21118,1638.789374746875
10036,10652,7271,7920,21113,1638.7904997375
10037,10652,7271,7887,21108,1638.791624728125
10038,10652,7271,7854,21103,1638.79274971875
10039,10652,7271,7821,21098,1638.7938747093751
10040,10652,7271,7788,21093,1638.7949997
10041,10652,7271,7755,21089,1638.796124690625
10042,10652,7271,7722,21084,1638.7972496812502
10043,10652,7271,7689,21079,1638.798374671875
10044,10652,7271,7656,21074,1638.7994996625
10045,10652,7271,7623,21069,1638.8006246531252
10046,10652,7271,7590,21064,1638.80174964375
10047,10652,7271,7557,21059,1638.802874634375
10048,10652,7271,7524,21054,1638.803999625
10049,10652,7271,7491,21049,1638.8051246156251
10050,10652,7271,7458,21044,1638.80624960625
10051,10652,7271,7425,21039,1638.807374596875
10052,10652,7271,7392,21034,1638.8084995875001
10053,10652,7271,7359,21029,1638.809624578125
10054,10652,7271,7326,21025,1638.81074956875
10055,10652,7271,7293,21020,1638.8118745593752
10056,10439,7070,7828,21278,1638.813
10057,10439,7070,7798,21270,1638.814124990625
10058,10439,7070,7768,21261,1638.8152499812502
10059,10439,7070,7738,21253,1638.8163749718751
10060,10439,7070,7709,21245,1638.8174999625
10061,10439,7070,7679,21237,1638.818624953125
10062,10439,7070,7649,21228,1638.8197499437501
10063,10439,7070,7619,21220,1638.820874934375
10064,10439,7070,7590,21212,1638.821999925
10065,10439,7070,7560,21204,1638.8231249156252
10066,10439,7070,7530,21195,1638.82424990625
10067,10439,7070,7500,21187,1638.825374896875
10068,10439,7070,7470,21179,1638.8264998875002
10069,10439,7070,7441,21171,1638.827624878125
10070,10439,7070,7411,21162,1638.82874986875
10071,10439,7070,7381,21154,1638.829874859375
10072,10439,7070,7351,21146,1638.8309998500001
10073,10439,7070,7322,21137,1638.832124840625
10074,10439,7070,7292,21129,1638.83324983125
10075,10439,7070,7262,21121,1638.8343748218751
10076,10439,7070,7232,21113,1638.8354998125
10077,10439,7070,7202,21104,1638.836624803125
10078,10439,7070,7173,21096,1638.83774979375
10079,10439,7070,7143,21088,1638.838874784375
10080,10439,7070,7113,21080,1638.839999775
10081,10439,7070,7083,21071,1638.841124765625
10082,10439,7070,7054,21063,1638.84224975625
10083,10439,7070,7024,21055,1638.843374746875
10084,10439,7070,6994,21047,1638.8444997375
10085,10439,7070,6964,21038,1638.845624728125
10086,10439,7070,6934,21030,1638.84674971875
10087,10439,7070,6905,21022,1638.847874709375
10088,10439,7070,6875,21014,1638.8489997
10089,10439,7070,6845,21005,1638.850124690625
10090,10439,7070,6815,20997,1638.85124968125
10091,10439,7070,6786,20989,1638.852374671875
10092,10439,7070,6756,20981,1638.8534996624999
10093,10439,7070,6726,20972,1638.854624653125
10094,10439,7070,6696,20964,1638.85574964375
10095,10439,7070,6666,20956,1638.856874634375
10096,10439,7070,6637,20947,1638.857999625
10097,10439,7070,6607,20939,1638.859124615625
10098,10439,7070,6577,20931,1638.86024960625
10099,10439,7070,6547,20923,1638.861374596875
10100,10439,7070,6518,20914,1638.8624995875
10101,10439,7070,6488,20906,1638.863624578125
10102,10439,7070,6458,20898,1638.8647495687499
10103,10439,7070,6428,20890,1638.865874559375
10104,10226,6869,6911,21051,1638.867
10105,10226,6869,6884,21051,1638.8681248875
10106,10226,6869,6857,21051,1638.8692497749998
10107,10226,6869,6830,21051,1638.8703746625
10108,10226,6869,6802,21003,1638.8715
10109,10226,6869,6775,20991,1638.8726249775
10110,10226,6869,6748,20980,1638.873749955
10111,10226,6869,6720,20969,1638.8748749325
10112,10226,6869,6693,20958,1638.87599991
10113,10226,6869,6666,20946,1638.8771248875
10114,10226,6869,6638,20935,1638.878249865
10115,10226,6869,6611,20924,1638.8793748425
10116,10226,6869,6584,20913,1638.88049982
10117,10226,6869,6556,20902,1638.8816247975
10118,10226,6869,6529,20890,1638.8827497749999
10119,10226,6869,6502,20879,1638.8838747524999
10120,10226,6869,6474,20868,1638.88499973
10121,10226,6869,6447,20857,1638.8861247075
10122,10226,6869,6420,20845,1638.887249685
10123,10226,6869,6392,20834,1638.8883746625
10124,10226,6869,6365,20823,1638.88949964
10125,10226,6869,6338,20812,1638.8906246175
10126,10226,6869,6310,20801,1638.891749595
10127,10226,6869,6283,20789,1638.8928745725
10128,10226,6869,6256,20752,1638.894
10129,10226,6869,6229,20752,1638.8951248875
10130,10226,6869,6201,20752,1638.896249775
10131,10226,6869,6174,20752,1638.8973746625
10132,10226,6869,6147,20689,1638.8985
10133,10226,6869,6119,20679,1638.899624971875
10134,10226,6869,6092,20669,1638.90074994375
10135,10226,6869,6065,20658,1638.901874915625
10136,10226,6869,6037,20648,1638.9029998875
10137,10226,6869,6010,20638,1638.904124859375
10138,10226,6869,5983,20628,1638.90524983125
10139,10226,6869,5955,20618,1638.9063748031251
10140,10226,6869,5928,20607,1638.907499775
10141,10226,6869,5901,20597,1638.908624746875
10142,10226,6869,5873,20587,1638.90974971875
10143,10226,6869,5846,20577,1638.910874690625
10144,10226,6869,5819,20566,1638.9119996625
10145,10226,6869,5791,20556,1638.913124634375
10146,10226,6869,5764,20546,1638.91424960625
10147,10226,6869,5737,20536,1638.915374578125
10148,10013,6668,6179,20746,1638.9165
10149,10013,6668,6154,20737,1638.9176249913462
10150,10013,6668,6128,20729,1638.9187499826924
10151,10013,6668,6103,20720,1638.9198749740385
10152,10013,6668,6078,20712,1638.9209999653847
10153,10013,6668,6053,20703,1638.9221249567308
10154,10013,6668,6028,20695,1638.923249948077
10155,10013,6668,6003,20686,1638.9243749394232
10156,10013,6668,5977,20677,1638.9254999307693
10157,10013,6668,5952,20669,1638.9266249221155
10158,10013,6668,5927,20660,1638.9277499134616
10159,10013,6668,5902,20652,1638.9288749048078
10160,10013,6668,5877,20643,1638.929999896154
10161,10013,6668,5852,20635,1638.9311248875001
10162,10013,6668,5826,20626,1638.932249878846
10163,10013,6668,5801,20618,1638.9333748701922
10164,10013,6668,5776,20609,1638.9344998615384
10165,10013,6668,5751,20601,1638.9356248528845
10166,10013,6668,5726,20592,1638.9367498442307
10167,10013,6668,5701,20584,1638.9378748355768
10168,10013,6668,5675,20575,1638.938999826923
10169,10013,6668,5650,20566,1638.9401248182692
10170,10013,6668,5625,20558,1638.9412498096153
10171,10013,6668,5600,20549,1638.9423748009615
10172,10013,6668,5575,20541,1638.9434997923076
10173,10013,6668,5550,20532,1638.9446247836538
10174,10013,6668,5524,20524,1638.945749775
10175,10013,6668,5499,20515,1638.9468747663461
10176,10013,6668,5474,20507,1638.9479997576923
10177,10013,6668,5449,20498,1638.9491247490384
10178,10013,6668,5424,20490,1638.9502497403846
10179,10013,6668,5399,20481,1638.9513747317308
10180,10013,6668,5373,20473,1638.952499723077
10181,10013,6668,5348,20464,1638.953624714423
10182,10013,6668,5323,20455,1638.9547497057692
10183,10013,6668,5298,20447,1638.9558746971154
10184,10013,6668,5273,20438,1638.9569996884616
10185,10013,6668,5248,20430,1638.9581246798077
10186,10013,6668,5222,20421,1638.9592496711539
10187,10013,6668,5197,20413,1638.9603746624998
10188,10013,6668,5172,20404,1638.961499653846
10189,10013,6668,5147,20396,1638.9626246451921
10190,10013,6668,5122,20387,1638.9637496365383
10191,10013,6668,5097,20379,1638.9648746278845
10192,10013,6668,5071,20370,1638.9659996192306
10193,10013,6668,5046,20362,1638.9671246105768
10194,10013,6668,5021,20353,1638.968249601923
10195,10013,6668,4996,20344,1638.969374593269
10196,10013,6668,4971,20336,1638.9704995846153
10197,10013,6668,4946,20327,1638.9716245759614
10198,10013,6668,4920,20319,1638.9727495673076
10199,10013,6668,4895,20310,1638.9738745586537
10200,9798,6461,5317,20554,1638.975
10201,9798,6461,5294,20542,1638.976124991346
10202,9798,6461,5272,20531,1638.9772499826922
10203,9798,6461,5250,20520,1638.9783749740384
10204,9798,6461,5227,20508,1638.9794999653845
10205,9798,6461,5205,20497,1638.9806249567307
10206,9798,6461,5182,20486,1638.9817499480769
10207,9798,6461,5160,20474,1638.982874939423
10208,9798,6461,5138,20463,1638.9839999307692
10209,9798,6461,5115,20452,1638.9851249221153
10210,9798,6461,5093,20440,1638.9862499134615
10211,9798,6461,5071,20429,1638.9873749048077
10212,9798,6461,5048,20418,1638.9884998961538
10213,9798,6461,5026,20406,1638.9896248875
10214,9798,6461,5003,20395,1638.9907498788461
10215,9798,6461,4981,20384,1638.9918748701923
10216,9798,6461,4959,20372,1638.9929998615385
10217,9798,6461,4936,20361,1638.9941248528846
10218,9798,6461,4914,20350,1638.9952498442308
10219,9798,6461,4892,20338,1638.996374835577
10220,9798,6461,4869,20327,1638.997499826923
10221,9798,6461,4847,20316,1638.9986248182693
10222,9798,6461,4824,20304,1638.9997498096154
10223,9798,6461,4802,20293,1639.0008748009616
10224,9798,6461,4780,20282,1639.0019997923077
10225,9798,6461,4757,20270,1639.003124783654
10226,9798,6461,4735,20259,1639.004249775
10227,9798,6461,4713,20248,1639.005374766346
10228,9798,6461,4690,20236,1639.0064997576922
10229,9798,6461,4668,20225,1639.0076247490383
10230,9798,6461,4645,20214,1639.0087497403845
10231,9798,6461,4623,20202,1639.0098747317306
10232,9798,6461,4601,20191,1639.0109997230768
10233,9798,6461,4578,20180,1639.012124714423
10234,9798,6461,4556,20168,1639.013249705769
10235,9798,6461,4534,20157,1639.0143746971153
10236,9798,6461,4511,20146,1639.0154996884614
10237,9798,6461,4489,20134,1639.0166246798076
10238,9798,6461,4466,20123,1639.0177496711538
10239,9798,6461,4444,20112,1639.0188746625
10240,9798,6461,4422,20100,1639.019999653846
10241,9798,6461,4399,20089,1639.0211246451922
10242,9798,6461,4377,20078,1639.0222496365384
10243,9798,6461,4355,20066,1639.0233746278846
10244,9798,6461,4332,20055,1639.0244996192307
10245,9798,6461,4310,20044,1639.0256246105769
10246,9798,6461,4287,20032,1639.026749601923
10247,9798,6461,4265,20021,1639.0278745932692
10248,9798,6461,4243,20010,1639.0289995846153
10249,9798,6461,4220,19998,1639.0301245759615
10250,9798,6461,4198,19987,1639.0312495673077
10251,9798,6461,4176,19976,1639.0323745586538
10252,9606,6287,4493,20140,1639.0335
10253,9606,6287,4473,20132,1639.0346249897727
10254,9606,6287,4453,20125,1639.0357499795455
10255,9606,6287,4432,20117,1639.0368749693182
10256,9606,6287,4412,20110,1639.037999959091
10257,9606,6287,4391,20102,1639.0391249488637
10258,9606,6287,4371,20095,1639.0402499386364
10259,9606,6287,4351,20087,1639.0413749284091
10260,9606,6287,4330,20080,1639.0424999181819
10261,9606,6287,4310,20072,1639.0436249079546
10262,9606,6287,4289,20065,1639.0447498977273
10263,9606,6287,4269,20057,1639.0458748875
10264,9606,6287,4249,20050,1639.0469998772728
10265,9606,6287,4228,20042,1639.0481248670455
10266,9606,6287,4208,20035,1639.0492498568183
10267,9606,6287,4187,20027,1639.050374846591
10268,9606,6287,4167,20020,1639.0514998363637
10269,9606,6287,4147,20012,1639.0526248261365
10270,9606,6287,4126,20005,1639.0537498159092
10271,9606,6287,4106,19997,1639.054874805682
10272,9606,6287,4085,19990,1639.0559997954547
10273,9606,6287,4065,19982,1639.0571247852274
10274,9606,6287,4045,19975,1639.0582497750001
10275,9606,6287,4024,19967,1639.0593747647727
10276,9606,6287,4004,19960,1639.0604997545454
10277,9606,6287,3983,19952,1639.0616247443181
10278,9606,6287,3963,19945,1639.0627497340909
10279,9606,6287,3943,19937,1639.0638747238636
10280,9606,6287,3922,19930,1639.0649997136363
10281,9606,6287,3902,19922,1639.066124703409
10282,9606,6287,3882,19915,1639.0672496931818
10283,9606,6287,3861,19907,1639.0683746829545
10284,9606,6287,3841,19900,1639.0694996727273
10285,9606,6287,3820,19892,1639.0706246625
10286,9606,6287,3800,19885,1639.0717496522727
10287,9606,6287,3780,19877,1639.0728746420455
10288,9606,6287,3759,19870,1639.0739996318182
10289,9606,6287,3739,19862,1639.075124621591
10290,9606,6287,3718,19855,1639.0762496113637
10291,9606,6287,3698,19847,1639.0773746011364
10292,9606,6287,3678,19840,1639.0784995909091
10293,9606,6287,3657,19832,1639.0796245806819
10294,9606,6287,3637,19825,1639.0807495704546
10295,9606,6287,3616,19817,1639.0818745602273
10296,9414,6113,3918,20055,1639.083
10297,9414,6113,3899,20050,1639.084124990625
10298,9414,6113,3880,20044,1639.0852499812502
10299,9414,6113,3861,20039,1639.086374971875
10300,9414,6113,3842,20033,1639.0874999625
10301,9414,6113,3823,20028,1639.088624953125
10302,9414,6113,3804,20023,1639.0897499437501
10303,9414,6113,3785,20017,1639.090874934375
10304,9414,6113,3766,20012,1639.091999925
10305,9414,6113,3747,20006,1639.0931249156251
10306,9414,6113,3728,20001,1639.09424990625
10307,9414,6113,3709,19996,1639.095374896875
10308,9414,6113,3690,19990,1639.0964998875002
10309,9414,6113,3671,19985,1639.097624878125
10310,9414,6113,3652,19979,1639.09874986875
10311,9414,6113,3633,19974,1639.099874859375
10312,9414,6113,3614,19968,1639.10099985
10313,9414,6113,3595,19963,1639.102124840625
10314,9414,6113,3576,19958,1639.10324983125
10315,9414,6113,3558,19952,1639.1043748218751
10316,9414,6113,3539,19947,1639.1054998125
10317,9414,6113,3520,19941,1639.106624803125
10318,9414,6113,3501,19936,1639.10774979375
10319,9414,6113,3482,19931,1639.108874784375
10320,9414,6113,3463,19925,1639.109999775
10321,9414,6113,3444,19920,1639.111124765625
10322,9414,6113,3425,19914,1639.11224975625
10323,9414,6113,3406,19909,1639.113374746875
10324,9414,6113,3387,19904,1639.1144997375
10325,9414,6113,3368,19898,1639.1156247281249
10326,9414,6113,3349,19893,1639.11674971875
10327,9414,6113,3330,19887,1639.117874709375
10328,9414,6113,3311,19882,1639.1189997
10329,9414,6113,3292,19876,1639.120124690625
10330,9414,6113,3273,19871,1639.12124968125
10331,9414,6113,3254,19866,1639.122374671875
10332,9414,6113,3235,19860,1639.1234996624999
10333,9414,6113,3216,19855,1639.124624653125
10334,9414,6113,3197,19849,1639.12574964375
10335,9414,6113,3179,19844,1639.1268746343749
10336,9414,6113,3160,19839,1639.127999625
10337,9414,6113,3141,19833,1639.129124615625
10338,9414,6113,3122,19828,1639.13024960625
10339,9414,6113,3103,19822,1639.131374596875
10340,9414,6113,3084,19817,1639.1324995875
10341,9414,6113,3065,19811,1639.133624578125
10342,9414,6113,3046,19806,1639.1347495687498
10343,9414,6113,3027,19801,1639.135874559375
10344,9222,5939,3306,19971,1639.137
10345,9222,5939,3288,19961,1639.1381249839285
10346,9222,5939,3271,19951,1639.139249967857
10347,9222,5939,3253,19942,1639.1403749517856
10348,9222,5939,3236,19932,1639.1414999357141
10349,9222,5939,3218,19922,1639.142624919643
10350,9222,5939,3201,19913,1639.1437499035715
10351,9222,5939,3183,19903,1639.1448748875
10352,9222,5939,3166,19893,1639.1459998714286
10353,9222,5939,3148,19883,1639.147124855357
10354,9222,5939,3131,19874,1639.1482498392857
10355,9222,5939,3113,19864,1639.1493748232142
10356,9222,5939,3096,19854,1639.1504998071428
10357,9222,5939,3078,19845,1639.1516247910713
10358,9222,5939,3061,19835,1639.1527497749998
10359,9222,5939,3043,19825,1639.1538747589286
10360,9222,5939,3026,19815,1639.1549997428572
10361,9222,5939,3008,19806,1639.1561247267857
10362,9222,5939,2991,19796,1639.1572497107143
10363,9222,5939,2973,19786,1639.1583746946428
10364,9222,5939,2956,19777,1639.1594996785714
10365,9222,5939,2938,19767,1639.1606246625
10366,9222,5939,2921,19757,1639.1617496464285
10367,9222,5939,2903,19748,1639.162874630357
10368,9222,5939,2886,19738,1639.1639996142858
10369,9222,5939,2868,19728,1639.1651245982143
10370,9222,5939,2851,19718,1639.1662495821429
10371,9222,5939,2833,19709,1639.1673745660714
10372,9222,5939,2816,19671,1639.1685
10373,9222,5939,2798,19661,1639.169624971875
10374,9222,5939,2781,19651,1639.17074994375
10375,9222,5939,2763,19640,1639.171874915625
10376,9222,5939,2746,19630,1639.1729998875
10377,9222,5939,2728,19619,1639.174124859375
10378,9222,5939,2711,19609,1639.17524983125
10379,9222,5939,2693,19598,1639.176374803125
10380,9222,5939,2676,19588,1639.177499775
10381,9222,5939,2658,19577,1639.178624746875
10382,9222,5939,2641,19567,1639.17974971875
10383,9222,5939,2623,19556,1639.180874690625
10384,9222,5939,2606,19546,1639.1819996625
10385,9222,5939,2588,19535,1639.183124634375
10386,9222,5939,2571,19525,1639.18424960625
10387,9222,5939,2553,19514,1639.185374578125
10388,9222,5939,2536,19479,1639.1865
10389,9222,5939,2518,19479,1639.1876248875
10390,9222,5939,2501,19479,1639.188749775
10391,9222,5939,2501,19479,1639.1898746625
10392,9030,5765,10946,20678,1639.191
10393,9030,5765,10946,20678,1639.1921248875
10394,9030,5765,10946,20678,1639.193249775
10395,9030,5765,10946,20678,1639.1943746625
10396,9030,5765,10744,20606,1639.1955
10397,9030,5765,10744,20597,1639.1966249625
10398,9030,5765,10744,20587,1639.1977499250002
10399,9030,5765,10744,20577,1639.1988748875
10400,9030,5765,10584,20568,1639.19999985
10401,9030,5765,10584,20558,1639.2011248125
10402,9030,5765,10584,20548,1639.202249775
10403,9030,5765,10584,20539,1639.2033747375
10404,9030,5765,10418,20529,1639.2044997
10405,9030,5765,10418,20520,1639.2056246625
10406,9030,5765,10418,20510,1639.2067496250002
10407,9030,5765,10418,20500,1639.2078745875
10408,9030,5765,10242,20457,1639.209
10409,9030,5765,10242,20451,1639.210124971875
10410,9030,5765,10242,20444,1639.21124994375
10411,9030,5765,10242,20438,1639.212374915625
10412,9030,5765,10080,20432,1639.2134998875001
10413,9030,5765,10045,20426,1639.2146248593751
10414,9030,5765,10009,20419,1639.2157498312502
10415,9030,5765,9974,20413,1639.2168748031252
10416,9030,5765,9938,20407,1639.217999775
10417,9030,5765,9903,20400,1639.219124746875
10418,9030,5765,9867,20394,1639.22024971875
10419,9030,5765,9832,20388,1639.221374690625
10420,9030,5765,9778,20382,1639.2224996625
10421,9030,5765,9778,20375,1639.223624634375
10422,9030,5765,9778,20369,1639.22474960625
10423,9030,5765,9778,20363,1639.225874578125
10424,8838,5591,10274,20624,1639.227
10425,8838,5591,10274,20615,1639.2281249919645
10426,8838,5591,10274,20605,1639.2292499839286
10427,8838,5591,10274,20595,1639.230374975893
10428,8838,5591,10122,20586,1639.2314999678572
10429,8838,5591,10092,20576,1639.2326249598216
10430,8838,5591,10062,20566,1639.2337499517857
10431,8838,5591,10032,20557,1639.2348749437501
10432,8838,5591,10002,20547,1639.2359999357143
10433,8838,5591,9972,20537,1639.2371249276787
10434,8838,5591,9942,20528,1639.2382499196428
10435,8838,5591,9912,20518,1639.2393749116072
10436,8838,5591,9882,20508,1639.2404999035714
10437,8838,5591,9852,20498,1639.2416248955358
10438,8838,5591,9822,20489,1639.2427498875
10439,8838,5591,9792,20479,1639.2438748794643
10440,8838,5591,9698,20469,1639.2449998714287
10441,8838,5591,9698,20460,1639.2461248633929
10442,8838,5591,9698,20450,1639.2472498553573
10443,8838,5591,9698,20440,1639.2483748473214
10444,8838,5591,9541,20431,1639.2494998392858
10445,8838,5591,9505,20421,1639.25062483125
10446,8838,5591,9469,20411,1639.2517498232144
10447,8838,5591,9432,20401,1639.2528748151785
10448,8838,5591,9396,20392,1639.253999807143
10449,8838,5591,9360,20382,1639.255124799107
10450,8838,5591,9323,20372,1639.2562497910715
10451,8838,5591,9287,20363,1639.2573747830356
10452,8838,5591,9251,20353,1639.258499775
10453,8838,5591,9215,20343,1639.2596247669644
10454,8838,5591,9178,20334,1639.2607497589286
10455,8838,5591,9142,20324,1639.261874750893
10456,8838,5591,9106,20314,1639.2629997428571
10457,8838,5591,9070,20304,1639.2641247348215
10458,8838,5591,9033,20295,1639.2652497267857
10459,8838,5591,8997,20285,1639.26637471875
10460,8838,5591,8961,20275,1639.2674997107142
10461,8838,5591,8924,20266,1639.2686247026786
10462,8838,5591,8888,20256,1639.2697496946428
10463,8838,5591,8852,20246,1639.2708746866072
10464,8838,5591,8816,20237,1639.2719996785713
10465,8838,5591,8779,20227,1639.2731246705357
10466,8838,5591,8743,20217,1639.2742496625
10467,8838,5591,8707,20208,1639.2753746544643
10468,8838,5591,8662,20198,1639.2764996464286
10469,8838,5591,8628,20188,1639.2776246383928
10470,8838,5591,8595,20178,1639.2787496303572
10471,8838,5591,8562,20169,1639.2798746223214
10472,8838,5591,8529,20159,1639.2809996142857
10473,8838,5591,8495,20149,1639.28212460625
10474,8838,5591,8462,20140,1639.2832495982143
10475,8838,5591,8429,20130,1639.2843745901785
10476,8838,5591,8396,20120,1639.2854995821428
10477,8838,5591,8362,20111,1639.286624574107
10478,8838,5591,8329,20101,1639.2877495660714
10479,8838,5591,8296,20091,1639.2888745580356
10480,8646,5417,8861,20334,1639.29
10481,8646,5417,8827,20334,1639.2911248875
10482,8646,5417,8794,20334,1639.292249775
10483,8646,5417,8761,20334,1639.2933746625
10484,8646,5417,8728,20267,1639.2945
10485,8646,5417,8695,20254,1639.295624971875
10486,8646,5417,8662,20242,1639.29674994375
10487,8646,5417,8629,20229,1639.297874915625
10488,8646,5417,8595,20217,1639.2989998875
10489,8646,5417,8562,20204,1639.300124859375
10490,8646,5417,8529,20192,1639.30124983125
10491,8646,5417,8496,20179,1639.302374803125
10492,8646,5417,8463,20167,1639.303499775
10493,8646,5417,8430,20154,1639.3046247468749
10494,8646,5417,8397,20142,1639.30574971875
10495,8646,5417,8363,20129,1639.306874690625
10496,8646,5417,8330,20117,1639.3079996625
10497,8646,5417,8297,20104,1639.309124634375
10498,8646,5417,8264,20092,1639.31024960625
10499,8646,5417,8231,20079,1639.311374578125
10500,8646,5417,8198,20048,1639.3125
10501,8646,5417,8164,20038,1639.3136249839285
10502,8646,5417,8131,20028,1639.314749967857
10503,8646,5417,8098,20018,1639.3158749517856
10504,8646,5417,8065,20008,1639.3169999357142
10505,8646,5417,8032,19997,1639.318124919643
10506,8646,5417,7999,19987,1639.3192499035715
10507,8646,5417,7966,19977,1639.3203748875
10508,8646,5417,7932,19967,1639.3214998714286
10509,8646,5417,7899,19957,1639.3226248553572
10510,8646,5417,7866,19947,1639.3237498392857
10511,8646,5417,7833,19936,1639.3248748232143
10512,8646,5417,7800,19926,1639.3259998071428
10513,8646,5417,7767,19916,1639.3271247910714
10514,8646,5417,7734,19906,1639.3282497750001
10515,8646,5417,7700,19896,1639.3293747589287
10516,8646,5417,7667,19885,1639.3304997428572
10517,8646,5417,7634,19875,1639.3316247267858
10518,8646,5417,7601,19865,1639.3327497107143
10519,8646,5417,7568,19855,1639.3338746946429
10520,8646,5417,7535,19845,1639.3349996785714
10521,8646,5417,7502,19835,1639.3361246625
10522,8646,5417,7468,19824,1639.3372496464285
10523,8646,5417,7435,19814,1639.338374630357
10524,8646,5417,7402,19804,1639.3394996142858
10525,8646,5417,7369,19794,1639.3406245982144
10526,8646,5417,7336,19784,1639.341749582143
10527,8646,5417,7303,19773,1639.3428745660715
10528,8454,5243,7850,20028,1639.344
10529,8454,5243,7820,20022,1639.345124990625
10530,8454,5243,7790,20017,1639.3462499812501
10531,8454,5243,7760,20011,1639.347374971875
10532,8454,5243,7730,20006,1639.3484999625
10533,8454,5243,7699,20000,1639.349624953125
10534,8454,5243,7669,19995,1639.35074994375
10535,8454,5243,7639,19990,1639.351874934375
10536,8454,5243,7609,19984,1639.352999925
10537,8454,5243,7579,19979,1639.354124915625
10538,8454,5243,7548,19973,1639.35524990625
10539,8454,5243,7518,19968,1639.356374896875
10540,8454,5243,7488,19962,1639.3574998875001
10541,8454,5243,7458,19957,1639.358624878125
10542,8454,5243,7428,19951,1639.35974986875
10543,8454,5243,7397,19946,1639.360874859375
10544,8454,5243,7367,19941,1639.36199985
10545,8454,5243,7337,19935,1639.363124840625
10546,8454,5243,7307,19930,1639.36424983125
10547,8454,5243,7277,19924,1639.365374821875
10548,8454,5243,7246,19919,1639.3664998125
10549,8454,5243,7216,19913,1639.367624803125
10550,8454,5243,7186,19908,1639.3687497937499
10551,8454,5243,7156,19902,1639.369874784375
10552,8454,5243,7126,19897,1639.370999775
10553,8454,5243,7095,19891,1639.372124765625
10554,8454,5243,7065,19886,1639.37324975625
10555,8454,5243,7035,19881,1639.374374746875
10556,8454,5243,7005,19875,1639.3754997375
10557,8454,5243,6975,19870,1639.3766247281249
10558,8454,5243,6944,19864,1639.37774971875
10559,8454,5243,6914,19859,1639.378874709375
10560,8454,5243,6884,19853,1639.3799996999999
10561,8454,5243,6854,19848,1639.381124690625
10562,8454,5243,6824,19842,1639.38224968125
10563,8454,5243,6793,19837,1639.383374671875
10564,8454,5243,6763,19832,1639.3844996624998
10565,8454,5243,6733,19826,1639.385624653125
10566,8454,5243,6703,19821,1639.38674964375
10567,8454,5243,6673,19815,1639.3878746343748
10568,8454,5243,6642,19810,1639.388999625
10569,8454,5243,6612,19804,1639.390124615625
10570,8454,5243,6582,19799,1639.3912496062499
10571,8454,5243,6552,19793,1639.392374596875
10572,8454,5243,6522,19788,1639.3934995875
10573,8454,5243,6492,19783,1639.3946245781249
10574,8454,5243,6461,19777,1639.3957495687498
10575,8454,5243,6431,19772,1639.396874559375
10576,8262,5069,6941,20077,1639.398
10577,8262,5069,6914,20069,1639.39912498875
10578,8262,5069,6886,20060,1639.4002499775
10579,8262,5069,6858,20051,1639.40137496625
10580,8262,5069,6830,20042,1639.402499955
10581,8262,5069,6802,20033,1639.40362494375
10582,8262,5069,6774,20024,1639.4047499325
10583,8262,5069,6747,20016,1639.40587492125
10584,8262,5069,6719,20007,1639.40699991
10585,8262,5069,6691,19998,1639.40812489875
10586,8262,5069,6663,19989,1639.4092498875
10587,8262,5069,6635,19980,1639.41037487625
10588,8262,5069,6607,19971,1639.411499865
10589,8262,5069,6579,19963,1639.41262485375
10590,8262,5069,6552,19954,1639.4137498425
10591,8262,5069,6524,19945,1639.41487483125
10592,8262,5069,6496,19936,1639.41599982
10593,8262,5069,6468,19927,1639.41712480875
10594,8262,5069,6440,19918,1639.4182497975
10595,8262,5069,6412,19909,1639.41937478625
10596,8262,5069,6384,19901,1639.4204997749998
10597,8262,5069,6357,19892,1639.4216247637498
10598,8262,5069,6329,19883,1639.4227497524998
10599,8262,5069,6301,19874,1639.4238747412498
10600,8262,5069,6273,19865,1639.4249997299999
10601,8262,5069,6245,19856,1639.4261247187499
10602,8262,5069,6217,19848,1639.4272497074999
10603,8262,5069,6190,19839,1639.4283746962499
10604,8262,5069,6162,19830,1639.4294996849999
10605,8262,5069,6134,19821,1639.43062467375
10606,8262,5069,6106,19812,1639.4317496625
10607,8262,5069,6078,19803,1639.43287465125
10608,8262,5069,6050,19795,1639.43399964
10609,8262,5069,6022,19786,1639.43512462875
10610,8262,5069,5995,19777,1639.4362496175
10611,8262,5069,5967,19768,1639.43737460625
10612,8262,5069,5939,19759,1639.438499595
10613,8262,5069,5911,19750,1639.43962458375
10614,8262,5069,5883,19741,1639.4407495725
10615,8262,5069,5855,19733,1639.44187456125
10616,8262,5069,5828,19695,1639.443
10617,8262,5069,5800,19682,1639.4441249625
10618,8262,5069,5772,19669,1639.445249925
10619,8262,5069,5744,19656,1639.4463748875
10620,8262,5069,5716,19642,1639.44749985
10621,8262,5069,5688,19629,1639.4486248125
10622,8262,5069,5660,19616,1639.4497497749999
10623,8262,5069,5633,19603,1639.4508747375
10624,8262,5069,5605,19589,1639.4519997
10625,8262,5069,5577,19576,1639.4531246625
10626,8262,5069,5549,19563,1639.454249625
10627,8262,5069,5521,19550,1639.4553745875
10628,8070,4895,5978,19826,1639.4565
10629,8070,4895,5954,19816,1639.4576249625
10630,8070,4895,5929,19807,1639.4587499250001
10631,8070,4895,5904,19797,1639.4598748875
10632,8070,4895,5880,19787,1639.46099985
10633,8070,4895,5855,19778,1639.4621248125
10634,8070,4895,5831,19768,1639.463249775
10635,8070,4895,5806,19758,1639.4643747375
10636,8070,4895,5782,19749,1639.4654997
10637,8070,4895,5757,19739,1639.4666246625
10638,8070,4895,5733,19730,1639.4677496250001
10639,8070,4895,5708,19720,1639.4688745875
10640,8070,4895,5684,19680,1639.47
10641,8070,4895,5659,19670,1639.47112498875
10642,8070,4895,5635,19660,1639.4722499775
10643,8070,4895,5610,19649,1639.47337496625
10644,8070,4895,5586,19639,1639.474499955
10645,8070,4895,5561,19629,1639.47562494375
10646,8070,4895,5537,19618,1639.4767499325
10647,8070,4895,5512,19608,1639.47787492125
10648,8070,4895,5488,19598,1639.47899991
10649,8070,4895,5463,19587,1639.48012489875
10650,8070,4895,5439,19577,1639.4812498875
10651,8070,4895,5414,19567,1639.48237487625
10652,8070,4895,5390,19556,1639.483499865
10653,8070,4895,5365,19546,1639.4846248537501
10654,8070,4895,5340,19535,1639.4857498425001
10655,8070,4895,5316,19525,1639.4868748312501
10656,8070,4895,5291,19515,1639.4879998200001
10657,8070,4895,5267,19504,1639.4891248087501
10658,8070,4895,5242,19494,1639.4902497975002
10659,8070,4895,5218,19484,1639.4913747862502
10660,8070,4895,5193,19473,1639.492499775
10661,8070,4895,5169,19463,1639.49362476375
10662,8070,4895,5144,19453,1639.4947497525
10663,8070,4895,5120,19442,1639.49587474125
10664,8070,4895,5095,19432,1639.49699973
10665,8070,4895,5071,19422,1639.49812471875
10666,8070,4895,5046,19411,1639.4992497075
10667,8070,4895,5022,19401,1639.50037469625
10668,8070,4895,4997,19391,1639.501499685
10669,8070,4895,4973,19380,1639.50262467375
10670,8070,4895,4948,19370,1639.5037496625
10671,8070,4895,4924,19360,1639.50487465125
10672,8070,4895,4899,19349,1639.50599964
10673,8070,4895,4875,19339,1639.50712462875
10674,8070,4895,4850,19329,1639.5082496175
10675,8070,4895,4826,19318,1639.50937460625
10676,8070,4895,4801,19308,1639.510499595
10677,8070,4895,4777,19298,1639.51162458375
10678,8070,4895,4752,19287,1639.5127495725
10679,8070,4895,4727,19277,1639.51387456125
10680,7876,4718,5147,19593,1639.515
10681,7876,4718,5125,19583,1639.5161249913463
10682,7876,4718,5103,19573,1639.5172499826924
10683,7876,4718,5081,19563,1639.5183749740386
10684,7876,4718,5059,19553,1639.5194999653847
10685,7876,4718,5037,19543,1639.520624956731
10686,7876,4718,5014,19533,1639.521749948077
10687,7876,4718,4992,19523,1639.5228749394232
10688,7876,4718,4970,19513,1639.5239999307694
10689,7876,4718,4948,19503,1639.5251249221155
10690,7876,4718,4926,19493,1639.5262499134617
10691,7876,4718,4904,19483,1639.5273749048079
10692,7876,4718,4881,19473,1639.528499896154
10693,7876,4718,4859,19463,1639.5296248875002
10694,7876,4718,4837,19453,1639.530749878846
10695,7876,4718,4815,19443,1639.5318748701923
10696,7876,4718,4793,19433,1639.5329998615384
10697,7876,4718,4771,19423,1639.5341248528846
10698,7876,4718,4748,19413,1639.5352498442307
10699,7876,4718,4726,19403,1639.536374835577
10700,7876,4718,4704,19393,1639.537499826923
10701,7876,4718,4682,19383,1639.5386248182692
10702,7876,4718,4660,19373,1639.5397498096154
10703,7876,4718,4638,19363,1639.5408748009615
10704,7876,4718,4615,19353,1639.5419997923077
10705,7876,4718,4593,19343,1639.5431247836539
10706,7876,4718,4571,19333,1639.544249775
10707,7876,4718,4549,19323,1639.5453747663462
10708,7876,4718,4527,19313,1639.5464997576923
10709,7876,4718,4505,19303,1639.5476247490385
10710,7876,4718,4482,19293,1639.5487497403847
10711,7876,4718,4460,19283,1639.5498747317308
10712,7876,4718,4438,19273,1639.550999723077
10713,7876,4718,4416,19263,1639.5521247144231
10714,7876,4718,4394,19253,1639.5532497057693
10715,7876,4718,4372,19243,1639.5543746971155
10716,7876,4718,4349,19233,1639.5554996884616
10717,7876,4718,4327,19223,1639.5566246798078
10718,7876,4718,4305,19213,1639.557749671154
10719,7876,4718,4283,19203,1639.5588746624999
10720,7876,4718,4261,19193,1639.559999653846
10721,7876,4718,4238,19183,1639.5611246451922
10722,7876,4718,4216,19173,1639.5622496365384
10723,7876,4718,4194,19163,1639.5633746278845
10724,7876,4718,4172,19153,1639.5644996192307
10725,7876,4718,4150,19143,1639.5656246105768
10726,7876,4718,4128,19133,1639.566749601923
10727,7876,4718,4105,19123,1639.5678745932692
10728,7876,4718,4083,19113,1639.5689995846153
10729,7876,4718,4061,19103,1639.5701245759615
10730,7876,4718,4039,19093,1639.5712495673076
10731,7876,4718,4017,19083,1639.5723745586538
10732,7705,4588,4316,19278,1639.5735
10733,7705,4588,4297,19278,1639.5746248875
10734,7705,4588,4277,19278,1639.575749775
10735,7705,4588,4257,19278,1639.5768746625
10736,7705,4588,4237,19216,1639.578
10737,7705,4588,4217,19205,1639.5791249775
10738,7705,4588,4197,19193,1639.580249955
10739,7705,4588,4178,19182,1639.5813749325
10740,7705,4588,4158,19171,1639.58249991
10741,7705,4588,4138,19160,1639.5836248875
10742,7705,4588,4118,19149,1639.584749865
10743,7705,4588,4098,19137,1639.5858748425
10744,7705,4588,4079,19126,1639.58699982
10745,7705,4588,4059,19115,1639.5881247975
10746,7705,4588,4039,19104,1639.589249775
10747,7705,4588,4019,19093,1639.5903747524999
10748,7705,4588,3999,19081,1639.59149973
10749,7705,4588,3979,19070,1639.5926247075
10750,7705,4588,3960,19059,1639.593749685
10751,7705,4588,3940,19048,1639.5948746625
10752,7705,4588,3920,19037,1639.59599964
10753,7705,4588,3900,19025,1639.5971246175
10754,7705,4588,3880,19014,1639.598249595
10755,7705,4588,3860,19003,1639.5993745725
10756,7705,4588,3841,18940,1639.6005
10757,7705,4588,3821,18930,1639.6016249839286
10758,7705,4588,3801,18919,1639.602749967857
10759,7705,4588,3781,18909,1639.6038749517857
10760,7705,4588,3761,18898,1639.6049999357142
10761,7705,4588,3741,18888,1639.606124919643
10762,7705,4588,3722,18877,1639.6072499035715
10763,7705,4588,3702,18867,1639.6083748875
10764,7705,4588,3682,18856,1639.6094998714286
10765,7705,4588,3662,18846,1639.6106248553572
10766,7705,4588,3642,18835,1639.6117498392857
10767,7705,4588,3623,18825,1639.6128748232143
10768,7705,4588,3603,18814,1639.6139998071428
10769,7705,4588,3583,18804,1639.6151247910714
10770,7705,4588,3563,18793,1639.6162497750001
10771,7705,4588,3543,18783,1639.6173747589287
10772,7705,4588,3523,18772,1639.6184997428572
10773,7705,4588,3504,18762,1639.6196247267858
10774,7705,4588,3484,18751,1639.6207497107143
10775,7705,4588,3464,18741,1639.6218746946429
10776,7705,4588,3444,18730,1639.6229996785714
10777,7705,4588,3424,18719,1639.6241246625
10778,7705,4588,3404,18709,1639.6252496464285
10779,7705,4588,3385,18698,1639.626374630357
10780,7705,4588,3365,18688,1639.6274996142859
10781,7705,4588,3345,18677,1639.6286245982144
10782,7705,4588,3325,18667,1639.629749582143
10783,7705,4588,3305,18656,1639.6308745660715
10784,7534,4458,3594,18892,1639.632
10785,7534,4458,3575,18885,1639.6331249859375
10786,7534,4458,3556,18878,1639.634249971875
10787,7534,4458,3537,18871,1639.6353749578125
10788,7534,4458,3518,18863,1639.63649994375
10789,7534,4458,3499,18856,1639.6376249296875
10790,7534,4458,3480,18849,1639.638749915625
10791,7534,4458,3461,18842,1639.6398749015625
10792,7534,4458,3442,18835,1639.6409998875001
10793,7534,4458,3423,18828,1639.6421248734375
10794,7534,4458,3404,18821,1639.6432498593751
10795,7534,4458,3385,18814,1639.6443748453125
10796,7534,4458,3366,18807,1639.6454998312502
10797,7534,4458,3347,18800,1639.6466248171876
10798,7534,4458,3329,18793,1639.6477498031252
10799,7534,4458,3310,18786,1639.6488747890626
10800,7534,4458,3291,18778,1639.6499997750002
10801,7534,4458,3272,18771,1639.6511247609376
10802,7534,4458,3253,18764,1639.652249746875
10803,7534,4458,3234,18757,1639.6533747328126
10804,7534,4458,3215,18750,1639.65449971875
10805,7534,4458,3196,18743,1639.6556247046876
10806,7534,4458,3177,18736,1639.656749690625
10807,7534,4458,3158,18729,1639.6578746765626
10808,7534,4458,3139,18722,1639.6589996625
10809,7534,4458,3120,18715,1639.6601246484377
10810,7534,4458,3101,18708,1639.661249634375
10811,7534,4458,3082,18701,1639.6623746203127
10812,7534,4458,3064,18694,1639.66349960625
10813,7534,4458,3045,18686,1639.6646245921877
10814,7534,4458,3026,18679,1639.665749578125
10815,7534,4458,3007,18672,1639.6668745640627
10816,7363,4328,3269,18924,1639.668
10817,7363,4328,3252,18918,1639.6691249906248
10818,7363,4328,3234,18912,1639.67024998125
10819,7363,4328,3216,18906,1639.671374971875
10820,7363,4328,3199,18899,1639.6724999624998
10821,7363,4328,3181,18893,1639.673624953125
10822,7363,4328,3164,18887,1639.67474994375
10823,7363,4328,3146,18881,1639.6758749343749
10824,7363,4328,3128,18875,1639.676999925
10825,7363,4328,3111,18868,1639.678124915625
10826,7363,4328,3093,18862,1639.6792499062499
10827,7363,4328,3076,18856,1639.6803748968748
10828,7363,4328,3058,18850,1639.6814998875
10829,7363,4328,3041,18844,1639.682624878125
10830,7363,4328,3023,18837,1639.6837498687498
10831,7363,4328,3005,18831,1639.684874859375
10832,7363,4328,2988,18825,1639.68599985
10833,7363,4328,2970,18819,1639.6871248406248
10834,7363,4328,2953,18813,1639.68824983125
10835,7363,4328,2935,18807,1639.689374821875
10836,7363,4328,2917,18800,1639.6904998124999
10837,7363,4328,2900,18794,1639.691624803125
10838,7363,4328,2882,18788,1639.69274979375
10839,7363,4328,2865,18782,1639.6938747843749
10840,7363,4328,2847,18776,1639.6949997749998
10841,7363,4328,2829,18769,1639.696124765625
10842,7363,4328,2812,18763,1639.69724975625
10843,7363,4328,2794,18757,1639.6983747468748
10844,7363,4328,2777,18751,1639.6994997375
10845,7363,4328,2759,18745,1639.700624728125
10846,7363,4328,2741,18739,1639.7017497187499
10847,7363,4328,2724,18732,1639.702874709375
10848,7363,4328,2706,18726,1639.7039997
10849,7363,4328,2689,18720,1639.7051246906249
10850,7363,4328,2671,18714,1639.70624968125
10851,7363,4328,2653,18708,1639.707374671875
10852,7363,4328,2636,18701,1639.7084996625
10853,7363,4328,2618,18695,1639.709624653125
10854,7363,4328,2601,18689,1639.71074964375
10855,7363,4328,2583,18683,1639.711874634375
10856,7363,4328,2566,18677,1639.712999625
10857,7363,4328,2548,18670,1639.714124615625
10858,7363,4328,2530,18664,1639.71524960625
10859,7363,4328,2513,18658,1639.7163745968749
10860,7363,4328,2513,18652,1639.7174995875
10861,7363,4328,2513,18646,1639.718624578125
10862,7363,4328,2513,18640,1639.7197495687499
10863,7363,4328,2513,18633,1639.720874559375
10864,7192,4198,10962,19839,1639.722
10865,7192,4198,10962,19827,1639.7231249859374
10866,7192,4198,10962,19816,1639.724249971875
10867,7192,4198,10962,19804,1639.7253749578124
10868,7192,4198,10792,19793,1639.72649994375
10869,7192,4198,10792,19782,1639.7276249296874
10870,7192,4198,10792,19770,1639.728749915625
10871,7192,4198,10792,19759,1639.7298749015624
10872,7192,4198,10616,19748,1639.7309998875
10873,7192,4198,10616,19736,1639.7321248734374
10874,7192,4198,10616,19725,1639.733249859375
10875,7192,4198,10616,19714,1639.7343748453125
10876,7192,4198,10434,19702,1639.73549983125
10877,7192,4198,10434,19691,1639.7366248171875
10878,7192,4198,10434,19680,1639.737749803125
10879,7192,4198,10434,19668,1639.7388747890625
10880,7192,4198,10274,19657,1639.739999775
10881,7192,4198,10274,19646,1639.7411247609375
10882,7192,4198,10274,19634,1639.742249746875
10883,7192,4198,10274,19623,1639.7433747328125
10884,7192,4198,10112,19612,1639.74449971875
10885,7192,4198,10077,19600,1639.7456247046875
10886,7192,4198,10041,19589,1639.746749690625
10887,7192,4198,10006,19577,1639.7478746765626
10888,7192,4198,9970,19566,1639.7489996625
10889,7192,4198,9935,19555,1639.7501246484376
10890,7192,4198,9899,19543,1639.751249634375
10891,7192,4198,9864,19532,1639.7523746203126
10892,7192,4198,9810,19521,1639.75349960625
10893,7192,4198,9810,19509,1639.7546245921876
10894,7192,4198,9810,19498,1639.755749578125
10895,7192,4198,9810,19487,1639.7568745640626
10896,7021,4068,10271,19766,1639.758
10897,7021,4068,10238,19757,1639.7591249919644
10898,7021,4068,10205,19749,1639.7602499839286
10899,7021,4068,10172,19740,1639.761374975893
10900,7021,4068,10140,19731,1639.7624999678571
10901,7021,4068,10107,19723,1639.7636249598215
10902,7021,4068,10074,19714,1639.7647499517857
10903,7021,4068,10041,19706,1639.76587494375
10904,7021,4068,10008,19697,1639.7669999357142
10905,7021,4068,9976,19688,1639.7681249276786
10906,7021,4068,9943,19680,1639.7692499196428
10907,7021,4068,9910,19671,1639.7703749116072
10908,7021,4068,9877,19662,1639.7714999035713
10909,7021,4068,9844,19654,1639.7726248955357
10910,7021,4068,9812,19645,1639.7737498875
10911,7021,4068,9779,19637,1639.7748748794643
10912,7021,4068,9698,19628,1639.7759998714287
10913,7021,4068,9698,19619,1639.7771248633928
10914,7021,4068,9698,19611,1639.7782498553572
10915,7021,4068,9698,19602,1639.7793748473214
10916,7021,4068,9543,19593,1639.7804998392858
10917,7021,4068,9506,19585,1639.78162483125
10918,7021,4068,9469,19576,1639.7827498232143
10919,7021,4068,9433,19568,1639.7838748151785
10920,7021,4068,9396,19559,1639.7849998071429
10921,7021,4068,9360,19550,1639.786124799107
10922,7021,4068,9323,19542,1639.7872497910714
10923,7021,4068,9286,19533,1639.7883747830356
10924,7021,4068,9250,19524,1639.789499775
10925,7021,4068,9213,19516,1639.7906247669644
10926,7021,4068,9177,19507,1639.7917497589285
10927,7021,4068,9140,19499,1639.792874750893
10928,7021,4068,9103,19490,1639.793999742857
10929,7021,4068,9067,19481,1639.7951247348215
10930,7021,4068,9030,19473,1639.7962497267856
10931,7021,4068,8994,19464,1639.79737471875
10932,7021,4068,8944,19455,1639.7984997107142
10933,7021,4068,8909,19447,1639.7996247026786
10934,7021,4068,8873,19438,1639.8007496946427
10935,7021,4068,8837,19429,1639.801874686607
10936,7021,4068,8801,19421,1639.8029996785713
10937,7021,4068,8766,19412,1639.8041246705357
10938,7021,4068,8730,19404,1639.8052496625
10939,7021,4068,8694,19395,1639.8063746544642
10940,7021,4068,8658,19386,1639.8074996464286
10941,7021,4068,8623,19378,1639.8086246383928
10942,7021,4068,8587,19369,1639.8097496303571
10943,7021,4068,8551,19360,1639.8108746223213
10944,7021,4068,8504,19352,1639.8119996142857
10945,7021,4068,8468,19343,1639.8131246062499
10946,7021,4068,8432,19335,1639.8142495982142
10947,7021,4068,8396,19326,1639.8153745901784
10948,7021,4068,8360,19317,1639.8164995821428
10949,7021,4068,8324,19309,1639.817624574107
10950,7021,4068,8288,19300,1639.8187495660713
10951,7021,4068,8252,19291,1639.8198745580355
10952,6850,3938,8832,19602,1639.821
10953,6850,3938,8798,19592,1639.82212498875
10954,6850,3938,8765,19583,1639.8232499775
10955,6850,3938,8731,19573,1639.82437496625
10956,6850,3938,8698,19563,1639.825499955
10957,6850,3938,8665,19553,1639.82662494375
10958,6850,3938,8631,19543,1639.8277499325
10959,6850,3938,8598,19533,1639.82887492125
10960,6850,3938,8564,19523,1639.82999991
10961,6850,3938,8531,19513,1639.83112489875
10962,6850,3938,8497,19504,1639.8322498875
10963,6850,3938,8464,19494,1639.83337487625
10964,6850,3938,8430,19484,1639.834499865
10965,6850,3938,8397,19474,1639.83562485375
10966,6850,3938,8364,19464,1639.8367498425
10967,6850,3938,8330,19454,1639.83787483125
10968,6850,3938,8297,19444,1639.83899982
10969,6850,3938,8263,19434,1639.84012480875
10970,6850,3938,8230,19425,1639.8412497975
10971,6850,3938,8196,19415,1639.84237478625
10972,6850,3938,8163,19405,1639.843499775
10973,6850,3938,8129,19395,1639.8446247637498
10974,6850,3938,8096,19385,1639.8457497524998
10975,6850,3938,8063,19375,1639.8468747412498
10976,6850,3938,8029,19365,1639.8479997299999
10977,6850,3938,7996,19355,1639.8491247187499
10978,6850,3938,7962,19345,1639.8502497074999
10979,6850,3938,7929,19336,1639.8513746962499
10980,6850,3938,7895,19326,1639.8524996849999
10981,6850,3938,7862,19316,1639.85362467375
10982,6850,3938,7828,19306,1639.8547496625
10983,6850,3938,7795,19296,1639.85587465125
10984,6850,3938,7762,19286,1639.85699964
10985,6850,3938,7728,19276,1639.85812462875
10986,6850,3938,7695,19266,1639.8592496175
10987,6850,3938,7661,19257,1639.86037460625
10988,6850,3938,7628,19247,1639.861499595
10989,6850,3938,7594,19237,1639.86262458375
10990,6850,3938,7561,19227,1639.8637495725
10991,6850,3938,7527,19217,1639.86487456125
10992,6850,3938,7494,19183,1639.866
10993,6850,3938,7461,19183,1639.8671248875
10994,6850,3938,7427,19183,1639.868249775
10995,6850,3938,7394,19183,1639.8693746625
10996,6679,3808,7906,19388,1639.8705
10997,6679,3808,7875,19376,1639.871624971875
10998,6679,3808,7845,19365,1639.87274994375
10999,6679,3808,7815,19354,1639.873874915625
11000,6679,3808,7784,19342,1639.8749998875
11001,6679,3808,7754,19331,1639.876124859375
11002,6679,3808,7723,19320,1639.87724983125
11003,6679,3808,7693,19308,1639.878374803125
11004,6679,3808,7662,19297,1639.879499775
11005,6679,3808,7632,19286,1639.880624746875
11006,6679,3808,7601,19274,1639.88174971875
11007,6679,3808,7571,19263,1639.882874690625
11008,6679,3808,7541,19252,1639.8839996625
11009,6679,3808,7510,19240,1639.885124634375
11010,6679,3808,7480,19229,1639.88624960625
11011,6679,3808,7449,19218,1639.887374578125
11012,6679,3808,7419,19191,1639.8885
11013,6679,3808,7388,19179,1639.88962494375
11014,6679,3808,7358,19166,1639.8907498875
11015,6679,3808,7328,19154,1639.89187483125
11016,6679,3808,7297,19141,1639.8929997750001
11017,6679,3808,7267,19129,1639.89412471875
11018,6679,3808,7236,19116,1639.8952496625
11019,6679,3808,7206,19104,1639.89637460625
11020,6679,3808,7175,19067,1639.8975
11021,6679,3808,7145,19057,1639.8986249839286
11022,6679,3808,7115,19047,1639.8997499678571
11023,6679,3808,7084,19038,1639.9008749517857
11024,6679,3808,7054,19028,1639.9019999357142
11025,6679,3808,7023,19018,1639.903124919643
11026,6679,3808,6993,19008,1639.9042499035716
11027,6679,3808,6962,18999,1639.9053748875
11028,6679,3808,6932,18989,1639.9064998714287
11029,6679,3808,6901,18979,1639.9076248553572
11030,6679,3808,6871,18969,1639.9087498392857
11031,6679,3808,6841,18959,1639.9098748232143
11032,6679,3808,6810,18950,1639.9109998071428
11033,6679,3808,6780,18940,1639.9121247910714
11034,6679,3808,6749,18930,1639.9132497750002
11035,6679,3808,6719,18920,1639.9143747589287
11036,6679,3808,6688,18911,1639.9154997428573
11037,6679,3808,6658,18901,1639.9166247267858
11038,6679,3808,6628,18891,1639.9177497107144
11039,6679,3808,6597,18881,1639.918874694643
11040,6679,3808,6567,18872,1639.9199996785715
11041,6679,3808,6536,18862,1639.9211246625
11042,6679,3808,6506,18852,1639.9222496464286
11043,6679,3808,6475,18842,1639.923374630357
11044,6679,3808,6445,18833,1639.9244996142859
11045,6679,3808,6415,18823,1639.9256245982144
11046,6679,3808,6384,18813,1639.926749582143
11047,6679,3808,6354,18803,1639.9278745660715
11048,6508,3678,6829,19078,1639.929
11049,6508,3678,6802,19072,1639.930124990625
11050,6508,3678,6775,19066,1639.9312499812502
11051,6508,3678,6747,19060,1639.932374971875
11052,6508,3678,6720,19054,1639.9334999625
11053,6508,3678,6692,19048,1639.934624953125
11054,6508,3678,6665,19043,1639.9357499437501
11055,6508,3678,6637,19037,1639.936874934375
11056,6508,3678,6610,19031,1639.937999925
11057,6508,3678,6583,19025,1639.9391249156251
11058,6508,3678,6555,19019,1639.94024990625
11059,6508,3678,6528,19013,1639.941374896875
11060,6508,3678,6500,19007,1639.9424998875002
11061,6508,3678,6473,19002,1639.943624878125
11062,6508,3678,6445,18996,1639.94474986875
11063,6508,3678,6418,18990,1639.945874859375
11064,6508,3678,6391,18984,1639.94699985
11065,6508,3678,6363,18978,1639.948124840625
11066,6508,3678,6336,18972,1639.94924983125
11067,6508,3678,6308,18967,1639.9503748218751
11068,6508,3678,6281,18961,1639.9514998125
11069,6508,3678,6253,18955,1639.952624803125
11070,6508,3678,6226,18949,1639.95374979375
11071,6508,3678,6199,18943,1639.954874784375
11072,6508,3678,6171,18937,1639.955999775
11073,6508,3678,6144,18931,1639.957124765625
11074,6508,3678,6116,18926,1639.95824975625
11075,6508,3678,6089,18920,1639.959374746875
11076,6508,3678,6061,18914,1639.9604997375
11077,6508,3678,6034,18908,1639.961624728125
11078,6508,3678,6007,18902,1639.96274971875
11079,6508,3678,5979,18896,1639.963874709375
11080,6508,3678,5952,18891,1639.9649997
11081,6508,3678,5924,18885,1639.966124690625
11082,6508,3678,5897,18879,1639.96724968125
11083,6508,3678,5869,18873,1639.968374671875
11084,6508,3678,5842,18867,1639.9694996624999
11085,6508,3678,5815,18861,1639.970624653125
11086,6508,3678,5787,18855,1639.97174964375
11087,6508,3678,5760,18850,1639.9728746343749
11088,6508,3678,5732,18844,1639.973999625
11089,6508,3678,5705,18838,1639.975124615625
11090,6508,3678,5677,18832,1639.97624960625
11091,6508,3678,5650,18826,1639.977374596875
11092,6508,3678,5623,18820,1639.9784995875
11093,6508,3678,5595,18815,1639.979624578125
11094,6508,3678,5568,18809,1639.9807495687498
11095,6508,3678,5540,18803,1639.981874559375
11096,6337,3548,5962,19065,1639.983
11097,6337,3548,5937,19057,1639.9841249839285
11098,6337,3548,5911,19049,1639.985249967857
11099,6337,3548,5886,19041,1639.9863749517856
11100,6337,3548,5861,19033,1639.9874999357141
11101,6337,3548,5836,19025,1639.988624919643
11102,6337,3548,5810,19018,1639.9897499035715
11103,6337,3548,5785,19010,1639.9908748875
11104,6337,3548,5760,19002,1639.9919998714286
11105,6337,3548,5735,18994,1639.993124855357
11106,6337,3548,5709,18986,1639.9942498392857
11107,6337,3548,5684,18978,1639.9953748232142
11108,6337,3548,5659,18970,1639.9964998071428
11109,6337,3548,5634,18963,1639.9976247910713
11110,6337,3548,5608,18955,1639.9987497749999
11111,6337,3548,5583,18947,1639.9998747589286
11112,6337,3548,5558,18939,1640.0009997428572
11113,6337,3548,5533,18931,1640.0021247267857
11114,6337,3548,5508,18923,1640.0032497107143
11115,6337,3548,5482,18915,1640.0043746946428
11116,6337,3548,5457,18908,1640.0054996785714
11117,6337,3548,5432,18900,1640.0066246625
11118,6337,3548,5407,18892,1640.0077496464285
11119,6337,3548,5381,18884,1640.008874630357
11120,6337,3548,5356,18876,1640.0099996142858
11121,6337,3548,5331,18868,1640.0111245982143
11122,6337,3548,5306,18861,1640.0122495821429
11123,6337,3548,5280,18853,1640.0133745660714
11124,6337,3548,5255,18805,1640.0145
11125,6337,3548,5230,18795,1640.01562494375
11126,6337,3548,5205,18785,1640.0167498875
11127,6337,3548,5179,18775,1640.01787483125
11128,6337,3548,5154,18765,1640.0189997749999
11129,6337,3548,5129,18755,1640.02012471875
11130,6337,3548,5104,18745,1640.0212496625
11131,6337,3548,5078,18735,1640.02237460625
11132,6163,3417,5486,19021,1640.0235
11133,6163,3417,5462,19012,1640.0246249919644
11134,6163,3417,5439,19002,1640.0257499839286
11135,6163,3417,5415,18992,1640.026874975893
11136,6163,3417,5392,18982,1640.027999967857
11137,6163,3417,5368,18972,1640.0291249598215
11138,6163,3417,5345,18963,1640.0302499517857
11139,6163,3417,5322,18953,1640.03137494375
11140,6163,3417,5298,18943,1640.0324999357142
11141,6163,3417,5275,18933,1640.0336249276786
11142,6163,3417,5251,18924,1640.034749919643
11143,6163,3417,5228,18914,1640.0358749116072
11144,6163,3417,5204,18904,1640.0369999035715
11145,6163,3417,5181,18894,1640.0381248955357
11146,6163,3417,5158,18885,1640.0392498875
11147,6163,3417,5134,18875,1640.0403748794643
11148,6163,3417,5111,18865,1640.0414998714286
11149,6163,3417,5087,18855,1640.0426248633928
11150,6163,3417,5064,18846,1640.0437498553572
11151,6163,3417,5040,18836,1640.0448748473216
11152,6163,3417,5017,18826,1640.0459998392857
11153,6163,3417,4993,18816,1640.0471248312501
11154,6163,3417,4970,18807,1640.0482498232143
11155,6163,3417,4947,18797,1640.0493748151787
11156,6163,3417,4923,18787,1640.0504998071428
11157,6163,3417,4900,18777,1640.0516247991072
11158,6163,3417,4876,18768,1640.0527497910714
11159,6163,3417,4853,18758,1640.0538747830358
11160,6163,3417,4829,18748,1640.054999775
11161,6163,3417,4806,18738,1640.0561247669643
11162,6163,3417,4783,18729,1640.0572497589287
11163,6163,3417,4759,18719,1640.0583747508929
11164,6163,3417,4736,18709,1640.0594997428573
11165,6163,3417,4712,18699,1640.0606247348214
11166,6163,3417,4689,18690,1640.0617497267858
11167,6163,3417,4665,18680,1640.06287471875
11168,6163,3417,4642,18670,1640.0639997107144
11169,6163,3417,4618,18660,1640.0651247026785
11170,6163,3417,4595,18651,1640.066249694643
11171,6163,3417,4572,18641,1640.0673746866073
11172,6163,3417,4548,18631,1640.0684996785715
11173,6163,3417,4525,18621,1640.0696246705359
11174,6163,3417,4501,18612,1640.0707496625
11175,6163,3417,4478,18602,1640.0718746544644
11176,6163,3417,4454,18592,1640.0729996464286
11177,6163,3417,4431,18582,1640.074124638393
11178,6163,3417,4408,18573,1640.0752496303571
11179,6163,3417,4384,18563,1640.0763746223215
11180,6163,3417,4361,18553,1640.077499614286
11181,6163,3417,4337,18543,1640.07862460625
11182,6163,3417,4314,18534,1640.0797495982144
11183,6163,3417,4290,18524,1640.0808745901786
11184,6163,3417,4267,18514,1640.081999582143
11185,6163,3417,4243,18504,1640.0831245741072
11186,6163,3417,4220,18495,1640.0842495660715
11187,6163,3417,4197,18485,1640.0853745580357
11188,6037,3294,4499,18711,1640.0865
11189,6037,3294,4478,18703,1640.08762498875
11190,6037,3294,4458,18695,1640.0887499775
11191,6037,3294,4437,18687,1640.08987496625
11192,6037,3294,4416,18679,1640.090999955
11193,6037,3294,4395,18670,1640.09212494375
11194,6037,3294,4374,18662,1640.0932499325
11195,6037,3294,4353,18654,1640.09437492125
11196,6037,3294,4332,18646,1640.09549991
11197,6037,3294,4311,18638,1640.09662489875
11198,6037,3294,4290,18629,1640.0977498875
11199,6037,3294,4269,18621,1640.09887487625
11200,6037,3294,4248,18613,1640.099999865
11201,6037,3294,4227,18605,1640.10112485375
11202,6037,3294,4206,18597,1640.1022498425
11203,6037,3294,4186,18589,1640.10337483125
11204,6037,3294,4165,18580,1640.10449982
11205,6037,3294,4144,18572,1640.10562480875
11206,6037,3294,4123,18564,1640.1067497975
11207,6037,3294,4102,18556,1640.10787478625
11208,6037,3294,4081,18548,1640.108999775
11209,6037,3294,4060,18539,1640.1101247637498
11210,6037,3294,4039,18531,1640.1112497524998
11211,6037,3294,4018,18523,1640.1123747412498
11212,6037,3294,3997,18515,1640.1134997299998
11213,6037,3294,3976,18507,1640.1146247187498
11214,6037,3294,3955,18499,1640.1157497074998
11215,6037,3294,3935,18490,1640.1168746962499
11216,6037,3294,3914,18482,1640.1179996849999
11217,6037,3294,3893,18474,1640.1191246737499
11218,6037,3294,3872,18466,1640.1202496624999
11219,6037,3294,3851,18458,1640.1213746512499
11220,6037,3294,3830,18449,1640.12249964
11221,6037,3294,3809,18441,1640.12362462875
11222,6037,3294,3788,18433,1640.1247496175
11223,6037,3294,3767,18425,1640.12587460625
11224,6037,3294,3746,18417,1640.126999595
11225,6037,3294,3725,18408,1640.12812458375
11226,6037,3294,3704,18400,1640.1292495725
11227,6037,3294,3683,18392,1640.13037456125
11228,5911,3171,3944,18557,1640.1315
11229,5911,3171,3924,18546,1640.1326249859374
11230,5911,3171,3905,18535,1640.133749971875
11231,5911,3171,3885,18523,1640.1348749578124
11232,5911,3171,3866,18512,1640.13599994375
11233,5911,3171,3847,18501,1640.1371249296874
11234,5911,3171,3827,18490,1640.138249915625
11235,5911,3171,3808,18478,1640.1393749015624
11236,5911,3171,3789,18467,1640.1404998875
11237,5911,3171,3769,18456,1640.1416248734374
11238,5911,3171,3750,18444,1640.142749859375
11239,5911,3171,3731,18433,1640.1438748453124
11240,5911,3171,3711,18422,1640.14499983125
11241,5911,3171,3692,18411,1640.1461248171875
11242,5911,3171,3673,18399,1640.147249803125
11243,5911,3171,3653,18388,1640.1483747890625
11244,5911,3171,3634,18377,1640.149499775
11245,5911,3171,3614,18365,1640.1506247609375
11246,5911,3171,3595,18354,1640.1517497468749
11247,5911,3171,3576,18343,1640.1528747328125
11248,5911,3171,3556,18332,1640.15399971875
11249,5911,3171,3537,18320,1640.1551247046875
11250,5911,3171,3518,18309,1640.156249690625
11251,5911,3171,3498,18298,1640.1573746765625
11252,5911,3171,3479,18286,1640.1584996625
11253,5911,3171,3460,18275,1640.1596246484376
11254,5911,3171,3440,18264,1640.160749634375
11255,5911,3171,3421,18253,1640.1618746203126
11256,5911,3171,3402,18241,1640.16299960625
11257,5911,3171,3382,18230,1640.1641245921876
11258,5911,3171,3363,18219,1640.165249578125
11259,5911,3171,3343,18207,1640.1663745640626
11260,5785,3048,3588,18333,1640.1675
11261,5785,3048,3570,18325,1640.16862494375
11262,5785,3048,3552,18316,1640.1697498875
11263,5785,3048,3533,18308,1640.17087483125
11264,5785,3048,3515,18299,1640.1719997750001
11265,5785,3048,3497,18291,1640.17312471875
11266,5785,3048,3479,18282,1640.1742496625
11267,5785,3048,3460,18274,1640.17537460625
11268,5785,3048,3442,18236,1640.1765
11269,5785,3048,3424,18224,1640.1776249775
11270,5785,3048,3406,18212,1640.178749955
11271,5785,3048,3388,18199,1640.1798749325
11272,5785,3048,3369,18187,1640.18099991
11273,5785,3048,3351,18175,1640.1821248875
11274,5785,3048,3333,18162,1640.183249865
11275,5785,3048,3315,18150,1640.1843748425001
11276,5785,3048,3297,18138,1640.1854998200001
11277,5785,3048,3278,18125,1640.1866247975001
11278,5785,3048,3260,18113,1640.1877497750002
11279,5785,3048,3242,18101,1640.1888747525
11280,5785,3048,3224,18089,1640.18999973
11281,5785,3048,3206,18076,1640.1911247075
11282,5785,3048,3187,18064,1640.192249685
11283,5785,3048,3169,18052,1640.1933746625
11284,5785,3048,3151,18039,1640.19449964
11285,5785,3048,3133,18027,1640.1956246175
11286,5785,3048,3114,18015,1640.196749595
11287,5785,3048,3096,18002,1640.1978745725
11288,5785,3048,3078,17971,1640.199
11289,5785,3048,3060,17963,1640.2001249775
11290,5785,3048,3042,17955,1640.201249955
11291,5785,3048,3023,17948,1640.2023749325
11292,5785,3048,3005,17940,1640.2034999100001
11293,5785,3048,2987,17932,1640.2046248875001
11294,5785,3048,2969,17924,1640.2057498650001
11295,5785,3048,2951,17917,1640.2068748425002
11296,5785,3048,2932,17909,1640.2079998200002
11297,5785,3048,2914,17901,1640.2091247975002
11298,5785,3048,2896,17893,1640.2102497750002
11299,5785,3048,2878,17886,1640.2113747525
11300,5785,3048,2860,17878,1640.21249973
11301,5785,3048,2841,17870,1640.2136247075
11302,5785,3048,2823,17862,1640.214749685
11303,5785,3048,2805,17855,1640.2158746625
11304,5785,3048,2787,17847,1640.21699964
11305,5785,3048,2769,17839,1640.2181246175
11306,5785,3048,2750,17831,1640.219249595
11307,5785,3048,2732,17824,1640.2203745725
11308,5659,2925,2961,17994,1640.2215
11309,5659,2925,2944,17988,1640.2226249839287
11310,5659,2925,2927,17982,1640.2237499678572
11311,5659,2925,2910,17975,1640.2248749517858
11312,5659,2925,2893,17969,1640.2259999357143
11313,5659,2925,2876,17963,1640.2271249196428
11314,5659,2925,2859,17957,1640.2282499035714
11315,5659,2925,2842,17951,1640.2293748875
11316,5659,2925,2825,17945,1640.2304998714287
11317,5659,2925,2808,17939,1640.2316248553573
11318,5659,2925,2791,17933,1640.2327498392858
11319,5659,2925,2774,17926,1640.2338748232144
11320,5659,2925,2757,17920,1640.234999807143
11321,5659,2925,2740,17914,1640.2361247910715
11322,5659,2925,2723,17908,1640.237249775
11323,5659,2925,2706,17902,1640.2383747589286
11324,5659,2925,2689,17896,1640.239499742857
11325,5659,2925,2672,17890,1640.2406247267857
11326,5659,2925,2655,17884,1640.2417497107142
11327,5659,2925,2639,17877,1640.2428746946428
11328,5659,2925,2622,17871,1640.2439996785713
11329,5659,2925,2605,17865,1640.2451246625
11330,5659,2925,2588,17859,1640.2462496464286
11331,5659,2925,2571,17853,1640.2473746303572
11332,5659,2925,2554,17847,1640.2484996142857
11333,5659,2925,2537,17841,1640.2496245982143
11334,5659,2925,2520,17835,1640.2507495821428
11335,5659,2925,2503,17828,1640.2518745660714
11336,5533,2802,11280,19126,1640.253
11337,5533,2802,11280,19117,1640.2541249919643
11338,5533,2802,11280,19108,1640.2552499839285
11339,5533,2802,11280,19099,1640.2563749758929
11340,5533,2802,11122,19090,1640.257499967857
11341,5533,2802,11122,19081,1640.2586249598214
11342,5533,2802,11122,19072,1640.2597499517856
11343,5533,2802,11122,19063,1640.26087494375
11344,5533,2802,10930,19054,1640.2619999357141
11345,5533,2802,10930,19045,1640.2631249276785
11346,5533,2802,10930,19036,1640.264249919643
11347,5533,2802,10930,19027,1640.265374911607
11348,5533,2802,10760,19018,1640.2664999035715
11349,5533,2802,10760,19009,1640.2676248955356
11350,5533,2802,10760,19000,1640.2687498875
11351,5533,2802,10760,18991,1640.2698748794642
11352,5533,2802,10600,18982,1640.2709998714286
11353,5533,2802,10600,18973,1640.2721248633927
11354,5533,2802,10600,18964,1640.273249855357
11355,5533,2802,10600,18955,1640.2743748473215
11356,5533,2802,10418,18946,1640.2754998392857
11357,5533,2802,10418,18937,1640.27662483125
11358,5533,2802,10418,18928,1640.2777498232142
11359,5533,2802,10418,18919,1640.2788748151786
11360,5533,2802,10258,18910,1640.2799998071428
11361,5533,2802,10258,18901,1640.2811247991071
11362,5533,2802,10258,18892,1640.2822497910713
11363,5533,2802,10258,18883,1640.2833747830357
11364,5533,2802,10096,18874,1640.2844997749999
11365,5533,2802,10096,18865,1640.2856247669642
11366,5533,2802,10096,18856,1640.2867497589286
11367,5533,2802,10096,18847,1640.2878747508928
11368,5533,2802,9938,18839,1640.2889997428572
11369,5533,2802,9938,18830,1640.2901247348213
11370,5533,2802,9938,18821,1640.2912497267857
11371,5533,2802,9938,18812,1640.29237471875
11372,5533,2802,9778,18803,1640.2934997107143
11373,5533,2802,9778,18794,1640.2946247026784
11374,5533,2802,9778,18785,1640.2957496946428
11375,5533,2802,9778,18776,1640.2968746866072
11376,5533,2802,9624,18767,1640.2979996785714
11377,5533,2802,9624,18758,1640.2991246705358
11378,5533,2802,9624,18749,1640.3002496625
11379,5533,2802,9624,18740,1640.3013746544643
11380,5533,2802,9464,18731,1640.3024996464285
11381,5533,2802,9464,18722,1640.3036246383929
11382,5533,2802,9464,18713,1640.304749630357
11383,5533,2802,9464,18704,1640.3058746223214
11384,5533,2802,9298,18695,1640.3069996142858
11385,5533,2802,9262,18686,1640.30812460625
11386,5533,2802,9226,18677,1640.3092495982144
11387,5533,2802,9190,18668,1640.3103745901785
11388,5533,2802,9154,18659,1640.311499582143
11389,5533,2802,9118,18650,1640.312624574107
11390,5533,2802,9082,18641,1640.3137495660715
11391,5533,2802,9046,18632,1640.3148745580356
11392,5407,2679,9575,18833,1640.316
11393,5407,2679,9543,18824,1640.317124990625
11394,5407,2679,9511,18814,1640.3182499812501
11395,5407,2679,9479,18804,1640.319374971875
11396,5407,2679,9447,18795,1640.3204999625
11397,5407,2679,9415,18785,1640.3216249531251
11398,5407,2679,9383,18775,1640.32274994375
11399,5407,2679,9351,18766,1640.323874934375
11400,5407,2679,9319,18756,1640.3249999250002
11401,5407,2679,9287,18746,1640.326124915625
11402,5407,2679,9255,18737,1640.32724990625
11403,5407,2679,9223,18727,1640.328374896875
11404,5407,2679,9153,18717,1640.3294998875
11405,5407,2679,9117,18707,1640.330624878125
11406,5407,2679,9081,18698,1640.33174986875
11407,5407,2679,9045,18688,1640.3328748593751
11408,5407,2679,9009,18678,1640.33399985
11409,5407,2679,8973,18669,1640.335124840625
11410,5407,2679,8938,18659,1640.3362498312501
11411,5407,2679,8902,18649,1640.337374821875
11412,5407,2679,8866,18640,1640.3384998125
11413,5407,2679,8830,18630,1640.3396248031252
11414,5407,2679,8794,18620,1640.34074979375
11415,5407,2679,8758,18611,1640.341874784375
11416,5407,2679,8722,18601,1640.342999775
11417,5407,2679,8686,18591,1640.344124765625
11418,5407,2679,8650,18582,1640.34524975625
11419,5407,2679,8614,18572,1640.346374746875
11420,5407,2679,8565,18562,1640.3474997375001
11421,5407,2679,8530,18553,1640.348624728125
11422,5407,2679,8495,18543,1640.34974971875
11423,5407,2679,8459,18533,1640.3508747093751
11424,5407,2679,8424,18524,1640.3519997
11425,5407,2679,8388,18514,1640.353124690625
11426,5407,2679,8353,18504,1640.3542496812502
11427,5407,2679,8318,18495,1640.355374671875
11428,5407,2679,8282,18485,1640.3564996625
11429,5407,2679,8247,18475,1640.3576246531252
11430,5407,2679,8212,18466,1640.3587496437501
11431,5407,2679,8176,18456,1640.359874634375
11432,5407,2679,8141,18446,1640.3609996250002
11433,5407,2679,8106,18437,1640.3621246156251
11434,5407,2679,8070,18427,1640.36324960625
11435,5407,2679,8035,18417,1640.364374596875
11436,5407,2679,8000,18408,1640.3654995875002
11437,5407,2679,7964,18398,1640.366624578125
11438,5407,2679,7929,18388,1640.36774956875
11439,5407,2679,7894,18379,1640.3688745593752
11440,5281,2556,8388,18627,1640.37
11441,5281,2556,8356,18621,1640.3711249859373
11442,5281,2556,8324,18615,1640.372249971875
11443,5281,2556,8292,18609,1640.3733749578123
11444,5281,2556,8260,18603,1640.37449994375
11445,5281,2556,8228,18598,1640.3756249296873
11446,5281,2556,8196,18592,1640.376749915625
11447,5281,2556,8164,18586,1640.3778749015623
11448,5281,2556,8132,18580,1640.3789998875
11449,5281,2556,8100,18574,1640.3801248734374
11450,5281,2556,8068,18568,1640.381249859375
11451,5281,2556,8036,18562,1640.3823748453124
11452,5281,2556,8004,18556,1640.38349983125
11453,5281,2556,7972,18551,1640.3846248171874
11454,5281,2556,7940,18545,1640.385749803125
11455,5281,2556,7907,18539,1640.3868747890624
11456,5281,2556,7875,18533,1640.387999775
11457,5281,2556,7843,18527,1640.3891247609374
11458,5281,2556,7811,18521,1640.3902497468748
11459,5281,2556,7779,18515,1640.3913747328124
11460,5281,2556,7747,18509,1640.3924997187498
11461,5281,2556,7715,18503,1640.3936247046875
11462,5281,2556,7683,18498,1640.3947496906248
11463,5281,2556,7651,18492,1640.3958746765625
11464,5281,2556,7619,18486,1640.3969996624999
11465,5281,2556,7587,18480,1640.3981246484375
11466,5281,2556,7555,18474,1640.3992496343749
11467,5281,2556,7523,18468,1640.4003746203125
11468,5281,2556,7491,18462,1640.40149960625
11469,5281,2556,7459,18456,1640.4026245921875
11470,5281,2556,7427,18450,1640.403749578125
11471,5281,2556,7395,18445,1640.4048745640625
11472,5155,2433,7837,18689,1640.406
11473,5155,2433,7807,18680,1640.40712498125
11474,5155,2433,7777,18671,1640.4082499625
11475,5155,2433,7746,18661,1640.40937494375
11476,5155,2433,7716,18652,1640.4104999249998
11477,5155,2433,7686,18643,1640.41162490625
11478,5155,2433,7656,18634,1640.4127498875
11479,5155,2433,7626,18625,1640.4138748687499
11480,5155,2433,7595,18616,1640.41499985
11481,5155,2433,7565,18606,1640.41612483125
11482,5155,2433,7535,18597,1640.4172498125
11483,5155,2433,7505,18588,1640.41837479375
11484,5155,2433,7475,18579,1640.419499775
11485,5155,2433,7444,18570,1640.42062475625
11486,5155,2433,7414,18561,1640.4217497375
11487,5155,2433,7384,18552,1640.4228747187499
11488,5155,2433,7354,18542,1640.4239997
11489,5155,2433,7324,18533,1640.42512468125
11490,5155,2433,7293,18524,1640.4262496625
11491,5155,2433,7263,18515,1640.42737464375
11492,5155,2433,7233,18506,1640.4284996249999
11493,5155,2433,7203,18497,1640.42962460625
11494,5155,2433,7173,18487,1640.4307495875
11495,5155,2433,7142,18478,1640.43187456875
11496,5155,2433,7112,18432,1640.433
11497,5155,2433,7082,18420,1640.43412498125
11498,5155,2433,7052,18407,1640.4352499625
11499,5155,2433,7022,18394,1640.43637494375
11500,5155,2433,6991,18382,1640.4374999249999
11501,5155,2433,6961,18369,1640.43862490625
11502,5155,2433,6931,18357,1640.4397498875
11503,5155,2433,6901,18344,1640.44087486875
11504,5155,2433,6871,18332,1640.44199985
11505,5155,2433,6841,18319,1640.44312483125
11506,5155,2433,6810,18307,1640.4442498125
11507,5155,2433,6780,18294,1640.44537479375
11508,5155,2433,6750,18282,1640.4464997750001
11509,5155,2433,6720,18269,1640.44762475625
11510,5155,2433,6690,18256,1640.4487497375
11511,5155,2433,6659,18244,1640.44987471875
11512,5155,2433,6629,18231,1640.4509997
11513,5155,2433,6599,18219,1640.45212468125
11514,5155,2433,6569,18206,1640.4532496625
11515,5155,2433,6539,18194,1640.45437464375
11516,5155,2433,6508,18181,1640.455499625
11517,5155,2433,6478,18169,1640.45662460625
11518,5155,2433,6448,18156,1640.4577495875
11519,5155,2433,6418,18144,1640.45887456875
11520,5029,2310,6835,18382,1640.46
11521,5029,2310,6807,18368,1640.4611249812501
11522,5029,2310,6779,18354,1640.4622499625
11523,5029,2310,6752,18341,1640.46337494375
11524,5029,2310,6724,18327,1640.464499925
11525,5029,2310,6697,18314,1640.46562490625
11526,5029,2310,6669,18300,1640.4667498875
11527,5029,2310,6642,18287,1640.46787486875
11528,5029,2310,6614,18273,1640.46899985
11529,5029,2310,6587,18260,1640.4701248312501
11530,5029,2310,6559,18246,1640.4712498125
11531,5029,2310,6532,18233,1640.47237479375
11532,5029,2310,6504,18219,1640.4734997750002
11533,5029,2310,6477,18206,1640.47462475625
11534,5029,2310,6449,18192,1640.4757497375
11535,5029,2310,6421,18178,1640.47687471875
11536,5029,2310,6394,18165,1640.4779997
11537,5029,2310,6366,18151,1640.4791246812501
11538,5029,2310,6339,18138,1640.4802496625
11539,5029,2310,6311,18124,1640.48137464375
11540,5029,2310,6284,18111,1640.482499625
11541,5029,2310,6256,18097,1640.48362460625
11542,5029,2310,6229,18084,1640.4847495875001
11543,5029,2310,6201,18070,1640.48587456875
11544,5029,2310,6174,18041,1640.487
11545,5029,2310,6146,18032,1640.4881249812502
11546,5029,2310,6119,18022,1640.4892499625
11547,5029,2310,6091,18013,1640.49037494375
11548,5029,2310,6063,18003,1640.491499925
11549,5029,2310,6036,17994,1640.49262490625
11550,5029,2310,6008,17984,1640.4937498875001
11551,5029,2310,5981,17975,1640.49487486875
11552,5029,2310,5953,17965,1640.49599985
11553,5029,2310,5926,17956,1640.49712483125
11554,5029,2310,5898,17946,1640.4982498125
11555,5029,2310,5871,17936,1640.49937479375
11556,5029,2310,5843,17927,1640.500499775
11557,5029,2310,5816,17917,1640.50162475625
11558,5029,2310,5788,17908,1640.5027497375
11559,5029,2310,5761,17898,1640.50387471875
11560,5029,2310,5733,17889,1640.5049996999999
11561,5029,2310,5705,17879,1640.50612468125
11562,5029,2310,5678,17870,1640.5072496624998
11563,5029,2310,5650,17860,1640.50837464375
11564,5029,2310,5623,17851,1640.509499625
11565,5029,2310,5595,17841,1640.5106246062498
11566,5029,2310,5568,17832,1640.5117495875
11567,5029,2310,5540,17822,1640.5128745687498
11568,38571,40753,8904,33724,1640.514
11569,38571,40753,8904,33724,1640.5151248875
11570,38571,40753,8904,33724,1640.5162497749998
11571,38571,40753,8904,33724,1640.5173746624998
11572,38571,40753,8728,33646,1640.5185
11573,38571,40753,8700,33633,1640.51962494375
11574,38571,40753,8672,33621,1640.5207498875
11575,38571,40753,8644,33608,1640.52187483125
11576,38571,40753,8616,33595,1640.5229997749998
11577,38571,40753,8588,33582,1640.5241247187498
11578,38571,40753,8560,33570,1640.5252496624998
11579,38571,40753,8532,33557,1640.5263746062499
11580,38571,40753,8424,33503,1640.5275
11581,38571,40753,8424,33503,1640.5286248875
11582,38571,40753,8424,33503,1640.5297497749998
11583,38571,40753,8424,33503,1640.5308746624999
11584,38036,40046,8826,33399,1640.532
11585,38036,40046,8796,33390,1640.5331249775
11586,38036,40046,8766,33381,1640.534249955
11587,38036,40046,8735,33372,1640.5353749325
11588,38036,40046,8705,33363,1640.53649991
11589,38036,40046,8675,33354,1640.5376248875
11590,38036,40046,8645,33346,1640.538749865
11591,38036,40046,8615,33337,1640.5398748425
11592,38036,40046,8584,33328,1640.54099982
11593,38036,40046,8554,33319,1640.5421247975
11594,38036,40046,8524,33310,1640.5432497749998
11595,38036,40046,8494,33301,1640.5443747524998
11596,38036,40046,8464,33292,1640.5454997299998
11597,38036,40046,8433,33283,1640.5466247074999
11598,38036,40046,8403,33274,1640.5477496849999
11599,38036,40046,8373,33265,1640.5488746624999
11600,38036,40046,8343,33256,1640.54999964
11601,38036,40046,8313,33247,1640.5511246175
11602,38036,40046,8282,33238,1640.552249595
11603,38036,40046,8252,33229,1640.5533745725
11604,38036,40046,8222,33202,1640.5545
11605,38036,40046,8192,33194,1640.5556249775
11606,38036,40046,8161,33186,1640.556749955
11607,38036,40046,8131,33178,1640.5578749325
11608,38036,40046,8101,33170,1640.55899991
11609,38036,40046,8071,33163,1640.5601248875
11610,38036,40046,8041,33155,1640.561249865
11611,38036,40046,8010,33147,1640.5623748425
11612,38036,40046,7980,33139,1640.56349982
11613,38036,40046,7950,33131,1640.5646247975
11614,38036,40046,7920,33123,1640.5657497749999
11615,38036,40046,7890,33115,1640.5668747524999
11616,38036,40046,7859,33108,1640.5679997299999
11617,38036,40046,7829,33100,1640.5691247075
11618,38036,40046,7799,33092,1640.570249685
11619,38036,40046,7769,33084,1640.5713746625
11620,38036,40046,7739,33076,1640.57249964
11621,38036,40046,7708,33068,1640.5736246175
11622,38036,40046,7678,33061,1640.574749595
11623,38036,40046,7648,33053,1640.5758745725
11624,38036,40046,7618,32989,1640.577
11625,38036,40046,7588,32989,1640.5781248875
11626,38036,40046,7557,32989,1640.5792497749999
11627,38036,40046,7527,32989,1640.5803746625
11628,38036,40046,7497,32918,1640.5815
11629,38036,40046,7467,32918,1640.5826248875
11630,38036,40046,7436,32918,1640.583749775
11631,38036,40046,7406,32918,1640.5848746625
11632,38036,40046,7376,32847,1640.586
11633,38036,40046,7346,32847,1640.5871248875
11634,38036,40046,7316,32847,1640.588249775
11635,38036,40046,7285,32847,1640.5893746625
11636,37501,39339,7787,32715,1640.5905
11637,37501,39339,7758,32705,1640.5916249625
11638,37501,39339,7729,32694,1640.5927499250001
11639,37501,39339,7701,32683,1640.5938748875
11640,37501,39339,7672,32672,1640.59499985
11641,37501,39339,7643,32661,1640.5961248125
11642,37501,39339,7614,32650,1640.597249775
11643,37501,39339,7586,32639,1640.5983747375
11644,37501,39339,7557,32629,1640.5994997
11645,37501,39339,7528,32618,1640.6006246625
11646,37501,39339,7499,32607,1640.6017496250001
11647,37501,39339,7471,32596,1640.6028745875
11648,37501,39339,7442,32565,1640.604
11649,37501,39339,7413,32565,1640.6051248875
11650,37501,39339,7385,32565,1640.606249775
11651,37501,39339,7356,32565,1640.6073746625
11652,37501,39339,7327,32495,1640.6085
11653,37501,39339,7298,32495,1640.6096248875
11654,37501,39339,7270,32495,1640.610749775
11655,37501,39339,7241,32495,1640.6118746625
11656,37501,39339,7212,32427,1640.613
11657,37501,39339,7183,32427,1640.6141248875
11658,37501,39339,7155,32427,1640.615249775
11659,37501,39339,7126,32427,1640.6163746625
11660,37501,39339,7097,32348,1640.6175
11661,37501,39339,7069,32348,1640.6186248875001
11662,37501,39339,7040,32348,1640.619749775
11663,37501,39339,7011,32348,1640.6208746625
11664,37501,39339,6982,32287,1640.622
11665,37501,39339,6954,32277,1640.6231249625
11666,37501,39339,6925,32267,1640.6242499250002
11667,37501,39339,6896,32256,1640.6253748875001
11668,37501,39339,6867,32246,1640.62649985
11669,37501,39339,6839,32236,1640.6276248125
11670,37501,39339,6810,32226,1640.628749775
11671,37501,39339,6781,32215,1640.6298747375001
11672,37501,39339,6753,32205,1640.6309997
11673,37501,39339,6724,32195,1640.6321246625
11674,37501,39339,6695,32185,1640.6332496250002
11675,37501,39339,6666,32174,1640.6343745875001
11676,36966,38632,7118,32066,1640.6355
11677,36966,38632,7091,32059,1640.6366249875
11678,36966,38632,7063,32051,1640.6377499750001
11679,36966,38632,7036,32043,1640.6388749625
11680,36966,38632,7009,32035,1640.6399999500002
11681,36966,38632,6981,32028,1640.6411249375
11682,36966,38632,6954,32020,1640.642249925
11683,36966,38632,6926,32012,1640.6433749125001
11684,36966,38632,6899,32004,1640.6444999
11685,36966,38632,6872,31997,1640.6456248875002
11686,36966,38632,6844,31989,1640.646749875
11687,36966,38632,6817,31981,1640.6478748625
11688,36966,38632,6789,31974,1640.64899985
11689,36966,38632,6762,31966,1640.6501248375
11690,36966,38632,6734,31958,1640.651249825
11691,36966,38632,6707,31950,1640.6523748125
11692,36966,38632,6680,31943,1640.6534998
11693,36966,38632,6652,31935,1640.6546247875
11694,36966,38632,6625,31927,1640.655749775
11695,36966,38632,6597,31919,1640.6568747625
11696,36966,38632,6570,31912,1640.65799975
11697,36966,38632,6543,31904,1640.6591247375
11698,36966,38632,6515,31896,1640.660249725
11699,36966,38632,6488,31889,1640.6613747125
11700,36966,38632,6460,31881,1640.6624997
11701,36966,38632,6433,31873,1640.6636246875
11702,36966,38632,6406,31865,1640.664749675
11703,36966,38632,6378,31858,1640.6658746625
11704,36966,38632,6351,31850,1640.66699965
11705,36966,38632,6323,31842,1640.6681246375
11706,36966,38632,6296,31835,1640.669249625
11707,36966,38632,6269,31827,1640.6703746125
11708,36966,38632,6241,31819,1640.6714995999998
11709,36966,38632,6214,31811,1640.6726245875
11710,36966,38632,6186,31804,1640.6737495749999
11711,36966,38632,6159,31796,1640.6748745625
11712,36966,38632,6131,31755,1640.676
11713,36966,38632,6104,31748,1640.6771249839285
11714,36966,38632,6077,31741,1640.678249967857
11715,36966,38632,6049,31735,1640.6793749517856
11716,36966,38632,6022,31728,1640.6804999357141
11717,36966,38632,5994,31721,1640.681624919643
11718,36966,38632,5967,31714,1640.6827499035714
11719,36966,38632,5940,31708,1640.6838748875
11720,36431,37925,6380,31701,1640.6849998714285
11721,36431,37925,6356,31694,1640.686124855357
11722,36431,37925,6331,31687,1640.6872498392856
11723,36431,37925,6306,31681,1640.6883748232142
11724,36431,37925,6282,31674,1640.6894998071427
11725,36431,37925,6257,31667,1640.6906247910713
11726,36431,37925,6233,31661,1640.691749775
11727,36431,37925,6208,31654,1640.6928747589286
11728,36431,37925,6183,31647,1640.6939997428572
11729,36431,37925,6159,31640,1640.6951247267857
11730,36431,37925,6134,31634,1640.6962497107143
11731,36431,37925,6110,31627,1640.6973746946428
11732,36431,37925,6085,31620,1640.6984996785714
11733,36431,37925,6060,31613,1640.6996246625
11734,36431,37925,6036,31607,1640.7007496464284
11735,36431,37925,6011,31600,1640.701874630357
11736,36431,37925,5986,31593,1640.7029996142858
11737,36431,37925,5962,31586,1640.7041245982143
11738,36431,37925,5937,31580,1640.7052495821429
11739,36431,37925,5913,31573,1640.7063745660714
11740,36431,37925,5888,31532,1640.7075
11741,36431,37925,5863,31519,1640.7086249775
11742,36431,37925,5839,31507,1640.709749955
11743,36431,37925,5814,31494,1640.7108749325
11744,36431,37925,5790,31481,1640.71199991
11745,36431,37925,5765,31469,1640.7131248875
11746,36431,37925,5740,31456,1640.714249865
11747,36431,37925,5716,31443,1640.7153748425
11748,36431,37925,5691,31431,1640.71649982
11749,36431,37925,5666,31418,1640.7176247975
11750,36431,37925,5642,31406,1640.718749775
11751,36431,37925,5617,31393,1640.7198747525
11752,36431,37925,5593,31380,1640.72099973
11753,36431,37925,5568,31368,1640.7221247075
11754,36431,37925,5543,31355,1640.723249685
11755,36431,37925,5519,31342,1640.7243746625
11756,36431,37925,5494,31330,1640.72549964
11757,36431,37925,5470,31317,1640.7266246175
11758,36431,37925,5445,31305,1640.727749595
11759,36431,37925,5420,31292,1640.7288745725
11760,36431,37925,5396,31243,1640.73
11761,36431,37925,5371,31243,1640.7311248875
11762,36431,37925,5346,31243,1640.7322497750001
11763,36431,37925,5322,31243,1640.7333746625
11764,36431,37925,5297,31159,1640.7345
11765,36431,37925,5273,31159,1640.7356248875
11766,36431,37925,5248,31159,1640.7367497750001
11767,36431,37925,5223,31159,1640.7378746625
11768,36431,37925,5199,31083,1640.739
11769,36431,37925,5174,31083,1640.7401248875
11770,36431,37925,5150,31083,1640.7412497750001
11771,36431,37925,5125,31083,1640.7423746625
11772,35887,37215,5519,30960,1640.7435
11773,35887,37215,5497,30946,1640.74462494375
11774,35887,37215,5475,30931,1640.7457498875
11775,35887,37215,5454,30917,1640.7468748312501
11776,35887,37215,5432,30902,1640.7479997750002
11777,35887,37215,5410,30888,1640.74912471875
11778,35887,37215,5388,30873,1640.7502496625
11779,35887,37215,5366,30859,1640.75137460625
11780,35887,37215,5345,30838,1640.7525
11781,35887,37215,5323,30823,1640.75362494375
11782,35887,37215,5301,30808,1640.7547498875
11783,35887,37215,5279,30793,1640.7558748312501
11784,35887,37215,5257,30778,1640.7569997750002
11785,35887,37215,5236,30763,1640.75812471875
11786,35887,37215,5214,30748,1640.7592496625
11787,35887,37215,5192,30733,1640.76037460625
11788,35887,37215,5170,30703,1640.7615
11789,35887,37215,5148,30703,1640.7626248875001
11790,35887,37215,5127,30703,1640.7637497750002
11791,35887,37215,5105,30703,1640.7648746625
11792,35887,37215,5083,30639,1640.766
11793,35887,37215,5061,30639,1640.7671248875001
11794,35887,37215,5040,30639,1640.7682497750002
11795,35887,37215,5018,30639,1640.7693746625
11796,35887,37215,4996,30564,1640.7705
11797,35887,37215,4974,30564,1640.7716248875001
11798,35887,37215,4952,30564,1640.7727497750002
11799,35887,37215,4931,30564,1640.7738746625
11800,35887,37215,4909,30500,1640.775
11801,35887,37215,4887,30487,1640.776124971875
11802,35887,37215,4865,30475,1640.7772499437501
11803,35887,37215,4843,30462,1640.7783749156251
11804,35887,37215,4822,30449,1640.7794998875002
11805,35887,37215,4800,30436,1640.7806248593752
11806,35887,37215,4778,30424,1640.7817498312502
11807,35887,37215,4756,30411,1640.7828748031252
11808,35887,37215,4734,30398,1640.7839997750002
11809,35887,37215,4713,30385,1640.785124746875
11810,35887,37215,4691,30372,1640.78624971875
11811,35887,37215,4669,30360,1640.787374690625
11812,35887,37215,4647,30347,1640.7884996625
11813,35887,37215,4625,30334,1640.789624634375
11814,35887,37215,4604,30321,1640.79074960625
11815,35887,37215,4582,30308,1640.791874578125
11816,35329,36570,4920,30205,1640.793
11817,35329,36570,4899,30199,1640.7941249976063
11818,35329,36570,4879,30193,1640.7952499952128
11819,35329,36570,4858,30188,1640.796374992819
11820,35329,36570,4838,30182,1640.7974999904254
11821,35329,36570,4817,30176,1640.7986249880319
11822,35329,36570,4797,30170,1640.7997499856383
11823,35329,36570,4776,30164,1640.8008749832445
11824,35329,36570,4756,30159,1640.801999980851
11825,35329,36570,4735,30153,1640.8031249784574
11826,35329,36570,4715,30147,1640.8042499760638
11827,35329,36570,4694,30141,1640.80537497367
11828,35329,36570,4674,30135,1640.8064999712765
11829,35329,36570,4653,30130,1640.807624968883
11830,35329,36570,4633,30124,1640.8087499664894
11831,35329,36570,4612,30118,1640.8098749640956
11832,35329,36570,4591,30112,1640.810999961702
11833,35329,36570,4571,30106,1640.8121249593084
11834,35329,36570,4550,30101,1640.813249956915
11835,35329,36570,4530,30095,1640.814374954521
11836,35329,36570,4509,30089,1640.8154999521275
11837,35329,36570,4489,30083,1640.816624949734
11838,35329,36570,4468,30077,1640.8177499473404
11839,35329,36570,4448,30072,1640.8188749449466
11840,35329,36570,4427,30066,1640.819999942553
11841,35329,36570,4407,30060,1640.8211249401595
11842,35329,36570,4386,30054,1640.822249937766
11843,35329,36570,4366,30049,1640.8233749353722
11844,35329,36570,4345,30043,1640.8244999329786
11845,35329,36570,4325,30037,1640.825624930585
11846,35329,36570,4304,30031,1640.8267499281915
11847,35329,36570,4284,30025,1640.8278749257977
11848,35329,36570,4263,30020,1640.8289999234041
11849,35329,36570,4242,30014,1640.8301249210106
11850,35329,36570,4222,30008,1640.831249918617
11851,35329,36570,4201,30002,1640.8323749162232
11852,35329,36570,4181,29996,1640.8334999138297
11853,35329,36570,4160,29991,1640.834624911436
11854,35329,36570,4140,29985,1640.8357499090425
11855,35329,36570,4119,29979,1640.8368749066487
11856,35329,36570,4099,29973,1640.8379999042552
11857,35329,36570,4078,29967,1640.8391249018616
11858,35329,36570,4058,29962,1640.840249899468
11859,35329,36570,4037,29956,1640.8413748970743
11860,35329,36570,4017,29950,1640.8424998946807
11861,35329,36570,3996,29944,1640.8436248922872
11862,35329,36570,3976,29938,1640.8447498898936
11863,35329,36570,3955,29933,1640.8458748875
11864,35329,36570,3935,29927,1640.8469998851062
11865,35329,36570,3914,29921,1640.8481248827127
11866,35329,36570,3894,29915,1640.8492498803191
11867,35329,36570,3873,29909,1640.8503748779256
11868,34771,35925,4224,29904,1640.8514998755318
11869,34771,35925,4205,29898,1640.8526248731382
11870,34771,35925,4186,29892,1640.8537498707447
11871,34771,35925,4167,29886,1640.854874868351
11872,34771,35925,4148,29881,1640.8559998659573
11873,34771,35925,4128,29875,1640.8571248635637
11874,34771,35925,4109,29869,1640.8582498611702
11875,34771,35925,4090,29863,1640.8593748587766
11876,34771,35925,4071,29857,1640.8604998563828
11877,34771,35925,4052,29852,1640.8616248539893
11878,34771,35925,4033,29846,1640.8627498515957
11879,34771,35925,4014,29840,1640.8638748492021
11880,34771,35925,3994,29834,1640.8649998468084
11881,34771,35925,3975,29828,1640.8661248444148
11882,34771,35925,3956,29823,1640.8672498420212
11883,34771,35925,3937,29817,1640.8683748396277
11884,34771,35925,3918,29811,1640.869499837234
11885,34771,35925,3899,29805,1640.8706248348403
11886,34771,35925,3879,29799,1640.8717498324468
11887,34771,35925,3860,29794,1640.8728748300532
11888,34771,35925,3841,29788,1640.8739998276594
11889,34771,35925,3822,29782,1640.8751248252659
11890,34771,35925,3803,29776,1640.8762498228723
11891,34771,35925,3784,29770,1640.8773748204787
11892,34771,35925,3765,29765,1640.878499818085
11893,34771,35925,3745,29759,1640.8796248156914
11894,34771,35925,3726,29753,1640.8807498132978
11895,34771,35925,3707,29747,1640.8818748109043
11896,34771,35925,3688,29741,1640.8829998085105
11897,34771,35925,3669,29736,1640.884124806117
11898,34771,35925,3650,29730,1640.8852498037234
11899,34771,35925,3630,29724,1640.8863748013298
11900,34771,35925,3611,29718,1640.887499798936
11901,34771,35925,3592,29712,1640.8886247965424
11902,34771,35925,3573,29707,1640.8897497941489
11903,34771,35925,3554,29701,1640.8908747917553
11904,34771,35925,3535,29695,1640.8919997893615
11905,34771,35925,3516,29689,1640.893124786968
11906,34771,35925,3496,29684,1640.8942497845744
11907,34771,35925,3477,29678,1640.8953747821809
11908,34771,35925,3458,29672,1640.896499779787
11909,34771,35925,3439,29666,1640.8976247773935
11910,34771,35925,3420,29660,1640.898749775
11911,34771,35925,3401,29655,1640.8998747726064
11912,34771,35925,3381,29649,1640.9009997702128
11913,34771,35925,3362,29643,1640.902124767819
11914,34771,35925,3343,29637,1640.9032497654255
11915,34771,35925,3324,29631,1640.904374763032
11916,34213,35280,3634,29626,1640.9054997606383
11917,34213,35280,3616,29620,1640.9066247582446
11918,34213,35280,3599,29614,1640.907749755851
11919,34213,35280,3581,29608,1640.9088747534574
11920,34213,35280,3564,29602,1640.9099997510639
11921,34213,35280,3547,29597,1640.91112474867
11922,34213,35280,3529,29591,1640.9122497462765
11923,34213,35280,3512,29585,1640.913374743883
11924,34213,35280,3495,29579,1640.9144997414894
11925,34213,35280,3477,29573,1640.9156247390956
11926,34213,35280,3460,29568,1640.916749736702
11927,34213,35280,3442,29562,1640.9178747343085
11928,34213,35280,3425,29556,1640.918999731915
11929,34213,35280,3408,29550,1640.9201247295211
11930,34213,35280,3390,29544,1640.9212497271276
11931,34213,35280,3373,29539,1640.922374724734
11932,34213,35280,3355,29533,1640.9234997223405
11933,34213,35280,3338,29527,1640.9246247199467
11934,34213,35280,3321,29521,1640.9257497175531
11935,34213,35280,3303,29515,1640.9268747151596
11936,34213,35280,3286,29510,1640.927999712766
11937,34213,35280,3268,29504,1640.9291247103722
11938,34213,35280,3251,29498,1640.9302497079786
11939,34213,35280,3234,29492,1640.931374705585
11940,34213,35280,3216,29487,1640.9324997031915
11941,34213,35280,3199,29481,1640.9336247007977
11942,34213,35280,3181,29475,1640.9347496984042
11943,34213,35280,3164,29469,1640.9358746960106
11944,34213,35280,3147,29463,1640.936999693617
11945,34213,35280,3129,29458,1640.9381246912233
11946,34213,35280,3112,29452,1640.9392496888297
11947,34213,35280,3095,29446,1640.9403746864361
11948,34213,35280,3077,29440,1640.9414996840426
11949,34213,35280,3060,29434,1640.9426246816488
11950,34213,35280,3042,29429,1640.9437496792552
11951,34213,35280,3025,29423,1640.9448746768617
11952,34213,35280,3008,29417,1640.945999674468
11953,34213,35280,2990,29411,1640.9471246720743
11954,34213,35280,2973,29405,1640.9482496696808
11955,34213,35280,2955,29400,1640.9493746672872
11956,34213,35280,2938,29394,1640.9504996648936
11957,34213,35280,2921,29388,1640.9516246625
11958,34213,35280,2903,29382,1640.9527496601063
11959,34213,35280,2886,29376,1640.9538746577127
11960,33655,34635,3173,29371,1640.9549996553192
11961,33655,34635,3157,29365,1640.9561246529256
11962,33655,34635,3140,29359,1640.9572496505318
11963,33655,34635,3124,29353,1640.9583746481383
11964,33655,34635,3107,29347,1640.9594996457447
11965,33655,34635,3091,29342,1640.9606246433511
11966,33655,34635,3074,29336,1640.9617496409574
11967,33655,34635,3058,29330,1640.9628746385638
11968,33655,34635,3041,29324,1640.9639996361702
11969,33655,34635,3025,29318,1640.9651246337767
11970,33655,34635,3008,29313,1640.9662496313829
11971,33655,34635,2992,29307,1640.9673746289893
11972,33655,34635,2975,29301,1640.9684996265958
11973,33655,34635,2959,29295,1640.9696246242022
11974,33655,34635,2943,29290,1640.9707496218084
11975,33655,34635,2926,29284,1640.9718746194148
11976,33655,34635,2910,29278,1640.9729996170213
11977,33655,34635,2893,29272,1640.9741246146277
11978,33655,34635,2877,29266,1640.975249612234
11979,33655,34635,2860,29261,1640.9763746098404
11980,33655,34635,2844,29255,1640.9774996074468
11981,33655,34635,2827,29249,1640.9786246050533
11982,33655,34635,2811,29243,1640.9797496026595
11983,33655,34635,2794,29237,1640.980874600266
11984,33655,34635,2778,29232,1640.9819995978723
11985,33655,34635,2761,29226,1640.9831245954788
11986,33655,34635,2745,29220,1640.984249593085
11987,33655,34635,2728,29214,1640.9853745906914
11988,33655,34635,2712,29208,1640.9864995882979
11989,33655,34635,2695,29203,1640.9876245859043
11990,33655,34635,2679,29197,1640.9887495835105
11991,33655,34635,2662,29191,1640.989874581117
11992,33655,34635,2646,29185,1640.9909995787234
11993,33655,34635,2629,29179,1640.9921245763298
11994,33655,34635,2613,29174,1640.993249573936
11995,33655,34635,2596,29168,1640.9943745715425
11996,33655,34635,2580,29162,1640.995499569149
11997,33655,34635,2563,29156,1640.9966245667554
11998,33655,34635,2547,29150,1640.9977495643616
11999,33655,34635,2530,29145,1640.998874561968
12000,33655,34635,2514,29139,1640.9999995595745
12001,33655,34635,2498,29133,1641.001124557181
12002,33655,34635,2498,29127,1641.002249554787
12003,33655,34635,2498,29121,1641.0033745523936
12004,33097,33990,10192,31645,1641.0045
12005,33097,33990,10156,31645,1641.0056248875
12006,33097,33990,10120,31645,1641.0067497750001
12007,33097,33990,10084,31645,1641.0078746625
12008,33097,33990,10049,31581,1641.009
12009,33097,33990,10013,31571,1641.01012494375
12010,33097,33990,9977,31562,1641.0112498875
12011,33097,33990,9941,31552,1641.01237483125
12012,33097,33990,9906,31542,1641.0134997750001
12013,33097,33990,9870,31532,1641.01462471875
12014,33097,33990,9834,31523,1641.0157496625
12015,33097,33990,9798,31513,1641.01687460625
12016,33097,33990,9746,31469,1641.018
12017,33097,33990,9712,31454,1641.01912494375
12018,33097,33990,9677,31439,1641.0202498875
12019,33097,33990,9643,31424,1641.0213748312501
12020,33097,33990,9608,31409,1641.0224997750001
12021,33097,33990,9574,31394,1641.02362471875
12022,33097,33990,9539,31379,1641.0247496625
12023,33097,33990,9505,31364,1641.02587460625
12024,33097,33990,9450,31322,1641.027
12025,33097,33990,9415,31322,1641.0281248875
12026,33097,33990,9380,31322,1641.0292497750002
12027,33097,33990,9345,31322,1641.0303746625
12028,33097,33990,9311,31227,1641.0315
12029,33097,33990,9276,31227,1641.0326248875
12030,33097,33990,9241,31227,1641.0337497750002
12031,33097,33990,9206,31227,1641.0348746625
12032,33097,33990,9172,31142,1641.036
12033,33097,33990,9137,31142,1641.0371248875
12034,33097,33990,9102,31142,1641.0382497750002
12035,33097,33990,9067,31142,1641.0393746625
12036,33097,33990,9008,31035,1641.0405
12037,33097,33990,8977,31035,1641.0416248875001
12038,33097,33990,8945,31035,1641.0427497750002
12039,33097,33990,8913,31035,1641.0438746625
12040,33097,33990,8881,30971,1641.045
12041,33097,33990,8850,30959,1641.046124971875
12042,33097,33990,8818,30946,1641.04724994375
12043,33097,33990,8786,30933,1641.0483749156251
12044,33097,33990,8754,30920,1641.0494998875001
12045,33097,33990,8723,30908,1641.0506248593751
12046,33097,33990,8691,30895,1641.0517498312502
12047,33097,33990,8659,30882,1641.0528748031252
12048,32539,33345,9277,30870,1641.0539997750002
12049,32539,33345,9243,30857,1641.055124746875
12050,32539,33345,9209,30844,1641.05624971875
12051,32539,33345,9176,30832,1641.057374690625
12052,32539,33345,9142,30819,1641.0584996625
12053,32539,33345,9109,30806,1641.059624634375
12054,32539,33345,9075,30793,1641.06074960625
12055,32539,33345,9042,30781,1641.061874578125
12056,32539,33345,9008,30731,1641.063
12057,32539,33345,8975,30718,1641.0641249437501
12058,32539,33345,8941,30705,1641.0652498875002
12059,32539,33345,8908,30692,1641.0663748312502
12060,32539,33345,8874,30679,1641.0674997750002
12061,32539,33345,8841,30666,1641.06862471875
12062,32539,33345,8807,30653,1641.0697496625
12063,32539,33345,8774,30640,1641.07087460625
12064,32539,33345,8740,30616,1641.072
12065,32539,33345,8706,30616,1641.0731248875
12066,32539,33345,8673,30616,1641.0742497749998
12067,32539,33345,8639,30616,1641.0753746624998
12068,32539,33345,8606,30555,1641.0765
12069,32539,33345,8572,30555,1641.0776248875
12070,32539,33345,8539,30555,1641.0787497749998
12071,32539,33345,8505,30555,1641.0798746624998
12072,32539,33345,8472,30487,1641.081
12073,32539,33345,8438,30473,1641.0821249624998
12074,32539,33345,8405,30459,1641.083249925
12075,32539,33345,8371,30444,1641.0843748875
12076,32539,33345,8338,30430,1641.08549985
12077,32539,33345,8304,30416,1641.0866248124998
12078,32539,33345,8270,30402,1641.0877497749998
12079,32539,33345,8237,30387,1641.0888747375
12080,32539,33345,8203,30373,1641.0899997
12081,32539,33345,8170,30359,1641.0911246624999
12082,32539,33345,8136,30345,1641.092249625
12083,32539,33345,8103,30330,1641.0933745875
12084,32539,33345,8069,30303,1641.0945
12085,32539,33345,8036,30294,1641.09562494375
12086,32539,33345,8002,30284,1641.0967498875
12087,32539,33345,7969,30275,1641.09787483125
12088,32539,33345,7935,30265,1641.0989997749998
12089,32539,33345,7902,30256,1641.1001247187498
12090,32539,33345,7868,30246,1641.1012496624999
12091,32539,33345,7834,30237,1641.10237460625
12092,31981,32700,8414,30325,1641.1035
12093,31981,32700,8384,30314,1641.10462498875
12094,31981,32700,8354,30303,1641.1057499775
12095,31981,32700,8324,30293,1641.10687496625
12096,31981,32700,8294,30282,1641.107999955
12097,31981,32700,8263,30272,1641.10912494375
12098,31981,32700,8233,30261,1641.1102499325
12099,31981,32700,8203,30250,1641.11137492125
12100,31981,32700,8173,30240,1641.11249991
12101,31981,32700,8142,30229,1641.11362489875
12102,31981,32700,8112,30219,1641.1147498875
12103,31981,32700,8082,30208,1641.11587487625
12104,31981,32700,8052,30198,1641.116999865
12105,31981,32700,8022,30187,1641.11812485375
12106,31981,32700,7991,30176,1641.1192498425
12107,31981,32700,7961,30166,1641.12037483125
12108,31981,32700,7931,30155,1641.12149982
12109,31981,32700,7901,30145,1641.12262480875
12110,31981,32700,7871,30134,1641.1237497975
12111,31981,32700,7840,30124,1641.12487478625
12112,31981,32700,7810,30113,1641.1259997749999
12113,31981,32700,7780,30102,1641.1271247637499
12114,31981,32700,7750,30092,1641.1282497524999
12115,31981,32700,7719,30081,1641.1293747412499
12116,31981,32700,7689,30071,1641.1304997299999
12117,31981,32700,7659,30060,1641.13162471875
12118,31981,32700,7629,30049,1641.1327497075
12119,31981,32700,7599,30039,1641.13387469625
12120,31981,32700,7568,30028,1641.134999685
12121,31981,32700,7538,30018,1641.13612467375
12122,31981,32700,7508,30007,1641.1372496625
12123,31981,32700,7478,29997,1641.13837465125
12124,31981,32700,7448,29986,1641.13949964
12125,31981,32700,7417,29975,1641.14062462875
12126,31981,32700,7387,29965,1641.1417496175
12127,31981,32700,7357,29954,1641.14287460625
12128,31981,32700,7327,29944,1641.143999595
12129,31981,32700,7296,29933,1641.14512458375
12130,31981,32700,7266,29922,1641.1462495725
12131,31981,32700,7236,29912,1641.14737456125
12132,31981,32700,7206,29850,1641.1485
12133,31981,32700,7176,29835,1641.14962494375
12134,31981,32700,7145,29820,1641.1507498875
12135,31981,32700,7115,29805,1641.15187483125
12136,31981,32700,7085,29790,1641.152999775
12137,31981,32700,7055,29775,1641.15412471875
12138,31981,32700,7025,29760,1641.1552496625
12139,31981,32700,6994,29745,1641.15637460625
12140,31981,32700,6964,29725,1641.1575
12141,31981,32700,6934,29725,1641.1586248875
12142,31981,32700,6904,29725,1641.159749775
12143,31981,32700,6873,29725,1641.1608746625
12144,31423,32055,7409,29790,1641.162
12145,31423,32055,7382,29790,1641.1631248875
12146,31423,32055,7354,29790,1641.164249775
12147,31423,32055,7327,29790,1641.1653746625
12148,31423,32055,7299,29695,1641.1665
12149,31423,32055,7271,29689,1641.16762494375
12150,31423,32055,7244,29682,1641.1687498875
12151,31423,32055,7216,29676,1641.1698748312501
12152,31423,32055,7188,29669,1641.170999775
12153,31423,32055,7161,29663,1641.17212471875
12154,31423,32055,7133,29656,1641.1732496625
12155,31423,32055,7106,29650,1641.17437460625
12156,31423,32055,7078,29608,1641.1755
12157,31423,32055,7050,29608,1641.1766248875
12158,31423,32055,7023,29608,1641.177749775
12159,31423,32055,6995,29608,1641.1788746625
12160,31423,32055,6967,29530,1641.18
12161,31423,32055,6940,29519,1641.18112494375
12162,31423,32055,6912,29507,1641.1822498875001
12163,31423,32055,6885,29496,1641.1833748312501
12164,31423,32055,6857,29484,1641.184499775
12165,31423,32055,6829,29473,1641.18562471875
12166,31423,32055,6802,29461,1641.1867496625
12167,31423,32055,6774,29450,1641.18787460625
12168,31423,32055,6746,29419,1641.189
12169,31423,32055,6719,29419,1641.1901248875001
12170,31423,32055,6691,29419,1641.191249775
12171,31423,32055,6664,29419,1641.1923746625
12172,31423,32055,6636,29358,1641.1935
12173,31423,32055,6608,29344,1641.1946249625
12174,31423,32055,6581,29330,1641.1957499250002
12175,31423,32055,6553,29316,1641.1968748875001
12176,31423,32055,6526,29302,1641.19799985
12177,31423,32055,6498,29288,1641.1991248125
12178,31423,32055,6470,29273,1641.200249775
12179,31423,32055,6443,29259,1641.2013747375001
12180,31423,32055,6415,29245,1641.2024997
12181,31423,32055,6387,29231,1641.2036246625
12182,31423,32055,6360,29217,1641.2047496250002
12183,31423,32055,6332,29203,1641.2058745875001
12184,31423,32055,6305,29175,1641.207
12185,31423,32055,6277,29175,1641.2081248875002
12186,31423,32055,6249,29175,1641.209249775
12187,31423,32055,6222,29175,1641.2103746625
12188,31423,32055,6194,29111,1641.2115
12189,31423,32055,6166,29104,1641.21262494375
12190,31423,32055,6139,29098,1641.2137498875
12191,31423,32055,6111,29091,1641.21487483125
12192,31423,32055,6084,29084,1641.215999775
12193,31423,32055,6056,29077,1641.2171247187498
12194,31423,32055,6028,29071,1641.2182496624998
12195,31423,32055,6001,29064,1641.2193746062499
12196,30865,31410,6502,29183,1641.2205
12197,30865,31410,6477,29177,1641.2216249624998
12198,30865,31410,6451,29171,1641.2227499249998
12199,30865,31410,6426,29164,1641.2238748875
12200,30865,31410,6401,29158,1641.22499985
12201,30865,31410,6376,29152,1641.2261248124998
12202,30865,31410,6351,29146,1641.227249775
12203,30865,31410,6325,29140,1641.2283747375
12204,30865,31410,6300,29134,1641.2294997
12205,30865,31410,6275,29128,1641.2306246624998
12206,30865,31410,6250,29122,1641.2317496249998
12207,30865,31410,6224,29115,1641.2328745875
12208,30865,31410,6199,29072,1641.234
12209,30865,31410,6174,29067,1641.2351249925
12210,30865,31410,6149,29062,1641.2362499849999
12211,30865,31410,6123,29057,1641.2373749775
12212,30865,31410,6098,29051,1641.23849997
12213,30865,31410,6073,29046,1641.2396249624999
12214,30865,31410,6048,29041,1641.240749955
12215,30865,31410,6022,29036,1641.2418749475
12216,30865,31410,5997,29031,1641.24299994
12217,30865,31410,5972,29025,1641.2441249325
12218,30865,31410,5947,29020,1641.2452499249998
12219,30865,31410,5921,29015,1641.2463749175
12220,30865,31410,5896,29010,1641.24749991
12221,30865,31410,5871,29004,1641.2486249024998
12222,30865,31410,5846,28999,1641.249749895
12223,30865,31410,5820,28994,1641.2508748875
12224,30865,31410,5795,28989,1641.2519998799999
12225,30865,31410,5770,28984,1641.2531248725
12226,30865,31410,5745,28978,1641.254249865
12227,30865,31410,5720,28973,1641.2553748574999
12228,30865,31410,5694,28968,1641.25649985
12229,30865,31410,5669,28963,1641.2576248425
12230,30865,31410,5644,28957,1641.258749835
12231,30865,31410,5619,28952,1641.2598748275
12232,30865,31410,5593,28947,1641.26099982
12233,30865,31410,5568,28942,1641.2621248125
12234,30865,31410,5543,28937,1641.263249805
12235,30865,31410,5518,28931,1641.2643747975
12236,30865,31410,5492,28926,1641.26549979
12237,30865,31410,5467,28921,1641.2666247825
12238,30865,31410,5442,28916,1641.267749775
12239,30865,31410,5417,28910,1641.2688747675
12240,30865,31410,5391,28905,1641.26999976
12241,30865,31410,5366,28900,1641.2711247524999
12242,30865,31410,5341,28895,1641.272249745
12243,30865,31410,5316,28890,1641.2733747375
12244,30865,31410,5290,28884,1641.27449973
12245,30865,31410,5265,28879,1641.2756247225
12246,30865,31410,5240,28874,1641.276749715
12247,30865,31410,5215,28869,1641.2778747075
12248,30865,31410,5189,28863,1641.2789997
12249,30865,31410,5164,28858,1641.2801246925
12250,30865,31410,5139,28853,1641.281249685
12251,30865,31410,5114,28848,1641.2823746775
12252,30303,30756,5571,28843,1641.28349967
12253,30303,30756,5549,28837,1641.2846246625
12254,30303,30756,5527,28832,1641.285749655
12255,30303,30756,5505,28827,1641.2868746475
12256,30303,30756,5483,28822,1641.28799964
12257,30303,30756,5460,28817,1641.2891246325
12258,30303,30756,5438,28811,1641.290249625
12259,30303,30756,5416,28806,1641.2913746175
12260,30303,30756,5394,28801,1641.29249961
12261,30303,30756,5372,28796,1641.2936246025
12262,30303,30756,5350,28790,1641.294749595
12263,30303,30756,5327,28785,1641.2958745875
12264,30303,30756,5305,28780,1641.29699958
12265,30303,30756,5283,28775,1641.2981245725
12266,30303,30756,5261,28770,1641.299249565
12267,30303,30756,5239,28764,1641.3003745575
12268,30303,30756,5217,28685,1641.3015
12269,30303,30756,5194,28685,1641.3026248875
12270,30303,30756,5172,28685,1641.3037497750001
12271,30303,30756,5150,28685,1641.3048746625
12272,30303,30756,5128,28614,1641.306
12273,30303,30756,5106,28604,1641.30712494375
12274,30303,30756,5084,28593,1641.3082498875
12275,30303,30756,5061,28583,1641.3093748312501
12276,30303,30756,5039,28572,1641.3104997750002
12277,30303,30756,5017,28562,1641.31162471875
12278,30303,30756,4995,28551,1641.3127496625
12279,30303,30756,4973,28541,1641.31387460625
12280,30303,30756,4951,28510,1641.315
12281,30303,30756,4928,28510,1641.3161248875
12282,30303,30756,4906,28510,1641.3172497750002
12283,30303,30756,4884,28510,1641.3183746625
12284,30303,30756,4862,28444,1641.3195
12285,30303,30756,4840,28432,1641.3206249625
12286,30303,30756,4817,28420,1641.321749925
12287,30303,30756,4795,28408,1641.3228748875001
12288,30303,30756,4773,28396,1641.32399985
12289,30303,30756,4751,28384,1641.3251248125
12290,30303,30756,4729,28372,1641.3262497750002
12291,30303,30756,4707,28360,1641.3273747375001
12292,30303,30756,4684,28348,1641.3284997
12293,30303,30756,4662,28335,1641.3296246625
12294,30303,30756,4640,28323,1641.330749625
12295,30303,30756,4618,28311,1641.3318745875001
12296,30303,30756,4596,28263,1641.333
12297,30303,30756,4574,28249,1641.33412494375
12298,30303,30756,4551,28234,1641.3352498875001
12299,30303,30756,4529,28220,1641.3363748312502
12300,30303,30756,4507,28205,1641.3374997750002
12301,30303,30756,4485,28191,1641.33862471875
12302,30303,30756,4463,28176,1641.3397496625
12303,30303,30756,4441,28162,1641.34087460625
12304,30303,30756,4418,28138,1641.342
12305,30303,30756,4396,28142,1641.3431249437501
12306,30303,30756,4374,28147,1641.3442498875002
12307,30303,30756,4352,28151,1641.3453748312502
12308,29792,30218,4700,28156,1641.3464997750002
12309,29792,30218,4680,28160,1641.34762471875
12310,29792,30218,4660,28165,1641.3487496625
12311,29792,30218,4640,28169,1641.34987460625
12312,29792,30218,4620,28032,1641.351
12313,29792,30218,4600,28025,1641.3521249948865
12314,29792,30218,4580,28019,1641.3532499897728
12315,29792,30218,4560,28012,1641.3543749846592
12316,29792,30218,4540,28005,1641.3554999795456
12317,29792,30218,4520,27999,1641.356624974432
12318,29792,30218,4500,27992,1641.3577499693183
12319,29792,30218,4480,27986,1641.3588749642047
12320,29792,30218,4460,27979,1641.359999959091
12321,29792,30218,4440,27972,1641.3611249539774
12322,29792,30218,4420,27966,1641.3622499488638
12323,29792,30218,4400,27959,1641.3633749437502
12324,29792,30218,4380,27953,1641.3644999386365
12325,29792,30218,4360,27946,1641.365624933523
12326,29792,30218,4340,27939,1641.3667499284093
12327,29792,30218,4321,27933,1641.3678749232956
12328,29792,30218,4301,27926,1641.368999918182
12329,29792,30218,4281,27920,1641.3701249130684
12330,29792,30218,4261,27913,1641.3712499079547
12331,29792,30218,4241,27906,1641.372374902841
12332,29792,30218,4221,27900,1641.3734998977275
12333,29792,30218,4201,27893,1641.3746248926138
12334,29792,30218,4181,27886,1641.3757498875002
12335,29792,30218,4161,27880,1641.3768748823863
12336,29792,30218,4141,27873,1641.3779998772727
12337,29792,30218,4121,27867,1641.379124872159
12338,29792,30218,4101,27860,1641.3802498670454
12339,29792,30218,4081,27853,1641.3813748619318
12340,29792,30218,4061,27847,1641.3824998568182
12341,29792,30218,4041,27840,1641.3836248517046
12342,29792,30218,4021,27834,1641.384749846591
12343,29792,30218,4001,27827,1641.3858748414773
12344,29792,30218,3981,27820,1641.3869998363637
12345,29792,30218,3961,27814,1641.38812483125
12346,29792,30218,3941,27807,1641.3892498261364
12347,29792,30218,3921,27800,1641.3903748210228
12348,29792,30218,3901,27794,1641.3914998159091
12349,29792,30218,3881,27787,1641.3926248107955
12350,29792,30218,3861,27781,1641.3937498056819
12351,29792,30218,3841,27774,1641.3948748005682
12352,29281,29680,4164,27767,1641.3959997954546
12353,29281,29680,4146,27761,1641.397124790341
12354,29281,29680,4127,27754,1641.3982497852273
12355,29281,29680,4109,27748,1641.3993747801137
12356,29281,29680,4090,27741,1641.400499775
12357,29281,29680,4072,27734,1641.4016247698864
12358,29281,29680,4054,27728,1641.4027497647728
12359,29281,29680,4035,27721,1641.4038747596592
12360,29281,29680,4017,27715,1641.4049997545455
12361,29281,29680,3998,27708,1641.406124749432
12362,29281,29680,3980,27701,1641.4072497443183
12363,29281,29680,3962,27695,1641.4083747392046
12364,29281,29680,3943,27688,1641.409499734091
12365,29281,29680,3925,27681,1641.4106247289774
12366,29281,29680,3907,27675,1641.4117497238637
12367,29281,29680,3888,27668,1641.4128747187501
12368,29281,29680,3870,27662,1641.4139997136365
12369,29281,29680,3851,27655,1641.4151247085229
12370,29281,29680,3833,27648,1641.4162497034092
12371,29281,29680,3815,27642,1641.4173746982956
12372,29281,29680,3796,27635,1641.418499693182
12373,29281,29680,3778,27629,1641.4196246880683
12374,29281,29680,3759,27622,1641.4207496829547
12375,29281,29680,3741,27615,1641.421874677841
12376,29281,29680,3723,27609,1641.4229996727274
12377,29281,29680,3704,27602,1641.4241246676138
12378,29281,29680,3686,27595,1641.4252496625
12379,29281,29680,3667,27589,1641.4263746573863
12380,29281,29680,3649,27582,1641.4274996522727
12381,29281,29680,3631,27576,1641.428624647159
12382,29281,29680,3612,27569,1641.4297496420454
12383,29281,29680,3594,27562,1641.4308746369318
12384,29281,29680,3575,27556,1641.4319996318181
12385,29281,29680,3557,27549,1641.4331246267045
12386,29281,29680,3539,27543,1641.4342496215909
12387,29281,29680,3520,27536,1641.4353746164772
12388,29281,29680,3502,27529,1641.4364996113636
12389,29281,29680,3484,27523,1641.43762460625
12390,29281,29680,3465,27516,1641.4387496011364
12391,29281,29680,3447,27509,1641.4398745960227
12392,29281,29680,3428,27503,1641.440999590909
12393,29281,29680,3410,27496,1641.4421245857955
12394,29281,29680,3392,27490,1641.4432495806818
12395,29281,29680,3373,27483,1641.4443745755682
12396,28770,29142,3687,27476,1641.4454995704546
12397,28770,29142,3669,27470,1641.446624565341
12398,28770,29142,3652,27463,1641.4477495602273
12399,28770,29142,3634,27457,1641.4488745551137
12400,28770,29142,3617,27475,1641.45
12401,28770,29142,3599,27475,1641.4511248875
12402,28770,29142,3581,27475,1641.452249775
12403,28770,29142,3564,27475,1641.4533746625
12404,28770,29142,3546,27414,1641.4545
12405,28770,29142,3528,27403,1641.4556249775
12406,28770,29142,3511,27392,1641.456749955
12407,28770,29142,3493,27381,1641.4578749325
12408,28770,29142,3475,27371,1641.45899991
12409,28770,29142,3458,27360,1641.4601248875001
12410,28770,29142,3440,27349,1641.4612498650001
12411,28770,29142,3422,27338,1641.4623748425001
12412,28770,29142,3405,27327,1641.4634998200002
12413,28770,29142,3387,27316,1641.4646247975002
12414,28770,29142,3370,27305,1641.465749775
12415,28770,29142,3352,27294,1641.4668747525
12416,28770,29142,3334,27284,1641.46799973
12417,28770,29142,3317,27273,1641.4691247075
12418,28770,29142,3299,27262,1641.470249685
12419,28770,29142,3281,27251,1641.4713746625
12420,28770,29142,3264,27240,1641.47249964
12421,28770,29142,3246,27229,1641.4736246175
12422,28770,29142,3228,27218,1641.474749595
12423,28770,29142,3211,27207,1641.4758745725
12424,28770,29142,3193,27116,1641.477
12425,28770,29142,3176,27114,1641.4781249925002
12426,28770,29142,3158,27111,1641.479249985
12427,28770,29142,3140,27109,1641.4803749775
12428,28770,29142,3123,27106,1641.4814999700002
12429,28770,29142,3105,27104,1641.4826249625
12430,28770,29142,3087,27101,1641.4837499550001
12431,28770,29142,3070,27099,1641.4848749475
12432,28770,29142,3052,27096,1641.48599994
12433,28770,29142,3034,27094,1641.4871249325001
12434,28770,29142,3017,27091,1641.488249925
12435,28770,29142,2999,27089,1641.4893749175
12436,28770,29142,2981,27086,1641.4904999100002
12437,28770,29142,2964,27084,1641.4916249025
12438,28770,29142,2946,27081,1641.492749895
12439,28770,29142,2929,27079,1641.4938748875002
12440,28770,29142,2911,27076,1641.49499988
12441,28770,29142,2893,27074,1641.4961248725
12442,28770,29142,2876,27071,1641.497249865
12443,28770,29142,2858,27069,1641.4983748575
12444,28770,29142,2840,27066,1641.4994998500001
12445,28770,29142,2823,27063,1641.5006248425
12446,28770,29142,2805,27061,1641.501749835
12447,28770,29142,2787,27058,1641.5028748275001
12448,28770,29142,2770,27056,1641.50399982
12449,28770,29142,2752,27053,1641.5051248125
12450,28770,29142,2734,27051,1641.506249805
12451,28770,29142,2717,27048,1641.5073747975
12452,28259,28604,3009,27046,1641.50849979
12453,28259,28604,2992,27043,1641.5096247825
12454,28259,28604,2976,27041,1641.510749775
12455,28259,28604,2960,27038,1641.5118747675
12456,28259,28604,2944,27036,1641.51299976
12457,28259,28604,2928,27033,1641.5141247525
12458,28259,28604,2912,27031,1641.5152497450001
12459,28259,28604,2896,27028,1641.5163747375
12460,28259,28604,2880,27026,1641.51749973
12461,28259,28604,2864,27023,1641.5186247225
12462,28259,28604,2848,27021,1641.519749715
12463,28259,28604,2832,27018,1641.5208747075
12464,28259,28604,2816,27016,1641.5219997
12465,28259,28604,2800,27013,1641.5231246925
12466,28259,28604,2784,27011,1641.524249685
12467,28259,28604,2767,27008,1641.5253746775
12468,28259,28604,2751,27006,1641.52649967
12469,28259,28604,2735,27003,1641.5276246624999
12470,28259,28604,2719,27001,1641.528749655
12471,28259,28604,2703,26998,1641.5298746475
12472,28259,28604,2687,26996,1641.53099964
12473,28259,28604,2671,26993,1641.5321246325
12474,28259,28604,2655,26991,1641.533249625
12475,28259,28604,2639,26988,1641.5343746175
12476,28259,28604,2623,26986,1641.53549961
12477,28259,28604,2607,26983,1641.5366246025
12478,28259,28604,2591,26981,1641.537749595
12479,28259,28604,2575,26978,1641.5388745875
12480,28259,28604,2559,26976,1641.5399995799999
12481,28259,28604,2542,26973,1641.5411245725
12482,28259,28604,2526,26971,1641.542249565
12483,28259,28604,2510,26968,1641.5433745574999
12484,27748,28066,10434,29153,1641.5445
12485,27748,28066,10434,29145,1641.5456249913461
12486,27748,28066,10434,29138,1641.5467499826923
12487,27748,28066,10434,29130,1641.5478749740385
12488,27748,28066,10256,29122,1641.5489999653846
12489,27748,28066,10256,29115,1641.5501249567308
12490,27748,28066,10256,29107,1641.551249948077
12491,27748,28066,10256,29099,1641.552374939423
12492,27748,28066,10095,29092,1641.5534999307692
12493,27748,28066,10060,29084,1641.5546249221154
12494,27748,28066,10025,29076,1641.5557499134616
12495,27748,28066,9989,29069,1641.5568749048077
12496,27748,28066,9954,29061,1641.557999896154
12497,27748,28066,9918,29054,1641.5591248875
12498,27748,28066,9883,29046,1641.5602498788462
12499,27748,28066,9848,29038,1641.5613748701924
12500,27748,28066,9812,29031,1641.5624998615385
12501,27748,28066,9777,29023,1641.5636248528847
12502,27748,28066,9741,29015,1641.5647498442308
12503,27748,28066,9706,29008,1641.565874835577
12504,27748,28066,9671,29000,1641.5669998269232
12505,27748,28066,9635,28992,1641.5681248182693
12506,27748,28066,9600,28985,1641.5692498096155
12507,27748,28066,9564,28977,1641.5703748009616
12508,27748,28066,9512,28969,1641.5714997923078
12509,27748,28066,9479,28962,1641.572624783654
12510,27748,28066,9445,28954,1641.5737497750001
12511,27748,28066,9412,28947,1641.574874766346
12512,27748,28066,9378,28939,1641.5759997576922
12513,27748,28066,9345,28931,1641.5771247490384
12514,27748,28066,9311,28924,1641.5782497403845
12515,27748,28066,9278,28916,1641.5793747317307
12516,27748,28066,9204,28908,1641.5804997230769
12517,27748,28066,9170,28901,1641.581624714423
12518,27748,28066,9136,28893,1641.5827497057692
12519,27748,28066,9102,28885,1641.5838746971153
12520,27748,28066,9068,28878,1641.5849996884615
12521,27748,28066,9034,28870,1641.5861246798077
12522,27748,28066,9000,28862,1641.5872496711538
12523,27748,28066,8966,28855,1641.5883746625
12524,27748,28066,8932,28847,1641.5894996538461
12525,27748,28066,8898,28840,1641.5906246451923
12526,27748,28066,8865,28832,1641.5917496365385
12527,27748,28066,8831,28824,1641.5928746278846
12528,27748,28066,8797,28817,1641.5939996192308
12529,27748,28066,8763,28809,1641.595124610577
12530,27748,28066,8729,28801,1641.596249601923
12531,27748,28066,8695,28794,1641.5973745932693
12532,27748,28066,8661,28786,1641.5984995846154
12533,27748,28066,8627,28778,1641.5996245759616
12534,27748,28066,8593,28771,1641.6007495673077
12535,27748,28066,8559,28763,1641.601874558654
12536,27748,28066,8488,28662,1641.603
12537,27748,28066,8488,28662,1641.6041248875001
12538,27748,28066,8488,28662,1641.6052497750002
12539,27748,28066,8488,28662,1641.6063746625
12540,27237,27528,9055,28735,1641.6075
12541,27237,27528,9022,28726,1641.60862494375
12542,27237,27528,8990,28718,1641.6097498875001
12543,27237,27528,8957,28709,1641.6108748312502
12544,27237,27528,8924,28700,1641.6119997750002
12545,27237,27528,8891,28691,1641.61312471875
12546,27237,27528,8859,28683,1641.6142496625
12547,27237,27528,8826,28674,1641.61537460625
12548,27237,27528,8793,28639,1641.6165
12549,27237,27528,8760,28626,1641.6176249437501
12550,27237,27528,8728,28614,1641.6187498875001
12551,27237,27528,8695,28601,1641.6198748312502
12552,27237,27528,8662,28588,1641.6209997750002
12553,27237,27528,8629,28575,1641.62212471875
12554,27237,27528,8597,28563,1641.6232496625
12555,27237,27528,8564,28550,1641.62437460625
12556,27237,27528,8531,28526,1641.6255
12557,27237,27528,8499,28526,1641.6266248875002
12558,27237,27528,8466,28526,1641.6277497750002
12559,27237,27528,8433,28526,1641.6288746625
12560,27237,27528,8400,28454,1641.63
12561,27237,27528,8368,28440,1641.6311249437501
12562,27237,27528,8335,28426,1641.6322498875002
12563,27237,27528,8302,28411,1641.63337483125
12564,27237,27528,8269,28397,1641.634499775
12565,27237,27528,8237,28383,1641.63562471875
12566,27237,27528,8204,28369,1641.6367496624998
12567,27237,27528,8171,28354,1641.6378746062499
12568,27237,27528,8138,28321,1641.639
12569,27237,27528,8106,28310,1641.64012498125
12570,27237,27528,8073,28299,1641.6412499624998
12571,27237,27528,8040,28289,1641.64237494375
12572,27237,27528,8008,28278,1641.643499925
12573,27237,27528,7975,28268,1641.6446249062499
12574,27237,27528,7942,28257,1641.6457498875
12575,27237,27528,7909,28247,1641.6468748687498
12576,27237,27528,7877,28236,1641.64799985
12577,27237,27528,7844,28226,1641.64912483125
12578,27237,27528,7811,28215,1641.6502498124999
12579,27237,27528,7778,28205,1641.65137479375
12580,27237,27528,7746,28194,1641.6524997749998
12581,27237,27528,7713,28184,1641.6536247562499
12582,27237,27528,7680,28173,1641.6547497375
12583,27237,27528,7647,28162,1641.6558747187498
12584,27237,27528,7615,28152,1641.6569997
12585,27237,27528,7582,28141,1641.65812468125
12586,27237,27528,7549,28131,1641.6592496624999
12587,27237,27528,7517,28120,1641.66037464375
12588,27237,27528,7484,28110,1641.661499625
12589,27237,27528,7451,28099,1641.66262460625
12590,27237,27528,7418,28089,1641.6637495875
12591,27237,27528,7386,28078,1641.6648745687498
12592,26726,26990,7990,28196,1641.666
12593,26726,26990,7960,28188,1641.6671249839285
12594,26726,26990,7931,28179,1641.668249967857
12595,26726,26990,7901,28171,1641.6693749517856
12596,26726,26990,7872,28163,1641.6704999357141
12597,26726,26990,7842,28155,1641.671624919643
12598,26726,26990,7813,28146,1641.6727499035715
12599,26726,26990,7783,28138,1641.6738748875
12600,26726,26990,7754,28130,1641.6749998714286
12601,26726,26990,7724,28122,1641.676124855357
12602,26726,26990,7695,28113,1641.6772498392857
12603,26726,26990,7665,28105,1641.6783748232142
12604,26726,26990,7636,28097,1641.6794998071427
12605,26726,26990,7606,28089,1641.6806247910713
12606,26726,26990,7577,28080,1641.6817497749998
12607,26726,26990,7547,28072,1641.6828747589286
12608,26726,26990,7518,28064,1641.6839997428572
12609,26726,26990,7488,28056,1641.6851247267857
12610,26726,26990,7459,28047,1641.6862497107143
12611,26726,26990,7429,28039,1641.6873746946428
12612,26726,26990,7400,28031,1641.6884996785714
12613,26726,26990,7370,28023,1641.6896246625
12614,26726,26990,7341,28014,1641.6907496464285
12615,26726,26990,7311,28006,1641.691874630357
12616,26726,26990,7282,27998,1641.6929996142858
12617,26726,26990,7252,27989,1641.6941245982143
12618,26726,26990,7223,27981,1641.6952495821429
12619,26726,26990,7193,27973,1641.6963745660714
12620,26726,26990,7164,27927,1641.6975
12621,26726,26990,7134,27922,1641.698624971875
12622,26726,26990,7105,27916,1641.69974994375
12623,26726,26990,7075,27910,1641.700874915625
12624,26726,26990,7046,27904,1641.7019998875
12625,26726,26990,7016,27898,1641.703124859375
12626,26726,26990,6987,27892,1641.70424983125
12627,26726,26990,6957,27886,1641.705374803125
12628,26726,26990,6928,27880,1641.7064997749999
12629,26726,26990,6898,27874,1641.707624746875
12630,26726,26990,6869,27868,1641.70874971875
12631,26726,26990,6839,27863,1641.709874690625
12632,26726,26990,6810,27857,1641.7109996625
12633,26726,26990,6780,27851,1641.712124634375
12634,26726,26990,6751,27845,1641.71324960625
12635,26726,26990,6721,27839,1641.714374578125
12636,26726,26990,6692,27788,1641.7155
12637,26726,26990,6662,27788,1641.7166248875
12638,26726,26990,6633,27788,1641.717749775
12639,26726,26990,6603,27788,1641.7188746625
12640,26726,26990,6574,27726,1641.72
12641,26726,26990,6544,27726,1641.7211248875
12642,26726,26990,6515,27726,1641.722249775
12643,26726,26990,6486,27726,1641.7233746625
12644,26726,26990,6456,27646,1641.7245
12645,26726,26990,6427,27646,1641.7256248875
12646,26726,26990,6397,27646,1641.726749775
12647,26726,26990,6368,27646,1641.7278746625
12648,26215,26452,6912,27742,1641.729
12649,26215,26452,6885,27730,1641.7301249625
12650,26215,26452,6859,27718,1641.7312499250002
12651,26215,26452,6832,27706,1641.7323748875
12652,26215,26452,6806,27693,1641.73349985
12653,26215,26452,6779,27681,1641.7346248125
12654,26215,26452,6753,27669,1641.735749775
12655,26215,26452,6726,27657,1641.7368747375
12656,26215,26452,6700,27644,1641.7379997
12657,26215,26452,6673,27632,1641.7391246625
12658,26215,26452,6647,27620,1641.7402496250002
12659,26215,26452,6620,27608,1641.7413745875
12660,26215,26452,6594,27583,1641.7425
12661,26215,26452,6567,27570,1641.74362494375
12662,26215,26452,6541,27557,1641.7447498875001
12663,26215,26452,6514,27544,1641.7458748312501
12664,26215,26452,6488,27531,1641.746999775
12665,26215,26452,6461,27518,1641.74812471875
12666,26215,26452,6435,27505,1641.7492496625
12667,26215,26452,6408,27492,1641.75037460625
12668,26215,26452,6382,27450,1641.7515
12669,26215,26452,6355,27450,1641.7526248875001
12670,26215,26452,6329,27450,1641.753749775
12671,26215,26452,6302,27450,1641.7548746625
12672,26215,26452,6276,27371,1641.756
12673,26215,26452,6249,27371,1641.7571248875001
12674,26215,26452,6223,27371,1641.758249775
12675,26215,26452,6196,27371,1641.7593746625
12676,26215,26452,6170,27295,1641.7605
12677,26215,26452,6143,27285,1641.7616249625
12678,26215,26452,6117,27275,1641.7627499250002
12679,26215,26452,6090,27265,1641.7638748875002
12680,26215,26452,6064,27255,1641.76499985
12681,26215,26452,6037,27245,1641.7661248125
12682,26215,26452,6011,27235,1641.767249775
12683,26215,26452,5984,27225,1641.7683747375002
12684,26215,26452,5958,27215,1641.7694997
12685,26215,26452,5931,27205,1641.7706246625
12686,26215,26452,5905,27195,1641.7717496250002
12687,26215,26452,5878,27185,1641.7728745875002
12688,26215,26452,5852,27133,1641.774
12689,26215,26452,5825,27121,1641.7751249624998
12690,26215,26452,5799,27108,1641.7762499249998
12691,26215,26452,5772,27095,1641.7773748875
12692,26215,26452,5746,27083,1641.77849985
12693,26215,26452,5719,27070,1641.7796248124998
12694,26215,26452,5693,27057,1641.780749775
12695,26215,26452,5666,27045,1641.7818747375
12696,26215,26452,5640,27032,1641.7829997
12697,26215,26452,5613,27020,1641.7841246624998
12698,26215,26452,5587,27007,1641.7852496249998
12699,26215,26452,5560,26994,1641.7863745875
12700,25704,25914,6059,27089,1641.7875
12701,25704,25914,6035,27083,1641.7886249919643
12702,25704,25914,6011,27077,1641.7897499839285
12703,25704,25914,5986,27071,1641.7908749758928
12704,25704,25914,5962,27065,1641.791999967857
12705,25704,25914,5938,27058,1641.7931249598214
12706,25704,25914,5914,27052,1641.7942499517856
12707,25704,25914,5889,27046,1641.79537494375
12708,25704,25914,5865,27040,1641.796499935714
12709,25704,25914,5841,27034,1641.7976249276785
12710,25704,25914,5817,27028,1641.798749919643
12711,25704,25914,5792,27021,1641.799874911607
12712,25704,25914,5768,27015,1641.8009999035714
12713,25704,25914,5744,27009,1641.8021248955356
12714,25704,25914,5720,27003,1641.8032498875
12715,25704,25914,5695,26997,1641.8043748794641
12716,25704,25914,5671,26991,1641.8054998714285
12717,25704,25914,5647,26984,1641.8066248633927
12718,25704,25914,5623,26978,1641.807749855357
12719,25704,25914,5598,26972,1641.8088748473215
12720,25704,25914,5574,26966,1641.8099998392856
12721,25704,25914,5550,26960,1641.81112483125
12722,25704,25914,5525,26953,1641.8122498232142
12723,25704,25914,5501,26947,1641.8133748151786
12724,25704,25914,5477,26941,1641.8144998071427
12725,25704,25914,5453,26935,1641.8156247991071
12726,25704,25914,5428,26929,1641.8167497910713
12727,25704,25914,5404,26923,1641.8178747830357
12728,25704,25914,5380,26916,1641.818999775
12729,25704,25914,5356,26910,1641.8201247669642
12730,25704,25914,5331,26904,1641.8212497589286
12731,25704,25914,5307,26898,1641.8223747508928
12732,25704,25914,5283,26892,1641.8234997428572
12733,25704,25914,5259,26885,1641.8246247348213
12734,25704,25914,5234,26879,1641.8257497267857
12735,25704,25914,5210,26873,1641.8268747187499
12736,25704,25914,5186,26867,1641.8279997107143
12737,25704,25914,5162,26861,1641.8291247026784
12738,25704,25914,5137,26855,1641.8302496946428
12739,25704,25914,5113,26848,1641.8313746866072
12740,25704,25914,5089,26842,1641.8324996785714
12741,25704,25914,5065,26836,1641.8336246705358
12742,25704,25914,5040,26830,1641.8347496625
12743,25704,25914,5016,26824,1641.8358746544643
12744,25704,25914,4992,26817,1641.8369996464285
12745,25704,25914,4967,26811,1641.8381246383929
12746,25704,25914,4943,26805,1641.839249630357
12747,25704,25914,4919,26799,1641.8403746223214
12748,25704,25914,4895,26793,1641.8414996142858
12749,25704,25914,4870,26787,1641.84262460625
12750,25704,25914,4846,26780,1641.8437495982143
12751,25704,25914,4822,26774,1641.8448745901785
12752,25704,25914,4798,26768,1641.845999582143
12753,25704,25914,4773,26762,1641.847124574107
12754,25704,25914,4749,26756,1641.8482495660714
12755,25704,25914,4725,26750,1641.8493745580356
12756,25192,25376,5182,26889,1641.8505
12757,25192,25376,5160,26880,1641.8516249839286
12758,25192,25376,5138,26872,1641.852749967857
12759,25192,25376,5116,26864,1641.8538749517857
12760,25192,25376,5094,26856,1641.8549999357142
12761,25192,25376,5072,26847,1641.856124919643
12762,25192,25376,5050,26839,1641.8572499035715
12763,25192,25376,5028,26831,1641.8583748875
12764,25192,25376,5006,26823,1641.8594998714286
12765,25192,25376,4984,26814,1641.8606248553572
12766,25192,25376,4963,26806,1641.8617498392857
12767,25192,25376,4941,26798,1641.8628748232143
12768,25192,25376,4919,26790,1641.8639998071428
12769,25192,25376,4897,26781,1641.8651247910714
12770,25192,25376,4875,26773,1641.8662497750001
12771,25192,25376,4853,26765,1641.8673747589287
12772,25192,25376,4831,26757,1641.8684997428572
12773,25192,25376,4809,26748,1641.8696247267858
12774,25192,25376,4787,26740,1641.8707497107143
12775,25192,25376,4765,26732,1641.8718746946429
12776,25192,25376,4743,26724,1641.8729996785714
12777,25192,25376,4721,26715,1641.8741246625
12778,25192,25376,4699,26707,1641.8752496464285
12779,25192,25376,4677,26699,1641.876374630357
12780,25192,25376,4655,26690,1641.8774996142859
12781,25192,25376,4633,26682,1641.8786245982144
12782,25192,25376,4611,26674,1641.879749582143
12783,25192,25376,4589,26666,1641.8808745660715
12784,25192,25376,4567,26566,1641.882
12785,25192,25376,4545,26559,1641.8831249967857
12786,25192,25376,4523,26553,1641.8842499935715
12787,25192,25376,4501,26546,1641.8853749903571
12788,25192,25376,4479,26539,1641.886499987143
12789,25192,25376,4457,26533,1641.8876249839286
12790,25192,25376,4435,26526,1641.8887499807142
12791,25192,25376,4413,26519,1641.8898749775
12792,25192,25376,4391,26513,1641.8909999742857
12793,25192,25376,4369,26506,1641.8921249710716
12794,25192,25376,4347,26499,1641.8932499678572
12795,25192,25376,4325,26493,1641.894374964643
12796,25192,25376,4303,26486,1641.8954999614286
12797,25192,25376,4281,26479,1641.8966249582143
12798,25192,25376,4259,26473,1641.897749955
12799,25192,25376,4237,26466,1641.8988749517857
12800,25192,25376,4215,26459,1641.8999999485716
12801,25192,25376,4193,26452,1641.9011249453572
12802,25192,25376,4171,26446,1641.9022499421428
12803,25192,25376,4149,26439,1641.9033749389287
12804,24778,24932,4491,26432,1641.9044999357143
12805,24778,24932,4471,26426,1641.9056249325001
12806,24778,24932,4451,26419,1641.9067499292858
12807,24778,24932,4432,26412,1641.9078749260716
12808,24778,24932,4412,26406,1641.9089999228572
12809,24778,24932,4392,26399,1641.9101249196428
12810,24778,24932,4372,26392,1641.9112499164287
12811,24778,24932,4352,26386,1641.9123749132143
12812,24778,24932,4332,26379,1641.9134999100002
12813,24778,24932,4313,26372,1641.9146249067858
12814,24778,24932,4293,26366,1641.9157499035714
12815,24778,24932,4273,26359,1641.9168749003572
12816,24778,24932,4253,26352,1641.9179998971429
12817,24778,24932,4233,26346,1641.9191248939287
12818,24778,24932,4213,26339,1641.9202498907143
12819,24778,24932,4193,26332,1641.9213748875
12820,24778,24932,4174,26325,1641.9224998842858
12821,24778,24932,4154,26319,1641.9236248810714
12822,24778,24932,4134,26312,1641.9247498778573
12823,24778,24932,4114,26305,1641.925874874643
12824,24778,24932,4094,26299,1641.9269998714287
12825,24778,24932,4074,26292,1641.9281248682144
12826,24778,24932,4054,26285,1641.929249865
12827,24778,24932,4035,26279,1641.9303748617858
12828,24778,24932,4015,26272,1641.9314998585714
12829,24778,24932,3995,26265,1641.9326248553573
12830,24778,24932,3975,26259,1641.933749852143
12831,24778,24932,3955,26252,1641.9348748489285
12832,24778,24932,3935,26245,1641.9359998457144
12833,24778,24932,3916,26239,1641.9371248425
12834,24778,24932,3896,26232,1641.9382498392858
12835,24778,24932,3876,26225,1641.9393748360715
12836,24778,24932,3856,26219,1641.9404998328573
12837,24778,24932,3836,26212,1641.941624829643
12838,24778,24932,3816,26205,1641.9427498264286
12839,24778,24932,3796,26199,1641.9438748232144
12840,24778,24932,3777,26192,1641.94499982
12841,24778,24932,3757,26185,1641.9461248167859
12842,24778,24932,3737,26178,1641.9472498135715
12843,24778,24932,3717,26172,1641.948374810357
12844,24778,24932,3697,26165,1641.949499807143
12845,24778,24932,3677,26158,1641.9506248039286
12846,24778,24932,3657,26152,1641.9517498007144
12847,24778,24932,3638,26145,1641.9528747975
12848,24364,24488,3943,26138,1641.953999794286
12849,24364,24488,3925,26132,1641.9551247910715
12850,24364,24488,3906,26125,1641.9562497878571
12851,24364,24488,3888,26118,1641.957374784643
12852,24364,24488,3869,26112,1641.9584997814286
12853,24364,24488,3851,26105,1641.9596247782144
12854,24364,24488,3832,26098,1641.960749775
12855,24364,24488,3814,26092,1641.9618747717857
12856,24364,24488,3795,26085,1641.9629997685715
12857,24364,24488,3777,26078,1641.9641247653572
12858,24364,24488,3758,26072,1641.965249762143
12859,24364,24488,3740,26065,1641.9663747589286
12860,24364,24488,3721,26058,1641.9674997557142
12861,24364,24488,3703,26051,1641.9686247525
12862,24364,24488,3684,26045,1641.9697497492857
12863,24364,24488,3666,26038,1641.9708747460716
12864,24364,24488,3647,26031,1641.9719997428572
12865,24364,24488,3629,26025,1641.973124739643
12866,24364,24488,3610,26018,1641.9742497364286
12867,24364,24488,3592,26011,1641.9753747332143
12868,24364,24488,3573,26005,1641.9764997300001
12869,24364,24488,3555,25998,1641.9776247267857
12870,24364,24488,3536,25991,1641.9787497235716
12871,24364,24488,3518,25985,1641.9798747203572
12872,24364,24488,3499,25978,1641.9809997171428
12873,24364,24488,3481,25971,1641.9821247139287
12874,24364,24488,3462,25965,1641.9832497107143
12875,24364,24488,3444,25958,1641.9843747075001
12876,24364,24488,3425,25951,1641.9854997042858
12877,24364,24488,3407,25945,1641.9866247010716
12878,24364,24488,3388,25938,1641.9877496978572
12879,24364,24488,3370,25931,1641.9888746946428
12880,24364,24488,3351,25925,1641.9899996914287
12881,24364,24488,3333,25918,1641.9911246882143
12882,24364,24488,3314,25911,1641.9922496850002
12883,24364,24488,3296,25904,1641.9933746817858
12884,24364,24488,3277,25898,1641.9944996785714
12885,24364,24488,3259,25891,1641.9956246753572
12886,24364,24488,3240,25884,1641.9967496721429
12887,24364,24488,3221,25878,1641.9978746689287
12888,24364,24488,3203,25871,1641.9989996657143
12889,24364,24488,3184,25864,1642.0001246625002
12890,24364,24488,3166,25858,1642.0012496592858
12891,24364,24488,3147,25851,1642.0023746560714
12892,24364,24488,3129,25844,1642.0034996528573
12893,24364,24488,3110,25838,1642.004624649643
12894,24364,24488,3092,25831,1642.0057496464287
12895,24364,24488,3073,25824,1642.0068746432144
12896,24364,24488,3055,25818,1642.00799964
12897,24364,24488,3036,25811,1642.0091246367858
12898,24364,24488,3018,25804,1642.0102496335714
12899,24364,24488,2999,25798,1642.0113746303573
12900,23950,24044,3298,25791,1642.012499627143
12901,23950,24044,3281,25784,1642.0136246239285
12902,23950,24044,3264,25777,1642.0147496207144
12903,23950,24044,3247,25771,1642.0158746175
12904,23950,24044,3230,25764,1642.0169996142859
12905,23950,24044,3213,25757,1642.0181246110715
12906,23950,24044,3196,25751,1642.0192496078573
12907,23950,24044,3179,25744,1642.020374604643
12908,23950,24044,3162,25737,1642.0214996014286
12909,23950,24044,3145,25731,1642.0226245982144
12910,23950,24044,3128,25724,1642.023749595
12911,23950,24044,3111,25717,1642.0248745917859
12912,23950,24044,3094,25711,1642.0259995885715
12913,23950,24044,3077,25704,1642.0271245853571
12914,23950,24044,3060,25697,1642.028249582143
12915,23950,24044,3043,25691,1642.0293745789286
12916,23950,24044,3026,25684,1642.0304995757144
12917,23950,24044,3009,25677,1642.0316245725
12918,23950,24044,2992,25671,1642.032749569286
12919,23950,24044,2975,25664,1642.0338745660715
12920,23950,24044,2958,25657,1642.0349995628571
12921,23950,24044,2941,25651,1642.036124559643
12922,23950,24044,2924,25644,1642.0372495564286
12923,23950,24044,2906,25637,1642.0383745532145
12924,23950,24044,2889,25600,1642.0395
12925,23950,24044,2872,25588,1642.0406249812502
12926,23950,24044,2855,25576,1642.0417499625
12927,23950,24044,2838,25564,1642.0428749437501
12928,23950,24044,2821,25552,1642.043999925
12929,23950,24044,2804,25540,1642.04512490625
12930,23950,24044,2787,25528,1642.0462498875
12931,23950,24044,2770,25516,1642.04737486875
12932,23950,24044,2753,25504,1642.04849985
12933,23950,24044,2736,25492,1642.04962483125
12934,23950,24044,2719,25480,1642.0507498125
12935,23950,24044,2702,25468,1642.05187479375
12936,23950,24044,2685,25456,1642.052999775
12937,23950,24044,2668,25444,1642.05412475625
12938,23950,24044,2651,25432,1642.0552497375
12939,23950,24044,2634,25420,1642.05637471875
12940,23950,24044,2617,25408,1642.0574996999999
12941,23950,24044,2600,25396,1642.05862468125
12942,23950,24044,2583,25384,1642.0597496625
12943,23950,24044,2566,25372,1642.06087464375
12944,23950,24044,2549,25360,1642.061999625
12945,23950,24044,2532,25348,1642.0631246062499
12946,23950,24044,2515,25336,1642.0642495875
12947,23950,24044,2498,25324,1642.0653745687498
12948,23536,23600,10450,27119,1642.0665
12949,23536,23600,10450,27105,1642.06762494375
12950,23536,23600,10450,27092,1642.0687498875
12951,23536,23600,10450,27078,1642.06987483125
12952,23536,23600,10290,27064,1642.070999775
12953,23536,23600,10290,27050,1642.0721247187498
12954,23536,23600,10290,27037,1642.0732496624998
12955,23536,23600,10290,27023,1642.0743746062499
12956,23536,23600,10128,26989,1642.0755
12957,23536,23600,10093,26983,1642.0766249775
12958,23536,23600,10057,26978,1642.077749955
12959,23536,23600,10022,26972,1642.0788749325
12960,23536,23600,9986,26967,1642.07999991
12961,23536,23600,9951,26961,1642.0811248875
12962,23536,23600,9915,26956,1642.082249865
12963,23536,23600,9880,26950,1642.0833748425
12964,23536,23600,9826,26945,1642.08449982
12965,23536,23600,9826,26939,1642.0856247975
12966,23536,23600,9826,26934,1642.086749775
12967,23536,23600,9826,26928,1642.0878747524998
12968,23536,23600,9672,26923,1642.0889997299998
12969,23536,23600,9636,26917,1642.0901247074999
12970,23536,23600,9600,26912,1642.0912496849999
12971,23536,23600,9564,26906,1642.0923746624999
12972,23536,23600,9528,26901,1642.09349964
12973,23536,23600,9492,26895,1642.0946246175
12974,23536,23600,9456,26890,1642.095749595
12975,23536,23600,9420,26884,1642.0968745725
12976,23122,23156,10082,27027,1642.098
12977,23122,23156,10050,27023,1642.0991249913461
12978,23122,23156,10018,27018,1642.1002499826923
12979,23122,23156,9986,27014,1642.1013749740384
12980,23122,23156,9954,27009,1642.1024999653846
12981,23122,23156,9922,27004,1642.1036249567308
12982,23122,23156,9890,27000,1642.104749948077
12983,23122,23156,9858,26995,1642.105874939423
12984,23122,23156,9826,26991,1642.1069999307692
12985,23122,23156,9794,26986,1642.1081249221154
12986,23122,23156,9762,26981,1642.1092499134616
12987,23122,23156,9730,26977,1642.1103749048077
12988,23122,23156,9673,26972,1642.1114998961539
12989,23122,23156,9636,26968,1642.1126248875
12990,23122,23156,9599,26963,1642.1137498788462
12991,23122,23156,9563,26958,1642.1148748701924
12992,23122,23156,9526,26954,1642.1159998615385
12993,23122,23156,9490,26949,1642.1171248528847
12994,23122,23156,9453,26945,1642.1182498442308
12995,23122,23156,9416,26940,1642.119374835577
12996,23122,23156,9380,26935,1642.1204998269232
12997,23122,23156,9343,26931,1642.1216248182693
12998,23122,23156,9307,26926,1642.1227498096155
12999,23122,23156,9270,26922,1642.1238748009616
13000,23122,23156,9233,26917,1642.1249997923078
13001,23122,23156,9197,26912,1642.126124783654
13002,23122,23156,9160,26908,1642.127249775
13003,23122,23156,9124,26903,1642.128374766346
13004,23122,23156,9069,26899,1642.1294997576922
13005,23122,23156,9035,26894,1642.1306247490384
13006,23122,23156,9002,26889,1642.1317497403845
13007,23122,23156,8968,26885,1642.1328747317307
13008,23122,23156,8934,26880,1642.1339997230768
13009,23122,23156,8900,26875,1642.135124714423
13010,23122,23156,8867,26871,1642.1362497057692
13011,23122,23156,8833,26866,1642.1373746971153
13012,23122,23156,8799,26862,1642.1384996884615
13013,23122,23156,8765,26857,1642.1396246798076
13014,23122,23156,8732,26852,1642.1407496711538
13015,23122,23156,8698,26848,1642.1418746625
13016,23122,23156,8646,26843,1642.1429996538461
13017,23122,23156,8612,26839,1642.1441246451923
13018,23122,23156,8579,26834,1642.1452496365384
13019,23122,23156,8546,26829,1642.1463746278846
13020,23122,23156,8513,26825,1642.1474996192308
13021,23122,23156,8479,26820,1642.148624610577
13022,23122,23156,8446,26816,1642.149749601923
13023,23122,23156,8413,26811,1642.1508745932692
13024,23122,23156,8380,26806,1642.1519995846154
13025,23122,23156,8346,26802,1642.1531245759616
13026,23122,23156,8313,26797,1642.1542495673077
13027,23122,23156,8280,26793,1642.1553745586539
13028,22708,22712,8857,26875,1642.1565
13029,22708,22712,8824,26867,1642.1576249625
13030,22708,22712,8792,26859,1642.158749925
13031,22708,22712,8760,26851,1642.1598748875
13032,22708,22712,8727,26842,1642.16099985
13033,22708,22712,8695,26834,1642.1621248125
13034,22708,22712,8662,26826,1642.1632497750002
13035,22708,22712,8630,26818,1642.1643747375
13036,22708,22712,8598,26809,1642.1654997
13037,22708,22712,8565,26801,1642.1666246625
13038,22708,22712,8533,26793,1642.167749625
13039,22708,22712,8501,26785,1642.1688745875
13040,22708,22712,8468,26739,1642.17
13041,22708,22712,8436,26728,1642.1711249812502
13042,22708,22712,8404,26717,1642.1722499625
13043,22708,22712,8371,26706,1642.17337494375
13044,22708,22712,8339,26695,1642.174499925
13045,22708,22712,8306,26685,1642.17562490625
13046,22708,22712,8274,26674,1642.1767498875001
13047,22708,22712,8242,26663,1642.17787486875
13048,22708,22712,8209,26652,1642.17899985
13049,22708,22712,8177,26641,1642.1801248312502
13050,22708,22712,8145,26630,1642.1812498125
13051,22708,22712,8112,26619,1642.1823747937501
13052,22708,22712,8080,26608,1642.1834997750002
13053,22708,22712,8048,26597,1642.18462475625
13054,22708,22712,8015,26586,1642.1857497375001
13055,22708,22712,7983,26575,1642.18687471875
13056,22708,22712,7950,26564,1642.1879997
13057,22708,22712,7918,26553,1642.1891246812502
13058,22708,22712,7886,26542,1642.1902496625
13059,22708,22712,7853,26531,1642.1913746437501
13060,22708,22712,7821,26520,1642.192499625
13061,22708,22712,7789,26510,1642.19362460625
13062,22708,22712,7756,26499,1642.1947495875002
13063,22708,22712,7724,26488,1642.19587456875
13064,22708,22712,7692,26462,1642.197
13065,22708,22712,7659,26452,1642.19812494375
13066,22708,22712,7627,26443,1642.1992498875
13067,22708,22712,7594,26433,1642.20037483125
13068,22708,22712,7562,26423,1642.2014997749998
13069,22708,22712,7530,26413,1642.2026247187498
13070,22708,22712,7497,26404,1642.2037496624998
13071,22708,22712,7465,26394,1642.2048746062499
13072,22708,22712,7433,26350,1642.206
13073,22708,22712,7400,26350,1642.2071248875
13074,22708,22712,7368,26350,1642.2082497749998
13075,22708,22712,7336,26350,1642.2093746624998
13076,22294,22268,7886,26402,1642.2105
13077,22294,22268,7857,26393,1642.211624991346
13078,22294,22268,7828,26384,1642.2127499826922
13079,22294,22268,7798,26375,1642.2138749740384
13080,22294,22268,7769,26366,1642.2149999653845
13081,22294,22268,7740,26357,1642.2161249567307
13082,22294,22268,7711,26348,1642.2172499480769
13083,22294,22268,7682,26339,1642.218374939423
13084,22294,22268,7652,26330,1642.2194999307692
13085,22294,22268,7623,26321,1642.2206249221153
13086,22294,22268,7594,26312,1642.2217499134615
13087,22294,22268,7565,26303,1642.2228749048077
13088,22294,22268,7536,26294,1642.2239998961538
13089,22294,22268,7506,26285,1642.2251248875
13090,22294,22268,7477,26276,1642.2262498788461
13091,22294,22268,7448,26267,1642.2273748701923
13092,22294,22268,7419,26258,1642.2284998615385
13093,22294,22268,7390,26249,1642.2296248528846
13094,22294,22268,7360,26240,1642.2307498442308
13095,22294,22268,7331,26231,1642.231874835577
13096,22294,22268,7302,26222,1642.232999826923
13097,22294,22268,7273,26213,1642.2341248182693
13098,22294,22268,7244,26204,1642.2352498096154
13099,22294,22268,7214,26195,1642.2363748009616
13100,22294,22268,7185,26186,1642.2374997923077
13101,22294,22268,7156,26177,1642.238624783654
13102,22294,22268,7127,26167,1642.2397497749998
13103,22294,22268,7098,26158,1642.240874766346
13104,22294,22268,7068,26149,1642.2419997576922
13105,22294,22268,7039,26140,1642.2431247490383
13106,22294,22268,7010,26131,1642.2442497403845
13107,22294,22268,6981,26122,1642.2453747317306
13108,22294,22268,6952,26113,1642.2464997230768
13109,22294,22268,6922,26104,1642.247624714423
13110,22294,22268,6893,26095,1642.2487497057691
13111,22294,22268,6864,26086,1642.2498746971153
13112,22294,22268,6835,26077,1642.2509996884614
13113,22294,22268,6806,26068,1642.2521246798076
13114,22294,22268,6776,26059,1642.2532496711538
13115,22294,22268,6747,26050,1642.2543746625
13116,22294,22268,6718,26041,1642.255499653846
13117,22294,22268,6689,26032,1642.2566246451922
13118,22294,22268,6660,26023,1642.2577496365384
13119,22294,22268,6630,26014,1642.2588746278846
13120,22294,22268,6601,26005,1642.2599996192307
13121,22294,22268,6572,25996,1642.2611246105769
13122,22294,22268,6543,25987,1642.262249601923
13123,22294,22268,6514,25978,1642.2633745932692
13124,22294,22268,6484,25969,1642.2644995846154
13125,22294,22268,6455,25960,1642.2656245759615
13126,22294,22268,6426,25951,1642.2667495673077
13127,22294,22268,6397,25942,1642.2678745586538
13128,21880,21824,6898,26054,1642.269
13129,21880,21824,6871,26044,1642.2701249839286
13130,21880,21824,6844,26034,1642.271249967857
13131,21880,21824,6817,26024,1642.2723749517857
13132,21880,21824,6790,26014,1642.2734999357142
13133,21880,21824,6763,26004,1642.274624919643
13134,21880,21824,6736,25994,1642.2757499035715
13135,21880,21824,6709,25984,1642.2768748875
13136,21880,21824,6682,25974,1642.2779998714286
13137,21880,21824,6655,25964,1642.2791248553572
13138,21880,21824,6628,25954,1642.2802498392857
13139,21880,21824,6601,25944,1642.2813748232143
13140,21880,21824,6574,25934,1642.2824998071428
13141,21880,21824,6547,25924,1642.2836247910714
13142,21880,21824,6520,25914,1642.284749775
13143,21880,21824,6494,25904,1642.2858747589287
13144,21880,21824,6467,25894,1642.2869997428572
13145,21880,21824,6440,25884,1642.2881247267858
13146,21880,21824,6413,25874,1642.2892497107143
13147,21880,21824,6386,25863,1642.2903746946429
13148,21880,21824,6359,25853,1642.2914996785714
13149,21880,21824,6332,25843,1642.2926246625
13150,21880,21824,6305,25833,1642.2937496464285
13151,21880,21824,6278,25823,1642.294874630357
13152,21880,21824,6251,25813,1642.2959996142858
13153,21880,21824,6224,25803,1642.2971245982144
13154,21880,21824,6197,25793,1642.298249582143
13155,21880,21824,6170,25783,1642.2993745660715
13156,21880,21824,6143,25747,1642.3005
13157,21880,21824,6116,25736,1642.3016249625
13158,21880,21824,6089,25725,1642.3027499250002
13159,21880,21824,6063,25714,1642.3038748875001
13160,21880,21824,6036,25703,1642.30499985
13161,21880,21824,6009,25692,1642.3061248125
13162,21880,21824,5982,25681,1642.307249775
13163,21880,21824,5955,25670,1642.3083747375001
13164,21880,21824,5928,25659,1642.3094997
13165,21880,21824,5901,25648,1642.3106246625
13166,21880,21824,5874,25637,1642.3117496250002
13167,21880,21824,5847,25626,1642.3128745875001
13168,21880,21824,5820,25579,1642.314
13169,21880,21824,5793,25564,1642.31512494375
13170,21880,21824,5766,25549,1642.3162498875001
13171,21880,21824,5739,25534,1642.3173748312502
13172,21880,21824,5712,25519,1642.318499775
13173,21880,21824,5685,25504,1642.31962471875
13174,21880,21824,5658,25489,1642.3207496625
13175,21880,21824,5631,25474,1642.32187460625
13176,21880,21824,5605,25477,1642.323
13177,21880,21824,5578,25473,1642.324124971875
13178,21880,21824,5551,25469,1642.3252499437501
13179,21880,21824,5524,25464,1642.3263749156251
13180,21466,21380,5998,25460,1642.3274998875
13181,21466,21380,5974,25455,1642.328624859375
13182,21466,21380,5950,25451,1642.32974983125
13183,21466,21380,5926,25447,1642.330874803125
13184,21466,21380,5902,25442,1642.331999775
13185,21466,21380,5878,25438,1642.333124746875
13186,21466,21380,5854,25433,1642.33424971875
13187,21466,21380,5830,25429,1642.335374690625
13188,21466,21380,5806,25425,1642.3364996625
13189,21466,21380,5782,25420,1642.3376246343748
13190,21466,21380,5758,25416,1642.3387496062498
13191,21466,21380,5734,25411,1642.3398745781249
13192,21466,21380,5710,25342,1642.341
13193,21466,21380,5686,25342,1642.3421248875
13194,21466,21380,5662,25342,1642.343249775
13195,21466,21380,5638,25342,1642.3443746624998
13196,21466,21380,5614,25279,1642.3455
13197,21466,21380,5590,25268,1642.3466249624998
13198,21466,21380,5566,25256,1642.3477499249998
13199,21466,21380,5543,25244,1642.3488748875
13200,21466,21380,5519,25232,1642.34999985
13201,21466,21380,5495,25221,1642.3511248124998
13202,21466,21380,5471,25209,1642.352249775
13203,21466,21380,5447,25197,1642.3533747375
13204,21466,21380,5423,25185,1642.3544997
13205,21466,21380,5399,25174,1642.3556246624998
13206,21466,21380,5375,25162,1642.3567496249998
13207,21466,21380,5351,25150,1642.3578745875
13208,21466,21380,5327,25114,1642.359
13209,21466,21380,5303,25105,1642.36012498125
13210,21466,21380,5279,25095,1642.3612499624999
13211,21466,21380,5255,25085,1642.36237494375
13212,21466,21380,5231,25076,1642.3634999249998
13213,21466,21380,5207,25066,1642.36462490625
13214,21466,21380,5183,25057,1642.3657498875
13215,21466,21380,5159,25047,1642.3668748687498
13216,21466,21380,5135,25038,1642.36799985
13217,21466,21380,5111,25028,1642.36912483125
13218,21466,21380,5087,25019,1642.3702498124999
13219,21466,21380,5064,25009,1642.37137479375
13220,21466,21380,5040,25000,1642.372499775
13221,21466,21380,5016,24990,1642.37362475625
13222,21466,21380,4992,24980,1642.3747497375
13223,21466,21380,4968,24971,1642.3758747187499
13224,21466,21380,4944,24961,1642.3769997
13225,21466,21380,4920,24952,1642.37812468125
13226,21466,21380,4896,24942,1642.3792496625
13227,21466,21380,4872,24933,1642.38037464375
13228,21466,21380,4848,24923,1642.3814996249998
13229,21466,21380,4824,24914,1642.38262460625
13230,21466,21380,4800,24904,1642.3837495875
13231,21466,21380,4776,24895,1642.3848745687499
13232,21044,20933,5212,25033,1642.386
13233,21044,20933,5190,25029,1642.387124994375
13234,21044,20933,5168,25025,1642.38824998875
13235,21044,20933,5146,25020,1642.389374983125
13236,21044,20933,5124,25016,1642.3904999775
13237,21044,20933,5102,25012,1642.391624971875
13238,21044,20933,5081,25008,1642.39274996625
13239,21044,20933,5059,25004,1642.393874960625
13240,21044,20933,5037,25000,1642.394999955
13241,21044,20933,5015,24996,1642.396124949375
13242,21044,20933,4993,24992,1642.39724994375
13243,21044,20933,4971,24988,1642.398374938125
13244,21044,20933,4949,24984,1642.3994999325
13245,21044,20933,4928,24980,1642.400624926875
13246,21044,20933,4906,24976,1642.40174992125
13247,21044,20933,4884,24972,1642.402874915625
13248,21044,20933,4862,24968,1642.40399991
13249,21044,20933,4840,24963,1642.405124904375
13250,21044,20933,4818,24959,1642.40624989875
13251,21044,20933,4796,24955,1642.407374893125
13252,21044,20933,4775,24951,1642.4084998875
13253,21044,20933,4753,24947,1642.409624881875
13254,21044,20933,4731,24943,1642.41074987625
13255,21044,20933,4709,24939,1642.411874870625
13256,21044,20933,4687,24935,1642.412999865
13257,21044,20933,4665,24931,1642.414124859375
13258,21044,20933,4643,24927,1642.41524985375
13259,21044,20933,4622,24923,1642.416374848125
13260,21044,20933,4600,24919,1642.4174998425
13261,21044,20933,4578,24915,1642.418624836875
13262,21044,20933,4556,24911,1642.41974983125
13263,21044,20933,4534,24906,1642.420874825625
13264,21044,20933,4512,24902,1642.42199982
13265,21044,20933,4490,24898,1642.4231248143751
13266,21044,20933,4469,24894,1642.4242498087501
13267,21044,20933,4447,24890,1642.4253748031251
13268,21044,20933,4425,24886,1642.4264997975001
13269,21044,20933,4403,24882,1642.4276247918751
13270,21044,20933,4381,24878,1642.4287497862501
13271,21044,20933,4359,24874,1642.4298747806251
13272,21044,20933,4337,24870,1642.4309997750001
13273,21044,20933,4316,24866,1642.432124769375
13274,21044,20933,4294,24862,1642.43324976375
13275,21044,20933,4272,24858,1642.434374758125
13276,21044,20933,4250,24854,1642.4354997525
13277,21044,20933,4228,24850,1642.436624746875
13278,21044,20933,4206,24845,1642.43774974125
13279,21044,20933,4184,24841,1642.438874735625
13280,21044,20933,4163,24837,1642.43999973
13281,21044,20933,4141,24833,1642.441124724375
13282,21044,20933,4119,24829,1642.44224971875
13283,21044,20933,4097,24825,1642.443374713125
13284,21044,20933,4075,24821,1642.4444997075
13285,21044,20933,4053,24817,1642.445624701875
13286,21044,20933,4031,24813,1642.44674969625
13287,21044,20933,4010,24809,1642.447874690625
13288,20712,20570,4312,24805,1642.448999685
13289,20712,20570,4293,24801,1642.450124679375
13290,20712,20570,4273,24797,1642.45124967375
13291,20712,20570,4253,24793,1642.452374668125
13292,20712,20570,4234,24788,1642.4534996625
13293,20712,20570,4214,24784,1642.454624656875
13294,20712,20570,4195,24780,1642.45574965125
13295,20712,20570,4175,24776,1642.456874645625
13296,20712,20570,4155,24772,1642.45799964
13297,20712,20570,4136,24768,1642.459124634375
13298,20712,20570,4116,24764,1642.46024962875
13299,20712,20570,4097,24760,1642.461374623125
13300,20712,20570,4077,24756,1642.4624996175
13301,20712,20570,4057,24752,1642.463624611875
13302,20712,20570,4038,24748,1642.46474960625
13303,20712,20570,4018,24744,1642.465874600625
13304,20712,20570,3999,24740,1642.466999595
13305,20712,20570,3979,24736,1642.468124589375
13306,20712,20570,3959,24731,1642.46924958375
13307,20712,20570,3940,24727,1642.470374578125
13308,20712,20570,3920,24723,1642.4714995725
13309,20712,20570,3901,24719,1642.472624566875
13310,20712,20570,3881,24715,1642.47374956125
13311,20712,20570,3862,24711,1642.474874555625
13312,20712,20570,3842,24637,1642.476
13313,20712,20570,3822,24631,1642.4771249929688
13314,20712,20570,3803,24626,1642.4782499859375
13315,20712,20570,3783,24620,1642.4793749789064
13316,20712,20570,3764,24615,1642.4804999718751
13317,20712,20570,3744,24610,1642.4816249648438
13318,20712,20570,3724,24604,1642.4827499578125
13319,20712,20570,3705,24599,1642.4838749507815
13320,20712,20570,3685,24593,1642.4849999437502
13321,20712,20570,3666,24588,1642.4861249367189
13322,20712,20570,3646,24583,1642.4872499296876
13323,20712,20570,3626,24577,1642.4883749226562
13324,20380,20207,3922,24572,1642.4894999156252
13325,20380,20207,3903,24567,1642.4906249085939
13326,20380,20207,3884,24561,1642.4917499015626
13327,20380,20207,3866,24556,1642.4928748945313
13328,20380,20207,3847,24550,1642.4939998875002
13329,20380,20207,3829,24545,1642.495124880469
13330,20380,20207,3810,24540,1642.4962498734376
13331,20380,20207,3792,24534,1642.4973748664063
13332,20380,20207,3773,24529,1642.498499859375
13333,20380,20207,3755,24523,1642.499624852344
13334,20380,20207,3736,24518,1642.5007498453126
13335,20380,20207,3718,24513,1642.5018748382813
13336,20380,20207,3699,24507,1642.50299983125
13337,20380,20207,3680,24502,1642.5041248242187
13338,20380,20207,3662,24496,1642.5052498171876
13339,20380,20207,3643,24491,1642.5063748101563
13340,20380,20207,3625,24486,1642.507499803125
13341,20380,20207,3606,24480,1642.5086247960937
13342,20380,20207,3588,24475,1642.5097497890627
13343,20380,20207,3569,24470,1642.5108747820314
13344,20380,20207,3551,24464,1642.511999775
13345,20380,20207,3532,24459,1642.5131247679687
13346,20380,20207,3514,24453,1642.5142497609374
13347,20380,20207,3495,24448,1642.5153747539064
13348,20380,20207,3476,24443,1642.516499746875
13349,20380,20207,3458,24437,1642.5176247398438
13350,20380,20207,3439,24432,1642.5187497328125
13351,20380,20207,3421,24426,1642.5198747257814
13352,20380,20207,3402,24421,1642.52099971875
13353,20380,20207,3384,24416,1642.5221247117188
13354,20380,20207,3365,24410,1642.5232497046875
13355,20380,20207,3347,24405,1642.5243746976562
13356,20380,20207,3328,24400,1642.525499690625
13357,20380,20207,3310,24394,1642.5266246835938
13358,20380,20207,3291,24389,1642.5277496765625
13359,20380,20207,3272,24383,1642.5288746695312
13360,20380,20207,3254,24378,1642.5299996625
13361,20380,20207,3235,24373,1642.5311246554688
13362,20380,20207,3217,24367,1642.5322496484375
13363,20380,20207,3198,24362,1642.5333746414062
13364,20380,20207,3180,24356,1642.534499634375
13365,20380,20207,3161,24351,1642.5356246273439
13366,20380,20207,3143,24346,1642.5367496203125
13367,20380,20207,3124,24340,1642.5378746132812
13368,20380,20207,3106,24335,1642.53899960625
13369,20380,20207,3087,24330,1642.5401245992186
13370,20380,20207,3069,24324,1642.5412495921876
13371,20380,20207,3050,24319,1642.5423745851563
13372,20380,20207,3031,24313,1642.543499578125
13373,20380,20207,3013,24308,1642.5446245710937
13374,20380,20207,2994,24303,1642.5457495640626
13375,20380,20207,2976,24297,1642.5468745570313
13376,20048,19844,3253,24386,1642.548
13377,20048,19844,3236,24381,1642.5491249919644
13378,20048,19844,3219,24376,1642.5502499839286
13379,20048,19844,3202,24371,1642.551374975893
13380,20048,19844,3185,24366,1642.552499967857
13381,20048,19844,3168,24361,1642.5536249598215
13382,20048,19844,3151,24356,1642.5547499517857
13383,20048,19844,3134,24351,1642.55587494375
13384,20048,19844,3117,24346,1642.5569999357142
13385,20048,19844,3100,24341,1642.5581249276786
13386,20048,19844,3083,24336,1642.559249919643
13387,20048,19844,3066,24331,1642.5603749116071
13388,20048,19844,3049,24326,1642.5614999035715
13389,20048,19844,3031,24321,1642.5626248955357
13390,20048,19844,3014,24316,1642.5637498875
13391,20048,19844,2997,24311,1642.5648748794642
13392,20048,19844,2980,24306,1642.5659998714286
13393,20048,19844,2963,24301,1642.5671248633928
13394,20048,19844,2946,24296,1642.5682498553572
13395,20048,19844,2929,24291,1642.5693748473216
13396,20048,19844,2912,24286,1642.5704998392857
13397,20048,19844,2895,24281,1642.5716248312501
13398,20048,19844,2878,24276,1642.5727498232143
13399,20048,19844,2861,24271,1642.5738748151787
13400,20048,19844,2844,24266,1642.5749998071428
13401,20048,19844,2827,24261,1642.5761247991072
13402,20048,19844,2810,24256,1642.5772497910714
13403,20048,19844,2793,24251,1642.5783747830358
13404,20048,19844,2776,24246,1642.579499775
13405,20048,19844,2759,24241,1642.5806247669643
13406,20048,19844,2742,24236,1642.5817497589287
13407,20048,19844,2725,24231,1642.5828747508929
13408,20048,19844,2708,24226,1642.5839997428573
13409,20048,19844,2691,24221,1642.5851247348214
13410,20048,19844,2674,24216,1642.5862497267858
13411,20048,19844,2657,24211,1642.58737471875
13412,20048,19844,2640,24206,1642.5884997107144
13413,20048,19844,2623,24201,1642.5896247026785
13414,20048,19844,2606,24196,1642.590749694643
13415,20048,19844,2589,24191,1642.5918746866073
13416,19716,19481,2840,24186,1642.5929996785715
13417,19716,19481,2824,24181,1642.5941246705358
13418,19716,19481,2808,24176,1642.5952496625
13419,19716,19481,2792,24172,1642.5963746544644
13420,19716,19481,2775,24167,1642.5974996464286
13421,19716,19481,2759,24162,1642.598624638393
13422,19716,19481,2743,24157,1642.599749630357
13423,19716,19481,2727,24152,1642.6008746223215
13424,19716,19481,2711,24147,1642.601999614286
13425,19716,19481,2695,24142,1642.60312460625
13426,19716,19481,2679,24137,1642.6042495982144
13427,19716,19481,2663,24132,1642.6053745901786
13428,19716,19481,2647,24127,1642.606499582143
13429,19716,19481,2631,24122,1642.6076245741071
13430,19716,19481,2615,24117,1642.6087495660715
13431,19716,19481,2599,24112,1642.6098745580357
13432,19716,19481,2583,24038,1642.611
13433,19716,19481,2567,24024,1642.6121249437501
13434,19716,19481,2550,24011,1642.6132498875002
13435,19716,19481,2534,23997,1642.6143748312502
13436,19716,19481,2518,23983,1642.615499775
13437,19716,19481,2502,23969,1642.61662471875
13438,19716,19481,2502,23956,1642.6177496625
13439,19716,19481,2502,23942,1642.61887460625
13440,19384,19118,10530,25659,1642.62
13441,19384,19118,10530,25659,1642.6211248875
13442,19384,19118,10530,25659,1642.622249775
13443,19384,19118,10530,25659,1642.6233746624998
13444,19384,19118,10354,25583,1642.6245
13445,19384,19118,10354,25583,1642.6256248875
13446,19384,19118,10354,25583,1642.626749775
13447,19384,19118,10354,25583,1642.6278746624998
13448,19384,19118,10176,25508,1642.629
13449,19384,19118,10140,25498,1642.6301249624998
13450,19384,19118,10104,25489,1642.6312499249998
13451,19384,19118,10068,25479,1642.6323748875
13452,19384,19118,10033,25469,1642.63349985
13453,19384,19118,9997,25460,1642.6346248124999
13454,19384,19118,9961,25450,1642.635749775
13455,19384,19118,9925,25440,1642.6368747375
13456,19384,19118,9890,25431,1642.6379997
13457,19384,19118,9854,25421,1642.6391246624999
13458,19384,19118,9818,25412,1642.6402496249998
13459,19384,19118,9782,25402,1642.6413745875
13460,19384,19118,9730,25344,1642.6425
13461,19384,19118,9696,25334,1642.64362498875
13462,19384,19118,9661,25325,1642.6447499775
13463,19384,19118,9627,25315,1642.64587496625
13464,19384,19118,9592,25306,1642.646999955
13465,19384,19118,9558,25296,1642.64812494375
13466,19384,19118,9523,25287,1642.6492499325
13467,19384,19118,9489,25277,1642.65037492125
13468,19384,19118,9432,25268,1642.65149991
13469,19384,19118,9399,25258,1642.65262489875
13470,19384,19118,9365,25249,1642.6537498875
13471,19384,19118,9332,25239,1642.65487487625
13472,19384,19118,9298,25230,1642.655999865
13473,19384,19118,9265,25220,1642.65712485375
13474,19384,19118,9231,25211,1642.6582498425
13475,19384,19118,9198,25201,1642.65937483125
13476,19384,19118,9138,25192,1642.66049982
13477,19384,19118,9138,25182,1642.66162480875
13478,19384,19118,9138,25173,1642.6627497975
13479,19384,19118,9138,25163,1642.66387478625
13480,19384,19118,8976,25154,1642.664999775
13481,19384,19118,8945,25144,1642.6661247637498
13482,19384,19118,8913,25135,1642.6672497524999
13483,19384,19118,8882,25125,1642.6683747412499
13484,19384,19118,8850,25116,1642.6694997299999
13485,19384,19118,8819,25106,1642.6706247187499
13486,19384,19118,8787,25097,1642.6717497074999
13487,19384,19118,8756,25087,1642.67287469625
13488,19384,19118,8691,25078,1642.673999685
13489,19384,19118,8656,25068,1642.67512467375
13490,19384,19118,8621,25059,1642.6762496625
13491,19384,19118,8585,25049,1642.67737465125
13492,19384,19118,8550,25040,1642.67849964
13493,19384,19118,8515,25030,1642.67962462875
13494,19384,19118,8480,25021,1642.6807496175
13495,19384,19118,8444,25011,1642.68187460625
13496,19384,19118,8409,25002,1642.682999595
13497,19384,19118,8374,24992,1642.68412458375
13498,19384,19118,8339,24983,1642.6852495725
13499,19384,19118,8303,24973,1642.68637456125
13500,19052,18755,8884,25146,1642.6875
13501,19052,18755,8851,25141,1642.68862499375
13502,19052,18755,8819,25136,1642.6897499875
13503,19052,18755,8786,25131,1642.69087498125
13504,19052,18755,8753,25126,1642.691999975
13505,19052,18755,8720,25121,1642.69312496875
13506,19052,18755,8687,25116,1642.6942499625
13507,19052,18755,8654,25111,1642.69537495625
13508,19052,18755,8622,25106,1642.69649995
13509,19052,18755,8589,25101,1642.69762494375
13510,19052,18755,8556,25096,1642.6987499375
13511,19052,18755,8523,25091,1642.69987493125
13512,19052,18755,8490,25086,1642.700999925
13513,19052,18755,8457,25081,1642.70212491875
13514,19052,18755,8425,25076,1642.7032499125
13515,19052,18755,8392,25071,1642.70437490625
13516,19052,18755,8359,25066,1642.7054999
13517,19052,18755,8326,25061,1642.70662489375
13518,19052,18755,8293,25056,1642.7077498875
13519,19052,18755,8260,25051,1642.70887488125
13520,19052,18755,8228,25046,1642.709999875
13521,19052,18755,8195,25041,1642.71112486875
13522,19052,18755,8162,25036,1642.7122498625
13523,19052,18755,8129,25031,1642.7133748562499
13524,19052,18755,8096,25026,1642.71449985
13525,19052,18755,8064,25020,1642.71562484375
13526,19052,18755,8031,25015,1642.7167498375
13527,19052,18755,7998,25010,1642.71787483125
13528,19052,18755,7965,25005,1642.7189998249999
13529,19052,18755,7932,25000,1642.72012481875
13530,19052,18755,7899,24995,1642.7212498125
13531,19052,18755,7867,24990,1642.72237480625
13532,19052,18755,7834,24985,1642.7234998
13533,19052,18755,7801,24980,1642.7246247937499
13534,19052,18755,7768,24975,1642.7257497875
13535,19052,18755,7735,24970,1642.72687478125
13536,19052,18755,7702,24965,1642.727999775
13537,19052,18755,7670,24960,1642.72912476875
13538,19052,18755,7637,24955,1642.7302497624999
13539,19052,18755,7604,24950,1642.73137475625
13540,19052,18755,7571,24945,1642.73249975
13541,19052,18755,7538,24940,1642.73362474375
13542,19052,18755,7506,24935,1642.7347497375
13543,19052,18755,7473,24930,1642.7358747312499
13544,19052,18755,7440,24925,1642.736999725
13545,19052,18755,7407,24920,1642.73812471875
13546,19052,18755,7374,24915,1642.7392497125
13547,19052,18755,7341,24910,1642.74037470625
13548,18720,18392,7852,24905,1642.7414996999998
13549,18720,18392,7822,24900,1642.74262469375
13550,18720,18392,7792,24895,1642.7437496875
13551,18720,18392,7762,24890,1642.74487468125
13552,18720,18392,7731,24885,1642.745999675
13553,18720,18392,7701,24880,1642.7471246687498
13554,18720,18392,7671,24875,1642.7482496624998
13555,18720,18392,7641,24870,1642.74937465625
13556,18720,18392,7611,24865,1642.75049965
13557,18720,18392,7580,24860,1642.75162464375
13558,18720,18392,7550,24855,1642.7527496374998
13559,18720,18392,7520,24850,1642.7538746312498
13560,18720,18392,7490,24845,1642.754999625
13561,18720,18392,7460,24840,1642.75612461875
13562,18720,18392,7430,24835,1642.7572496125
13563,18720,18392,7399,24830,1642.7583746062498
13564,18720,18392,7369,24825,1642.7594995999998
13565,18720,18392,7339,24820,1642.76062459375
13566,18720,18392,7309,24815,1642.7617495875
13567,18720,18392,7279,24810,1642.76287458125
13568,18720,18392,7248,24805,1642.7639995749998
13569,18720,18392,7218,24800,1642.7651245687498
13570,18720,18392,7188,24795,1642.7662495625
13571,18720,18392,7158,24790,1642.76737455625
13572,18720,18392,7128,24699,1642.7685
13573,18720,18392,7098,24699,1642.7696248875
13574,18720,18392,7067,24699,1642.7707497749998
13575,18720,18392,7037,24699,1642.7718746624998
13576,18720,18392,7007,24635,1642.773
13577,18720,18392,6977,24626,1642.7741249624999
13578,18720,18392,6947,24616,1642.775249925
13579,18720,18392,6916,24606,1642.7763748875
13580,18720,18392,6886,24597,1642.77749985
13581,18720,18392,6856,24587,1642.7786248124999
13582,18720,18392,6826,24577,1642.7797497749998
13583,18720,18392,6796,24568,1642.7808747375
13584,18720,18392,6766,24558,1642.7819997
13585,18720,18392,6735,24549,1642.7831246624999
13586,18720,18392,6705,24539,1642.784249625
13587,18720,18392,6675,24529,1642.7853745875
13588,18388,18029,7198,24662,1642.7865
13589,18388,18029,7170,24654,1642.7876249897727
13590,18388,18029,7141,24646,1642.7887499795454
13591,18388,18029,7113,24637,1642.7898749693181
13592,18388,18029,7085,24629,1642.7909999590909
13593,18388,18029,7056,24621,1642.7921249488636
13594,18388,18029,7028,24613,1642.7932499386363
13595,18388,18029,6999,24605,1642.794374928409
13596,18388,18029,6971,24597,1642.7954999181818
13597,18388,18029,6943,24589,1642.7966249079545
13598,18388,18029,6914,24581,1642.7977498977273
13599,18388,18029,6886,24573,1642.7988748875
13600,18388,18029,6858,24565,1642.7999998772727
13601,18388,18029,6829,24557,1642.8011248670455
13602,18388,18029,6801,24549,1642.8022498568182
13603,18388,18029,6772,24541,1642.803374846591
13604,18388,18029,6744,24532,1642.8044998363637
13605,18388,18029,6716,24524,1642.8056248261364
13606,18388,18029,6687,24516,1642.8067498159091
13607,18388,18029,6659,24508,1642.8078748056819
13608,18388,18029,6631,24500,1642.8089997954546
13609,18388,18029,6602,24492,1642.8101247852273
13610,18388,18029,6574,24484,1642.8112497749999
13611,18388,18029,6545,24476,1642.8123747647726
13612,18388,18029,6517,24468,1642.8134997545453
13613,18388,18029,6489,24460,1642.814624744318
13614,18388,18029,6460,24452,1642.8157497340908
13615,18388,18029,6432,24444,1642.8168747238635
13616,18388,18029,6404,24436,1642.8179997136363
13617,18388,18029,6375,24427,1642.819124703409
13618,18388,18029,6347,24419,1642.8202496931817
13619,18388,18029,6318,24411,1642.8213746829545
13620,18388,18029,6290,24403,1642.8224996727272
13621,18388,18029,6262,24395,1642.8236246625
13622,18388,18029,6233,24387,1642.8247496522727
13623,18388,18029,6205,24379,1642.8258746420454
13624,18388,18029,6177,24371,1642.8269996318181
13625,18388,18029,6148,24363,1642.8281246215909
13626,18388,18029,6120,24355,1642.8292496113636
13627,18388,18029,6091,24347,1642.8303746011363
13628,18388,18029,6063,24339,1642.831499590909
13629,18388,18029,6035,24331,1642.8326245806818
13630,18388,18029,6006,24322,1642.8337495704545
13631,18388,18029,5978,24314,1642.8348745602273
13632,18056,17666,6424,24449,1642.836
13633,18056,17666,6399,24442,1642.8371249897727
13634,18056,17666,6373,24435,1642.8382499795455
13635,18056,17666,6348,24427,1642.8393749693182
13636,18056,17666,6322,24420,1642.840499959091
13637,18056,17666,6297,24413,1642.8416249488637
13638,18056,17666,6271,24406,1642.8427499386364
13639,18056,17666,6246,24399,1642.8438749284092
13640,18056,17666,6220,24391,1642.8449999181819
13641,18056,17666,6195,24384,1642.8461249079546
13642,18056,17666,6169,24377,1642.8472498977274
13643,18056,17666,6144,24370,1642.8483748875
13644,18056,17666,6118,24362,1642.8494998772728
13645,18056,17666,6093,24355,1642.8506248670456
13646,18056,17666,6067,24348,1642.8517498568183
13647,18056,17666,6042,24341,1642.852874846591
13648,18056,17666,6016,24334,1642.8539998363638
13649,18056,17666,5991,24326,1642.8551248261365
13650,18056,17666,5965,24319,1642.8562498159092
13651,18056,17666,5940,24312,1642.857374805682
13652,18056,17666,5914,24305,1642.8584997954547
13653,18056,17666,5889,24298,1642.8596247852274
13654,18056,17666,5863,24290,1642.860749775
13655,18056,17666,5838,24283,1642.8618747647727
13656,18056,17666,5812,24276,1642.8629997545454
13657,18056,17666,5787,24269,1642.8641247443181
13658,18056,17666,5761,24261,1642.8652497340909
13659,18056,17666,5736,24254,1642.8663747238636
13660,18056,17666,5710,24247,1642.8674997136363
13661,18056,17666,5685,24240,1642.868624703409
13662,18056,17666,5659,24233,1642.8697496931818
13663,18056,17666,5634,24225,1642.8708746829545
13664,18056,17666,5608,24218,1642.8719996727273
13665,18056,17666,5583,24211,1642.8731246625
13666,18056,17666,5557,24204,1642.8742496522727
13667,18056,17666,5532,24196,1642.8753746420455
13668,18056,17666,5506,24189,1642.8764996318182
13669,18056,17666,5481,24182,1642.877624621591
13670,18056,17666,5455,24175,1642.8787496113637
13671,18056,17666,5430,24168,1642.8798746011364
13672,18056,17666,5404,24160,1642.8809995909091
13673,18056,17666,5379,24153,1642.8821245806819
13674,18056,17666,5354,24146,1642.8832495704546
13675,18056,17666,5328,24139,1642.8843745602273
13676,18056,17666,5303,24063,1642.8855
13677,18056,17666,5277,24051,1642.8866249437501
13678,18056,17666,5252,24039,1642.8877498875001
13679,18056,17666,5226,24026,1642.8888748312502
13680,18056,17666,5201,24014,1642.889999775
13681,18056,17666,5175,24002,1642.89112471875
13682,18056,17666,5150,23990,1642.8922496625
13683,18056,17666,5124,23977,1642.89337460625
13684,17721,17300,5562,24095,1642.8945
13685,17721,17300,5539,24086,1642.8956249718751
13686,17721,17300,5516,24076,1642.8967499437501
13687,17721,17300,5493,24066,1642.8978749156252
13688,17721,17300,5470,24057,1642.8989998875
13689,17721,17300,5447,24047,1642.900124859375
13690,17721,17300,5424,24037,1642.90124983125
13691,17721,17300,5401,24028,1642.902374803125
13692,17721,17300,5378,24018,1642.903499775
13693,17721,17300,5355,24008,1642.904624746875
13694,17721,17300,5332,23999,1642.90574971875
13695,17721,17300,5309,23989,1642.906874690625
13696,17721,17300,5286,23979,1642.9079996625
13697,17721,17300,5263,23970,1642.9091246343748
13698,17721,17300,5240,23960,1642.9102496062499
13699,17721,17300,5218,23950,1642.9113745781249
13700,17721,17300,5195,23902,1642.9125
13701,17721,17300,5172,23902,1642.9136248875
13702,17721,17300,5149,23902,1642.914749775
13703,17721,17300,5126,23902,1642.9158746624998
13704,17721,17300,5103,23835,1642.917
13705,17721,17300,5080,23835,1642.9181248875
13706,17721,17300,5057,23835,1642.919249775
13707,17721,17300,5034,23835,1642.9203746624999
13708,17721,17300,5011,23774,1642.9215
13709,17721,17300,4988,23762,1642.922624971875
13710,17721,17300,4965,23750,1642.92374994375
13711,17721,17300,4942,23738,1642.924874915625
13712,17721,17300,4919,23726,1642.9259998875
13713,17721,17300,4896,23714,1642.927124859375
13714,17721,17300,4873,23702,1642.92824983125
13715,17721,17300,4851,23690,1642.929374803125
13716,17721,17300,4828,23678,1642.930499775
13717,17721,17300,4805,23666,1642.9316247468748
13718,17721,17300,4782,23653,1642.9327497187498
13719,17721,17300,4759,23641,1642.9338746906249
13720,17721,17300,4736,23629,1642.9349996624999
13721,17721,17300,4713,23617,1642.936124634375
13722,17721,17300,4690,23605,1642.93724960625
13723,17721,17300,4667,23593,1642.938374578125
13724,17721,17300,4644,23552,1642.9395
13725,17721,17300,4621,23546,1642.9406249906249
13726,17721,17300,4598,23541,1642.94174998125
13727,17721,17300,4575,23536,1642.942874971875
13728,17721,17300,4552,23531,1642.9439999625
13729,17721,17300,4529,23526,1642.945124953125
13730,17721,17300,4506,23521,1642.94624994375
13731,17721,17300,4483,23516,1642.947374934375
13732,17721,17300,4461,23510,1642.9484999249999
13733,17721,17300,4438,23505,1642.949624915625
13734,17721,17300,4415,23500,1642.95074990625
13735,17721,17300,4392,23495,1642.9518748968749
13736,17418,16972,4729,23490,1642.9529998875
13737,17418,16972,4708,23485,1642.954124878125
13738,17418,16972,4687,23480,1642.95524986875
13739,17418,16972,4667,23474,1642.956374859375
13740,17418,16972,4646,23469,1642.95749985
13741,17418,16972,4625,23464,1642.958624840625
13742,17418,16972,4605,23459,1642.95974983125
13743,17418,16972,4584,23454,1642.960874821875
13744,17418,16972,4563,23449,1642.9619998125
13745,17418,16972,4542,23443,1642.963124803125
13746,17418,16972,4522,23438,1642.96424979375
13747,17418,16972,4501,23433,1642.965374784375
13748,17418,16972,4480,23428,1642.966499775
13749,17418,16972,4459,23423,1642.967624765625
13750,17418,16972,4439,23418,1642.96874975625
13751,17418,16972,4418,23413,1642.969874746875
13752,17418,16972,4397,23407,1642.9709997375
13753,17418,16972,4376,23402,1642.972124728125
13754,17418,16972,4356,23397,1642.97324971875
13755,17418,16972,4335,23392,1642.974374709375
13756,17418,16972,4314,23387,1642.9754997
13757,17418,16972,4293,23382,1642.976624690625
13758,17418,16972,4273,23377,1642.97774968125
13759,17418,16972,4252,23371,1642.978874671875
13760,17418,16972,4231,23366,1642.9799996625
13761,17418,16972,4210,23361,1642.981124653125
13762,17418,16972,4190,23356,1642.98224964375
13763,17418,16972,4169,23351,1642.983374634375
13764,17418,16972,4148,23346,1642.984499625
13765,17418,16972,4127,23341,1642.985624615625
13766,17418,16972,4107,23335,1642.98674960625
13767,17418,16972,4086,23330,1642.987874596875
13768,17418,16972,4065,23325,1642.9889995875
13769,17418,16972,4045,23320,1642.990124578125
13770,17418,16972,4024,23315,1642.99124956875
13771,17418,16972,4003,23310,1642.992374559375
13772,17115,16644,4310,23411,1642.9935
13773,17115,16644,4291,23405,1642.9946249956731
13774,17115,16644,4272,23399,1642.9957499913462
13775,17115,16644,4252,23393,1642.9968749870193
13776,17115,16644,4233,23387,1642.9979999826924
13777,17115,16644,4213,23382,1642.9991249783654
13778,17115,16644,4194,23376,1643.0002499740385
13779,17115,16644,4175,23370,1643.0013749697116
13780,17115,16644,4155,23364,1643.0024999653847
13781,17115,16644,4136,23358,1643.0036249610578
13782,17115,16644,4117,23353,1643.0047499567308
13783,17115,16644,4097,23347,1643.005874952404
13784,17115,16644,4078,23341,1643.006999948077
13785,17115,16644,4059,23335,1643.00812494375
13786,17115,16644,4039,23329,1643.0092499394232
13787,17115,16644,4020,23324,1643.0103749350963
13788,17115,16644,4000,23318,1643.0114999307693
13789,17115,16644,3981,23312,1643.0126249264424
13790,17115,16644,3962,23306,1643.0137499221155
13791,17115,16644,3942,23301,1643.0148749177886
13792,17115,16644,3923,23295,1643.0159999134617
13793,17115,16644,3904,23289,1643.0171249091347
13794,17115,16644,3884,23283,1643.0182499048078
13795,17115,16644,3865,23277,1643.019374900481
13796,17115,16644,3846,23272,1643.020499896154
13797,17115,16644,3826,23266,1643.021624891827
13798,17115,16644,3807,23260,1643.0227498875001
13799,17115,16644,3787,23254,1643.023874883173
13800,17115,16644,3768,23248,1643.024999878846
13801,17115,16644,3749,23243,1643.0261248745192
13802,17115,16644,3729,23237,1643.0272498701922
13803,17115,16644,3710,23231,1643.0283748658653
13804,17115,16644,3691,23225,1643.0294998615384
13805,17115,16644,3671,23219,1643.0306248572115
13806,17115,16644,3652,23214,1643.0317498528846
13807,17115,16644,3633,23208,1643.0328748485576
13808,17115,16644,3613,23202,1643.0339998442307
13809,17115,16644,3594,23196,1643.0351248399038
13810,17115,16644,3574,23190,1643.0362498355769
13811,17115,16644,3555,23185,1643.03737483125
13812,17115,16644,3536,23179,1643.038499826923
13813,17115,16644,3516,23173,1643.0396248225961
13814,17115,16644,3497,23167,1643.0407498182692
13815,17115,16644,3478,23161,1643.0418748139423
13816,17115,16644,3458,23156,1643.0429998096154
13817,17115,16644,3439,23150,1643.0441248052884
13818,17115,16644,3420,23144,1643.0452498009615
13819,17115,16644,3400,23138,1643.0463747966346
13820,17115,16644,3381,23132,1643.0474997923077
13821,17115,16644,3361,23127,1643.0486247879808
13822,17115,16644,3342,23121,1643.0497497836539
13823,17115,16644,3323,23115,1643.050874779327
13824,16812,16316,3616,23109,1643.051999775
13825,16812,16316,3598,23103,1643.053124770673
13826,16812,16316,3580,23098,1643.0542497663462
13827,16812,16316,3562,23092,1643.0553747620193
13828,16812,16316,3545,23086,1643.0564997576923
13829,16812,16316,3527,23080,1643.0576247533654
13830,16812,16316,3509,23074,1643.0587497490385
13831,16812,16316,3491,23069,1643.0598747447116
13832,16812,16316,3473,23063,1643.0609997403847
13833,16812,16316,3455,23057,1643.0621247360577
13834,16812,16316,3437,23051,1643.0632497317308
13835,16812,16316,3419,23045,1643.064374727404
13836,16812,16316,3401,23040,1643.065499723077
13837,16812,16316,3383,23034,1643.06662471875
13838,16812,16316,3365,23028,1643.0677497144231
13839,16812,16316,3347,23022,1643.0688747100962
13840,16812,16316,3329,23016,1643.0699997057693
13841,16812,16316,3311,23011,1643.0711247014424
13842,16812,16316,3293,23005,1643.0722496971155
13843,16812,16316,3276,22999,1643.0733746927885
13844,16812,16316,3258,22993,1643.0744996884616
13845,16812,16316,3240,22987,1643.0756246841347
13846,16812,16316,3222,22982,1643.0767496798078
13847,16812,16316,3204,22976,1643.0778746754809
13848,16812,16316,3186,22970,1643.078999671154
13849,16812,16316,3168,22964,1643.080124666827
13850,16812,16316,3150,22958,1643.0812496624999
13851,16812,16316,3132,22953,1643.082374658173
13852,16812,16316,3114,22947,1643.083499653846
13853,16812,16316,3096,22941,1643.0846246495191
13854,16812,16316,3078,22935,1643.0857496451922
13855,16812,16316,3060,22929,1643.0868746408653
13856,16812,16316,3042,22924,1643.0879996365384
13857,16812,16316,3024,22918,1643.0891246322115
13858,16812,16316,3007,22912,1643.0902496278845
13859,16812,16316,2989,22906,1643.0913746235576
13860,16812,16316,2971,22900,1643.0924996192307
13861,16812,16316,2953,22895,1643.0936246149038
13862,16812,16316,2935,22889,1643.0947496105769
13863,16812,16316,2917,22883,1643.09587460625
13864,16812,16316,2899,22877,1643.096999601923
13865,16812,16316,2881,22871,1643.098124597596
13866,16812,16316,2863,22866,1643.0992495932692
13867,16812,16316,2845,22860,1643.1003745889423
13868,16812,16316,2827,22854,1643.1014995846153
13869,16812,16316,2809,22848,1643.1026245802884
13870,16812,16316,2791,22842,1643.1037495759615
13871,16812,16316,2773,22837,1643.1048745716346
13872,16812,16316,2755,22831,1643.1059995673077
13873,16812,16316,2738,22825,1643.1071245629807
13874,16812,16316,2720,22819,1643.1082495586538
13875,16812,16316,2702,22813,1643.109374554327
13876,16509,15988,2977,22918,1643.1105
13877,16509,15988,2961,22916,1643.1116249859374
13878,16509,15988,2945,22915,1643.112749971875
13879,16509,15988,2928,22914,1643.1138749578124
13880,16509,15988,2912,22913,1643.11499994375
13881,16509,15988,2896,22912,1643.1161249296874
13882,16509,15988,2879,22911,1643.117249915625
13883,16509,15988,2863,22910,1643.1183749015624
13884,16509,15988,2847,22909,1643.1194998875
13885,16509,15988,2830,22908,1643.1206248734375
13886,16509,15988,2814,22907,1643.121749859375
13887,16509,15988,2798,22906,1643.1228748453125
13888,16509,15988,2781,22905,1643.12399983125
13889,16509,15988,2765,22904,1643.1251248171875
13890,16509,15988,2749,22903,1643.1262498031251
13891,16509,15988,2732,22902,1643.1273747890625
13892,16509,15988,2716,22901,1643.128499775
13893,16509,15988,2700,22900,1643.1296247609375
13894,16509,15988,2683,22899,1643.130749746875
13895,16509,15988,2667,22898,1643.1318747328125
13896,16509,15988,2651,22897,1643.13299971875
13897,16509,15988,2634,22896,1643.1341247046876
13898,16509,15988,2618,22895,1643.135249690625
13899,16509,15988,2602,22894,1643.1363746765626
13900,16509,15988,2585,22893,1643.1374996625
13901,16509,15988,2569,22892,1643.1386246484376
13902,16509,15988,2553,22891,1643.139749634375
13903,16509,15988,2536,22890,1643.1408746203126
13904,16509,15988,2520,22889,1643.14199960625
13905,16509,15988,2504,22888,1643.1431245921876
13906,16509,15988,2504,22887,1643.144249578125
13907,16509,15988,2504,22886,1643.1453745640626
13908,16206,15660,10648,24450,1643.1465
13909,16206,15660,10648,24441,1643.1476249875
13910,16206,15660,10648,24433,1643.148749975
13911,16206,15660,10648,24424,1643.1498749625
13912,16206,15660,10482,24415,1643.1509999500001
13913,16206,15660,10482,24406,1643.1521249375
13914,16206,15660,10482,24397,1643.153249925
13915,16206,15660,10482,24388,1643.1543749125
13916,16206,15660,10322,24380,1643.1554999
13917,16206,15660,10322,24371,1643.1566248875001
13918,16206,15660,10322,24362,1643.157749875
13919,16206,15660,10322,24353,1643.1588748625
13920,16206,15660,10160,24344,1643.15999985
13921,16206,15660,10160,24336,1643.1611248375
13922,16206,15660,10160,24327,1643.162249825
13923,16206,15660,10160,24318,1643.1633748125
13924,16206,15660,10000,24309,1643.1644998
13925,16206,15660,9965,24300,1643.1656247875
13926,16206,15660,9929,24291,1643.166749775
13927,16206,15660,9894,24283,1643.1678747624999
13928,16206,15660,9858,24274,1643.16899975
13929,16206,15660,9823,24265,1643.1701247375
13930,16206,15660,9787,24256,1643.171249725
13931,16206,15660,9752,24247,1643.1723747125
13932,16206,15660,9698,24239,1643.1734996999999
13933,16206,15660,9698,24230,1643.1746246875
13934,16206,15660,9698,24221,1643.175749675
13935,16206,15660,9698,24212,1643.1768746625
13936,16206,15660,9544,24203,1643.17799965
13937,16206,15660,9511,24194,1643.1791246374999
13938,16206,15660,9477,24186,1643.180249625
13939,16206,15660,9444,24177,1643.1813746125
13940,16206,15660,9410,24168,1643.1824995999998
13941,16206,15660,9377,24159,1643.1836245875
13942,16206,15660,9343,24150,1643.1847495749998
13943,16206,15660,9310,24142,1643.1858745625
13944,16206,15660,9250,24079,1643.187
13945,16206,15660,9214,24079,1643.1881248875
13946,16206,15660,9177,24079,1643.189249775
13947,16206,15660,9141,24079,1643.1903746624998
13948,16206,15660,9104,24015,1643.1915
13949,16206,15660,9068,24001,1643.19262494375
13950,16206,15660,9031,23986,1643.1937498875
13951,16206,15660,8995,23972,1643.19487483125
13952,16206,15660,8944,23957,1643.195999775
13953,16206,15660,8944,23943,1643.1971247187498
13954,16206,15660,8944,23928,1643.1982496624998
13955,16206,15660,8944,23914,1643.1993746062499
13956,15903,15332,9432,24032,1643.2005
13957,15903,15332,9402,24020,1643.201624971875
13958,15903,15332,9372,24007,1643.20274994375
13959,15903,15332,9342,23995,1643.203874915625
13960,15903,15332,9312,23983,1643.2049998875
13961,15903,15332,9282,23971,1643.206124859375
13962,15903,15332,9252,23959,1643.20724983125
13963,15903,15332,9222,23946,1643.208374803125
13964,15903,15332,9192,23934,1643.209499775
13965,15903,15332,9162,23922,1643.2106247468748
13966,15903,15332,9132,23910,1643.2117497187498
13967,15903,15332,9102,23898,1643.2128746906249
13968,15903,15332,9072,23885,1643.2139996624999
13969,15903,15332,9042,23873,1643.215124634375
13970,15903,15332,9012,23861,1643.21624960625
13971,15903,15332,8982,23849,1643.217374578125
13972,15903,15332,8918,23811,1643.2185
13973,15903,15332,8886,23799,1643.2196249775
13974,15903,15332,8854,23788,1643.220749955
13975,15903,15332,8822,23777,1643.2218749325
13976,15903,15332,8791,23765,1643.22299991
13977,15903,15332,8759,23754,1643.2241248875
13978,15903,15332,8727,23743,1643.225249865
13979,15903,15332,8695,23732,1643.2263748425
13980,15903,15332,8664,23720,1643.22749982
13981,15903,15332,8632,23709,1643.2286247975
13982,15903,15332,8600,23698,1643.229749775
13983,15903,15332,8568,23686,1643.2308747524999
13984,15903,15332,8504,23675,1643.2319997299999
13985,15903,15332,8471,23664,1643.2331247074999
13986,15903,15332,8437,23652,1643.234249685
13987,15903,15332,8404,23641,1643.2353746625
13988,15903,15332,8370,23630,1643.23649964
13989,15903,15332,8337,23619,1643.2376246175
13990,15903,15332,8303,23607,1643.238749595
13991,15903,15332,8270,23596,1643.2398745725
13992,15903,15332,8215,23551,1643.241
13993,15903,15332,8183,23542,1643.2421249625
13994,15903,15332,8151,23533,1643.2432499249999
13995,15903,15332,8118,23524,1643.2443748875
13996,15903,15332,8086,23514,1643.24549985
13997,15903,15332,8054,23505,1643.2466248125
13998,15903,15332,8022,23496,1643.247749775
13999,15903,15332,7989,23487,1643.2488747375
14000,15903,15332,7957,23477,1643.2499997
14001,15903,15332,7925,23468,1643.2511246625
14002,15903,15332,7893,23459,1643.2522496249999
14003,15903,15332,7860,23450,1643.2533745875
14004,15600,15004,8452,23601,1643.2545
14005,15600,15004,8421,23594,1643.2556249913462
14006,15600,15004,8389,23588,1643.2567499826923
14007,15600,15004,8357,23581,1643.2578749740385
14008,15600,15004,8325,23575,1643.2589999653846
14009,15600,15004,8294,23568,1643.2601249567308
14010,15600,15004,8262,23562,1643.261249948077
14011,15600,15004,8230,23555,1643.2623749394231
14012,15600,15004,8199,23549,1643.2634999307693
14013,15600,15004,8167,23542,1643.2646249221154
14014,15600,15004,8135,23536,1643.2657499134616
14015,15600,15004,8103,23529,1643.2668749048078
14016,15600,15004,8072,23523,1643.267999896154
14017,15600,15004,8040,23516,1643.2691248875
14018,15600,15004,8008,23510,1643.2702498788462
14019,15600,15004,7976,23503,1643.2713748701924
14020,15600,15004,7945,23497,1643.2724998615386
14021,15600,15004,7913,23490,1643.2736248528847
14022,15600,15004,7881,23484,1643.2747498442309
14023,15600,15004,7850,23477,1643.275874835577
14024,15600,15004,7818,23471,1643.2769998269232
14025,15600,15004,7786,23464,1643.2781248182694
14026,15600,15004,7754,23458,1643.2792498096155
14027,15600,15004,7723,23451,1643.2803748009617
14028,15600,15004,7691,23445,1643.2814997923078
14029,15600,15004,7659,23439,1643.282624783654
14030,15600,15004,7627,23432,1643.2837497750002
14031,15600,15004,7596,23426,1643.284874766346
14032,15600,15004,7564,23419,1643.2859997576923
14033,15600,15004,7532,23413,1643.2871247490384
14034,15600,15004,7501,23406,1643.2882497403846
14035,15600,15004,7469,23400,1643.2893747317307
14036,15600,15004,7437,23393,1643.290499723077
14037,15600,15004,7405,23387,1643.291624714423
14038,15600,15004,7374,23380,1643.2927497057692
14039,15600,15004,7342,23374,1643.2938746971154
14040,15600,15004,7310,23367,1643.2949996884615
14041,15600,15004,7278,23361,1643.2961246798077
14042,15600,15004,7247,23354,1643.2972496711538
14043,15600,15004,7215,23348,1643.2983746625
14044,15600,15004,7183,23341,1643.2994996538462
14045,15600,15004,7152,23335,1643.3006246451923
14046,15600,15004,7120,23328,1643.3017496365385
14047,15600,15004,7088,23322,1643.3028746278846
14048,15600,15004,7056,23315,1643.3039996192308
14049,15600,15004,7025,23309,1643.305124610577
14050,15600,15004,6993,23302,1643.3062496019231
14051,15600,15004,6961,23296,1643.3073745932693
14052,15600,15004,6929,23289,1643.3084995846154
14053,15600,15004,6898,23283,1643.3096245759616
14054,15600,15004,6866,23276,1643.3107495673078
14055,15600,15004,6834,23270,1643.311874558654
14056,15297,14676,7368,23411,1643.313
14057,15297,14676,7340,23401,1643.3141249913463
14058,15297,14676,7312,23391,1643.3152499826924
14059,15297,14676,7284,23381,1643.3163749740386
14060,15297,14676,7256,23371,1643.3174999653847
14061,15297,14676,7228,23361,1643.318624956731
14062,15297,14676,7200,23351,1643.319749948077
14063,15297,14676,7172,23341,1643.3208749394232
14064,15297,14676,7144,23331,1643.3219999307694
14065,15297,14676,7116,23321,1643.3231249221155
14066,15297,14676,7088,23311,1643.3242499134617
14067,15297,14676,7060,23301,1643.3253749048079
14068,15297,14676,7031,23291,1643.326499896154
14069,15297,14676,7003,23281,1643.3276248875
14070,15297,14676,6975,23271,1643.328749878846
14071,15297,14676,6947,23261,1643.3298748701923
14072,15297,14676,6919,23251,1643.3309998615384
14073,15297,14676,6891,23241,1643.3321248528846
14074,15297,14676,6863,23231,1643.3332498442307
14075,15297,14676,6835,23221,1643.334374835577
14076,15297,14676,6807,23211,1643.335499826923
14077,15297,14676,6779,23201,1643.3366248182692
14078,15297,14676,6751,23191,1643.3377498096154
14079,15297,14676,6723,23181,1643.3388748009615
14080,15297,14676,6695,23171,1643.3399997923077
14081,15297,14676,6667,23161,1643.3411247836539
14082,15297,14676,6639,23151,1643.342249775
14083,15297,14676,6611,23141,1643.3433747663462
14084,15297,14676,6583,23131,1643.3444997576923
14085,15297,14676,6554,23121,1643.3456247490385
14086,15297,14676,6526,23111,1643.3467497403847
14087,15297,14676,6498,23101,1643.3478747317308
14088,15297,14676,6470,23091,1643.348999723077
14089,15297,14676,6442,23081,1643.3501247144231
14090,15297,14676,6414,23071,1643.3512497057693
14091,15297,14676,6386,23061,1643.3523746971155
14092,15297,14676,6358,23051,1643.3534996884616
14093,15297,14676,6330,23041,1643.3546246798078
14094,15297,14676,6302,23031,1643.355749671154
14095,15297,14676,6274,23021,1643.3568746625
14096,15297,14676,6246,23011,1643.357999653846
14097,15297,14676,6218,23001,1643.3591246451922
14098,15297,14676,6190,22991,1643.3602496365384
14099,15297,14676,6162,22981,1643.3613746278845
14100,15297,14676,6134,22971,1643.3624996192307
14101,15297,14676,6106,22961,1643.3636246105768
14102,15297,14676,6077,22951,1643.364749601923
14103,15297,14676,6049,22941,1643.3658745932692
14104,15297,14676,6021,22931,1643.3669995846153
14105,15297,14676,5993,22921,1643.3681245759615
14106,15297,14676,5965,22911,1643.3692495673076
14107,15297,14676,5937,22901,1643.3703745586538
14108,14994,14348,6419,23015,1643.3715
14109,14994,14348,6393,23011,1643.3726249913461
14110,14994,14348,6368,23006,1643.3737499826923
14111,14994,14348,6342,23002,1643.3748749740384
14112,14994,14348,6316,22997,1643.3759999653846
14113,14994,14348,6290,22992,1643.3771249567308
14114,14994,14348,6264,22988,1643.378249948077
14115,14994,14348,6238,22983,1643.379374939423
14116,14994,14348,6212,22979,1643.3804999307692
14117,14994,14348,6187,22974,1643.3816249221154
14118,14994,14348,6161,22970,1643.3827499134616
14119,14994,14348,6135,22965,1643.3838749048077
14120,14994,14348,6109,22961,1643.3849998961539
14121,14994,14348,6083,22956,1643.3861248875
14122,14994,14348,6057,22951,1643.3872498788462
14123,14994,14348,6032,22947,1643.3883748701924
14124,14994,14348,6006,22942,1643.3894998615385
14125,14994,14348,5980,22938,1643.3906248528847
14126,14994,14348,5954,22933,1643.3917498442308
14127,14994,14348,5928,22929,1643.392874835577
14128,14994,14348,5902,22924,1643.3939998269232
14129,14994,14348,5876,22920,1643.3951248182693
14130,14994,14348,5851,22915,1643.3962498096155
14131,14994,14348,5825,22910,1643.3973748009616
14132,14994,14348,5799,22906,1643.3984997923078
14133,14994,14348,5773,22901,1643.399624783654
14134,14994,14348,5747,22897,1643.400749775
14135,14994,14348,5721,22892,1643.401874766346
14136,14994,14348,5696,22888,1643.4029997576922
14137,14994,14348,5670,22883,1643.4041247490384
14138,14994,14348,5644,22878,1643.4052497403845
14139,14994,14348,5618,22874,1643.4063747317307
14140,14994,14348,5592,22869,1643.4074997230769
14141,14994,14348,5566,22865,1643.408624714423
14142,14994,14348,5540,22860,1643.4097497057692
14143,14994,14348,5515,22856,1643.4108746971153
14144,14994,14348,5489,22851,1643.4119996884615
14145,14994,14348,5463,22847,1643.4131246798077
14146,14994,14348,5437,22842,1643.4142496711538
14147,14994,14348,5411,22837,1643.4153746625
14148,14994,14348,5385,22833,1643.4164996538461
14149,14994,14348,5360,22828,1643.4176246451923
14150,14994,14348,5334,22824,1643.4187496365385
14151,14994,14348,5308,22819,1643.4198746278846
14152,14994,14348,5282,22815,1643.4209996192308
14153,14994,14348,5256,22810,1643.422124610577
14154,14994,14348,5230,22806,1643.423249601923
14155,14994,14348,5204,22801,1643.4243745932692
14156,14994,14348,5179,22796,1643.4254995846154
14157,14994,14348,5153,22792,1643.4266245759616
14158,14994,14348,5127,22787,1643.4277495673077
14159,14994,14348,5101,22783,1643.428874558654
14160,14683,14013,5564,22992,1643.43
14161,14683,14013,5541,22983,1643.431124990625
14162,14683,14013,5518,22975,1643.4322499812502
14163,14683,14013,5494,22966,1643.433374971875
14164,14683,14013,5471,22958,1643.4344999625
14165,14683,14013,5448,22949,1643.435624953125
14166,14683,14013,5425,22941,1643.43674994375
14167,14683,14013,5401,22932,1643.437874934375
14168,14683,14013,5378,22924,1643.438999925
14169,14683,14013,5355,22915,1643.4401249156251
14170,14683,14013,5331,22907,1643.44124990625
14171,14683,14013,5308,22898,1643.442374896875
14172,14683,14013,5285,22890,1643.4434998875
14173,14683,14013,5261,22881,1643.444624878125
14174,14683,14013,5238,22873,1643.44574986875
14175,14683,14013,5215,22865,1643.446874859375
14176,14683,14013,5191,22856,1643.44799985
14177,14683,14013,5168,22848,1643.449124840625
14178,14683,14013,5145,22839,1643.45024983125
14179,14683,14013,5121,22831,1643.451374821875
14180,14683,14013,5098,22822,1643.4524998125
14181,14683,14013,5075,22814,1643.453624803125
14182,14683,14013,5052,22805,1643.45474979375
14183,14683,14013,5028,22797,1643.455874784375
14184,14683,14013,5005,22788,1643.456999775
14185,14683,14013,4982,22780,1643.458124765625
14186,14683,14013,4958,22771,1643.45924975625
14187,14683,14013,4935,22763,1643.460374746875
14188,14683,14013,4912,22754,1643.4614997375
14189,14683,14013,4888,22746,1643.4626247281249
14190,14683,14013,4865,22738,1643.46374971875
14191,14683,14013,4842,22729,1643.464874709375
14192,14683,14013,4818,22721,1643.4659996999999
14193,14683,14013,4795,22712,1643.467124690625
14194,14683,14013,4772,22704,1643.46824968125
14195,14683,14013,4748,22695,1643.469374671875
14196,14683,14013,4725,22687,1643.4704996625
14197,14683,14013,4702,22678,1643.471624653125
14198,14683,14013,4679,22670,1643.47274964375
14199,14683,14013,4655,22661,1643.4738746343749
14200,14683,14013,4632,22653,1643.474999625
14201,14683,14013,4609,22644,1643.476124615625
14202,14683,14013,4585,22636,1643.4772496062499
14203,14683,14013,4562,22627,1643.478374596875
14204,14683,14013,4539,22619,1643.4794995875
14205,14683,14013,4515,22610,1643.480624578125
14206,14683,14013,4492,22602,1643.4817495687498
14207,14683,14013,4469,22594,1643.482874559375
14208,14683,14013,4445,22580,1643.484
14209,14683,14013,4422,22570,1643.4851249859373
14210,14683,14013,4399,22561,1643.486249971875
14211,14683,14013,4375,22552,1643.4873749578123
14212,14408,13719,4735,22542,1643.48849994375
14213,14408,13719,4714,22533,1643.4896249296874
14214,14408,13719,4693,22523,1643.490749915625
14215,14408,13719,4672,22514,1643.4918749015624
14216,14408,13719,4651,22505,1643.4929998875
14217,14408,13719,4630,22495,1643.4941248734374
14218,14408,13719,4609,22486,1643.495249859375
14219,14408,13719,4588,22476,1643.4963748453124
14220,14408,13719,4567,22467,1643.49749983125
14221,14408,13719,4546,22458,1643.4986248171874
14222,14408,13719,4525,22448,1643.499749803125
14223,14408,13719,4504,22439,1643.5008747890624
14224,14408,13719,4483,22429,1643.501999775
14225,14408,13719,4462,22420,1643.5031247609375
14226,14408,13719,4441,22411,1643.5042497468748
14227,14408,13719,4420,22401,1643.5053747328125
14228,14408,13719,4399,22392,1643.5064997187499
14229,14408,13719,4378,22383,1643.5076247046875
14230,14408,13719,4357,22373,1643.5087496906249
14231,14408,13719,4336,22364,1643.5098746765625
14232,14408,13719,4315,22354,1643.5109996625
14233,14408,13719,4294,22345,1643.5121246484375
14234,14408,13719,4273,22336,1643.513249634375
14235,14408,13719,4252,22326,1643.5143746203125
14236,14408,13719,4231,22317,1643.51549960625
14237,14408,13719,4210,22307,1643.5166245921876
14238,14408,13719,4189,22298,1643.517749578125
14239,14408,13719,4168,22289,1643.5188745640626
14240,14408,13719,4147,22238,1643.52
14241,14408,13719,4126,22231,1643.521124971875
14242,14408,13719,4105,22223,1643.52224994375
14243,14408,13719,4084,22216,1643.523374915625
14244,14408,13719,4063,22208,1643.5244998875
14245,14408,13719,4042,22201,1643.525624859375
14246,14408,13719,4021,22193,1643.52674983125
14247,14408,13719,4000,22186,1643.527874803125
14248,14408,13719,3978,22178,1643.528999775
14249,14408,13719,3957,22171,1643.530124746875
14250,14408,13719,3936,22163,1643.53124971875
14251,14408,13719,3915,22156,1643.532374690625
14252,14408,13719,3894,22148,1643.5334996625
14253,14408,13719,3873,22141,1643.534624634375
14254,14408,13719,3852,22133,1643.53574960625
14255,14408,13719,3831,22126,1643.536874578125
14256,14133,13425,4162,22212,1643.538
14257,14133,13425,4143,22206,1643.5391249897727
14258,14133,13425,4123,22200,1643.5402499795455
14259,14133,13425,4104,22194,1643.5413749693182
14260,14133,13425,4085,22188,1643.542499959091
14261,14133,13425,4065,22182,1643.5436249488637
14262,14133,13425,4046,22176,1643.5447499386364
14263,14133,13425,4026,22170,1643.5458749284091
14264,14133,13425,4007,22164,1643.5469999181819
14265,14133,13425,3988,22158,1643.5481249079546
14266,14133,13425,3968,22151,1643.5492498977273
14267,14133,13425,3949,22145,1643.5503748875
14268,14133,13425,3929,22139,1643.5514998772728
14269,14133,13425,3910,22133,1643.5526248670456
14270,14133,13425,3891,22127,1643.5537498568183
14271,14133,13425,3871,22121,1643.554874846591
14272,14133,13425,3852,22115,1643.5559998363638
14273,14133,13425,3832,22109,1643.5571248261365
14274,14133,13425,3813,22103,1643.5582498159092
14275,14133,13425,3794,22097,1643.559374805682
14276,14133,13425,3774,22091,1643.5604997954547
14277,14133,13425,3755,22085,1643.5616247852274
14278,14133,13425,3735,22079,1643.5627497750002
14279,14133,13425,3716,22073,1643.5638747647727
14280,14133,13425,3697,22067,1643.5649997545454
14281,14133,13425,3677,22061,1643.5661247443181
14282,14133,13425,3658,22055,1643.5672497340909
14283,14133,13425,3638,22049,1643.5683747238636
14284,14133,13425,3619,22042,1643.5694997136363
14285,14133,13425,3600,22036,1643.570624703409
14286,14133,13425,3580,22030,1643.5717496931818
14287,14133,13425,3561,22024,1643.5728746829545
14288,14133,13425,3541,22018,1643.5739996727273
14289,14133,13425,3522,22012,1643.5751246625
14290,14133,13425,3503,22006,1643.5762496522727
14291,14133,13425,3483,22000,1643.5773746420455
14292,14133,13425,3464,21994,1643.5784996318182
14293,14133,13425,3444,21988,1643.579624621591
14294,14133,13425,3425,21982,1643.5807496113637
14295,14133,13425,3406,21976,1643.5818746011364
14296,14133,13425,3386,21970,1643.5829995909091
14297,14133,13425,3367,21964,1643.5841245806819
14298,14133,13425,3347,21958,1643.5852495704546
14299,14133,13425,3328,21952,1643.5863745602273
14300,13858,13131,3632,22036,1643.5875
14301,13858,13131,3614,22029,1643.588624994643
14302,13858,13131,3596,22023,1643.5897499892858
14303,13858,13131,3578,22016,1643.5908749839286
14304,13858,13131,3560,22010,1643.5919999785715
14305,13858,13131,3542,22003,1643.5931249732143
14306,13858,13131,3524,21997,1643.5942499678572
14307,13858,13131,3506,21990,1643.5953749625
14308,13858,13131,3488,21983,1643.596499957143
14309,13858,13131,3470,21977,1643.5976249517857
14310,13858,13131,3452,21970,1643.5987499464286
14311,13858,13131,3434,21964,1643.5998749410714
14312,13858,13131,3416,21957,1643.6009999357143
14313,13858,13131,3398,21951,1643.6021249303571
14314,13858,13131,3381,21944,1643.603249925
14315,13858,13131,3363,21938,1643.6043749196429
14316,13858,13131,3345,21931,1643.6054999142857
14317,13858,13131,3327,21925,1643.6066249089286
14318,13858,13131,3309,21918,1643.6077499035714
14319,13858,13131,3291,21912,1643.6088748982143
14320,13858,13131,3273,21905,1643.609999892857
14321,13858,13131,3255,21898,1643.6111248875
14322,13858,13131,3237,21892,1643.612249882143
14323,13858,13131,3219,21885,1643.6133748767859
14324,13858,13131,3201,21879,1643.6144998714287
14325,13858,13131,3183,21872,1643.6156248660716
14326,13858,13131,3165,21866,1643.6167498607144
14327,13858,13131,3147,21859,1643.6178748553573
14328,13858,13131,3130,21853,1643.6189998500001
14329,13858,13131,3112,21846,1643.620124844643
14330,13858,13131,3094,21840,1643.6212498392858
14331,13858,13131,3076,21833,1643.6223748339287
14332,13858,13131,3058,21827,1643.6234998285715
14333,13858,13131,3040,21820,1643.6246248232144
14334,13858,13131,3022,21813,1643.6257498178572
14335,13858,13131,3004,21807,1643.6268748125
14336,13858,13131,2986,21800,1643.627999807143
14337,13858,13131,2968,21794,1643.6291248017858
14338,13858,13131,2950,21787,1643.6302497964286
14339,13858,13131,2932,21781,1643.6313747910715
14340,13858,13131,2914,21774,1643.6324997857143
14341,13858,13131,2896,21768,1643.6336247803572
14342,13858,13131,2879,21761,1643.634749775
14343,13858,13131,2861,21755,1643.635874769643
14344,13858,13131,2843,21748,1643.6369997642857
14345,13858,13131,2825,21741,1643.6381247589286
14346,13858,13131,2807,21735,1643.6392497535714
14347,13858,13131,2789,21728,1643.6403747482143
14348,13858,13131,2771,21722,1643.6414997428571
14349,13858,13131,2753,21715,1643.6426247375
14350,13858,13131,2735,21709,1643.6437497321429
14351,13858,13131,2717,21702,1643.6448747267857
14352,13583,12837,3005,21696,1643.6459997214286
14353,13583,12837,2988,21689,1643.6471247160714
14354,13583,12837,2971,21683,1643.6482497107143
14355,13583,12837,2955,21676,1643.649374705357
14356,13583,12837,2938,21670,1643.6504997
14357,13583,12837,2921,21663,1643.6516246946428
14358,13583,12837,2905,21656,1643.6527496892857
14359,13583,12837,2888,21650,1643.6538746839285
14360,13583,12837,2871,21643,1643.6549996785714
14361,13583,12837,2855,21637,1643.6561246732142
14362,13583,12837,2838,21630,1643.657249667857
14363,13583,12837,2821,21624,1643.6583746625001
14364,13583,12837,2805,21617,1643.659499657143
14365,13583,12837,2788,21611,1643.6606246517858
14366,13583,12837,2772,21604,1643.6617496464287
14367,13583,12837,2755,21598,1643.6628746410715
14368,13583,12837,2738,21591,1643.6639996357144
14369,13583,12837,2722,21585,1643.6651246303572
14370,13583,12837,2705,21578,1643.666249625
14371,13583,12837,2688,21571,1643.667374619643
14372,13583,12837,2672,21565,1643.6684996142858
14373,13583,12837,2655,21558,1643.6696246089286
14374,13583,12837,2638,21552,1643.6707496035715
14375,13583,12837,2622,21545,1643.6718745982143
14376,13583,12837,2605,21539,1643.6729995928572
14377,13583,12837,2588,21532,1643.6741245875
14378,13583,12837,2572,21526,1643.675249582143
14379,13583,12837,2555,21519,1643.6763745767857
14380,13583,12837,2539,21513,1643.6774995714286
14381,13583,12837,2522,21506,1643.6786245660714
14382,13583,12837,2505,21500,1643.6797495607143
14383,13583,12837,2505,21493,1643.6808745553571
14384,13308,12543,10856,22928,1643.682
14385,13308,12543,10856,22924,1643.6831249933823
14386,13308,12543,10856,22920,1643.6842499867648
14387,13308,12543,10856,22917,1643.6853749801471
14388,13308,12543,10664,22913,1643.6864999735294
14389,13308,12543,10664,22909,1643.6876249669117
14390,13308,12543,10664,22905,1643.6887499602942
14391,13308,12543,10664,22902,1643.6898749536765
14392,13308,12543,10498,22898,1643.6909999470588
14393,13308,12543,10498,22894,1643.692124940441
14394,13308,12543,10498,22890,1643.6932499338236
14395,13308,12543,10498,22886,1643.694374927206
14396,13308,12543,10338,22883,1643.6954999205882
14397,13308,12543,10338,22879,1643.6966249139705
14398,13308,12543,10338,22875,1643.697749907353
14399,13308,12543,10338,22871,1643.6988749007353
14400,13308,12543,10176,22868,1643.6999998941176
14401,13308,12543,10176,22864,1643.7011248875
14402,13308,12543,10176,22860,1643.7022498808824
14403,13308,12543,10176,22856,1643.7033748742647
14404,13308,12543,10016,22853,1643.704499867647
14405,13308,12543,9981,22849,1643.7056248610295
14406,13308,12543,9945,22845,1643.7067498544118
14407,13308,12543,9910,22841,1643.707874847794
14408,13308,12543,9874,22838,1643.7089998411764
14409,13308,12543,9839,22834,1643.7101248345589
14410,13308,12543,9803,22830,1643.7112498279412
14411,13308,12543,9768,22826,1643.7123748213235
14412,13308,12543,9714,22823,1643.7134998147058
14413,13308,12543,9680,22819,1643.7146248080883
14414,13308,12543,9645,22815,1643.7157498014706
14415,13308,12543,9611,22811,1643.7168747948529
14416,13308,12543,9576,22807,1643.7179997882351
14417,13308,12543,9542,22804,1643.7191247816177
14418,13308,12543,9507,22800,1643.720249775
14419,13308,12543,9473,22796,1643.7213747683822
14420,13308,12543,9416,22792,1643.7224997617648
14421,13308,12543,9379,22789,1643.723624755147
14422,13308,12543,9341,22785,1643.7247497485293
14423,13308,12543,9304,22781,1643.7258747419116
14424,13308,12543,9266,22777,1643.7269997352942
14425,13308,12543,9229,22774,1643.7281247286764
14426,13308,12543,9191,22770,1643.7292497220587
14427,13308,12543,9154,22766,1643.730374715441
14428,13308,12543,9106,22762,1643.7314997088235
14429,13308,12543,9073,22759,1643.7326247022058
14430,13308,12543,9039,22755,1643.7337496955881
14431,13308,12543,9005,22751,1643.7348746889704
14432,13308,12543,8971,22747,1643.735999682353
14433,13308,12543,8938,22744,1643.7371246757352
14434,13308,12543,8904,22740,1643.7382496691175
14435,13308,12543,8870,22736,1643.7393746624998
14436,13308,12543,8836,22732,1643.7404996558823
14437,13308,12543,8803,22728,1643.7416246492646
14438,13308,12543,8769,22725,1643.742749642647
14439,13308,12543,8735,22721,1643.7438746360294
14440,13308,12543,8675,22717,1643.7449996294117
14441,13308,12543,8640,22713,1643.746124622794
14442,13308,12543,8605,22710,1643.7472496161763
14443,13308,12543,8569,22706,1643.7483746095588
14444,13308,12543,8534,22702,1643.7494996029411
14445,13308,12543,8499,22698,1643.7506245963234
14446,13308,12543,8464,22695,1643.7517495897057
14447,13308,12543,8428,22691,1643.7528745830882
14448,13308,12543,8393,22687,1643.7539995764705
14449,13308,12543,8358,22683,1643.7551245698528
14450,13308,12543,8323,22680,1643.756249563235
14451,13308,12543,8287,22676,1643.7573745566176
14452,13033,12249,8978,22811,1643.7585
14453,13033,12249,8946,22800,1643.75962498125
14454,13033,12249,8914,22790,1643.7607499624999
14455,13033,12249,8882,22780,1643.76187494375
14456,13033,12249,8850,22770,1643.7629999249998
14457,13033,12249,8818,22759,1643.76412490625
14458,13033,12249,8786,22749,1643.7652498875
14459,13033,12249,8754,22739,1643.7663748687498
14460,13033,12249,8695,22729,1643.76749985
14461,13033,12249,8661,22718,1643.76862483125
14462,13033,12249,8627,22708,1643.7697498124999
14463,13033,12249,8594,22698,1643.77087479375
14464,13033,12249,8560,22688,1643.771999775
14465,13033,12249,8527,22677,1643.77312475625
14466,13033,12249,8493,22667,1643.7742497375
14467,13033,12249,8459,22657,1643.7753747187498
14468,13033,12249,8426,22647,1643.7764997
14469,13033,12249,8392,22637,1643.77762468125
14470,13033,12249,8359,22626,1643.7787496624999
14471,13033,12249,8325,22616,1643.77987464375
14472,13033,12249,8291,22606,1643.7809996249998
14473,13033,12249,8258,22596,1643.78212460625
14474,13033,12249,8224,22585,1643.7832495875
14475,13033,12249,8191,22575,1643.7843745687499
14476,13033,12249,8140,22525,1643.7855
14477,13033,12249,8108,22515,1643.7866249839285
14478,13033,12249,8076,22504,1643.787749967857
14479,13033,12249,8044,22494,1643.7888749517856
14480,13033,12249,8012,22483,1643.7899999357141
14481,13033,12249,7980,22473,1643.791124919643
14482,13033,12249,7948,22462,1643.7922499035715
14483,13033,12249,7916,22452,1643.7933748875
14484,13033,12249,7884,22441,1643.7944998714286
14485,13033,12249,7852,22431,1643.7956248553571
14486,13033,12249,7820,22420,1643.7967498392857
14487,13033,12249,7788,22410,1643.7978748232142
14488,13033,12249,7756,22399,1643.7989998071428
14489,13033,12249,7724,22389,1643.8001247910713
14490,13033,12249,7692,22378,1643.801249775
14491,13033,12249,7660,22368,1643.8023747589286
14492,13033,12249,7628,22357,1643.8034997428572
14493,13033,12249,7596,22347,1643.8046247267857
14494,13033,12249,7565,22336,1643.8057497107143
14495,13033,12249,7533,22326,1643.8068746946428
14496,13033,12249,7501,22315,1643.8079996785714
14497,13033,12249,7469,22304,1643.8091246625
14498,13033,12249,7437,22294,1643.8102496464285
14499,13033,12249,7405,22283,1643.811374630357
14500,13033,12249,7373,22273,1643.8124996142858
14501,13033,12249,7341,22262,1643.8136245982143
14502,13033,12249,7309,22252,1643.814749582143
14503,13033,12249,7277,22241,1643.8158745660714
14504,12758,11955,7862,22389,1643.817
14505,12758,11955,7832,22382,1643.8181249913462
14506,12758,11955,7802,22375,1643.8192499826923
14507,12758,11955,7773,22367,1643.8203749740385
14508,12758,11955,7743,22360,1643.8214999653846
14509,12758,11955,7713,22353,1643.8226249567308
14510,12758,11955,7683,22345,1643.823749948077
14511,12758,11955,7653,22338,1643.8248749394231
14512,12758,11955,7623,22331,1643.8259999307693
14513,12758,11955,7593,22323,1643.8271249221154
14514,12758,11955,7564,22316,1643.8282499134616
14515,12758,11955,7534,22309,1643.8293749048078
14516,12758,11955,7504,22301,1643.830499896154
14517,12758,11955,7474,22294,1643.8316248875
14518,12758,11955,7444,22287,1643.8327498788462
14519,12758,11955,7414,22279,1643.8338748701924
14520,12758,11955,7385,22272,1643.8349998615386
14521,12758,11955,7355,22265,1643.8361248528847
14522,12758,11955,7325,22257,1643.8372498442309
14523,12758,11955,7295,22250,1643.838374835577
14524,12758,11955,7265,22243,1643.8394998269232
14525,12758,11955,7235,22235,1643.8406248182694
14526,12758,11955,7206,22228,1643.8417498096155
14527,12758,11955,7176,22220,1643.8428748009617
14528,12758,11955,7146,22213,1643.8439997923078
14529,12758,11955,7116,22206,1643.845124783654
14530,12758,11955,7086,22198,1643.8462497750002
14531,12758,11955,7056,22191,1643.847374766346
14532,12758,11955,7026,22184,1643.8484997576923
14533,12758,11955,6997,22176,1643.8496247490384
14534,12758,11955,6967,22169,1643.8507497403846
14535,12758,11955,6937,22162,1643.8518747317307
14536,12758,11955,6907,22154,1643.852999723077
14537,12758,11955,6877,22147,1643.854124714423
14538,12758,11955,6847,22140,1643.8552497057692
14539,12758,11955,6818,22132,1643.8563746971154
14540,12758,11955,6788,22125,1643.8574996884615
14541,12758,11955,6758,22118,1643.8586246798077
14542,12758,11955,6728,22110,1643.8597496711538
14543,12758,11955,6698,22103,1643.8608746625
14544,12758,11955,6668,22096,1643.8619996538462
14545,12758,11955,6639,22088,1643.8631246451923
14546,12758,11955,6609,22081,1643.8642496365385
14547,12758,11955,6579,22074,1643.8653746278846
14548,12758,11955,6549,22066,1643.8664996192308
14549,12758,11955,6519,22059,1643.867624610577
14550,12758,11955,6489,22052,1643.8687496019231
14551,12758,11955,6460,22044,1643.8698745932693
14552,12758,11955,6430,22037,1643.8709995846154
14553,12758,11955,6400,22030,1643.8721245759616
14554,12758,11955,6370,22022,1643.8732495673078
14555,12758,11955,6340,22015,1643.874374558654
14556,12483,11661,6871,22165,1643.8755
14557,12483,11661,6844,22156,1643.8766249839287
14558,12483,11661,6817,22147,1643.8777499678572
14559,12483,11661,6790,22138,1643.8788749517857
14560,12483,11661,6763,22129,1643.8799999357143
14561,12483,11661,6735,22119,1643.8811249196428
14562,12483,11661,6708,22110,1643.8822499035714
14563,12483,11661,6681,22101,1643.8833748875
14564,12483,11661,6654,22092,1643.8844998714287
14565,12483,11661,6627,22083,1643.8856248553573
14566,12483,11661,6600,22073,1643.8867498392858
14567,12483,11661,6573,22064,1643.8878748232144
14568,12483,11661,6546,22055,1643.888999807143
14569,12483,11661,6519,22046,1643.8901247910715
14570,12483,11661,6492,22037,1643.891249775
14571,12483,11661,6465,22027,1643.8923747589286
14572,12483,11661,6438,22018,1643.893499742857
14573,12483,11661,6411,22009,1643.8946247267857
14574,12483,11661,6384,22000,1643.8957497107142
14575,12483,11661,6357,21991,1643.8968746946427
14576,12483,11661,6330,21982,1643.8979996785713
14577,12483,11661,6303,21972,1643.8991246625
14578,12483,11661,6276,21963,1643.9002496464286
14579,12483,11661,6249,21954,1643.9013746303572
14580,12483,11661,6222,21945,1643.9024996142857
14581,12483,11661,6194,21936,1643.9036245982143
14582,12483,11661,6167,21926,1643.9047495821428
14583,12483,11661,6140,21917,1643.9058745660714
14584,12483,11661,6113,21856,1643.907
14585,12483,11661,6086,21846,1643.90812498125
14586,12483,11661,6059,21836,1643.9092499624999
14587,12483,11661,6032,21826,1643.91037494375
14588,12483,11661,6005,21815,1643.911499925
14589,12483,11661,5978,21805,1643.91262490625
14590,12483,11661,5951,21795,1643.9137498875
14591,12483,11661,5924,21785,1643.9148748687498
14592,12483,11661,5897,21775,1643.91599985
14593,12483,11661,5870,21764,1643.91712483125
14594,12483,11661,5843,21754,1643.9182498124999
14595,12483,11661,5816,21744,1643.91937479375
14596,12483,11661,5789,21734,1643.9204997749998
14597,12483,11661,5762,21724,1643.92162475625
14598,12483,11661,5735,21713,1643.9227497375
14599,12483,11661,5708,21703,1643.9238747187499
14600,12483,11661,5681,21693,1643.9249997
14601,12483,11661,5654,21683,1643.92612468125
14602,12483,11661,5626,21672,1643.9272496625
14603,12483,11661,5599,21662,1643.92837464375
14604,12483,11661,5572,21652,1643.929499625
14605,12483,11661,5545,21642,1643.93062460625
14606,12483,11661,5518,21632,1643.9317495875
14607,12483,11661,5491,21621,1643.9328745687499
14608,12208,11367,5980,21710,1643.934
14609,12208,11367,5955,21703,1643.9351249913461
14610,12208,11367,5931,21696,1643.9362499826923
14611,12208,11367,5906,21688,1643.9373749740384
14612,12208,11367,5881,21681,1643.9384999653846
14613,12208,11367,5856,21673,1643.9396249567308
14614,12208,11367,5832,21666,1643.940749948077
14615,12208,11367,5807,21658,1643.941874939423
14616,12208,11367,5782,21651,1643.9429999307692
14617,12208,11367,5757,21644,1643.9441249221154
14618,12208,11367,5733,21636,1643.9452499134616
14619,12208,11367,5708,21629,1643.9463749048077
14620,12208,11367,5683,21621,1643.9474998961539
14621,12208,11367,5658,21614,1643.9486248875
14622,12208,11367,5633,21607,1643.9497498788462
14623,12208,11367,5609,21599,1643.9508748701924
14624,12208,11367,5584,21592,1643.9519998615385
14625,12208,11367,5559,21584,1643.9531248528847
14626,12208,11367,5534,21577,1643.9542498442308
14627,12208,11367,5510,21569,1643.955374835577
14628,12208,11367,5485,21562,1643.9564998269232
14629,12208,11367,5460,21555,1643.9576248182693
14630,12208,11367,5435,21547,1643.9587498096155
14631,12208,11367,5411,21540,1643.9598748009616
14632,12208,11367,5386,21532,1643.9609997923078
14633,12208,11367,5361,21525,1643.962124783654
14634,12208,11367,5336,21517,1643.963249775
14635,12208,11367,5312,21510,1643.964374766346
14636,12208,11367,5287,21503,1643.9654997576922
14637,12208,11367,5262,21495,1643.9666247490384
14638,12208,11367,5237,21488,1643.9677497403845
14639,12208,11367,5213,21480,1643.9688747317307
14640,12208,11367,5188,21473,1643.9699997230769
14641,12208,11367,5163,21465,1643.971124714423
14642,12208,11367,5138,21458,1643.9722497057692
14643,12208,11367,5113,21451,1643.9733746971153
14644,12208,11367,5089,21443,1643.9744996884615
14645,12208,11367,5064,21436,1643.9756246798077
14646,12208,11367,5039,21428,1643.9767496711538
14647,12208,11367,5014,21421,1643.9778746625
14648,12208,11367,4990,21413,1643.9789996538461
14649,12208,11367,4965,21406,1643.9801246451923
14650,12208,11367,4940,21399,1643.9812496365385
14651,12208,11367,4915,21391,1643.9823746278846
14652,12208,11367,4891,21384,1643.9834996192308
14653,12208,11367,4866,21376,1643.984624610577
14654,12208,11367,4841,21369,1643.985749601923
14655,12208,11367,4816,21361,1643.9868745932692
14656,12208,11367,4792,21354,1643.9879995846154
14657,12208,11367,4767,21347,1643.9891245759616
14658,12208,11367,4742,21339,1643.9902495673077
14659,12208,11367,4717,21332,1643.991374558654
14660,11930,11072,5175,21548,1643.9925
14661,11930,11072,5153,21543,1643.9936249919645
14662,11930,11072,5130,21538,1643.9947499839286
14663,11930,11072,5108,21533,1643.995874975893
14664,11930,11072,5085,21528,1643.9969999678572
14665,11930,11072,5063,21524,1643.9981249598216
14666,11930,11072,5040,21519,1643.9992499517857
14667,11930,11072,5018,21514,1644.00037494375
14668,11930,11072,4995,21509,1644.0014999357143
14669,11930,11072,4973,21504,1644.0026249276787
14670,11930,11072,4950,21499,1644.0037499196428
14671,11930,11072,4928,21494,1644.0048749116072
14672,11930,11072,4905,21490,1644.0059999035714
14673,11930,11072,4883,21485,1644.0071248955358
14674,11930,11072,4860,21480,1644.0082498875
14675,11930,11072,4838,21475,1644.0093748794643
14676,11930,11072,4815,21470,1644.0104998714287
14677,11930,11072,4793,21465,1644.0116248633929
14678,11930,11072,4770,21461,1644.0127498553572
14679,11930,11072,4748,21456,1644.0138748473214
14680,11930,11072,4725,21451,1644.0149998392858
14681,11930,11072,4703,21446,1644.01612483125
14682,11930,11072,4680,21441,1644.0172498232143
14683,11930,11072,4658,21436,1644.0183748151785
14684,11930,11072,4635,21432,1644.019499807143
14685,11930,11072,4613,21427,1644.020624799107
14686,11930,11072,4590,21422,1644.0217497910714
14687,11930,11072,4568,21417,1644.0228747830356
14688,11930,11072,4545,21412,1644.023999775
14689,11930,11072,4523,21407,1644.0251247669644
14690,11930,11072,4500,21402,1644.0262497589285
14691,11930,11072,4478,21398,1644.027374750893
14692,11930,11072,4455,21393,1644.028499742857
14693,11930,11072,4433,21388,1644.0296247348215
14694,11930,11072,4410,21383,1644.0307497267856
14695,11930,11072,4388,21378,1644.03187471875
14696,11930,11072,4365,21373,1644.0329997107142
14697,11930,11072,4343,21369,1644.0341247026786
14698,11930,11072,4320,21364,1644.0352496946427
14699,11930,11072,4298,21359,1644.0363746866071
14700,11930,11072,4275,21354,1644.0374996785713
14701,11930,11072,4253,21349,1644.0386246705357
14702,11930,11072,4230,21344,1644.0397496625
14703,11930,11072,4208,21340,1644.0408746544642
14704,11930,11072,4185,21335,1644.0419996464286
14705,11930,11072,4163,21330,1644.0431246383928
14706,11930,11072,4140,21325,1644.0442496303572
14707,11930,11072,4118,21320,1644.0453746223213
14708,11930,11072,4095,21315,1644.0464996142857
14709,11930,11072,4073,21311,1644.0476246062499
14710,11930,11072,4050,21306,1644.0487495982143
14711,11930,11072,4028,21301,1644.0498745901784
14712,11930,11072,4005,21296,1644.0509995821428
14713,11930,11072,3983,21291,1644.052124574107
14714,11930,11072,3960,21286,1644.0532495660714
14715,11930,11072,3938,21281,1644.0543745580355
14716,11717,10840,4271,21342,1644.0555
14717,11717,10840,4251,21332,1644.05662494375
14718,11717,10840,4231,21323,1644.0577498875
14719,11717,10840,4210,21313,1644.05887483125
14720,11717,10840,4190,21303,1644.059999775
14721,11717,10840,4170,21293,1644.0611247187499
14722,11717,10840,4150,21284,1644.0622496624999
14723,11717,10840,4130,21274,1644.06337460625
14724,11717,10840,4110,21247,1644.0645
14725,11717,10840,4089,21239,1644.0656249775
14726,11717,10840,4069,21232,1644.066749955
14727,11717,10840,4049,21224,1644.0678749325
14728,11717,10840,4029,21217,1644.06899991
14729,11717,10840,4009,21209,1644.0701248875
14730,11717,10840,3989,21201,1644.071249865
14731,11717,10840,3968,21194,1644.0723748425
14732,11717,10840,3948,21186,1644.07349982
14733,11717,10840,3928,21179,1644.0746247975
14734,11717,10840,3908,21171,1644.075749775
14735,11717,10840,3888,21164,1644.0768747524999
14736,11717,10840,3868,21156,1644.0779997299999
14737,11717,10840,3847,21149,1644.0791247075
14738,11717,10840,3827,21141,1644.080249685
14739,11717,10840,3807,21134,1644.0813746625
14740,11717,10840,3787,21126,1644.08249964
14741,11717,10840,3767,21119,1644.0836246175
14742,11717,10840,3747,21111,1644.084749595
14743,11717,10840,3726,21104,1644.0858745725
14744,11717,10840,3706,21090,1644.087
14745,11717,10840,3686,21084,1644.0881249913461
14746,11717,10840,3666,21077,1644.0892499826923
14747,11717,10840,3646,21071,1644.0903749740385
14748,11504,10608,3919,21065,1644.0914999653846
14749,11504,10608,3900,21058,1644.0926249567308
14750,11504,10608,3881,21052,1644.093749948077
14751,11504,10608,3862,21045,1644.094874939423
14752,11504,10608,3844,21039,1644.0959999307693
14753,11504,10608,3825,21032,1644.0971249221154
14754,11504,10608,3806,21026,1644.0982499134616
14755,11504,10608,3787,21020,1644.0993749048077
14756,11504,10608,3768,21013,1644.100499896154
14757,11504,10608,3749,21007,1644.1016248875
14758,11504,10608,3731,21000,1644.1027498788462
14759,11504,10608,3712,20994,1644.1038748701924
14760,11504,10608,3693,20988,1644.1049998615385
14761,11504,10608,3674,20981,1644.1061248528847
14762,11504,10608,3655,20975,1644.1072498442309
14763,11504,10608,3636,20968,1644.108374835577
14764,11504,10608,3618,20962,1644.1094998269232
14765,11504,10608,3599,20955,1644.1106248182693
14766,11504,10608,3580,20949,1644.1117498096155
14767,11504,10608,3561,20943,1644.1128748009617
14768,11504,10608,3542,20936,1644.1139997923078
14769,11504,10608,3523,20930,1644.115124783654
14770,11504,10608,3505,20923,1644.1162497750001
14771,11504,10608,3486,20917,1644.117374766346
14772,11504,10608,3467,20910,1644.1184997576922
14773,11504,10608,3448,20904,1644.1196247490384
14774,11504,10608,3429,20898,1644.1207497403846
14775,11504,10608,3411,20891,1644.1218747317307
14776,11504,10608,3392,20885,1644.1229997230769
14777,11504,10608,3373,20878,1644.124124714423
14778,11504,10608,3354,20872,1644.1252497057692
14779,11504,10608,3335,20866,1644.1263746971154
14780,11504,10608,3316,20859,1644.1274996884615
14781,11504,10608,3298,20853,1644.1286246798077
14782,11504,10608,3279,20846,1644.1297496711538
14783,11504,10608,3260,20840,1644.1308746625
14784,11504,10608,3241,20833,1644.1319996538462
14785,11504,10608,3222,20827,1644.1331246451923
14786,11504,10608,3203,20821,1644.1342496365385
14787,11504,10608,3185,20814,1644.1353746278846
14788,11504,10608,3166,20808,1644.1364996192308
14789,11504,10608,3147,20801,1644.137624610577
14790,11504,10608,3128,20795,1644.138749601923
14791,11504,10608,3109,20788,1644.1398745932693
14792,11504,10608,3091,20782,1644.1409995846154
14793,11504,10608,3072,20776,1644.1421245759616
14794,11504,10608,3053,20769,1644.1432495673077
14795,11504,10608,3034,20763,1644.144374558654
14796,11291,10376,3303,20882,1644.1455
14797,11291,10376,3286,20875,1644.146624990625
14798,11291,10376,3268,20868,1644.1477499812502
14799,11291,10376,3251,20861,1644.148874971875
14800,11291,10376,3233,20854,1644.1499999625
14801,11291,10376,3216,20847,1644.151124953125
14802,11291,10376,3198,20840,1644.1522499437501
14803,11291,10376,3180,20833,1644.153374934375
14804,11291,10376,3163,20826,1644.154499925
14805,11291,10376,3145,20819,1644.1556249156251
14806,11291,10376,3128,20812,1644.15674990625
14807,11291,10376,3110,20805,1644.157874896875
14808,11291,10376,3093,20798,1644.1589998875002
14809,11291,10376,3075,20791,1644.160124878125
14810,11291,10376,3057,20784,1644.16124986875
14811,11291,10376,3040,20777,1644.162374859375
14812,11291,10376,3022,20770,1644.16349985
14813,11291,10376,3005,20763,1644.164624840625
14814,11291,10376,2987,20756,1644.16574983125
14815,11291,10376,2970,20749,1644.1668748218751
14816,11291,10376,2952,20742,1644.1679998125
14817,11291,10376,2934,20735,1644.169124803125
14818,11291,10376,2917,20728,1644.17024979375
14819,11291,10376,2899,20721,1644.171374784375
14820,11291,10376,2882,20714,1644.172499775
14821,11291,10376,2864,20707,1644.173624765625
14822,11291,10376,2847,20700,1644.17474975625
14823,11291,10376,2829,20693,1644.175874746875
14824,11291,10376,2811,20686,1644.1769997375
14825,11291,10376,2794,20679,1644.1781247281249
14826,11291,10376,2776,20672,1644.17924971875
14827,11291,10376,2759,20665,1644.180374709375
14828,11291,10376,2741,20658,1644.1814997
14829,11291,10376,2724,20651,1644.182624690625
14830,11291,10376,2706,20644,1644.18374968125
14831,11291,10376,2688,20637,1644.184874671875
14832,11291,10376,2671,20630,1644.1859996624999
14833,11291,10376,2653,20623,1644.187124653125
14834,11291,10376,2636,20616,1644.18824964375
14835,11291,10376,2618,20609,1644.1893746343749
14836,11291,10376,2601,20602,1644.190499625
14837,11291,10376,2583,20595,1644.191624615625
14838,11291,10376,2565,20588,1644.19274960625
14839,11291,10376,2548,20581,1644.193874596875
14840,11291,10376,2530,20574,1644.1949995875
14841,11291,10376,2513,20567,1644.196124578125
14842,11291,10376,2513,20560,1644.1972495687498
14843,11291,10376,2513,20553,1644.198374559375
14844,11078,10144,10914,21884,1644.1995
14845,11078,10144,10914,21884,1644.2006248875
14846,11078,10144,10914,21884,1644.2017497749998
14847,11078,10144,10914,21884,1644.2028746624999
14848,11078,10144,10728,21820,1644.204
14849,11078,10144,10728,21820,1644.2051248875
14850,11078,10144,10728,21820,1644.2062497749998
14851,11078,10144,10728,21820,1644.2073746625
14852,11078,10144,10552,21760,1644.2085
14853,11078,10144,10515,21748,1644.20962498125
14854,11078,10144,10477,21737,1644.2107499625
14855,11078,10144,10440,21726,1644.21187494375
14856,11078,10144,10402,21715,1644.212999925
14857,11078,10144,10365,21703,1644.21412490625
14858,11078,10144,10327,21692,1644.2152498875
14859,11078,10144,10290,21681,1644.2163748687499
14860,11078,10144,10226,21670,1644.21749985
14861,11078,10144,10226,21659,1644.21862483125
14862,11078,10144,10226,21647,1644.2197498125
14863,11078,10144,10226,21636,1644.22087479375
14864,11078,10144,10064,21625,1644.2219997749999
14865,11078,10144,10029,21614,1644.22312475625
14866,11078,10144,9993,21602,1644.2242497375
14867,11078,10144,9958,21591,1644.22537471875
14868,11078,10144,9922,21580,1644.2264997
14869,11078,10144,9887,21569,1644.22762468125
14870,11078,10144,9851,21558,1644.2287496625
14871,11078,10144,9816,21546,1644.22987464375
14872,11078,10144,9746,21535,1644.230999625
14873,11078,10144,9746,21524,1644.23212460625
14874,11078,10144,9746,21513,1644.2332495875
14875,11078,10144,9746,21501,1644.23437456875
14876,10865,9912,10239,21625,1644.2355
14877,10865,9912,10206,21620,1644.2366249913462
14878,10865,9912,10173,21614,1644.2377499826923
14879,10865,9912,10140,21609,1644.2388749740385
14880,10865,9912,10108,21604,1644.2399999653846
14881,10865,9912,10075,21598,1644.2411249567308
14882,10865,9912,10042,21593,1644.242249948077
14883,10865,9912,10009,21588,1644.2433749394231
14884,10865,9912,9976,21583,1644.2444999307693
14885,10865,9912,9944,21577,1644.2456249221154
14886,10865,9912,9911,21572,1644.2467499134616
14887,10865,9912,9878,21567,1644.2478749048078
14888,10865,9912,9845,21562,1644.248999896154
14889,10865,9912,9812,21556,1644.2501248875
14890,10865,9912,9780,21551,1644.2512498788462
14891,10865,9912,9747,21546,1644.2523748701924
14892,10865,9912,9673,21541,1644.2534998615386
14893,10865,9912,9636,21535,1644.2546248528847
14894,10865,9912,9599,21530,1644.2557498442309
14895,10865,9912,9563,21525,1644.256874835577
14896,10865,9912,9526,21520,1644.2579998269232
14897,10865,9912,9490,21514,1644.2591248182694
14898,10865,9912,9453,21509,1644.2602498096155
14899,10865,9912,9416,21504,1644.2613748009617
14900,10865,9912,9380,21498,1644.2624997923078
14901,10865,9912,9343,21493,1644.263624783654
14902,10865,9912,9307,21488,1644.264749775
14903,10865,9912,9270,21483,1644.265874766346
14904,10865,9912,9233,21477,1644.2669997576922
14905,10865,9912,9197,21472,1644.2681247490384
14906,10865,9912,9160,21467,1644.2692497403846
14907,10865,9912,9124,21462,1644.2703747317307
14908,10865,9912,9072,21456,1644.2714997230769
14909,10865,9912,9036,21451,1644.272624714423
14910,10865,9912,9000,21446,1644.2737497057692
14911,10865,9912,8964,21441,1644.2748746971154
14912,10865,9912,8929,21435,1644.2759996884615
14913,10865,9912,8893,21430,1644.2771246798077
14914,10865,9912,8857,21425,1644.2782496711538
14915,10865,9912,8821,21419,1644.2793746625
14916,10865,9912,8785,21414,1644.2804996538462
14917,10865,9912,8750,21409,1644.2816246451923
14918,10865,9912,8714,21404,1644.2827496365385
14919,10865,9912,8678,21398,1644.2838746278846
14920,10865,9912,8642,21393,1644.2849996192308
14921,10865,9912,8606,21388,1644.286124610577
14922,10865,9912,8571,21383,1644.2872496019231
14923,10865,9912,8535,21377,1644.2883745932693
14924,10865,9912,8488,21372,1644.2894995846154
14925,10865,9912,8488,21367,1644.2906245759616
14926,10865,9912,8488,21362,1644.2917495673078
14927,10865,9912,8488,21356,1644.292874558654
14928,10652,9680,8978,21553,1644.294
14929,10652,9680,8946,21547,1644.2951249913463
14930,10652,9680,8914,21541,1644.2962499826924
14931,10652,9680,8882,21536,1644.2973749740386
14932,10652,9680,8850,21530,1644.2984999653847
14933,10652,9680,8818,21524,1644.299624956731
14934,10652,9680,8786,21518,1644.300749948077
14935,10652,9680,8754,21512,1644.3018749394232
14936,10652,9680,8688,21506,1644.3029999307694
14937,10652,9680,8655,21500,1644.3041249221155
14938,10652,9680,8622,21495,1644.3052499134617
14939,10652,9680,8589,21489,1644.3063749048079
14940,10652,9680,8556,21483,1644.307499896154
14941,10652,9680,8523,21477,1644.3086248875002
14942,10652,9680,8490,21471,1644.309749878846
14943,10652,9680,8456,21465,1644.3108748701923
14944,10652,9680,8423,21459,1644.3119998615384
14945,10652,9680,8390,21454,1644.3131248528846
14946,10652,9680,8357,21448,1644.3142498442307
14947,10652,9680,8324,21442,1644.315374835577
14948,10652,9680,8291,21436,1644.316499826923
14949,10652,9680,8258,21430,1644.3176248182692
14950,10652,9680,8224,21424,1644.3187498096154
14951,10652,9680,8191,21418,1644.3198748009615
14952,10652,9680,8158,21412,1644.3209997923077
14953,10652,9680,8125,21407,1644.3221247836539
14954,10652,9680,8092,21401,1644.323249775
14955,10652,9680,8059,21395,1644.3243747663462
14956,10652,9680,8026,21389,1644.3254997576923
14957,10652,9680,7993,21383,1644.3266247490385
14958,10652,9680,7959,21377,1644.3277497403847
14959,10652,9680,7926,21371,1644.3288747317308
14960,10652,9680,7893,21366,1644.329999723077
14961,10652,9680,7860,21360,1644.3311247144231
14962,10652,9680,7827,21354,1644.3322497057693
14963,10652,9680,7794,21348,1644.3333746971155
14964,10652,9680,7761,21342,1644.3344996884616
14965,10652,9680,7727,21336,1644.3356246798078
14966,10652,9680,7694,21330,1644.336749671154
14967,10652,9680,7661,21324,1644.3378746624999
14968,10652,9680,7628,21319,1644.338999653846
14969,10652,9680,7595,21313,1644.3401246451922
14970,10652,9680,7562,21307,1644.3412496365384
14971,10652,9680,7529,21301,1644.3423746278845
14972,10652,9680,7495,21295,1644.3434996192307
14973,10652,9680,7462,21289,1644.3446246105768
14974,10652,9680,7429,21283,1644.345749601923
14975,10652,9680,7396,21278,1644.3468745932691
14976,10652,9680,7363,21272,1644.3479995846153
14977,10652,9680,7330,21266,1644.3491245759615
14978,10652,9680,7297,21260,1644.3502495673076
14979,10652,9680,7263,21254,1644.3513745586538
14980,10439,9448,7806,21347,1644.3525
14981,10439,9448,7776,21337,1644.353624990625
14982,10439,9448,7745,21326,1644.35474998125
14983,10439,9448,7715,21316,1644.355874971875
14984,10439,9448,7684,21306,1644.3569999625
14985,10439,9448,7654,21295,1644.358124953125
14986,10439,9448,7624,21285,1644.35924994375
14987,10439,9448,7593,21275,1644.360374934375
14988,10439,9448,7563,21264,1644.3614999249999
14989,10439,9448,7532,21254,1644.362624915625
14990,10439,9448,7502,21243,1644.36374990625
14991,10439,9448,7471,21233,1644.3648748968749
14992,10439,9448,7441,21223,1644.3659998875
14993,10439,9448,7411,21212,1644.367124878125
14994,10439,9448,7380,21202,1644.36824986875
14995,10439,9448,7350,21192,1644.369374859375
14996,10439,9448,7319,21181,1644.37049985
14997,10439,9448,7289,21171,1644.371624840625
14998,10439,9448,7258,21161,1644.37274983125
14999,10439,9448,7228,21150,1644.373874821875
15000,10439,9448,7198,21140,1644.3749998125
15001,10439,9448,7167,21130,1644.376124803125
15002,10439,9448,7137,21119,1644.37724979375
15003,10439,9448,7106,21109,1644.378374784375
15004,10439,9448,7076,21099,1644.379499775
15005,10439,9448,7045,21088,1644.380624765625
15006,10439,9448,7015,21078,1644.38174975625
15007,10439,9448,6985,21067,1644.382874746875
15008,10439,9448,6954,21057,1644.3839997375
15009,10439,9448,6924,21047,1644.385124728125
15010,10439,9448,6893,21036,1644.38624971875
15011,10439,9448,6863,21026,1644.387374709375
15012,10439,9448,6832,21016,1644.3884997
15013,10439,9448,6802,21005,1644.389624690625
15014,10439,9448,6771,20995,1644.39074968125
15015,10439,9448,6741,20985,1644.391874671875
15016,10439,9448,6711,20974,1644.3929996625
15017,10439,9448,6680,20964,1644.3941246531251
15018,10439,9448,6650,20954,1644.39524964375
15019,10439,9448,6619,20943,1644.396374634375
15020,10439,9448,6589,20933,1644.397499625
15021,10439,9448,6558,20923,1644.398624615625
15022,10439,9448,6528,20912,1644.39974960625
15023,10439,9448,6498,20902,1644.400874596875
15024,10439,9448,6467,20892,1644.4019995875
15025,10439,9448,6437,20881,1644.403124578125
15026,10439,9448,6406,20871,1644.40424956875
15027,10439,9448,6376,20860,1644.405374559375
15028,10226,9216,6851,20986,1644.4065
15029,10226,9216,6823,20978,1644.407624990625
15030,10226,9216,6796,20971,1644.4087499812501
15031,10226,9216,6768,20964,1644.409874971875
15032,10226,9216,6741,20957,1644.4109999625
15033,10226,9216,6714,20949,1644.412124953125
15034,10226,9216,6686,20942,1644.41324994375
15035,10226,9216,6659,20935,1644.414374934375
15036,10226,9216,6631,20928,1644.415499925
15037,10226,9216,6604,20921,1644.416624915625
15038,10226,9216,6576,20913,1644.41774990625
15039,10226,9216,6549,20906,1644.418874896875
15040,10226,9216,6522,20899,1644.4199998875001
15041,10226,9216,6494,20892,1644.421124878125
15042,10226,9216,6467,20885,1644.42224986875
15043,10226,9216,6439,20877,1644.423374859375
15044,10226,9216,6412,20870,1644.42449985
15045,10226,9216,6384,20863,1644.425624840625
15046,10226,9216,6357,20856,1644.42674983125
15047,10226,9216,6330,20848,1644.427874821875
15048,10226,9216,6302,20841,1644.4289998125
15049,10226,9216,6275,20834,1644.430124803125
15050,10226,9216,6247,20827,1644.4312497937499
15051,10226,9216,6220,20820,1644.432374784375
15052,10226,9216,6192,20812,1644.433499775
15053,10226,9216,6165,20805,1644.434624765625
15054,10226,9216,6138,20798,1644.43574975625
15055,10226,9216,6110,20791,1644.436874746875
15056,10226,9216,6083,20784,1644.4379997375
15057,10226,9216,6055,20776,1644.4391247281249
15058,10226,9216,6028,20769,1644.44024971875
15059,10226,9216,6001,20762,1644.441374709375
15060,10226,9216,5973,20755,1644.4424996999999
15061,10226,9216,5946,20747,1644.443624690625
15062,10226,9216,5918,20740,1644.44474968125
15063,10226,9216,5891,20733,1644.445874671875
15064,10226,9216,5863,20726,1644.4469996624998
15065,10226,9216,5836,20719,1644.448124653125
15066,10226,9216,5809,20711,1644.44924964375
15067,10226,9216,5781,20704,1644.4503746343748
15068,10226,9216,5754,20697,1644.451499625
15069,10226,9216,5726,20690,1644.452624615625
15070,10226,9216,5699,20683,1644.4537496062499
15071,10226,9216,5671,20675,1644.454874596875
15072,10226,9216,5644,20668,1644.4559995875
15073,10226,9216,5617,20661,1644.4571245781249
15074,10226,9216,5589,20654,1644.4582495687498
15075,10226,9216,5562,20647,1644.459374559375
15076,10013,8984,6043,20847,1644.4605
15077,10013,8984,6017,20836,1644.4616249624999
15078,10013,8984,5991,20826,1644.462749925
15079,10013,8984,5966,20816,1644.4638748875
15080,10013,8984,5940,20805,1644.46499985
15081,10013,8984,5914,20795,1644.4661248124999
15082,10013,8984,5889,20785,1644.4672497749998
15083,10013,8984,5863,20774,1644.4683747375
15084,10013,8984,5838,20764,1644.4694997
15085,10013,8984,5812,20753,1644.4706246624999
15086,10013,8984,5786,20743,1644.471749625
15087,10013,8984,5761,20733,1644.4728745875
15088,10013,8984,5735,20702,1644.474
15089,10013,8984,5709,20702,1644.4751248875
15090,10013,8984,5684,20702,1644.4762497749998
15091,10013,8984,5658,20702,1644.4773746624999
15092,10013,8984,5633,20647,1644.4785
15093,10013,8984,5607,20635,1644.4796249839285
15094,10013,8984,5581,20623,1644.480749967857
15095,10013,8984,5556,20611,1644.4818749517856
15096,10013,8984,5530,20599,1644.4829999357141
15097,10013,8984,5504,20587,1644.484124919643
15098,10013,8984,5479,20575,1644.4852499035715
15099,10013,8984,5453,20563,1644.4863748875
15100,10013,8984,5427,20551,1644.4874998714286
15101,10013,8984,5402,20539,1644.488624855357
15102,10013,8984,5376,20527,1644.4897498392857
15103,10013,8984,5351,20515,1644.4908748232142
15104,10013,8984,5325,20503,1644.4919998071427
15105,10013,8984,5299,20491,1644.4931247910713
15106,10013,8984,5274,20479,1644.4942497749998
15107,10013,8984,5248,20467,1644.4953747589286
15108,10013,8984,5222,20455,1644.4964997428572
15109,10013,8984,5197,20443,1644.4976247267857
15110,10013,8984,5171,20431,1644.4987497107143
15111,10013,8984,5146,20419,1644.4998746946428
15112,10013,8984,5120,20407,1644.5009996785714
15113,10013,8984,5094,20395,1644.5021246625
15114,10013,8984,5069,20383,1644.5032496464285
15115,10013,8984,5043,20371,1644.504374630357
15116,10013,8984,5017,20359,1644.5054996142858
15117,10013,8984,4992,20347,1644.5066245982143
15118,10013,8984,4966,20335,1644.5077495821429
15119,10013,8984,4941,20323,1644.5088745660714
15120,9798,8748,5353,20425,1644.51
15121,9798,8748,5330,20416,1644.5111249913462
15122,9798,8748,5308,20408,1644.5122499826923
15123,9798,8748,5285,20400,1644.5133749740385
15124,9798,8748,5262,20392,1644.5144999653846
15125,9798,8748,5240,20383,1644.5156249567308
15126,9798,8748,5217,20375,1644.516749948077
15127,9798,8748,5195,20367,1644.517874939423
15128,9798,8748,5172,20358,1644.5189999307693
15129,9798,8748,5149,20350,1644.5201249221154
15130,9798,8748,5127,20342,1644.5212499134616
15131,9798,8748,5104,20334,1644.5223749048077
15132,9798,8748,5081,20325,1644.523499896154
15133,9798,8748,5059,20317,1644.5246248875
15134,9798,8748,5036,20309,1644.5257498788462
15135,9798,8748,5014,20301,1644.5268748701924
15136,9798,8748,4991,20292,1644.5279998615385
15137,9798,8748,4968,20284,1644.5291248528847
15138,9798,8748,4946,20276,1644.5302498442309
15139,9798,8748,4923,20268,1644.531374835577
15140,9798,8748,4900,20259,1644.5324998269232
15141,9798,8748,4878,20251,1644.5336248182693
15142,9798,8748,4855,20243,1644.5347498096155
15143,9798,8748,4833,20235,1644.5358748009617
15144,9798,8748,4810,20226,1644.5369997923078
15145,9798,8748,4787,20218,1644.538124783654
15146,9798,8748,4765,20210,1644.539249775
15147,9798,8748,4742,20202,1644.540374766346
15148,9798,8748,4720,20193,1644.5414997576922
15149,9798,8748,4697,20185,1644.5426247490384
15150,9798,8748,4674,20177,1644.5437497403846
15151,9798,8748,4652,20168,1644.5448747317307
15152,9798,8748,4629,20160,1644.5459997230769
15153,9798,8748,4606,20152,1644.547124714423
15154,9798,8748,4584,20144,1644.5482497057692
15155,9798,8748,4561,20135,1644.5493746971154
15156,9798,8748,4539,20127,1644.5504996884615
15157,9798,8748,4516,20119,1644.5516246798077
15158,9798,8748,4493,20111,1644.5527496711538
15159,9798,8748,4471,20102,1644.5538746625
15160,9798,8748,4448,20094,1644.5549996538462
15161,9798,8748,4425,20086,1644.5561246451923
15162,9798,8748,4403,20078,1644.5572496365385
15163,9798,8748,4380,20069,1644.5583746278846
15164,9798,8748,4358,20061,1644.5594996192308
15165,9798,8748,4335,20053,1644.560624610577
15166,9798,8748,4312,20045,1644.561749601923
15167,9798,8748,4290,20036,1644.5628745932693
15168,9798,8748,4267,20028,1644.5639995846154
15169,9798,8748,4244,20020,1644.5651245759616
15170,9798,8748,4222,20012,1644.5662495673078
15171,9798,8748,4199,20003,1644.567374558654
15172,9637,8543,4504,20158,1644.5685
15173,9637,8543,4483,20153,1644.56962498875
15174,9637,8543,4461,20149,1644.5707499775
15175,9637,8543,4440,20144,1644.57187496625
15176,9637,8543,4419,20140,1644.5729999550001
15177,9637,8543,4398,20135,1644.5741249437501
15178,9637,8543,4377,20131,1644.5752499325001
15179,9637,8543,4356,20126,1644.5763749212501
15180,9637,8543,4334,20121,1644.5774999100001
15181,9637,8543,4313,20117,1644.5786248987501
15182,9637,8543,4292,20112,1644.5797498875
15183,9637,8543,4271,20108,1644.58087487625
15184,9637,8543,4250,20103,1644.581999865
15185,9637,8543,4229,20099,1644.58312485375
15186,9637,8543,4207,20094,1644.5842498425
15187,9637,8543,4186,20090,1644.58537483125
15188,9637,8543,4165,20085,1644.58649982
15189,9637,8543,4144,20081,1644.58762480875
15190,9637,8543,4123,20076,1644.5887497975
15191,9637,8543,4102,20072,1644.58987478625
15192,9637,8543,4080,20067,1644.590999775
15193,9637,8543,4059,20062,1644.59212476375
15194,9637,8543,4038,20058,1644.5932497525
15195,9637,8543,4017,20053,1644.59437474125
15196,9637,8543,3996,20049,1644.59549973
15197,9637,8543,3975,20044,1644.59662471875
15198,9637,8543,3953,20040,1644.5977497075
15199,9637,8543,3932,20035,1644.59887469625
15200,9637,8543,3911,20031,1644.599999685
15201,9637,8543,3890,20026,1644.60112467375
15202,9637,8543,3869,20022,1644.6022496625
15203,9637,8543,3848,20017,1644.6033746512499
15204,9637,8543,3827,20013,1644.6044996399999
15205,9637,8543,3805,20008,1644.6056246287499
15206,9637,8543,3784,20004,1644.6067496174999
15207,9637,8543,3763,19999,1644.6078746062499
15208,9637,8543,3742,19994,1644.608999595
15209,9637,8543,3721,19990,1644.61012458375
15210,9637,8543,3700,19985,1644.6112495725
15211,9637,8543,3678,19981,1644.61237456125
15212,9476,8338,3957,20072,1644.6135
15213,9476,8338,3937,20063,1644.614624991346
15214,9476,8338,3918,20054,1644.6157499826923
15215,9476,8338,3899,20045,1644.6168749740384
15216,9476,8338,3879,20036,1644.6179999653846
15217,9476,8338,3860,20027,1644.6191249567307
15218,9476,8338,3840,20018,1644.620249948077
15219,9476,8338,3821,20009,1644.621374939423
15220,9476,8338,3802,20000,1644.6224999307692
15221,9476,8338,3782,19991,1644.6236249221154
15222,9476,8338,3763,19982,1644.6247499134615
15223,9476,8338,3744,19972,1644.6258749048077
15224,9476,8338,3724,19963,1644.6269998961538
15225,9476,8338,3705,19954,1644.6281248875
15226,9476,8338,3686,19945,1644.6292498788462
15227,9476,8338,3666,19936,1644.6303748701923
15228,9476,8338,3647,19927,1644.6314998615385
15229,9476,8338,3628,19918,1644.6326248528846
15230,9476,8338,3608,19909,1644.6337498442308
15231,9476,8338,3589,19900,1644.634874835577
15232,9476,8338,3570,19891,1644.6359998269231
15233,9476,8338,3550,19882,1644.6371248182693
15234,9476,8338,3531,19873,1644.6382498096154
15235,9476,8338,3512,19864,1644.6393748009616
15236,9476,8338,3492,19855,1644.6404997923078
15237,9476,8338,3473,19846,1644.641624783654
15238,9476,8338,3454,19837,1644.642749775
15239,9476,8338,3434,19828,1644.643874766346
15240,9476,8338,3415,19819,1644.6449997576922
15241,9476,8338,3396,19810,1644.6461247490383
15242,9476,8338,3376,19801,1644.6472497403845
15243,9476,8338,3357,19792,1644.6483747317307
15244,9476,8338,3338,19783,1644.6494997230768
15245,9476,8338,3318,19774,1644.650624714423
15246,9476,8338,3299,19765,1644.6517497057691
15247,9476,8338,3280,19756,1644.6528746971153
15248,9476,8338,3260,19747,1644.6539996884615
15249,9476,8338,3241,19738,1644.6551246798076
15250,9476,8338,3222,19729,1644.6562496711538
15251,9476,8338,3202,19720,1644.6573746625
15252,9476,8338,3183,19711,1644.658499653846
15253,9476,8338,3164,19702,1644.6596246451923
15254,9476,8338,3144,19693,1644.6607496365384
15255,9476,8338,3125,19684,1644.6618746278846
15256,9476,8338,3106,19675,1644.6629996192307
15257,9476,8338,3086,19666,1644.664124610577
15258,9476,8338,3067,19657,1644.665249601923
15259,9476,8338,3048,19648,1644.6663745932692
15260,9476,8338,3028,19639,1644.6674995846154
15261,9476,8338,3009,19630,1644.6686245759615
15262,9476,8338,2990,19621,1644.6697495673077
15263,9476,8338,2970,19612,1644.6708745586538
15264,9315,8133,3238,19697,1644.672
15265,9315,8133,3220,19690,1644.6731249859374
15266,9315,8133,3203,19683,1644.674249971875
15267,9315,8133,3185,19676,1644.6753749578124
15268,9315,8133,3167,19669,1644.67649994375
15269,9315,8133,3150,19661,1644.6776249296875
15270,9315,8133,3132,19654,1644.678749915625
15271,9315,8133,3114,19647,1644.6798749015625
15272,9315,8133,3097,19640,1644.6809998875
15273,9315,8133,3079,19633,1644.6821248734375
15274,9315,8133,3061,19626,1644.683249859375
15275,9315,8133,3044,19618,1644.6843748453125
15276,9315,8133,3026,19611,1644.6854998312501
15277,9315,8133,3008,19604,1644.6866248171875
15278,9315,8133,2991,19597,1644.6877498031251
15279,9315,8133,2973,19590,1644.6888747890625
15280,9315,8133,2955,19583,1644.6899997750002
15281,9315,8133,2937,19575,1644.6911247609376
15282,9315,8133,2920,19568,1644.692249746875
15283,9315,8133,2902,19561,1644.6933747328126
15284,9315,8133,2884,19554,1644.69449971875
15285,9315,8133,2867,19547,1644.6956247046876
15286,9315,8133,2849,19540,1644.696749690625
15287,9315,8133,2831,19532,1644.6978746765626
15288,9315,8133,2814,19525,1644.6989996625
15289,9315,8133,2796,19518,1644.7001246484376
15290,9315,8133,2778,19511,1644.701249634375
15291,9315,8133,2761,19504,1644.7023746203126
15292,9315,8133,2743,19497,1644.70349960625
15293,9315,8133,2725,19489,1644.7046245921877
15294,9315,8133,2707,19482,1644.705749578125
15295,9315,8133,2690,19475,1644.7068745640627
15296,9154,7928,2930,19582,1644.708
15297,9154,7928,2913,19576,1644.7091249839286
15298,9154,7928,2896,19570,1644.7102499678572
15299,9154,7928,2879,19565,1644.7113749517857
15300,9154,7928,2862,19559,1644.7124999357143
15301,9154,7928,2845,19553,1644.7136249196428
15302,9154,7928,2828,19547,1644.7147499035714
15303,9154,7928,2811,19542,1644.7158748875
15304,9154,7928,2794,19536,1644.7169998714287
15305,9154,7928,2776,19530,1644.7181248553572
15306,9154,7928,2759,19524,1644.7192498392858
15307,9154,7928,2742,19518,1644.7203748232143
15308,9154,7928,2725,19513,1644.721499807143
15309,9154,7928,2708,19507,1644.7226247910714
15310,9154,7928,2691,19501,1644.723749775
15311,9154,7928,2674,19495,1644.7248747589285
15312,9154,7928,2657,19490,1644.725999742857
15313,9154,7928,2640,19484,1644.7271247267856
15314,9154,7928,2623,19478,1644.7282497107142
15315,9154,7928,2606,19472,1644.7293746946427
15316,9154,7928,2588,19467,1644.7304996785713
15317,9154,7928,2571,19461,1644.7316246625
15318,9154,7928,2554,19455,1644.7327496464286
15319,9154,7928,2537,19449,1644.7338746303571
15320,9154,7928,2520,19444,1644.7349996142857
15321,9154,7928,2503,19438,1644.7361245982142
15322,9154,7928,2503,19432,1644.7372495821428
15323,9154,7928,2503,19426,1644.7383745660713
15324,8993,7723,10962,20817,1644.7395
15325,8993,7723,10962,20806,1644.7406249897726
15326,8993,7723,10962,20794,1644.7417499795454
15327,8993,7723,10962,20782,1644.742874969318
15328,8993,7723,10792,20770,1644.7439999590908
15329,8993,7723,10792,20758,1644.7451249488636
15330,8993,7723,10792,20746,1644.7462499386363
15331,8993,7723,10792,20734,1644.747374928409
15332,8993,7723,10632,20723,1644.7484999181818
15333,8993,7723,10632,20711,1644.7496249079545
15334,8993,7723,10632,20699,1644.7507498977272
15335,8993,7723,10632,20687,1644.7518748875
15336,8993,7723,10466,20675,1644.7529998772727
15337,8993,7723,10466,20663,1644.7541248670454
15338,8993,7723,10466,20651,1644.7552498568182
15339,8993,7723,10466,20640,1644.756374846591
15340,8993,7723,10290,20628,1644.7574998363636
15341,8993,7723,10254,20616,1644.7586248261364
15342,8993,7723,10217,20604,1644.7597498159091
15343,8993,7723,10181,20592,1644.7608748056819
15344,8993,7723,10144,20580,1644.7619997954546
15345,8993,7723,10108,20568,1644.7631247852273
15346,8993,7723,10071,20557,1644.7642497749998
15347,8993,7723,10035,20545,1644.7653747647726
15348,8993,7723,9984,20533,1644.7664997545453
15349,8993,7723,9984,20521,1644.767624744318
15350,8993,7723,9984,20509,1644.7687497340908
15351,8993,7723,9984,20497,1644.7698747238635
15352,8993,7723,9826,20485,1644.7709997136362
15353,8993,7723,9790,20474,1644.772124703409
15354,8993,7723,9754,20462,1644.7732496931817
15355,8993,7723,9718,20450,1644.7743746829544
15356,8993,7723,9682,20438,1644.7754996727272
15357,8993,7723,9646,20426,1644.7766246625
15358,8993,7723,9610,20414,1644.7777496522726
15359,8993,7723,9574,20402,1644.7788746420454
15360,8993,7723,9528,20391,1644.779999631818
15361,8993,7723,9491,20379,1644.7811246215908
15362,8993,7723,9453,20367,1644.7822496113636
15363,8993,7723,9416,20355,1644.7833746011363
15364,8993,7723,9378,20343,1644.784499590909
15365,8993,7723,9341,20331,1644.7856245806818
15366,8993,7723,9303,20319,1644.7867495704545
15367,8993,7723,9266,20308,1644.7878745602272
15368,8993,7723,9218,20270,1644.789
15369,8993,7723,9182,20258,1644.7901249625
15370,8993,7723,9145,20246,1644.791249925
15371,8993,7723,9109,20233,1644.7923748875
15372,8993,7723,9072,20221,1644.79349985
15373,8993,7723,9036,20209,1644.7946248125
15374,8993,7723,8999,20197,1644.7957497749999
15375,8993,7723,8963,20185,1644.7968747375
15376,8993,7723,8912,20173,1644.7979997
15377,8993,7723,8912,20161,1644.7991246625
15378,8993,7723,8912,20149,1644.800249625
15379,8993,7723,8912,20136,1644.8013745875
15380,8832,7518,9355,20243,1644.8025
15381,8832,7518,9321,20233,1644.8036249897727
15382,8832,7518,9287,20223,1644.8047499795455
15383,8832,7518,9253,20213,1644.8058749693182
15384,8832,7518,9220,20203,1644.806999959091
15385,8832,7518,9186,20192,1644.8081249488637
15386,8832,7518,9152,20182,1644.8092499386364
15387,8832,7518,9118,20172,1644.8103749284091
15388,8832,7518,9084,20162,1644.8114999181819
15389,8832,7518,9051,20152,1644.8126249079546
15390,8832,7518,9017,20142,1644.8137498977273
15391,8832,7518,8983,20132,1644.8148748875
15392,8832,7518,8949,20122,1644.8159998772728
15393,8832,7518,8915,20112,1644.8171248670455
15394,8832,7518,8881,20102,1644.8182498568183
15395,8832,7518,8848,20092,1644.819374846591
15396,8832,7518,8814,20082,1644.8204998363638
15397,8832,7518,8780,20072,1644.8216248261365
15398,8832,7518,8746,20062,1644.8227498159092
15399,8832,7518,8712,20052,1644.823874805682
15400,8832,7518,8678,20041,1644.8249997954547
15401,8832,7518,8645,20031,1644.8261247852274
15402,8832,7518,8611,20021,1644.827249775
15403,8832,7518,8577,20011,1644.8283747647727
15404,8832,7518,8524,20001,1644.8294997545454
15405,8832,7518,8489,19991,1644.8306247443181
15406,8832,7518,8454,19981,1644.8317497340909
15407,8832,7518,8419,19971,1644.8328747238636
15408,8832,7518,8384,19961,1644.8339997136363
15409,8832,7518,8349,19951,1644.835124703409
15410,8832,7518,8314,19941,1644.8362496931818
15411,8832,7518,8279,19931,1644.8373746829545
15412,8832,7518,8244,19921,1644.8384996727273
15413,8832,7518,8209,19911,1644.8396246625
15414,8832,7518,8174,19901,1644.8407496522727
15415,8832,7518,8139,19890,1644.8418746420455
15416,8832,7518,8104,19880,1644.8429996318182
15417,8832,7518,8069,19870,1644.844124621591
15418,8832,7518,8034,19860,1644.8452496113637
15419,8832,7518,7999,19850,1644.8463746011364
15420,8832,7518,7964,19840,1644.8474995909091
15421,8832,7518,7929,19830,1644.8486245806819
15422,8832,7518,7894,19820,1644.8497495704546
15423,8832,7518,7859,19810,1644.8508745602273
15424,8671,7313,8378,20020,1644.852
15425,8671,7313,8347,20015,1644.853124990625
15426,8671,7313,8315,20010,1644.8542499812502
15427,8671,7313,8284,20005,1644.855374971875
15428,8671,7313,8252,20000,1644.8564999625
15429,8671,7313,8221,19995,1644.857624953125
15430,8671,7313,8189,19990,1644.8587499437501
15431,8671,7313,8158,19985,1644.859874934375
15432,8671,7313,8126,19979,1644.860999925
15433,8671,7313,8095,19974,1644.8621249156251
15434,8671,7313,8063,19969,1644.86324990625
15435,8671,7313,8032,19964,1644.864374896875
15436,8671,7313,8000,19959,1644.8654998875
15437,8671,7313,7969,19954,1644.866624878125
15438,8671,7313,7937,19949,1644.86774986875
15439,8671,7313,7906,19944,1644.868874859375
15440,8671,7313,7874,19939,1644.86999985
15441,8671,7313,7843,19934,1644.871124840625
15442,8671,7313,7811,19929,1644.87224983125
15443,8671,7313,7780,19924,1644.8733748218751
15444,8671,7313,7748,19919,1644.8744998125
15445,8671,7313,7717,19913,1644.875624803125
15446,8671,7313,7685,19908,1644.87674979375
15447,8671,7313,7654,19903,1644.877874784375
15448,8671,7313,7622,19898,1644.878999775
15449,8671,7313,7591,19893,1644.880124765625
15450,8671,7313,7559,19888,1644.88124975625
15451,8671,7313,7528,19883,1644.882374746875
15452,8671,7313,7496,19878,1644.8834997375
15453,8671,7313,7465,19873,1644.884624728125
15454,8671,7313,7433,19868,1644.88574971875
15455,8671,7313,7402,19863,1644.886874709375
15456,8671,7313,7370,19858,1644.8879997
15457,8671,7313,7339,19853,1644.889124690625
15458,8671,7313,7307,19848,1644.89024968125
15459,8671,7313,7276,19842,1644.891374671875
15460,8671,7313,7244,19837,1644.8924996625
15461,8671,7313,7213,19832,1644.893624653125
15462,8671,7313,7181,19827,1644.89474964375
15463,8671,7313,7150,19822,1644.8958746343749
15464,8671,7313,7118,19817,1644.896999625
15465,8671,7313,7087,19812,1644.898124615625
15466,8671,7313,7055,19807,1644.89924960625
15467,8671,7313,7024,19802,1644.900374596875
15468,8671,7313,6992,19797,1644.9014995875
15469,8671,7313,6961,19792,1644.902624578125
15470,8671,7313,6929,19787,1644.9037495687498
15471,8671,7313,6898,19782,1644.904874559375
15472,8510,7108,7364,19946,1644.906
15473,8510,7108,7335,19936,1644.9071249906249
15474,8510,7108,7306,19925,1644.90824998125
15475,8510,7108,7277,19915,1644.909374971875
15476,8510,7108,7248,19905,1644.9104999625
15477,8510,7108,7220,19894,1644.911624953125
15478,8510,7108,7191,19884,1644.91274994375
15479,8510,7108,7162,19874,1644.913874934375
15480,8510,7108,7133,19863,1644.9149999249998
15481,8510,7108,7104,19853,1644.916124915625
15482,8510,7108,7075,19842,1644.91724990625
15483,8510,7108,7047,19832,1644.9183748968749
15484,8510,7108,7018,19822,1644.9194998875
15485,8510,7108,6989,19811,1644.920624878125
15486,8510,7108,6960,19801,1644.9217498687499
15487,8510,7108,6931,19790,1644.922874859375
15488,8510,7108,6902,19780,1644.92399985
15489,8510,7108,6874,19770,1644.925124840625
15490,8510,7108,6845,19759,1644.92624983125
15491,8510,7108,6816,19749,1644.927374821875
15492,8510,7108,6787,19738,1644.9284998125
15493,8510,7108,6758,19728,1644.929624803125
15494,8510,7108,6730,19718,1644.93074979375
15495,8510,7108,6701,19707,1644.931874784375
15496,8510,7108,6672,19697,1644.932999775
15497,8510,7108,6643,19686,1644.934124765625
15498,8510,7108,6614,19676,1644.93524975625
15499,8510,7108,6585,19666,1644.936374746875
15500,8510,7108,6557,19655,1644.9374997375
15501,8510,7108,6528,19645,1644.938624728125
15502,8510,7108,6499,19635,1644.93974971875
15503,8510,7108,6470,19624,1644.940874709375
15504,8510,7108,6441,19614,1644.9419997
15505,8510,7108,6412,19603,1644.943124690625
15506,8510,7108,6384,19593,1644.94424968125
15507,8510,7108,6355,19583,1644.945374671875
15508,8510,7108,6326,19572,1644.9464996625
15509,8510,7108,6297,19562,1644.947624653125
15510,8510,7108,6268,19551,1644.94874964375
15511,8510,7108,6239,19541,1644.949874634375
15512,8510,7108,6211,19531,1644.950999625
15513,8510,7108,6182,19520,1644.952124615625
15514,8510,7108,6153,19510,1644.95324960625
15515,8510,7108,6124,19499,1644.954374596875
15516,8510,7108,6095,19489,1644.9554995875
15517,8510,7108,6066,19479,1644.956624578125
15518,8510,7108,6038,19468,1644.95774956875
15519,8510,7108,6009,19458,1644.958874559375
15520,8349,6903,6438,19615,1644.96
15521,8349,6903,6412,19607,1644.9611249913462
15522,8349,6903,6386,19599,1644.9622499826924
15523,8349,6903,6360,19591,1644.9633749740385
15524,8349,6903,6334,19583,1644.9644999653847
15525,8349,6903,6307,19575,1644.9656249567308
15526,8349,6903,6281,19567,1644.966749948077
15527,8349,6903,6255,19560,1644.9678749394232
15528,8349,6903,6229,19552,1644.9689999307693
15529,8349,6903,6203,19544,1644.9701249221155
15530,8349,6903,6177,19536,1644.9712499134616
15531,8349,6903,6151,19528,1644.9723749048078
15532,8349,6903,6125,19520,1644.973499896154
15533,8349,6903,6099,19512,1644.9746248874999
15534,8349,6903,6073,19504,1644.975749878846
15535,8349,6903,6047,19496,1644.9768748701922
15536,8349,6903,6021,19488,1644.9779998615384
15537,8349,6903,5995,19480,1644.9791248528845
15538,8349,6903,5969,19472,1644.9802498442307
15539,8349,6903,5943,19464,1644.9813748355768
15540,8349,6903,5917,19456,1644.982499826923
15541,8349,6903,5890,19448,1644.9836248182692
15542,8349,6903,5864,19440,1644.9847498096153
15543,8349,6903,5838,19432,1644.9858748009615
15544,8349,6903,5812,19424,1644.9869997923076
15545,8349,6903,5786,19416,1644.9881247836538
15546,8349,6903,5760,19408,1644.989249775
15547,8349,6903,5734,19400,1644.9903747663461
15548,8349,6903,5708,19392,1644.9914997576923
15549,8349,6903,5682,19384,1644.9926247490384
15550,8349,6903,5656,19376,1644.9937497403846
15551,8349,6903,5630,19368,1644.9948747317308
15552,8349,6903,5604,19360,1644.995999723077
15553,8349,6903,5578,19352,1644.997124714423
15554,8349,6903,5552,19344,1644.9982497057692
15555,8349,6903,5526,19336,1644.9993746971154
15556,8349,6903,5500,19328,1645.0004996884616
15557,8349,6903,5474,19320,1645.0016246798077
15558,8349,6903,5447,19312,1645.0027496711539
15559,8349,6903,5421,19304,1645.0038746625
15560,8349,6903,5395,19296,1645.004999653846
15561,8349,6903,5369,19288,1645.0061246451921
15562,8349,6903,5343,19280,1645.0072496365383
15563,8349,6903,5317,19272,1645.0083746278845
15564,8349,6903,5291,19264,1645.0094996192306
15565,8349,6903,5265,19256,1645.0106246105768
15566,8349,6903,5239,19248,1645.011749601923
15567,8349,6903,5213,19240,1645.012874593269
15568,8349,6903,5187,19233,1645.0139995846152
15569,8349,6903,5161,19225,1645.0151245759614
15570,8349,6903,5135,19217,1645.0162495673076
15571,8349,6903,5109,19209,1645.0173745586537
15572,8182,6698,5511,19413,1645.0185
15573,8182,6698,5487,19404,1645.0196249897726
15574,8182,6698,5463,19394,1645.0207499795454
15575,8182,6698,5440,19384,1645.021874969318
15576,8182,6698,5416,19374,1645.0229999590908
15577,8182,6698,5392,19364,1645.0241249488636
15578,8182,6698,5368,19354,1645.0252499386363
15579,8182,6698,5345,19344,1645.026374928409
15580,8182,6698,5321,19334,1645.0274999181818
15581,8182,6698,5297,19324,1645.0286249079545
15582,8182,6698,5273,19314,1645.0297498977272
15583,8182,6698,5250,19304,1645.0308748875
15584,8182,6698,5226,19294,1645.0319998772727
15585,8182,6698,5202,19285,1645.0331248670454
15586,8182,6698,5179,19275,1645.0342498568182
15587,8182,6698,5155,19265,1645.035374846591
15588,8182,6698,5131,19255,1645.0364998363636
15589,8182,6698,5107,19245,1645.0376248261364
15590,8182,6698,5084,19235,1645.0387498159091
15591,8182,6698,5060,19225,1645.0398748056818
15592,8182,6698,5036,19215,1645.0409997954546
15593,8182,6698,5012,19205,1645.0421247852273
15594,8182,6698,4989,19195,1645.0432497749998
15595,8182,6698,4965,19185,1645.0443747647726
15596,8182,6698,4941,19176,1645.0454997545453
15597,8182,6698,4917,19166,1645.046624744318
15598,8182,6698,4894,19156,1645.0477497340908
15599,8182,6698,4870,19146,1645.0488747238635
15600,8182,6698,4846,19136,1645.0499997136362
15601,8182,6698,4823,19126,1645.051124703409
15602,8182,6698,4799,19116,1645.0522496931817
15603,8182,6698,4775,19106,1645.0533746829544
15604,8182,6698,4751,19096,1645.0544996727272
15605,8182,6698,4728,19086,1645.0556246625
15606,8182,6698,4704,19076,1645.0567496522726
15607,8182,6698,4680,19066,1645.0578746420454
15608,8182,6698,4656,19057,1645.058999631818
15609,8182,6698,4633,19047,1645.0601246215908
15610,8182,6698,4609,19037,1645.0612496113636
15611,8182,6698,4585,19027,1645.0623746011363
15612,8182,6698,4561,19017,1645.063499590909
15613,8182,6698,4538,19007,1645.0646245806818
15614,8182,6698,4514,18997,1645.0657495704545
15615,8182,6698,4490,18987,1645.0668745602272
15616,8182,6698,4467,18936,1645.068
15617,8182,6698,4443,18936,1645.0691248875
15618,8182,6698,4419,18936,1645.0702497749999
15619,8182,6698,4395,18936,1645.0713746625
15620,7981,6521,4779,19162,1645.0725
15621,7981,6521,4758,19162,1645.0736248875
15622,7981,6521,4736,19162,1645.0747497749999
15623,7981,6521,4715,19162,1645.0758746625
15624,7981,6521,4694,19075,1645.077
15625,7981,6521,4672,19063,1645.07812498125
15626,7981,6521,4651,19051,1645.0792499625
15627,7981,6521,4629,19040,1645.08037494375
15628,7981,6521,4608,19028,1645.0814999250001
15629,7981,6521,4587,19016,1645.08262490625
15630,7981,6521,4565,19004,1645.0837498875
15631,7981,6521,4544,18992,1645.08487486875
15632,7981,6521,4522,18981,1645.08599985
15633,7981,6521,4501,18969,1645.08712483125
15634,7981,6521,4480,18957,1645.0882498125
15635,7981,6521,4458,18945,1645.08937479375
15636,7981,6521,4437,18934,1645.090499775
15637,7981,6521,4415,18922,1645.09162475625
15638,7981,6521,4394,18910,1645.0927497375
15639,7981,6521,4373,18898,1645.09387471875
15640,7981,6521,4351,18887,1645.0949997
15641,7981,6521,4330,18875,1645.09612468125
15642,7981,6521,4308,18863,1645.0972496625
15643,7981,6521,4287,18851,1645.09837464375
15644,7981,6521,4266,18840,1645.0994996250001
15645,7981,6521,4244,18828,1645.10062460625
15646,7981,6521,4223,18816,1645.1017495875
15647,7981,6521,4202,18804,1645.10287456875
15648,7981,6521,4180,18782,1645.104
15649,7981,6521,4159,18782,1645.1051248875
15650,7981,6521,4137,18782,1645.106249775
15651,7981,6521,4116,18782,1645.1073746625
15652,7981,6521,4095,18714,1645.1085
15653,7981,6521,4073,18706,1645.1096249625
15654,7981,6521,4052,18698,1645.1107499250002
15655,7981,6521,4030,18690,1645.1118748875
15656,7981,6521,4009,18682,1645.11299985
15657,7981,6521,3988,18674,1645.1141248125
15658,7981,6521,3966,18666,1645.115249775
15659,7981,6521,3945,18658,1645.1163747375
15660,7981,6521,3923,18650,1645.1174997
15661,7981,6521,3902,18641,1645.1186246625
15662,7981,6521,3881,18633,1645.1197496250002
15663,7981,6521,3859,18625,1645.1208745875
15664,7780,6344,4199,18830,1645.122
15665,7780,6344,4179,18824,1645.1231249897728
15666,7780,6344,4160,18818,1645.1242499795455
15667,7780,6344,4140,18812,1645.1253749693183
15668,7780,6344,4121,18805,1645.126499959091
15669,7780,6344,4101,18799,1645.1276249488637
15670,7780,6344,4082,18793,1645.1287499386365
15671,7780,6344,4062,18787,1645.1298749284092
15672,7780,6344,4042,18780,1645.130999918182
15673,7780,6344,4023,18774,1645.1321249079547
15674,7780,6344,4003,18768,1645.1332498977274
15675,7780,6344,3984,18762,1645.1343748875
15676,7780,6344,3964,18756,1645.1354998772727
15677,7780,6344,3945,18749,1645.1366248670454
15678,7780,6344,3925,18743,1645.1377498568181
15679,7780,6344,3906,18737,1645.1388748465909
15680,7780,6344,3886,18731,1645.1399998363636
15681,7780,6344,3866,18725,1645.1411248261363
15682,7780,6344,3847,18718,1645.142249815909
15683,7780,6344,3827,18712,1645.1433748056818
15684,7780,6344,3808,18706,1645.1444997954545
15685,7780,6344,3788,18700,1645.1456247852273
15686,7780,6344,3769,18693,1645.146749775
15687,7780,6344,3749,18687,1645.1478747647727
15688,7780,6344,3730,18681,1645.1489997545455
15689,7780,6344,3710,18675,1645.1501247443182
15690,7780,6344,3690,18669,1645.151249734091
15691,7780,6344,3671,18662,1645.1523747238637
15692,7780,6344,3651,18656,1645.1534997136364
15693,7780,6344,3632,18650,1645.1546247034091
15694,7780,6344,3612,18644,1645.1557496931819
15695,7780,6344,3593,18638,1645.1568746829546
15696,7780,6344,3573,18631,1645.1579996727273
15697,7780,6344,3554,18625,1645.1591246624998
15698,7780,6344,3534,18619,1645.1602496522726
15699,7780,6344,3515,18613,1645.1613746420453
15700,7780,6344,3495,18606,1645.162499631818
15701,7780,6344,3475,18600,1645.1636246215908
15702,7780,6344,3456,18594,1645.1647496113635
15703,7780,6344,3436,18588,1645.1658746011362
15704,7780,6344,3417,18582,1645.166999590909
15705,7780,6344,3397,18575,1645.1681245806817
15706,7780,6344,3378,18569,1645.1692495704544
15707,7780,6344,3358,18563,1645.1703745602272
15708,7579,6167,3666,18843,1645.1715
15709,7579,6167,3647,18835,1645.172624991346
15710,7579,6167,3629,18828,1645.1737499826922
15711,7579,6167,3611,18820,1645.1748749740384
15712,7579,6167,3592,18813,1645.1759999653846
15713,7579,6167,3574,18805,1645.1771249567307
15714,7579,6167,3556,18798,1645.1782499480769
15715,7579,6167,3537,18791,1645.179374939423
15716,7579,6167,3519,18783,1645.1804999307692
15717,7579,6167,3501,18776,1645.1816249221154
15718,7579,6167,3482,18768,1645.1827499134615
15719,7579,6167,3464,18761,1645.1838749048077
15720,7579,6167,3446,18754,1645.1849998961538
15721,7579,6167,3427,18746,1645.1861248875
15722,7579,6167,3409,18739,1645.1872498788462
15723,7579,6167,3391,18731,1645.1883748701923
15724,7579,6167,3372,18724,1645.1894998615385
15725,7579,6167,3354,18716,1645.1906248528846
15726,7579,6167,3336,18709,1645.1917498442308
15727,7579,6167,3317,18702,1645.192874835577
15728,7579,6167,3299,18694,1645.1939998269231
15729,7579,6167,3281,18687,1645.1951248182693
15730,7579,6167,3262,18679,1645.1962498096154
15731,7579,6167,3244,18672,1645.1973748009616
15732,7579,6167,3226,18664,1645.1984997923078
15733,7579,6167,3208,18657,1645.199624783654
15734,7579,6167,3189,18650,1645.200749775
15735,7579,6167,3171,18642,1645.201874766346
15736,7579,6167,3153,18635,1645.2029997576922
15737,7579,6167,3134,18627,1645.2041247490383
15738,7579,6167,3116,18620,1645.2052497403845
15739,7579,6167,3098,18613,1645.2063747317306
15740,7579,6167,3079,18605,1645.2074997230768
15741,7579,6167,3061,18598,1645.208624714423
15742,7579,6167,3043,18590,1645.2097497057691
15743,7579,6167,3024,18583,1645.2108746971153
15744,7579,6167,3006,18575,1645.2119996884614
15745,7579,6167,2988,18568,1645.2131246798076
15746,7579,6167,2969,18561,1645.2142496711538
15747,7579,6167,2951,18553,1645.2153746625
15748,7579,6167,2933,18546,1645.216499653846
15749,7579,6167,2914,18538,1645.2176246451922
15750,7579,6167,2896,18531,1645.2187496365384
15751,7579,6167,2878,18523,1645.2198746278846
15752,7579,6167,2859,18516,1645.2209996192307
15753,7579,6167,2841,18509,1645.2221246105769
15754,7579,6167,2823,18501,1645.223249601923
15755,7579,6167,2804,18494,1645.2243745932692
15756,7579,6167,2786,18486,1645.2254995846154
15757,7579,6167,2768,18479,1645.2266245759615
15758,7579,6167,2749,18472,1645.2277495673077
15759,7579,6167,2731,18464,1645.2288745586538
15760,7378,5990,3038,18682,1645.23
15761,7378,5990,3021,18673,1645.2311249859374
15762,7378,5990,3003,18664,1645.232249971875
15763,7378,5990,2985,18654,1645.2333749578124
15764,7378,5990,2967,18645,1645.23449994375
15765,7378,5990,2949,18636,1645.2356249296874
15766,7378,5990,2932,18627,1645.236749915625
15767,7378,5990,2914,18617,1645.2378749015625
15768,7378,5990,2896,18608,1645.2389998875
15769,7378,5990,2878,18599,1645.2401248734375
15770,7378,5990,2860,18589,1645.241249859375
15771,7378,5990,2843,18580,1645.2423748453125
15772,7378,5990,2825,18571,1645.2434998312501
15773,7378,5990,2807,18562,1645.2446248171875
15774,7378,5990,2789,18552,1645.2457498031251
15775,7378,5990,2771,18543,1645.2468747890625
15776,7378,5990,2754,18534,1645.2479997750002
15777,7378,5990,2736,18524,1645.2491247609375
15778,7378,5990,2718,18515,1645.250249746875
15779,7378,5990,2700,18506,1645.2513747328126
15780,7378,5990,2682,18497,1645.25249971875
15781,7378,5990,2665,18487,1645.2536247046876
15782,7378,5990,2647,18478,1645.254749690625
15783,7378,5990,2629,18469,1645.2558746765626
15784,7378,5990,2611,18459,1645.2569996625
15785,7378,5990,2593,18450,1645.2581246484376
15786,7378,5990,2576,18441,1645.259249634375
15787,7378,5990,2558,18431,1645.2603746203126
15788,7378,5990,2540,18422,1645.26149960625
15789,7378,5990,2522,18413,1645.2626245921876
15790,7378,5990,2504,18404,1645.263749578125
15791,7378,5990,2504,18394,1645.2648745640627
15792,7177,5813,11312,19771,1645.266
15793,7177,5813,11312,19764,1645.2671249929688
15794,7177,5813,11312,19756,1645.2682499859375
15795,7177,5813,11312,19749,1645.2693749789064
15796,7177,5813,11136,19742,1645.270499971875
15797,7177,5813,11136,19734,1645.2716249648438
15798,7177,5813,11136,19727,1645.2727499578125
15799,7177,5813,11136,19720,1645.2738749507814
15800,7177,5813,10978,19712,1645.2749999437501
15801,7177,5813,10978,19705,1645.2761249367188
15802,7177,5813,10978,19698,1645.2772499296875
15803,7177,5813,10978,19690,1645.2783749226562
15804,7177,5813,10808,19683,1645.2794999156251
15805,7177,5813,10808,19676,1645.2806249085938
15806,7177,5813,10808,19668,1645.2817499015625
15807,7177,5813,10808,19661,1645.2828748945312
15808,7177,5813,10648,19654,1645.2839998875002
15809,7177,5813,10648,19646,1645.2851248804689
15810,7177,5813,10648,19639,1645.2862498734376
15811,7177,5813,10648,19632,1645.2873748664063
15812,7177,5813,10482,19624,1645.288499859375
15813,7177,5813,10482,19617,1645.2896248523439
15814,7177,5813,10482,19610,1645.2907498453126
15815,7177,5813,10482,19602,1645.2918748382813
15816,7177,5813,10322,19595,1645.29299983125
15817,7177,5813,10322,19588,1645.2941248242187
15818,7177,5813,10322,19580,1645.2952498171876
15819,7177,5813,10322,19573,1645.2963748101563
15820,7177,5813,10144,19566,1645.297499803125
15821,7177,5813,10108,19558,1645.2986247960937
15822,7177,5813,10072,19551,1645.2997497890626
15823,7177,5813,10036,19544,1645.3008747820313
15824,7177,5813,10000,19536,1645.301999775
15825,7177,5813,9964,19529,1645.3031247679687
15826,7177,5813,9928,19522,1645.3042497609374
15827,7177,5813,9892,19514,1645.3053747539063
15828,7177,5813,9842,19507,1645.306499746875
15829,7177,5813,9842,19500,1645.3076247398437
15830,7177,5813,9842,19492,1645.3087497328124
15831,7177,5813,9842,19485,1645.3098747257814
15832,7177,5813,9688,19478,1645.31099971875
15833,7177,5813,9688,19470,1645.3121247117188
15834,7177,5813,9688,19463,1645.3132497046875
15835,7177,5813,9688,19456,1645.3143746976561
15836,7177,5813,9512,19448,1645.315499690625
15837,7177,5813,9479,19441,1645.3166246835938
15838,7177,5813,9445,19434,1645.3177496765625
15839,7177,5813,9412,19426,1645.3188746695312
15840,7177,5813,9378,19419,1645.3199996624999
15841,7177,5813,9345,19412,1645.3211246554688
15842,7177,5813,9311,19404,1645.3222496484375
15843,7177,5813,9278,19397,1645.3233746414062
15844,7177,5813,9202,19390,1645.324499634375
15845,7177,5813,9165,19382,1645.3256246273438
15846,7177,5813,9129,19375,1645.3267496203125
15847,7177,5813,9093,19368,1645.3278746132812
15848,7177,5813,9057,19360,1645.32899960625
15849,7177,5813,9020,19353,1645.3301245992186
15850,7177,5813,8984,19346,1645.3312495921875
15851,7177,5813,8948,19338,1645.3323745851562
15852,7177,5813,8912,19331,1645.333499578125
15853,7177,5813,8875,19324,1645.3346245710936
15854,7177,5813,8839,19316,1645.3357495640626
15855,7177,5813,8803,19309,1645.3368745570313
15856,6976,5636,9455,19549,1645.338
15857,6976,5636,9422,19549,1645.3391248875
15858,6976,5636,9389,19549,1645.3402497749998
15859,6976,5636,9355,19549,1645.3413746625
15860,6976,5636,9322,19478,1645.3425
15861,6976,5636,9289,19468,1645.34362498125
15862,6976,5636,9256,19458,1645.3447499625
15863,6976,5636,9223,19449,1645.34587494375
15864,6976,5636,9189,19439,1645.346999925
15865,6976,5636,9156,19429,1645.34812490625
15866,6976,5636,9123,19420,1645.3492498875
15867,6976,5636,9090,19410,1645.35037486875
15868,6976,5636,9057,19401,1645.35149985
15869,6976,5636,9023,19391,1645.35262483125
15870,6976,5636,8990,19381,1645.3537498125
15871,6976,5636,8957,19372,1645.35487479375
15872,6976,5636,8924,19362,1645.3559997749999
15873,6976,5636,8891,19352,1645.35712475625
15874,6976,5636,8857,19343,1645.3582497375
15875,6976,5636,8824,19333,1645.35937471875
15876,6976,5636,8791,19324,1645.3604997
15877,6976,5636,8758,19314,1645.36162468125
15878,6976,5636,8725,19304,1645.3627496625
15879,6976,5636,8691,19295,1645.36387464375
15880,6976,5636,8658,19285,1645.364999625
15881,6976,5636,8625,19275,1645.36612460625
15882,6976,5636,8592,19266,1645.3672495875
15883,6976,5636,8559,19256,1645.36837456875
15884,6976,5636,8498,19224,1645.3695
15885,6976,5636,8464,19224,1645.3706248875
15886,6976,5636,8430,19224,1645.371749775
15887,6976,5636,8396,19224,1645.3728746625
15888,6976,5636,8363,19163,1645.374
15889,6976,5636,8329,19163,1645.3751248875
15890,6976,5636,8295,19163,1645.376249775
15891,6976,5636,8261,19163,1645.3773746625
15892,6976,5636,8227,19099,1645.3785
15893,6976,5636,8193,19099,1645.3796248875
15894,6976,5636,8159,19099,1645.380749775
15895,6976,5636,8126,19099,1645.3818746625
15896,6976,5636,8092,19038,1645.383
15897,6976,5636,8058,19038,1645.3841248875
15898,6976,5636,8024,19038,1645.385249775
15899,6976,5636,7990,19038,1645.3863746625
15900,6976,5636,7956,18970,1645.3875
15901,6976,5636,7922,18959,1645.3886249775
15902,6976,5636,7889,18948,1645.389749955
15903,6976,5636,7855,18938,1645.3908749325
15904,6976,5636,7821,18927,1645.39199991
15905,6976,5636,7787,18916,1645.3931248875
15906,6976,5636,7753,18905,1645.3942498650001
15907,6976,5636,7719,18895,1645.3953748425001
15908,6976,5636,7685,18884,1645.3964998200001
15909,6976,5636,7652,18873,1645.3976247975002
15910,6976,5636,7618,18863,1645.398749775
15911,6976,5636,7584,18852,1645.3998747525
15912,6976,5636,7550,18841,1645.40099973
15913,6976,5636,7516,18830,1645.4021247075
15914,6976,5636,7482,18820,1645.403249685
15915,6976,5636,7448,18809,1645.4043746625
15916,6976,5636,7415,18798,1645.40549964
15917,6976,5636,7381,18787,1645.4066246175
15918,6976,5636,7347,18777,1645.407749595
15919,6976,5636,7313,18766,1645.4088745725
15920,6775,5459,7965,19079,1645.41
15921,6775,5459,7935,19072,1645.4111249913462
15922,6775,5459,7904,19065,1645.4122499826924
15923,6775,5459,7873,19059,1645.4133749740386
15924,6775,5459,7843,19052,1645.4144999653847
15925,6775,5459,7812,19045,1645.4156249567309
15926,6775,5459,7781,19038,1645.416749948077
15927,6775,5459,7751,19032,1645.4178749394232
15928,6775,5459,7720,19025,1645.4189999307694
15929,6775,5459,7689,19018,1645.4201249221155
15930,6775,5459,7659,19011,1645.4212499134617
15931,6775,5459,7628,19005,1645.4223749048078
15932,6775,5459,7597,18998,1645.423499896154
15933,6775,5459,7567,18991,1645.4246248875002
15934,6775,5459,7536,18984,1645.425749878846
15935,6775,5459,7505,18978,1645.4268748701923
15936,6775,5459,7475,18971,1645.4279998615384
15937,6775,5459,7444,18964,1645.4291248528846
15938,6775,5459,7413,18958,1645.4302498442307
15939,6775,5459,7383,18951,1645.431374835577
15940,6775,5459,7352,18944,1645.432499826923
15941,6775,5459,7321,18937,1645.4336248182692
15942,6775,5459,7291,18931,1645.4347498096154
15943,6775,5459,7260,18924,1645.4358748009615
15944,6775,5459,7229,18917,1645.4369997923077
15945,6775,5459,7199,18910,1645.4381247836538
15946,6775,5459,7168,18904,1645.439249775
15947,6775,5459,7137,18897,1645.4403747663462
15948,6775,5459,7107,18890,1645.4414997576923
15949,6775,5459,7076,18883,1645.4426247490385
15950,6775,5459,7045,18877,1645.4437497403846
15951,6775,5459,7015,18870,1645.4448747317308
15952,6775,5459,6984,18863,1645.445999723077
15953,6775,5459,6953,18857,1645.4471247144231
15954,6775,5459,6923,18850,1645.4482497057693
15955,6775,5459,6892,18843,1645.4493746971154
15956,6775,5459,6861,18836,1645.4504996884616
15957,6775,5459,6831,18830,1645.4516246798078
15958,6775,5459,6800,18823,1645.452749671154
15959,6775,5459,6769,18816,1645.4538746624999
15960,6775,5459,6739,18809,1645.454999653846
15961,6775,5459,6708,18803,1645.4561246451922
15962,6775,5459,6677,18796,1645.4572496365383
15963,6775,5459,6647,18789,1645.4583746278845
15964,6775,5459,6616,18782,1645.4594996192307
15965,6775,5459,6585,18776,1645.4606246105768
15966,6775,5459,6555,18769,1645.461749601923
15967,6775,5459,6524,18762,1645.4628745932691
15968,6775,5459,6494,18756,1645.4639995846153
15969,6775,5459,6463,18749,1645.4651245759615
15970,6775,5459,6432,18742,1645.4662495673076
15971,6775,5459,6402,18735,1645.4673745586538
15972,6574,5282,6964,19037,1645.4685
15973,6574,5282,6936,19029,1645.4696249839285
15974,6574,5282,6908,19021,1645.470749967857
15975,6574,5282,6880,19013,1645.4718749517856
15976,6574,5282,6852,19005,1645.4729999357141
15977,6574,5282,6824,18997,1645.474124919643
15978,6574,5282,6796,18989,1645.4752499035715
15979,6574,5282,6767,18980,1645.4763748875
15980,6574,5282,6739,18972,1645.4774998714286
15981,6574,5282,6711,18964,1645.478624855357
15982,6574,5282,6683,18956,1645.4797498392857
15983,6574,5282,6655,18948,1645.4808748232142
15984,6574,5282,6627,18940,1645.4819998071428
15985,6574,5282,6599,18932,1645.4831247910713
15986,6574,5282,6571,18924,1645.484249775
15987,6574,5282,6543,18916,1645.4853747589286
15988,6574,5282,6515,18907,1645.4864997428572
15989,6574,5282,6487,18899,1645.4876247267857
15990,6574,5282,6459,18891,1645.4887497107143
15991,6574,5282,6431,18883,1645.4898746946428
15992,6574,5282,6403,18875,1645.4909996785714
15993,6574,5282,6375,18867,1645.4921246625
15994,6574,5282,6346,18859,1645.4932496464285
15995,6574,5282,6318,18851,1645.494374630357
15996,6574,5282,6290,18843,1645.4954996142858
15997,6574,5282,6262,18834,1645.4966245982143
15998,6574,5282,6234,18826,1645.497749582143
15999,6574,5282,6206,18818,1645.4988745660714
16000,6574,5282,6178,18783,1645.5
16001,6574,5282,6150,18774,1645.50112498125
16002,6574,5282,6122,18766,1645.5022499625
16003,6574,5282,6094,18758,1645.50337494375
16004,6574,5282,6066,18750,1645.504499925
16005,6574,5282,6038,18741,1645.50562490625
16006,6574,5282,6010,18733,1645.5067498875
16007,6574,5282,5982,18725,1645.50787486875
16008,6574,5282,5953,18717,1645.50899985
16009,6574,5282,5925,18708,1645.51012483125
16010,6574,5282,5897,18700,1645.5112498125
16011,6574,5282,5869,18692,1645.51237479375
16012,6574,5282,5841,18683,1645.5134997750001
16013,6574,5282,5813,18675,1645.51462475625
16014,6574,5282,5785,18667,1645.5157497375
16015,6574,5282,5757,18659,1645.51687471875
16016,6574,5282,5729,18650,1645.5179997
16017,6574,5282,5701,18642,1645.51912468125
16018,6574,5282,5673,18634,1645.5202496625
16019,6574,5282,5645,18626,1645.52137464375
16020,6574,5282,5617,18617,1645.522499625
16021,6574,5282,5589,18609,1645.52362460625
16022,6574,5282,5561,18601,1645.5247495875
16023,6574,5282,5532,18593,1645.52587456875
16024,6373,5105,6059,18827,1645.527
16025,6373,5105,6033,18820,1645.5281249913462
16026,6373,5105,6008,18813,1645.5292499826924
16027,6373,5105,5983,18805,1645.5303749740385
16028,6373,5105,5957,18798,1645.5314999653847
16029,6373,5105,5932,18791,1645.5326249567308
16030,6373,5105,5906,18783,1645.533749948077
16031,6373,5105,5881,18776,1645.5348749394232
16032,6373,5105,5855,18769,1645.5359999307693
16033,6373,5105,5830,18761,1645.5371249221155
16034,6373,5105,5805,18754,1645.5382499134616
16035,6373,5105,5779,18747,1645.5393749048078
16036,6373,5105,5754,18739,1645.540499896154
16037,6373,5105,5728,18732,1645.5416248875
16038,6373,5105,5703,18725,1645.542749878846
16039,6373,5105,5677,18717,1645.5438748701922
16040,6373,5105,5652,18710,1645.5449998615384
16041,6373,5105,5626,18703,1645.5461248528845
16042,6373,5105,5601,18695,1645.5472498442307
16043,6373,5105,5576,18688,1645.5483748355769
16044,6373,5105,5550,18681,1645.549499826923
16045,6373,5105,5525,18673,1645.5506248182692
16046,6373,5105,5499,18666,1645.5517498096153
16047,6373,5105,5474,18659,1645.5528748009615
16048,6373,5105,5448,18651,1645.5539997923076
16049,6373,5105,5423,18644,1645.5551247836538
16050,6373,5105,5398,18637,1645.556249775
16051,6373,5105,5372,18629,1645.5573747663461
16052,6373,5105,5347,18622,1645.5584997576923
16053,6373,5105,5321,18615,1645.5596247490384
16054,6373,5105,5296,18608,1645.5607497403846
16055,6373,5105,5270,18600,1645.5618747317308
16056,6373,5105,5245,18593,1645.562999723077
16057,6373,5105,5220,18586,1645.564124714423
16058,6373,5105,5194,18578,1645.5652497057692
16059,6373,5105,5169,18571,1645.5663746971154
16060,6373,5105,5143,18564,1645.5674996884616
16061,6373,5105,5118,18556,1645.5686246798077
16062,6373,5105,5092,18549,1645.5697496711539
16063,6373,5105,5067,18542,1645.5708746625
16064,6373,5105,5042,18534,1645.571999653846
16065,6373,5105,5016,18527,1645.5731246451921
16066,6373,5105,4991,18520,1645.5742496365383
16067,6373,5105,4965,18512,1645.5753746278845
16068,6373,5105,4940,18505,1645.5764996192306
16069,6373,5105,4914,18498,1645.5776246105768
16070,6373,5105,4889,18490,1645.578749601923
16071,6373,5105,4864,18483,1645.579874593269
16072,6373,5105,4838,18476,1645.5809995846153
16073,6373,5105,4813,18468,1645.5821245759614
16074,6373,5105,4787,18461,1645.5832495673076
16075,6373,5105,4762,18454,1645.5843745586537
16076,6163,4921,5252,18782,1645.5855
16077,6163,4921,5229,18774,1645.586624991346
16078,6163,4921,5206,18767,1645.5877499826922
16079,6163,4921,5183,18760,1645.5888749740384
16080,6163,4921,5161,18753,1645.5899999653845
16081,6163,4921,5138,18745,1645.5911249567307
16082,6163,4921,5115,18738,1645.5922499480769
16083,6163,4921,5093,18731,1645.593374939423
16084,6163,4921,5070,18723,1645.5944999307692
16085,6163,4921,5047,18716,1645.5956249221153
16086,6163,4921,5024,18709,1645.5967499134615
16087,6163,4921,5002,18702,1645.5978749048077
16088,6163,4921,4979,18694,1645.5989998961538
16089,6163,4921,4956,18687,1645.6001248875
16090,6163,4921,4933,18680,1645.6012498788461
16091,6163,4921,4911,18673,1645.6023748701923
16092,6163,4921,4888,18665,1645.6034998615385
16093,6163,4921,4865,18658,1645.6046248528846
16094,6163,4921,4842,18651,1645.6057498442308
16095,6163,4921,4820,18643,1645.606874835577
16096,6163,4921,4797,18636,1645.607999826923
16097,6163,4921,4774,18629,1645.6091248182693
16098,6163,4921,4752,18622,1645.6102498096154
16099,6163,4921,4729,18614,1645.6113748009616
16100,6163,4921,4706,18607,1645.6124997923077
16101,6163,4921,4683,18600,1645.613624783654
16102,6163,4921,4661,18592,1645.6147497749998
16103,6163,4921,4638,18585,1645.615874766346
16104,6163,4921,4615,18578,1645.6169997576922
16105,6163,4921,4592,18571,1645.6181247490383
16106,6163,4921,4570,18563,1645.6192497403845
16107,6163,4921,4547,18556,1645.6203747317306
16108,6163,4921,4524,18549,1645.6214997230768
16109,6163,4921,4501,18541,1645.622624714423
16110,6163,4921,4479,18534,1645.6237497057691
16111,6163,4921,4456,18527,1645.6248746971153
16112,6163,4921,4433,18520,1645.6259996884614
16113,6163,4921,4411,18512,1645.6271246798076
16114,6163,4921,4388,18505,1645.6282496711538
16115,6163,4921,4365,18498,1645.6293746625
16116,6163,4921,4342,18491,1645.630499653846
16117,6163,4921,4320,18483,1645.6316246451922
16118,6163,4921,4297,18476,1645.6327496365384
16119,6163,4921,4274,18469,1645.6338746278846
16120,6163,4921,4251,18461,1645.6349996192307
16121,6163,4921,4229,18454,1645.6361246105769
16122,6163,4921,4206,18447,1645.637249601923
16123,6163,4921,4183,18440,1645.6383745932692
16124,6163,4921,4160,18432,1645.6394995846154
16125,6163,4921,4138,18425,1645.6406245759615
16126,6163,4921,4115,18418,1645.6417495673077
16127,6163,4921,4092,18410,1645.6428745586538
16128,6163,4921,4069,18338,1645.644
16129,6163,4921,4047,18338,1645.6451248875
16130,6163,4921,4024,18338,1645.646249775
16131,6163,4921,4001,18338,1645.6473746625
16132,6037,4771,4301,18448,1645.6485
16133,6037,4771,4280,18437,1645.6496249775
16134,6037,4771,4260,18427,1645.650749955
16135,6037,4771,4240,18416,1645.6518749325
16136,6037,4771,4220,18406,1645.65299991
16137,6037,4771,4199,18395,1645.6541248875
16138,6037,4771,4179,18384,1645.655249865
16139,6037,4771,4159,18374,1645.6563748425
16140,6037,4771,4139,18363,1645.65749982
16141,6037,4771,4118,18353,1645.6586247975001
16142,6037,4771,4098,18342,1645.659749775
16143,6037,4771,4078,18331,1645.6608747525
16144,6037,4771,4058,18321,1645.66199973
16145,6037,4771,4037,18310,1645.6631247075
16146,6037,4771,4017,18300,1645.664249685
16147,6037,4771,3997,18289,1645.6653746625
16148,6037,4771,3977,18279,1645.66649964
16149,6037,4771,3957,18268,1645.6676246175
16150,6037,4771,3936,18257,1645.668749595
16151,6037,4771,3916,18247,1645.6698745725
16152,6037,4771,3896,18221,1645.671
16153,6037,4771,3876,18221,1645.6721248875
16154,6037,4771,3855,18221,1645.673249775
16155,6037,4771,3835,18221,1645.6743746625
16156,6037,4771,3815,18158,1645.6755
16157,6037,4771,3795,18147,1645.6766249812501
16158,6037,4771,3774,18135,1645.6777499625
16159,6037,4771,3754,18124,1645.67887494375
16160,6037,4771,3734,18113,1645.6799999250002
16161,6037,4771,3714,18101,1645.68112490625
16162,6037,4771,3693,18090,1645.6822498875001
16163,6037,4771,3673,18078,1645.68337486875
16164,6037,4771,3653,18067,1645.68449985
16165,6037,4771,3633,18056,1645.6856248312502
16166,6037,4771,3612,18044,1645.6867498125
16167,6037,4771,3592,18033,1645.68787479375
16168,6037,4771,3572,18022,1645.688999775
16169,6037,4771,3552,18010,1645.69012475625
16170,6037,4771,3532,17999,1645.6912497375001
16171,6037,4771,3511,17987,1645.69237471875
16172,6037,4771,3491,17976,1645.6934997
16173,6037,4771,3471,17965,1645.6946246812502
16174,6037,4771,3451,17953,1645.6957496625
16175,6037,4771,3430,17942,1645.69687464375
16176,6037,4771,3410,17930,1645.6979996250002
16177,6037,4771,3390,17919,1645.69912460625
16178,6037,4771,3370,17908,1645.7002495875001
16179,6037,4771,3349,17896,1645.70137456875
16180,5911,4621,3611,18013,1645.7025
16181,5911,4621,3593,18007,1645.7036249913463
16182,5911,4621,3574,18001,1645.7047499826924
16183,5911,4621,3556,17994,1645.7058749740386
16184,5911,4621,3537,17988,1645.7069999653847
16185,5911,4621,3519,17982,1645.708124956731
16186,5911,4621,3500,17975,1645.709249948077
16187,5911,4621,3482,17969,1645.7103749394232
16188,5911,4621,3463,17963,1645.7114999307694
16189,5911,4621,3445,17956,1645.7126249221155
16190,5911,4621,3426,17950,1645.7137499134617
16191,5911,4621,3408,17944,1645.7148749048079
16192,5911,4621,3389,17937,1645.715999896154
16193,5911,4621,3371,17931,1645.7171248875002
16194,5911,4621,3352,17925,1645.718249878846
16195,5911,4621,3334,17918,1645.7193748701923
16196,5911,4621,3315,17912,1645.7204998615384
16197,5911,4621,3297,17906,1645.7216248528846
16198,5911,4621,3278,17899,1645.7227498442307
16199,5911,4621,3260,17893,1645.723874835577
16200,5911,4621,3241,17887,1645.724999826923
16201,5911,4621,3223,17880,1645.7261248182692
16202,5911,4621,3204,17874,1645.7272498096154
16203,5911,4621,3186,17868,1645.7283748009615
16204,5911,4621,3168,17861,1645.7294997923077
16205,5911,4621,3149,17855,1645.7306247836539
16206,5911,4621,3131,17849,1645.731749775
16207,5911,4621,3112,17842,1645.7328747663462
16208,5911,4621,3094,17836,1645.7339997576923
16209,5911,4621,3075,17830,1645.7351247490385
16210,5911,4621,3057,17823,1645.7362497403847
16211,5911,4621,3038,17817,1645.7373747317308
16212,5911,4621,3020,17811,1645.738499723077
16213,5911,4621,3001,17804,1645.7396247144231
16214,5911,4621,2983,17798,1645.7407497057693
16215,5911,4621,2964,17792,1645.7418746971155
16216,5911,4621,2946,17785,1645.7429996884616
16217,5911,4621,2927,17779,1645.7441246798078
16218,5911,4621,2909,17773,1645.745249671154
16219,5911,4621,2890,17766,1645.7463746624999
16220,5911,4621,2872,17760,1645.747499653846
16221,5911,4621,2853,17754,1645.7486246451922
16222,5911,4621,2835,17747,1645.7497496365384
16223,5911,4621,2816,17741,1645.7508746278845
16224,5911,4621,2798,17735,1645.7519996192307
16225,5911,4621,2780,17728,1645.7531246105768
16226,5911,4621,2761,17722,1645.754249601923
16227,5911,4621,2743,17716,1645.7553745932692
16228,5911,4621,2724,17709,1645.7564995846153
16229,5911,4621,2706,17703,1645.7576245759615
16230,5911,4621,2687,17697,1645.7587495673076
16231,5911,4621,2669,17690,1645.7598745586538
16232,5785,4471,2922,17860,1645.761
16233,5785,4471,2905,17853,1645.7621249839285
16234,5785,4471,2887,17846,1645.763249967857
16235,5785,4471,2870,17839,1645.7643749517856
16236,5785,4471,2853,17831,1645.7654999357142
16237,5785,4471,2836,17824,1645.766624919643
16238,5785,4471,2819,17817,1645.7677499035715
16239,5785,4471,2801,17810,1645.7688748875
16240,5785,4471,2784,17802,1645.7699998714286
16241,5785,4471,2767,17795,1645.7711248553571
16242,5785,4471,2750,17788,1645.7722498392857
16243,5785,4471,2732,17781,1645.7733748232142
16244,5785,4471,2715,17773,1645.7744998071428
16245,5785,4471,2698,17766,1645.7756247910713
16246,5785,4471,2681,17759,1645.776749775
16247,5785,4471,2663,17752,1645.7778747589286
16248,5785,4471,2646,17744,1645.7789997428572
16249,5785,4471,2629,17737,1645.7801247267857
16250,5785,4471,2612,17730,1645.7812497107143
16251,5785,4471,2595,17723,1645.7823746946428
16252,5785,4471,2577,17715,1645.7834996785714
16253,5785,4471,2560,17708,1645.7846246625
16254,5785,4471,2543,17701,1645.7857496464285
16255,5785,4471,2526,17694,1645.786874630357
16256,5785,4471,2508,17686,1645.7879996142858
16257,5785,4471,2508,17679,1645.7891245982144
16258,5785,4471,2508,17672,1645.790249582143
16259,5785,4471,2508,17665,1645.7913745660715
16260,5659,4321,11280,18901,1645.7925
16261,5659,4321,11280,18891,1645.79362498875
16262,5659,4321,11280,18880,1645.7947499775
16263,5659,4321,11280,18870,1645.79587496625
16264,5659,4321,11106,18859,1645.796999955
16265,5659,4321,11106,18849,1645.79812494375
16266,5659,4321,11106,18838,1645.7992499325
16267,5659,4321,11106,18828,1645.80037492125
16268,5659,4321,10930,18817,1645.80149991
16269,5659,4321,10930,18807,1645.80262489875
16270,5659,4321,10930,18796,1645.8037498875
16271,5659,4321,10930,18786,1645.80487487625
16272,5659,4321,10760,18775,1645.805999865
16273,5659,4321,10760,18765,1645.80712485375
16274,5659,4321,10760,18754,1645.8082498425001
16275,5659,4321,10760,18744,1645.8093748312501
16276,5659,4321,10584,18733,1645.8104998200001
16277,5659,4321,10584,18723,1645.8116248087501
16278,5659,4321,10584,18712,1645.8127497975001
16279,5659,4321,10584,18701,1645.8138747862502
16280,5659,4321,10418,18691,1645.8149997750002
16281,5659,4321,10418,18680,1645.81612476375
16282,5659,4321,10418,18670,1645.8172497525
16283,5659,4321,10418,18659,1645.81837474125
16284,5659,4321,10258,18649,1645.81949973
16285,5659,4321,10258,18638,1645.82062471875
16286,5659,4321,10258,18628,1645.8217497075
16287,5659,4321,10258,18617,1645.82287469625
16288,5659,4321,10096,18607,1645.823999685
16289,5659,4321,10096,18596,1645.82512467375
16290,5659,4321,10096,18586,1645.8262496625
16291,5659,4321,10096,18575,1645.82737465125
16292,5659,4321,9938,18565,1645.82849964
16293,5659,4321,9938,18554,1645.82962462875
16294,5659,4321,9938,18544,1645.8307496175
16295,5659,4321,9938,18533,1645.83187460625
16296,5659,4321,9762,18523,1645.832999595
16297,5659,4321,9762,18512,1645.83412458375
16298,5659,4321,9762,18502,1645.8352495725
16299,5659,4321,9762,18491,1645.83637456125
16300,5533,4171,10210,18692,1645.8375
16301,5533,4171,10178,18686,1645.8386249913463
16302,5533,4171,10146,18679,1645.8397499826924
16303,5533,4171,10114,18673,1645.8408749740386
16304,5533,4171,10082,18667,1645.8419999653847
16305,5533,4171,10050,18661,1645.843124956731
16306,5533,4171,10018,18654,1645.844249948077
16307,5533,4171,9986,18648,1645.8453749394232
16308,5533,4171,9954,18642,1645.8464999307694
16309,5533,4171,9922,18636,1645.8476249221155
16310,5533,4171,9890,18629,1645.8487499134617
16311,5533,4171,9858,18623,1645.8498749048078
16312,5533,4171,9794,18617,1645.850999896154
16313,5533,4171,9794,18611,1645.8521248875
16314,5533,4171,9794,18604,1645.853249878846
16315,5533,4171,9794,18598,1645.8543748701923
16316,5533,4171,9640,18592,1645.8554998615384
16317,5533,4171,9640,18586,1645.8566248528846
16318,5533,4171,9640,18580,1645.8577498442307
16319,5533,4171,9640,18573,1645.858874835577
16320,5533,4171,9480,18567,1645.859999826923
16321,5533,4171,9443,18561,1645.8611248182692
16322,5533,4171,9405,18555,1645.8622498096154
16323,5533,4171,9368,18548,1645.8633748009615
16324,5533,4171,9330,18542,1645.8644997923077
16325,5533,4171,9293,18536,1645.8656247836539
16326,5533,4171,9255,18530,1645.866749775
16327,5533,4171,9218,18523,1645.8678747663462
16328,5533,4171,9169,18517,1645.8689997576923
16329,5533,4171,9133,18511,1645.8701247490385
16330,5533,4171,9097,18505,1645.8712497403847
16331,5533,4171,9061,18499,1645.8723747317308
16332,5533,4171,9025,18492,1645.873499723077
16333,5533,4171,8989,18486,1645.8746247144231
16334,5533,4171,8954,18480,1645.8757497057693
16335,5533,4171,8918,18474,1645.8768746971155
16336,5533,4171,8882,18467,1645.8779996884616
16337,5533,4171,8846,18461,1645.8791246798078
16338,5533,4171,8810,18455,1645.880249671154
16339,5533,4171,8774,18449,1645.8813746625
16340,5533,4171,8738,18442,1645.882499653846
16341,5533,4171,8702,18436,1645.8836246451922
16342,5533,4171,8666,18430,1645.8847496365383
16343,5533,4171,8630,18424,1645.8858746278845
16344,5533,4171,8584,18417,1645.8869996192307
16345,5533,4171,8548,18411,1645.8881246105768
16346,5533,4171,8512,18405,1645.889249601923
16347,5533,4171,8476,18399,1645.8903745932691
16348,5533,4171,8440,18393,1645.8914995846153
16349,5533,4171,8404,18386,1645.8926245759615
16350,5533,4171,8368,18380,1645.8937495673076
16351,5533,4171,8332,18374,1645.8948745586538
16352,5407,4021,8861,18609,1645.896
16353,5407,4021,8827,18600,1645.8971249897727
16354,5407,4021,8794,18591,1645.8982499795454
16355,5407,4021,8760,18582,1645.8993749693182
16356,5407,4021,8726,18572,1645.900499959091
16357,5407,4021,8693,18563,1645.9016249488636
16358,5407,4021,8659,18554,1645.9027499386364
16359,5407,4021,8626,18544,1645.903874928409
16360,5407,4021,8592,18535,1645.9049999181818
16361,5407,4021,8559,18526,1645.9061249079546
16362,5407,4021,8525,18516,1645.9072498977273
16363,5407,4021,8491,18507,1645.9083748875
16364,5407,4021,8458,18498,1645.9094998772728
16365,5407,4021,8424,18488,1645.9106248670455
16366,5407,4021,8391,18479,1645.9117498568182
16367,5407,4021,8357,18470,1645.912874846591
16368,5407,4021,8323,18461,1645.9139998363637
16369,5407,4021,8290,18451,1645.9151248261364
16370,5407,4021,8256,18442,1645.9162498159092
16371,5407,4021,8223,18433,1645.917374805682
16372,5407,4021,8189,18423,1645.9184997954546
16373,5407,4021,8156,18414,1645.9196247852274
16374,5407,4021,8122,18405,1645.9207497749999
16375,5407,4021,8088,18395,1645.9218747647726
16376,5407,4021,8055,18386,1645.9229997545453
16377,5407,4021,8021,18377,1645.924124744318
16378,5407,4021,7988,18368,1645.9252497340908
16379,5407,4021,7954,18358,1645.9263747238635
16380,5407,4021,7921,18349,1645.9274997136363
16381,5407,4021,7887,18340,1645.928624703409
16382,5407,4021,7853,18330,1645.9297496931817
16383,5407,4021,7820,18321,1645.9308746829545
16384,5407,4021,7786,18312,1645.9319996727272
16385,5407,4021,7753,18302,1645.9331246625
16386,5407,4021,7719,18293,1645.9342496522727
16387,5407,4021,7685,18284,1645.9353746420454
16388,5407,4021,7652,18275,1645.9364996318182
16389,5407,4021,7618,18265,1645.9376246215909
16390,5407,4021,7585,18256,1645.9387496113636
16391,5407,4021,7551,18247,1645.9398746011364
16392,5407,4021,7518,18237,1645.940999590909
16393,5407,4021,7484,18228,1645.9421245806818
16394,5407,4021,7450,18219,1645.9432495704546
16395,5407,4021,7417,18209,1645.9443745602273
16396,5407,4021,7383,18157,1645.9455
16397,5407,4021,7350,18157,1645.9466248875
16398,5407,4021,7316,18157,1645.947749775
16399,5407,4021,7283,18157,1645.9488746625
16400,5281,3871,7787,18307,1645.95
16401,5281,3871,7756,18295,1645.9511249775
16402,5281,3871,7726,18284,1645.952249955
16403,5281,3871,7695,18273,1645.9533749325
16404,5281,3871,7665,18262,1645.95449991
16405,5281,3871,7634,18251,1645.9556248875
16406,5281,3871,7604,18239,1645.9567498650001
16407,5281,3871,7573,18228,1645.9578748425001
16408,5281,3871,7543,18217,1645.9589998200001
16409,5281,3871,7512,18206,1645.9601247975002
16410,5281,3871,7482,18195,1645.961249775
16411,5281,3871,7452,18183,1645.9623747525
16412,5281,3871,7421,18172,1645.96349973
16413,5281,3871,7391,18161,1645.9646247075
16414,5281,3871,7360,18150,1645.965749685
16415,5281,3871,7330,18139,1645.9668746625
16416,5281,3871,7299,18127,1645.96799964
16417,5281,3871,7269,18116,1645.9691246175
16418,5281,3871,7238,18105,1645.970249595
16419,5281,3871,7208,18094,1645.9713745725
16420,5281,3871,7178,18047,1645.9725
16421,5281,3871,7147,18037,1645.9736249839286
16422,5281,3871,7117,18026,1645.9747499678572
16423,5281,3871,7086,18015,1645.9758749517857
16424,5281,3871,7056,18004,1645.9769999357143
16425,5281,3871,7025,17993,1645.9781249196428
16426,5281,3871,6995,17983,1645.9792499035714
16427,5281,3871,6964,17972,1645.9803748875001
16428,5281,3871,6934,17961,1645.9814998714287
16429,5281,3871,6904,17950,1645.9826248553572
16430,5281,3871,6873,17939,1645.9837498392858
16431,5281,3871,6843,17929,1645.9848748232143
16432,5281,3871,6812,17918,1645.985999807143
16433,5281,3871,6782,17907,1645.9871247910714
16434,5281,3871,6751,17896,1645.988249775
16435,5281,3871,6721,17885,1645.9893747589285
16436,5281,3871,6690,17875,1645.990499742857
16437,5281,3871,6660,17864,1645.9916247267856
16438,5281,3871,6630,17853,1645.9927497107142
16439,5281,3871,6599,17842,1645.9938746946427
16440,5281,3871,6569,17831,1645.9949996785713
16441,5281,3871,6538,17820,1645.9961246624998
16442,5281,3871,6508,17810,1645.9972496464286
16443,5281,3871,6477,17799,1645.9983746303571
16444,5281,3871,6447,17788,1645.9994996142857
16445,5281,3871,6416,17777,1646.0006245982142
16446,5281,3871,6386,17766,1646.0017495821428
16447,5281,3871,6355,17756,1646.0028745660713
16448,5155,3721,6808,17970,1646.004
16449,5155,3721,6780,17962,1646.0051249906248
16450,5155,3721,6752,17954,1646.00624998125
16451,5155,3721,6725,17946,1646.007374971875
16452,5155,3721,6697,17938,1646.0084999624999
16453,5155,3721,6669,17930,1646.009624953125
16454,5155,3721,6641,17922,1646.01074994375
16455,5155,3721,6614,17914,1646.0118749343749
16456,5155,3721,6586,17906,1646.0129999249998
16457,5155,3721,6558,17898,1646.014124915625
16458,5155,3721,6530,17890,1646.01524990625
16459,5155,3721,6502,17882,1646.0163748968748
16460,5155,3721,6475,17874,1646.0174998875
16461,5155,3721,6447,17866,1646.018624878125
16462,5155,3721,6419,17858,1646.0197498687498
16463,5155,3721,6391,17850,1646.020874859375
16464,5155,3721,6363,17842,1646.02199985
16465,5155,3721,6336,17834,1646.0231248406249
16466,5155,3721,6308,17826,1646.02424983125
16467,5155,3721,6280,17818,1646.025374821875
16468,5155,3721,6252,17810,1646.0264998124999
16469,5155,3721,6224,17802,1646.027624803125
16470,5155,3721,6197,17795,1646.02874979375
16471,5155,3721,6169,17787,1646.029874784375
16472,5155,3721,6141,17779,1646.030999775
16473,5155,3721,6113,17771,1646.032124765625
16474,5155,3721,6086,17763,1646.03324975625
16475,5155,3721,6058,17755,1646.0343747468748
16476,5155,3721,6030,17747,1646.0354997375
16477,5155,3721,6002,17739,1646.036624728125
16478,5155,3721,5974,17731,1646.0377497187499
16479,5155,3721,5947,17723,1646.038874709375
16480,5155,3721,5919,17715,1646.0399997
16481,5155,3721,5891,17707,1646.0411246906249
16482,5155,3721,5863,17699,1646.04224968125
16483,5155,3721,5835,17691,1646.043374671875
16484,5155,3721,5808,17683,1646.0444996625
16485,5155,3721,5780,17675,1646.045624653125
16486,5155,3721,5752,17667,1646.04674964375
16487,5155,3721,5724,17659,1646.047874634375
16488,5155,3721,5696,17651,1646.0489996249999
16489,5155,3721,5669,17643,1646.050124615625
16490,5155,3721,5641,17635,1646.05124960625
16491,5155,3721,5613,17627,1646.0523745968749
16492,5155,3721,5585,17619,1646.0534995875
16493,5155,3721,5558,17611,1646.054624578125
16494,5155,3721,5530,17603,1646.05574956875
16495,5155,3721,5502,17595,1646.056874559375
16496,5029,3571,5916,17830,1646.058
16497,5029,3571,5891,17819,1646.059124990625
16498,5029,3571,5866,17807,1646.06024998125
16499,5029,3571,5841,17796,1646.061374971875
16500,5029,3571,5815,17785,1646.0624999625
16501,5029,3571,5790,17774,1646.063624953125
16502,5029,3571,5765,17762,1646.06474994375
16503,5029,3571,5740,17751,1646.065874934375
16504,5029,3571,5715,17740,1646.066999925
16505,5029,3571,5690,17729,1646.068124915625
16506,5029,3571,5665,17717,1646.06924990625
16507,5029,3571,5640,17706,1646.070374896875
16508,5029,3571,5615,17695,1646.0714998875
16509,5029,3571,5589,17684,1646.072624878125
16510,5029,3571,5564,17672,1646.07374986875
16511,5029,3571,5539,17661,1646.074874859375
16512,5029,3571,5514,17650,1646.07599985
16513,5029,3571,5489,17638,1646.077124840625
16514,5029,3571,5464,17627,1646.07824983125
16515,5029,3571,5439,17616,1646.079374821875
16516,5029,3571,5414,17605,1646.0804998125
16517,5029,3571,5388,17593,1646.0816248031251
16518,5029,3571,5363,17582,1646.08274979375
16519,5029,3571,5338,17571,1646.083874784375
16520,5029,3571,5313,17560,1646.0849997750001
16521,5029,3571,5288,17548,1646.086124765625
16522,5029,3571,5263,17537,1646.08724975625
16523,5029,3571,5238,17526,1646.088374746875
16524,5029,3571,5213,17515,1646.0894997375
16525,5029,3571,5188,17503,1646.090624728125
16526,5029,3571,5162,17492,1646.09174971875
16527,5029,3571,5137,17481,1646.092874709375
16528,5029,3571,5112,17470,1646.0939997
16529,5029,3571,5087,17458,1646.095124690625
16530,5029,3571,5062,17447,1646.0962496812501
16531,5029,3571,5037,17436,1646.097374671875
16532,5029,3571,5012,17424,1646.0984996625
16533,5029,3571,4987,17413,1646.0996246531251
16534,5029,3571,4961,17402,1646.10074964375
16535,5029,3571,4936,17391,1646.101874634375
16536,5029,3571,4911,17379,1646.102999625
16537,5029,3571,4886,17368,1646.104124615625
16538,5029,3571,4861,17357,1646.10524960625
16539,5029,3571,4836,17346,1646.106374596875
16540,5029,3571,4811,17334,1646.1074995875001
16541,5029,3571,4786,17323,1646.108624578125
16542,5029,3571,4760,17312,1646.10974956875
16543,5029,3571,4735,17301,1646.1108745593751
16544,4896,3417,5121,17513,1646.112
16545,4896,3417,5098,17505,1646.1131249913462
16546,4896,3417,5075,17497,1646.1142499826924
16547,4896,3417,5053,17488,1646.1153749740386
16548,4896,3417,5030,17480,1646.1164999653847
16549,4896,3417,5008,17472,1646.1176249567309
16550,4896,3417,4985,17464,1646.118749948077
16551,4896,3417,4962,17456,1646.1198749394232
16552,4896,3417,4940,17448,1646.1209999307694
16553,4896,3417,4917,17440,1646.1221249221155
16554,4896,3417,4895,17432,1646.1232499134617
16555,4896,3417,4872,17424,1646.1243749048078
16556,4896,3417,4849,17416,1646.125499896154
16557,4896,3417,4827,17408,1646.1266248875
16558,4896,3417,4804,17399,1646.127749878846
16559,4896,3417,4781,17391,1646.1288748701922
16560,4896,3417,4759,17383,1646.1299998615384
16561,4896,3417,4736,17375,1646.1311248528846
16562,4896,3417,4714,17367,1646.1322498442307
16563,4896,3417,4691,17359,1646.133374835577
16564,4896,3417,4668,17351,1646.134499826923
16565,4896,3417,4646,17343,1646.1356248182692
16566,4896,3417,4623,17335,1646.1367498096154
16567,4896,3417,4601,17327,1646.1378748009615
16568,4896,3417,4578,17319,1646.1389997923077
16569,4896,3417,4555,17310,1646.1401247836538
16570,4896,3417,4533,17302,1646.141249775
16571,4896,3417,4510,17294,1646.1423747663462
16572,4896,3417,4488,17286,1646.1434997576923
16573,4896,3417,4465,17278,1646.1446247490385
16574,4896,3417,4442,17270,1646.1457497403846
16575,4896,3417,4420,17262,1646.1468747317308
16576,4896,3417,4397,17254,1646.147999723077
16577,4896,3417,4375,17246,1646.1491247144231
16578,4896,3417,4352,17238,1646.1502497057693
16579,4896,3417,4329,17230,1646.1513746971154
16580,4896,3417,4307,17221,1646.1524996884616
16581,4896,3417,4284,17213,1646.1536246798078
16582,4896,3417,4261,17205,1646.154749671154
16583,4896,3417,4239,17197,1646.1558746625
16584,4896,3417,4216,17189,1646.156999653846
16585,4896,3417,4194,17181,1646.1581246451922
16586,4896,3417,4171,17173,1646.1592496365383
16587,4896,3417,4148,17165,1646.1603746278845
16588,4896,3417,4126,17157,1646.1614996192307
16589,4896,3417,4103,17149,1646.1626246105768
16590,4896,3417,4081,17141,1646.163749601923
16591,4896,3417,4058,17132,1646.1648745932691
16592,4896,3417,4035,17124,1646.1659995846153
16593,4896,3417,4013,17116,1646.1671245759615
16594,4896,3417,3990,17108,1646.1682495673076
16595,4896,3417,3968,17100,1646.1693745586538
16596,4764,3281,4303,17410,1646.1705
16597,4764,3281,4282,17402,1646.1716249906249
16598,4764,3281,4262,17395,1646.17274998125
16599,4764,3281,4241,17387,1646.173874971875
16600,4764,3281,4220,17380,1646.1749999625
16601,4764,3281,4200,17372,1646.176124953125
16602,4764,3281,4179,17365,1646.17724994375
16603,4764,3281,4158,17357,1646.178374934375
16604,4764,3281,4138,17350,1646.179499925
16605,4764,3281,4117,17342,1646.180624915625
16606,4764,3281,4096,17335,1646.18174990625
16607,4764,3281,4076,17327,1646.1828748968749
16608,4764,3281,4055,17320,1646.1839998875
16609,4764,3281,4034,17312,1646.185124878125
16610,4764,3281,4014,17305,1646.1862498687499
16611,4764,3281,3993,17297,1646.187374859375
16612,4764,3281,3973,17290,1646.18849985
16613,4764,3281,3952,17282,1646.189624840625
16614,4764,3281,3931,17274,1646.19074983125
16615,4764,3281,3911,17267,1646.191874821875
16616,4764,3281,3890,17259,1646.1929998125
16617,4764,3281,3869,17252,1646.194124803125
16618,4764,3281,3849,17244,1646.19524979375
16619,4764,3281,3828,17237,1646.196374784375
16620,4764,3281,3807,17229,1646.1974997749999
16621,4764,3281,3787,17222,1646.198624765625
16622,4764,3281,3766,17214,1646.19974975625
16623,4764,3281,3745,17207,1646.200874746875
16624,4764,3281,3725,17199,1646.2019997375
16625,4764,3281,3704,17192,1646.203124728125
16626,4764,3281,3684,17184,1646.20424971875
16627,4764,3281,3663,17177,1646.205374709375
16628,4764,3281,3642,17169,1646.2064997
16629,4764,3281,3622,17161,1646.207624690625
16630,4764,3281,3601,17154,1646.20874968125
16631,4764,3281,3580,17146,1646.209874671875
16632,4764,3281,3560,17139,1646.2109996625
16633,4764,3281,3539,17131,1646.212124653125
16634,4764,3281,3518,17124,1646.21324964375
16635,4764,3281,3498,17116,1646.214374634375
16636,4764,3281,3477,17109,1646.2154996250001
16637,4764,3281,3456,17101,1646.216624615625
16638,4764,3281,3436,17094,1646.21774960625
16639,4764,3281,3415,17086,1646.218874596875
16640,4764,3281,3395,17079,1646.2199995875
16641,4764,3281,3374,17071,1646.221124578125
16642,4764,3281,3353,17064,1646.22224956875
16643,4764,3281,3333,17056,1646.223374559375
16644,4632,3145,3629,17244,1646.2245
16645,4632,3145,3610,17234,1646.225624971875
16646,4632,3145,3592,17225,1646.22674994375
16647,4632,3145,3573,17215,1646.227874915625
16648,4632,3145,3555,17206,1646.2289998875
16649,4632,3145,3536,17196,1646.230124859375
16650,4632,3145,3517,17187,1646.2312498312501
16651,4632,3145,3499,17177,1646.2323748031251
16652,4632,3145,3480,17168,1646.233499775
16653,4632,3145,3462,17158,1646.234624746875
16654,4632,3145,3443,17149,1646.23574971875
16655,4632,3145,3425,17139,1646.236874690625
16656,4632,3145,3406,17130,1646.2379996625
16657,4632,3145,3388,17120,1646.239124634375
16658,4632,3145,3369,17111,1646.24024960625
16659,4632,3145,3350,17101,1646.241374578125
16660,4632,3145,3332,17061,1646.2425
16661,4632,3145,3313,17048,1646.2436249625
16662,4632,3145,3295,17034,1646.2447499250002
16663,4632,3145,3276,17021,1646.2458748875001
16664,4632,3145,3258,17007,1646.24699985
16665,4632,3145,3239,16994,1646.2481248125
16666,4632,3145,3221,16980,1646.249249775
16667,4632,3145,3202,16967,1646.2503747375001
16668,4632,3145,3184,16953,1646.2514997
16669,4632,3145,3165,16940,1646.2526246625
16670,4632,3145,3146,16926,1646.2537496250002
16671,4632,3145,3128,16913,1646.2548745875001
16672,4632,3145,3109,16888,1646.256
16673,4632,3145,3091,16877,1646.257124971875
16674,4632,3145,3072,16867,1646.2582499437501
16675,4632,3145,3054,16856,1646.2593749156251
16676,4632,3145,3035,16846,1646.2604998875001
16677,4632,3145,3017,16836,1646.2616248593752
16678,4632,3145,2998,16825,1646.2627498312502
16679,4632,3145,2979,16815,1646.2638748031252
16680,4632,3145,2961,16805,1646.264999775
16681,4632,3145,2942,16794,1646.266124746875
16682,4632,3145,2924,16784,1646.26724971875
16683,4632,3145,2905,16773,1646.268374690625
16684,4632,3145,2887,16763,1646.2694996625
16685,4632,3145,2868,16753,1646.270624634375
16686,4632,3145,2850,16742,1646.27174960625
16687,4632,3145,2831,16732,1646.272874578125
16688,4632,3145,2813,16695,1646.274
16689,4632,3145,2794,16685,1646.27512494375
16690,4632,3145,2775,16676,1646.2762498875
16691,4632,3145,2757,16666,1646.27737483125
16692,4632,3145,2738,16656,1646.278499775
16693,4632,3145,2720,16646,1646.2796247187498
16694,4632,3145,2701,16637,1646.2807496624998
16695,4632,3145,2683,16627,1646.2818746062499
16696,4500,3009,2958,16866,1646.283
16697,4500,3009,2941,16857,1646.2841249839285
16698,4500,3009,2923,16847,1646.285249967857
16699,4500,3009,2906,16838,1646.2863749517855
16700,4500,3009,2889,16829,1646.287499935714
16701,4500,3009,2872,16820,1646.2886249196429
16702,4500,3009,2855,16811,1646.2897499035714
16703,4500,3009,2838,16802,1646.2908748875
16704,4500,3009,2821,16793,1646.2919998714285
16705,4500,3009,2804,16784,1646.293124855357
16706,4500,3009,2787,16775,1646.2942498392856
16707,4500,3009,2770,16766,1646.2953748232142
16708,4500,3009,2753,16756,1646.2964998071427
16709,4500,3009,2735,16747,1646.2976247910713
16710,4500,3009,2718,16738,1646.298749775
16711,4500,3009,2701,16729,1646.2998747589286
16712,4500,3009,2684,16720,1646.3009997428571
16713,4500,3009,2667,16711,1646.3021247267857
16714,4500,3009,2650,16702,1646.3032497107142
16715,4500,3009,2633,16693,1646.3043746946428
16716,4500,3009,2616,16684,1646.3054996785713
16717,4500,3009,2599,16674,1646.3066246624999
16718,4500,3009,2582,16665,1646.3077496464284
16719,4500,3009,2565,16656,1646.308874630357
16720,4500,3009,2548,16647,1646.3099996142857
16721,4500,3009,2530,16638,1646.3111245982143
16722,4500,3009,2513,16629,1646.3122495821428
16723,4500,3009,2496,16620,1646.3133745660714
16724,4368,2873,11618,18017,1646.3145
16725,4368,2873,11618,18006,1646.3156249906249
16726,4368,2873,11618,17996,1646.31674998125
16727,4368,2873,11618,17986,1646.317874971875
16728,4368,2873,11426,17976,1646.3189999625
16729,4368,2873,11426,17966,1646.320124953125
16730,4368,2873,11426,17956,1646.32124994375
16731,4368,2873,11426,17946,1646.322374934375
16732,4368,2873,11232,17936,1646.3234999249999
16733,4368,2873,11232,17926,1646.324624915625
16734,4368,2873,11232,17916,1646.32574990625
16735,4368,2873,11232,17906,1646.3268748968749
16736,4368,2873,11058,17896,1646.3279998875
16737,4368,2873,11022,17886,1646.329124878125
16738,4368,2873,10986,17876,1646.33024986875
16739,4368,2873,10950,17866,1646.331374859375
16740,4368,2873,10914,17856,1646.33249985
16741,4368,2873,10878,17846,1646.333624840625
16742,4368,2873,10842,17835,1646.33474983125
16743,4368,2873,10806,17825,1646.335874821875
16744,4368,2873,10728,17815,1646.3369998125
16745,4368,2873,10728,17805,1646.338124803125
16746,4368,2873,10728,17795,1646.33924979375
16747,4368,2873,10728,17785,1646.340374784375
16748,4368,2873,10552,17775,1646.341499775
16749,4368,2873,10552,17765,1646.342624765625
16750,4368,2873,10552,17755,1646.34374975625
16751,4368,2873,10552,17745,1646.344874746875
16752,4368,2873,10386,17735,1646.3459997375
16753,4368,2873,10386,17725,1646.347124728125
16754,4368,2873,10386,17715,1646.34824971875
16755,4368,2873,10386,17705,1646.349374709375
16756,4368,2873,10224,17695,1646.3504997
16757,4368,2873,10224,17685,1646.351624690625
16758,4368,2873,10224,17675,1646.35274968125
16759,4368,2873,10224,17665,1646.353874671875
16760,4368,2873,10064,17654,1646.3549996625
16761,4368,2873,10064,17644,1646.356124653125
16762,4368,2873,10064,17634,1646.35724964375
16763,4368,2873,10064,17624,1646.358374634375
16764,4368,2873,9890,17614,1646.359499625
16765,4368,2873,9890,17604,1646.360624615625
16766,4368,2873,9890,17594,1646.36174960625
16767,4368,2873,9890,17584,1646.362874596875
16768,4368,2873,9730,17574,1646.3639995875
16769,4368,2873,9730,17564,1646.365124578125
16770,4368,2873,9730,17554,1646.36624956875
16771,4368,2873,9730,17544,1646.367374559375
16772,4236,2737,10237,17814,1646.3685
16773,4236,2737,10205,17804,1646.3696249812501
16774,4236,2737,10173,17793,1646.3707499625
16775,4236,2737,10141,17782,1646.37187494375
16776,4236,2737,10109,17772,1646.372999925
16777,4236,2737,10077,17761,1646.37412490625
16778,4236,2737,10045,17750,1646.3752498875
16779,4236,2737,10013,17740,1646.37637486875
16780,4236,2737,9981,17729,1646.37749985
16781,4236,2737,9949,17718,1646.3786248312501
16782,4236,2737,9917,17708,1646.3797498125
16783,4236,2737,9885,17697,1646.38087479375
16784,4236,2737,9826,17687,1646.3819997750002
16785,4236,2737,9826,17676,1646.38312475625
16786,4236,2737,9826,17665,1646.3842497375
16787,4236,2737,9826,17655,1646.38537471875
16788,4236,2737,9672,17644,1646.3864997
16789,4236,2737,9636,17633,1646.3876246812501
16790,4236,2737,9600,17623,1646.3887496625
16791,4236,2737,9564,17612,1646.38987464375
16792,4236,2737,9528,17601,1646.390999625
16793,4236,2737,9492,17591,1646.39212460625
16794,4236,2737,9456,17580,1646.3932495875001
16795,4236,2737,9420,17569,1646.39437456875
16796,4236,2737,9362,17534,1646.3955
16797,4236,2737,9362,17534,1646.3966248875001
16798,4236,2737,9362,17534,1646.3977497750002
16799,4236,2737,9362,17534,1646.3988746625
16800,4236,2737,9201,17465,1646.4
16801,4236,2737,9165,17455,1646.4011249812502
16802,4236,2737,9129,17445,1646.4022499625
16803,4236,2737,9093,17435,1646.4033749437501
16804,4236,2737,9057,17425,1646.404499925
16805,4236,2737,9021,17415,1646.40562490625
16806,4236,2737,8985,17405,1646.4067498875002
16807,4236,2737,8949,17395,1646.40787486875
16808,4236,2737,8913,17385,1646.40899985
16809,4236,2737,8877,17375,1646.41012483125
16810,4236,2737,8841,17365,1646.4112498125
16811,4236,2737,8805,17355,1646.41237479375
16812,4236,2737,8769,17345,1646.413499775
16813,4236,2737,8733,17335,1646.41462475625
16814,4236,2737,8697,17325,1646.4157497375
16815,4236,2737,8661,17315,1646.41687471875
16816,4236,2737,8616,17305,1646.4179996999999
16817,4236,2737,8584,17295,1646.41912468125
16818,4236,2737,8552,17285,1646.4202496624998
16819,4236,2737,8520,17275,1646.42137464375
16820,4236,2737,8488,17266,1646.422499625
16821,4236,2737,8456,17256,1646.4236246062499
16822,4236,2737,8424,17246,1646.4247495875
16823,4236,2737,8392,17236,1646.4258745687498
16824,4104,2601,8936,17502,1646.427
16825,4104,2601,8936,17496,1646.4281249906248
16826,4104,2601,8936,17490,1646.42924998125
16827,4104,2601,8936,17484,1646.430374971875
16828,4104,2601,8793,17478,1646.4314999624999
16829,4104,2601,8761,17472,1646.432624953125
16830,4104,2601,8729,17466,1646.43374994375
16831,4104,2601,8698,17461,1646.4348749343749
16832,4104,2601,8666,17455,1646.435999925
16833,4104,2601,8634,17449,1646.437124915625
16834,4104,2601,8602,17443,1646.43824990625
16835,4104,2601,8570,17437,1646.4393748968748
16836,4104,2601,8538,17431,1646.4404998875
16837,4104,2601,8506,17426,1646.441624878125
16838,4104,2601,8474,17420,1646.4427498687498
16839,4104,2601,8442,17414,1646.443874859375
16840,4104,2601,8410,17408,1646.44499985
16841,4104,2601,8379,17402,1646.4461248406249
16842,4104,2601,8347,17396,1646.44724983125
16843,4104,2601,8315,17390,1646.448374821875
16844,4104,2601,8283,17385,1646.4494998124999
16845,4104,2601,8251,17379,1646.450624803125
16846,4104,2601,8219,17373,1646.45174979375
16847,4104,2601,8187,17367,1646.452874784375
16848,4104,2601,8110,17361,1646.4539997749998
16849,4104,2601,8078,17355,1646.455124765625
16850,4104,2601,8045,17349,1646.45624975625
16851,4104,2601,8013,17344,1646.4573747468748
16852,4104,2601,7980,17338,1646.4584997375
16853,4104,2601,7948,17332,1646.459624728125
16854,4104,2601,7915,17326,1646.4607497187499
16855,4104,2601,7883,17320,1646.461874709375
16856,4104,2601,7850,17314,1646.4629997
16857,4104,2601,7818,17308,1646.4641246906249
16858,4104,2601,7785,17303,1646.46524968125
16859,4104,2601,7752,17297,1646.466374671875
16860,4104,2601,7720,17291,1646.4674996625
16861,4104,2601,7687,17285,1646.468624653125
16862,4104,2601,7655,17279,1646.46974964375
16863,4104,2601,7622,17273,1646.470874634375
16864,4104,2601,7590,17267,1646.471999625
16865,4104,2601,7557,17262,1646.473124615625
16866,4104,2601,7525,17256,1646.47424960625
16867,4104,2601,7492,17250,1646.4753745968749
16868,4104,2601,7460,17244,1646.4764995875
16869,4104,2601,7427,17238,1646.477624578125
16870,4104,2601,7395,17232,1646.47874956875
16871,4104,2601,7362,17227,1646.479874559375
16872,3972,2465,7888,17562,1646.481
16873,3972,2465,7858,17553,1646.48212498875
16874,3972,2465,7827,17544,1646.4832499775
16875,3972,2465,7796,17535,1646.48437496625
16876,3972,2465,7765,17526,1646.485499955
16877,3972,2465,7734,17517,1646.48662494375
16878,3972,2465,7703,17508,1646.4877499325
16879,3972,2465,7672,17498,1646.48887492125
16880,3972,2465,7641,17489,1646.48999991
16881,3972,2465,7611,17480,1646.49112489875
16882,3972,2465,7580,17471,1646.4922498875
16883,3972,2465,7549,17462,1646.49337487625
16884,3972,2465,7518,17453,1646.494499865
16885,3972,2465,7487,17444,1646.49562485375
16886,3972,2465,7456,17435,1646.4967498425
16887,3972,2465,7425,17426,1646.49787483125
16888,3972,2465,7395,17417,1646.49899982
16889,3972,2465,7364,17407,1646.5001248087501
16890,3972,2465,7333,17398,1646.5012497975001
16891,3972,2465,7302,17389,1646.5023747862501
16892,3972,2465,7271,17380,1646.503499775
16893,3972,2465,7240,17371,1646.50462476375
16894,3972,2465,7209,17362,1646.5057497525
16895,3972,2465,7178,17353,1646.50687474125
16896,3972,2465,7148,17344,1646.50799973
16897,3972,2465,7117,17335,1646.50912471875
16898,3972,2465,7086,17325,1646.5102497075
16899,3972,2465,7055,17316,1646.51137469625
16900,3972,2465,7024,17307,1646.512499685
16901,3972,2465,6993,17298,1646.51362467375
16902,3972,2465,6962,17289,1646.5147496625
16903,3972,2465,6932,17280,1646.51587465125
16904,3972,2465,6901,17271,1646.51699964
16905,3972,2465,6870,17262,1646.51812462875
16906,3972,2465,6839,17253,1646.5192496175
16907,3972,2465,6808,17244,1646.52037460625
16908,3972,2465,6777,17234,1646.521499595
16909,3972,2465,6746,17225,1646.52262458375
16910,3972,2465,6715,17216,1646.5237495725
16911,3972,2465,6685,17207,1646.52487456125
16912,3972,2465,6654,17146,1646.526
16913,3972,2465,6623,17137,1646.52712494375
16914,3972,2465,6592,17129,1646.5282498875001
16915,3972,2465,6561,17120,1646.5293748312502
16916,3972,2465,6530,17111,1646.530499775
16917,3972,2465,6499,17102,1646.53162471875
16918,3972,2465,6469,17094,1646.5327496625
16919,3972,2465,6438,17085,1646.53387460625
16920,3840,2329,6923,17358,1646.535
16921,3840,2329,6895,17346,1646.5361249839286
16922,3840,2329,6867,17334,1646.5372499678572
16923,3840,2329,6840,17322,1646.5383749517857
16924,3840,2329,6812,17310,1646.5394999357143
16925,3840,2329,6784,17299,1646.5406249196428
16926,3840,2329,6756,17287,1646.5417499035714
16927,3840,2329,6729,17275,1646.5428748875001
16928,3840,2329,6701,17263,1646.5439998714287
16929,3840,2329,6673,17251,1646.5451248553572
16930,3840,2329,6645,17240,1646.5462498392858
16931,3840,2329,6618,17228,1646.5473748232143
16932,3840,2329,6590,17216,1646.548499807143
16933,3840,2329,6562,17204,1646.5496247910714
16934,3840,2329,6535,17192,1646.550749775
16935,3840,2329,6507,17181,1646.5518747589285
16936,3840,2329,6479,17169,1646.552999742857
16937,3840,2329,6451,17157,1646.5541247267856
16938,3840,2329,6424,17145,1646.5552497107142
16939,3840,2329,6396,17133,1646.5563746946427
16940,3840,2329,6368,17122,1646.5574996785713
16941,3840,2329,6340,17110,1646.5586246624998
16942,3840,2329,6313,17098,1646.5597496464286
16943,3840,2329,6285,17086,1646.5608746303571
16944,3840,2329,6257,17074,1646.5619996142857
16945,3840,2329,6230,17063,1646.5631245982142
16946,3840,2329,6202,17051,1646.5642495821428
16947,3840,2329,6174,17039,1646.5653745660713
16948,3840,2329,6146,17008,1646.5665
16949,3840,2329,6119,16997,1646.56762498125
16950,3840,2329,6091,16987,1646.5687499624999
16951,3840,2329,6063,16976,1646.56987494375
16952,3840,2329,6035,16965,1646.5709999249998
16953,3840,2329,6008,16954,1646.5721249062499
16954,3840,2329,5980,16943,1646.5732498875
16955,3840,2329,5952,16932,1646.5743748687498
16956,3840,2329,5924,16921,1646.57549985
16957,3840,2329,5897,16910,1646.57662483125
16958,3840,2329,5869,16899,1646.5777498124999
16959,3840,2329,5841,16888,1646.57887479375
16960,3840,2329,5814,16878,1646.579999775
16961,3840,2329,5786,16867,1646.58112475625
16962,3840,2329,5758,16856,1646.5822497375
16963,3840,2329,5730,16845,1646.5833747187498
16964,3840,2329,5703,16834,1646.5844997
16965,3840,2329,5675,16823,1646.58562468125
16966,3840,2329,5647,16812,1646.5867496624999
16967,3840,2329,5619,16801,1646.58787464375
16968,3840,2329,5592,16790,1646.5889996249998
16969,3840,2329,5564,16779,1646.59012460625
16970,3840,2329,5536,16769,1646.5912495875
16971,3840,2329,5509,16758,1646.5923745687498
16972,3708,2193,5942,17097,1646.5935
16973,3708,2193,5917,17087,1646.5946249906249
16974,3708,2193,5892,17078,1646.59574998125
16975,3708,2193,5867,17069,1646.596874971875
16976,3708,2193,5842,17059,1646.5979999625
16977,3708,2193,5816,17050,1646.599124953125
16978,3708,2193,5791,17040,1646.60024994375
16979,3708,2193,5766,17031,1646.601374934375
16980,3708,2193,5741,17021,1646.6024999249998
16981,3708,2193,5716,17012,1646.603624915625
16982,3708,2193,5691,17002,1646.60474990625
16983,3708,2193,5665,16993,1646.6058748968749
16984,3708,2193,5640,16983,1646.6069998875
16985,3708,2193,5615,16974,1646.608124878125
16986,3708,2193,5590,16964,1646.6092498687499
16987,3708,2193,5565,16955,1646.610374859375
16988,3708,2193,5540,16945,1646.61149985
16989,3708,2193,5514,16936,1646.612624840625
16990,3708,2193,5489,16926,1646.61374983125
16991,3708,2193,5464,16917,1646.614874821875
16992,3708,2193,5439,16907,1646.6159998125
16993,3708,2193,5414,16898,1646.617124803125
16994,3708,2193,5389,16889,1646.61824979375
16995,3708,2193,5364,16879,1646.619374784375
16996,3708,2193,5338,16870,1646.620499775
16997,3708,2193,5313,16860,1646.621624765625
16998,3708,2193,5288,16851,1646.62274975625
16999,3708,2193,5263,16841,1646.623874746875
17000,3708,2193,5238,16832,1646.6249997375
17001,3708,2193,5213,16822,1646.626124728125
17002,3708,2193,5187,16813,1646.62724971875
17003,3708,2193,5162,16803,1646.628374709375
17004,3708,2193,5137,16794,1646.6294997
17005,3708,2193,5112,16784,1646.630624690625
17006,3708,2193,5087,16775,1646.63174968125
17007,3708,2193,5062,16765,1646.632874671875
17008,3708,2193,5036,16756,1646.6339996625
17009,3708,2193,5011,16746,1646.635124653125
17010,3708,2193,4986,16737,1646.63624964375
17011,3708,2193,4961,16727,1646.637374634375
17012,3708,2193,4936,16718,1646.638499625
17013,3708,2193,4911,16708,1646.639624615625
17014,3708,2193,4885,16699,1646.64074960625
17015,3708,2193,4860,16690,1646.641874596875
17016,3708,2193,4835,16680,1646.6429995875
17017,3708,2193,4810,16671,1646.644124578125
17018,3708,2193,4785,16661,1646.64524956875
17019,3708,2193,4760,16652,1646.646374559375
17020,32899,41225,7861,31214,1646.6475
17021,32899,41225,7827,31214,1646.6486248875
17022,32899,41225,7793,31214,1646.6497497750001
17023,32899,41225,7759,31214,1646.6508746625
17024,32899,41225,7725,31140,1646.652
17025,32899,41225,7691,31126,1646.65312494375
17026,32899,41225,7657,31112,1646.6542498875
17027,32899,41225,7623,31097,1646.6553748312501
17028,32899,41225,7589,31083,1646.6564997750002
17029,32899,41225,7555,31069,1646.65762471875
17030,32899,41225,7521,31055,1646.6587496625
17031,32899,41225,7487,31040,1646.65987460625
17032,32899,41225,7430,30987,1646.661
17033,32899,41225,7400,30987,1646.6621248875
17034,32899,41225,7370,30987,1646.6632497750002
17035,32899,41225,7340,30987,1646.6643746625
17036,32899,41225,7310,30925,1646.6655
17037,32899,41225,7280,30925,1646.6666248875001
17038,32899,41225,7250,30925,1646.6677497750002
17039,32899,41225,7220,30925,1646.6688746625
17040,32899,41225,7190,30831,1646.67
17041,32899,41225,7160,30831,1646.6711248875001
17042,32899,41225,7130,30831,1646.6722497750002
17043,32899,41225,7099,30831,1646.6733746625
17044,32899,41225,7069,30735,1646.6745
17045,32899,41225,7039,30721,1646.67562494375
17046,32899,41225,7009,30707,1646.6767498875001
17047,32899,41225,6979,30692,1646.6778748312502
17048,32899,41225,6949,30678,1646.6789997750002
17049,32899,41225,6919,30664,1646.68012471875
17050,32899,41225,6889,30650,1646.6812496625
17051,32899,41225,6859,30635,1646.68237460625
17052,32401,40508,7379,30590,1646.6835
17053,32401,40508,7352,30578,1646.6846249437501
17054,32401,40508,7325,30566,1646.6857498875002
17055,32401,40508,7298,30554,1646.6868748312502
17056,32401,40508,7271,30542,1646.6879997750002
17057,32401,40508,7244,30530,1646.68912471875
17058,32401,40508,7217,30518,1646.6902496625
17059,32401,40508,7190,30506,1646.69137460625
17060,32401,40508,7163,30440,1646.6925
17061,32401,40508,7136,30429,1646.6936249875
17062,32401,40508,7108,30419,1646.6947499750001
17063,32401,40508,7081,30408,1646.6958749625
17064,32401,40508,7054,30398,1646.6969999500002
17065,32401,40508,7027,30388,1646.6981249375
17066,32401,40508,7000,30377,1646.699249925
17067,32401,40508,6973,30367,1646.7003749125001
17068,32401,40508,6946,30357,1646.7014999
17069,32401,40508,6919,30346,1646.7026248875
17070,32401,40508,6892,30336,1646.703749875
17071,32401,40508,6865,30326,1646.7048748625
17072,32401,40508,6838,30315,1646.7059998500001
17073,32401,40508,6811,30305,1646.7071248375
17074,32401,40508,6783,30294,1646.708249825
17075,32401,40508,6756,30284,1646.7093748125
17076,32401,40508,6729,30274,1646.7104998
17077,32401,40508,6702,30263,1646.7116247875
17078,32401,40508,6675,30253,1646.712749775
17079,32401,40508,6648,30243,1646.7138747625
17080,32401,40508,6621,30232,1646.71499975
17081,32401,40508,6594,30222,1646.7161247375
17082,32401,40508,6567,30212,1646.717249725
17083,32401,40508,6540,30201,1646.7183747125
17084,32401,40508,6513,30191,1646.7194997
17085,32401,40508,6486,30181,1646.7206246875
17086,32401,40508,6458,30170,1646.721749675
17087,32401,40508,6431,30160,1646.7228746625
17088,32401,40508,6404,30149,1646.72399965
17089,32401,40508,6377,30139,1646.7251246375
17090,32401,40508,6350,30129,1646.726249625
17091,32401,40508,6323,30118,1646.7273746125
17092,32401,40508,6296,30108,1646.7284995999999
17093,32401,40508,6269,30098,1646.7296245875
17094,32401,40508,6242,30087,1646.730749575
17095,32401,40508,6215,30077,1646.7318745625
17096,31903,39791,6665,30070,1646.733
17097,31903,39791,6640,30067,1646.7341249919643
17098,31903,39791,6616,30064,1646.7352499839285
17099,31903,39791,6591,30061,1646.7363749758929
17100,31903,39791,6566,30058,1646.737499967857
17101,31903,39791,6541,30055,1646.7386249598214
17102,31903,39791,6516,30052,1646.7397499517856
17103,31903,39791,6491,30049,1646.74087494375
17104,31903,39791,6467,30046,1646.7419999357141
17105,31903,39791,6442,30043,1646.7431249276785
17106,31903,39791,6417,30040,1646.744249919643
17107,31903,39791,6392,30037,1646.745374911607
17108,31903,39791,6367,30034,1646.7464999035715
17109,31903,39791,6342,30031,1646.7476248955356
17110,31903,39791,6318,30028,1646.7487498875
17111,31903,39791,6293,30025,1646.7498748794642
17112,31903,39791,6268,30022,1646.7509998714286
17113,31903,39791,6243,30019,1646.7521248633927
17114,31903,39791,6218,30016,1646.7532498553571
17115,31903,39791,6194,30013,1646.7543748473215
17116,31903,39791,6169,30010,1646.7554998392857
17117,31903,39791,6144,30007,1646.75662483125
17118,31903,39791,6119,30004,1646.7577498232142
17119,31903,39791,6094,30001,1646.7588748151786
17120,31903,39791,6069,29998,1646.7599998071428
17121,31903,39791,6045,29995,1646.7611247991072
17122,31903,39791,6020,29992,1646.7622497910713
17123,31903,39791,5995,29989,1646.7633747830357
17124,31903,39791,5970,29986,1646.7644997749999
17125,31903,39791,5945,29983,1646.7656247669643
17126,31903,39791,5920,29980,1646.7667497589287
17127,31903,39791,5896,29977,1646.7678747508928
17128,31903,39791,5871,29974,1646.7689997428572
17129,31903,39791,5846,29971,1646.7701247348214
17130,31903,39791,5821,29968,1646.7712497267858
17131,31903,39791,5796,29965,1646.77237471875
17132,31903,39791,5771,29962,1646.7734997107143
17133,31903,39791,5747,29959,1646.7746247026785
17134,31903,39791,5722,29956,1646.7757496946429
17135,31903,39791,5697,29953,1646.7768746866072
17136,31903,39791,5672,29950,1646.7779996785714
17137,31903,39791,5647,29947,1646.7791246705358
17138,31903,39791,5622,29944,1646.7802496625
17139,31903,39791,5598,29941,1646.7813746544643
17140,31903,39791,5573,29938,1646.7824996464285
17141,31903,39791,5548,29935,1646.783624638393
17142,31903,39791,5523,29932,1646.784749630357
17143,31903,39791,5498,29929,1646.7858746223214
17144,31903,39791,5474,29926,1646.7869996142858
17145,31903,39791,5449,29923,1646.78812460625
17146,31903,39791,5424,29920,1646.7892495982144
17147,31903,39791,5399,29917,1646.7903745901785
17148,31903,39791,5374,29914,1646.791499582143
17149,31903,39791,5349,29911,1646.792624574107
17150,31903,39791,5325,29908,1646.7937495660715
17151,31903,39791,5300,29905,1646.7948745580356
17152,31405,39074,5711,29806,1646.796
17153,31405,39074,5688,29800,1646.797124971875
17154,31405,39074,5666,29794,1646.79824994375
17155,31405,39074,5643,29788,1646.799374915625
17156,31405,39074,5620,29783,1646.8004998875
17157,31405,39074,5598,29777,1646.8016248593751
17158,31405,39074,5575,29771,1646.8027498312501
17159,31405,39074,5553,29765,1646.8038748031252
17160,31405,39074,5530,29759,1646.804999775
17161,31405,39074,5508,29754,1646.806124746875
17162,31405,39074,5485,29748,1646.80724971875
17163,31405,39074,5463,29742,1646.808374690625
17164,31405,39074,5440,29736,1646.8094996625
17165,31405,39074,5417,29730,1646.810624634375
17166,31405,39074,5395,29725,1646.81174960625
17167,31405,39074,5372,29719,1646.812874578125
17168,31405,39074,5350,29648,1646.814
17169,31405,39074,5327,29636,1646.8151249839286
17170,31405,39074,5305,29624,1646.8162499678572
17171,31405,39074,5282,29612,1646.8173749517857
17172,31405,39074,5259,29600,1646.8184999357143
17173,31405,39074,5237,29588,1646.8196249196428
17174,31405,39074,5214,29576,1646.8207499035714
17175,31405,39074,5192,29564,1646.8218748875001
17176,31405,39074,5169,29552,1646.8229998714287
17177,31405,39074,5147,29541,1646.8241248553572
17178,31405,39074,5124,29529,1646.8252498392858
17179,31405,39074,5102,29517,1646.8263748232143
17180,31405,39074,5079,29505,1646.8274998071429
17181,31405,39074,5056,29493,1646.8286247910714
17182,31405,39074,5034,29481,1646.829749775
17183,31405,39074,5011,29469,1646.8308747589285
17184,31405,39074,4989,29457,1646.831999742857
17185,31405,39074,4966,29445,1646.8331247267856
17186,31405,39074,4944,29433,1646.8342497107142
17187,31405,39074,4921,29421,1646.8353746946427
17188,31405,39074,4898,29409,1646.8364996785713
17189,31405,39074,4876,29397,1646.8376246624998
17190,31405,39074,4853,29385,1646.8387496464286
17191,31405,39074,4831,29374,1646.8398746303571
17192,31405,39074,4808,29362,1646.8409996142857
17193,31405,39074,4786,29350,1646.8421245982142
17194,31405,39074,4763,29338,1646.8432495821428
17195,31405,39074,4740,29326,1646.8443745660713
17196,30900,38351,5105,29202,1646.8455
17197,30900,38351,5085,29196,1646.8466249929686
17198,30900,38351,5064,29189,1646.8477499859373
17199,30900,38351,5043,29183,1646.8488749789062
17200,30900,38351,5023,29177,1646.849999971875
17201,30900,38351,5002,29170,1646.8511249648436
17202,30900,38351,4981,29164,1646.8522499578123
17203,30900,38351,4961,29158,1646.8533749507812
17204,30900,38351,4940,29151,1646.85449994375
17205,30900,38351,4919,29145,1646.8556249367186
17206,30900,38351,4899,29138,1646.8567499296873
17207,30900,38351,4878,29132,1646.8578749226563
17208,30900,38351,4857,29126,1646.858999915625
17209,30900,38351,4837,29119,1646.8601249085937
17210,30900,38351,4816,29113,1646.8612499015624
17211,30900,38351,4795,29107,1646.8623748945313
17212,30900,38351,4774,29100,1646.8634998875
17213,30900,38351,4754,29094,1646.8646248804687
17214,30900,38351,4733,29087,1646.8657498734374
17215,30900,38351,4712,29081,1646.866874866406
17216,30900,38351,4692,29075,1646.867999859375
17217,30900,38351,4671,29068,1646.8691248523437
17218,30900,38351,4650,29062,1646.8702498453124
17219,30900,38351,4630,29056,1646.871374838281
17220,30900,38351,4609,29049,1646.87249983125
17221,30900,38351,4588,29043,1646.8736248242187
17222,30900,38351,4568,29036,1646.8747498171874
17223,30900,38351,4547,29030,1646.8758748101561
17224,30900,38351,4526,29024,1646.876999803125
17225,30900,38351,4506,29017,1646.8781247960937
17226,30900,38351,4485,29011,1646.8792497890624
17227,30900,38351,4464,29004,1646.8803747820311
17228,30900,38351,4444,28998,1646.881499775
17229,30900,38351,4423,28992,1646.8826247679688
17230,30900,38351,4402,28985,1646.8837497609375
17231,30900,38351,4382,28979,1646.8848747539062
17232,30900,38351,4361,28973,1646.8859997468749
17233,30900,38351,4340,28966,1646.8871247398438
17234,30900,38351,4320,28960,1646.8882497328125
17235,30900,38351,4299,28953,1646.8893747257812
17236,30900,38351,4278,28947,1646.8904997187499
17237,30900,38351,4258,28941,1646.8916247117188
17238,30900,38351,4237,28934,1646.8927497046875
17239,30900,38351,4216,28928,1646.8938746976562
17240,30900,38351,4196,28922,1646.894999690625
17241,30900,38351,4175,28915,1646.8961246835938
17242,30900,38351,4154,28909,1646.8972496765625
17243,30900,38351,4134,28902,1646.8983746695312
17244,30900,38351,4113,28896,1646.8994996625
17245,30900,38351,4092,28890,1646.9006246554686
17246,30900,38351,4071,28883,1646.9017496484375
17247,30900,38351,4051,28877,1646.9028746414062
17248,30900,38351,4030,28871,1646.903999634375
17249,30900,38351,4009,28864,1646.9051246273436
17250,30900,38351,3989,28858,1646.9062496203126
17251,30900,38351,3968,28851,1646.9073746132813
17252,30900,38351,3947,28845,1646.90849960625
17253,30900,38351,3927,28839,1646.9096245992187
17254,30900,38351,3906,28832,1646.9107495921876
17255,30900,38351,3885,28826,1646.9118745851563
17256,30900,38351,3865,28820,1646.912999578125
17257,30900,38351,3844,28813,1646.9141245710937
17258,30900,38351,3823,28807,1646.9152495640626
17259,30900,38351,3803,28800,1646.9163745570313
17260,30384,37695,4136,28776,1646.9175
17261,30384,37695,4117,28767,1646.9186249875
17262,30384,37695,4099,28758,1646.919749975
17263,30384,37695,4080,28749,1646.9208749625
17264,30384,37695,4061,28740,1646.92199995
17265,30384,37695,4043,28732,1646.9231249375
17266,30384,37695,4024,28723,1646.924249925
17267,30384,37695,4005,28714,1646.9253749125
17268,30384,37695,3987,28705,1646.9264999
17269,30384,37695,3968,28696,1646.9276248875
17270,30384,37695,3950,28687,1646.928749875
17271,30384,37695,3931,28679,1646.9298748625001
17272,30384,37695,3912,28670,1646.93099985
17273,30384,37695,3894,28661,1646.9321248375
17274,30384,37695,3875,28652,1646.933249825
17275,30384,37695,3856,28643,1646.9343748125
17276,30384,37695,3838,28635,1646.9354998000001
17277,30384,37695,3819,28626,1646.9366247875
17278,30384,37695,3801,28617,1646.9377497750002
17279,30384,37695,3782,28608,1646.9388747625
17280,30384,37695,3763,28599,1646.93999975
17281,30384,37695,3745,28590,1646.9411247375
17282,30384,37695,3726,28582,1646.942249725
17283,30384,37695,3707,28573,1646.9433747125001
17284,30384,37695,3689,28564,1646.9444997
17285,30384,37695,3670,28555,1646.9456246875
17286,30384,37695,3652,28546,1646.946749675
17287,30384,37695,3633,28538,1646.9478746625
17288,30384,37695,3614,28529,1646.9489996500001
17289,30384,37695,3596,28520,1646.9501246375
17290,30384,37695,3577,28511,1646.951249625
17291,30384,37695,3558,28502,1646.9523746125
17292,30384,37695,3540,28493,1646.9534996
17293,30384,37695,3521,28485,1646.9546245875001
17294,30384,37695,3503,28476,1646.955749575
17295,30384,37695,3484,28467,1646.9568745625002
17296,29868,37039,3803,28417,1646.958
17297,29868,37039,3785,28408,1646.9591249625
17298,29868,37039,3768,28399,1646.960249925
17299,29868,37039,3750,28389,1646.9613748875001
17300,29868,37039,3732,28380,1646.96249985
17301,29868,37039,3714,28371,1646.9636248125
17302,29868,37039,3696,28362,1646.9647497750002
17303,29868,37039,3678,28353,1646.9658747375001
17304,29868,37039,3660,28344,1646.9669997
17305,29868,37039,3642,28335,1646.9681246625
17306,29868,37039,3624,28326,1646.969249625
17307,29868,37039,3606,28316,1646.9703745875001
17308,29868,37039,3588,28279,1646.9715
17309,29868,37039,3570,28279,1646.9726248875002
17310,29868,37039,3552,28279,1646.9737497750002
17311,29868,37039,3534,28279,1646.9748746625
17312,29868,37039,3516,28108,1646.976
17313,29868,37039,3499,28104,1646.9771249943751
17314,29868,37039,3481,28100,1646.9782499887501
17315,29868,37039,3463,28097,1646.9793749831251
17316,29868,37039,3445,28093,1646.9804999775001
17317,29868,37039,3427,28089,1646.9816249718751
17318,29868,37039,3409,28086,1646.9827499662501
17319,29868,37039,3391,28082,1646.9838749606251
17320,29868,37039,3373,28078,1646.9849999550001
17321,29868,37039,3355,28074,1646.9861249493752
17322,29868,37039,3337,28071,1646.9872499437502
17323,29868,37039,3319,28067,1646.9883749381252
17324,29868,37039,3301,28063,1646.9894999325002
17325,29868,37039,3283,28060,1646.9906249268752
17326,29868,37039,3265,28056,1646.9917499212502
17327,29868,37039,3247,28052,1646.9928749156252
17328,29868,37039,3230,28048,1646.9939999100002
17329,29868,37039,3212,28045,1646.9951249043752
17330,29868,37039,3194,28041,1646.9962498987502
17331,29868,37039,3176,28037,1646.9973748931252
17332,29868,37039,3158,28034,1646.9984998875002
17333,29868,37039,3140,28030,1646.999624881875
17334,29868,37039,3122,28026,1647.00074987625
17335,29868,37039,3104,28022,1647.001874870625
17336,29868,37039,3086,28019,1647.002999865
17337,29868,37039,3068,28015,1647.004124859375
17338,29868,37039,3050,28011,1647.00524985375
17339,29868,37039,3032,28008,1647.006374848125
17340,29352,36383,3321,28004,1647.0074998425
17341,29352,36383,3304,28000,1647.008624836875
17342,29352,36383,3288,27996,1647.00974983125
17343,29352,36383,3271,27993,1647.010874825625
17344,29352,36383,3254,27989,1647.01199982
17345,29352,36383,3238,27985,1647.013124814375
17346,29352,36383,3221,27982,1647.01424980875
17347,29352,36383,3205,27978,1647.015374803125
17348,29352,36383,3188,27974,1647.0164997975
17349,29352,36383,3172,27970,1647.017624791875
17350,29352,36383,3155,27967,1647.01874978625
17351,29352,36383,3139,27963,1647.019874780625
17352,29352,36383,3122,27959,1647.020999775
17353,29352,36383,3106,27956,1647.022124769375
17354,29352,36383,3089,27952,1647.02324976375
17355,29352,36383,3073,27948,1647.024374758125
17356,29352,36383,3056,27944,1647.0254997525
17357,29352,36383,3040,27941,1647.026624746875
17358,29352,36383,3023,27937,1647.02774974125
17359,29352,36383,3006,27933,1647.028874735625
17360,29352,36383,2990,27930,1647.02999973
17361,29352,36383,2973,27926,1647.031124724375
17362,29352,36383,2957,27922,1647.03224971875
17363,29352,36383,2940,27919,1647.033374713125
17364,29352,36383,2924,27915,1647.0344997075001
17365,29352,36383,2907,27911,1647.0356247018751
17366,29352,36383,2891,27907,1647.0367496962501
17367,29352,36383,2874,27904,1647.0378746906251
17368,29352,36383,2858,27900,1647.0389996850001
17369,29352,36383,2841,27896,1647.0401246793751
17370,29352,36383,2825,27893,1647.0412496737501
17371,29352,36383,2808,27889,1647.0423746681251
17372,29352,36383,2792,27885,1647.0434996625
17373,29352,36383,2775,27881,1647.044624656875
17374,29352,36383,2759,27878,1647.04574965125
17375,29352,36383,2742,27874,1647.046874645625
17376,29352,36383,2725,27870,1647.04799964
17377,29352,36383,2709,27867,1647.049124634375
17378,29352,36383,2692,27863,1647.05024962875
17379,29352,36383,2676,27859,1647.051374623125
17380,29352,36383,2659,27855,1647.0524996175
17381,29352,36383,2643,27852,1647.053624611875
17382,29352,36383,2626,27848,1647.05474960625
17383,29352,36383,2610,27844,1647.055874600625
17384,29352,36383,2593,27841,1647.056999595
17385,29352,36383,2577,27837,1647.058124589375
17386,29352,36383,2560,27833,1647.05924958375
17387,29352,36383,2544,27829,1647.060374578125
17388,29352,36383,2527,27826,1647.0614995725
17389,29352,36383,2511,27822,1647.062624566875
17390,29352,36383,2511,27818,1647.06374956125
17391,29352,36383,2511,27815,1647.064874555625
17392,28836,35727,10370,30295,1647.066
17393,28836,35727,10370,30295,1647.0671248875
17394,28836,35727,10370,30295,1647.068249775
17395,28836,35727,10370,30295,1647.0693746625
17396,28836,35727,10176,30234,1647.0705
17397,28836,35727,10140,30228,1647.071624971875
17398,28836,35727,10104,30222,1647.07274994375
17399,28836,35727,10068,30216,1647.073874915625
17400,28836,35727,10033,30209,1647.0749998875
17401,28836,35727,9997,30203,1647.076124859375
17402,28836,35727,9961,30197,1647.0772498312501
17403,28836,35727,9925,30190,1647.0783748031251
17404,28836,35727,9889,30184,1647.079499775
17405,28836,35727,9854,30178,1647.080624746875
17406,28836,35727,9818,30172,1647.08174971875
17407,28836,35727,9782,30165,1647.082874690625
17408,28836,35727,9746,30159,1647.0839996625
17409,28836,35727,9710,30153,1647.085124634375
17410,28836,35727,9675,30147,1647.08624960625
17411,28836,35727,9639,30140,1647.087374578125
17412,28836,35727,9576,30065,1647.0885
17413,28836,35727,9547,30054,1647.0896249839286
17414,28836,35727,9517,30042,1647.0907499678572
17415,28836,35727,9488,30030,1647.0918749517857
17416,28836,35727,9458,30019,1647.0929999357143
17417,28836,35727,9429,30007,1647.094124919643
17418,28836,35727,9399,29995,1647.0952499035716
17419,28836,35727,9370,29984,1647.0963748875001
17420,28836,35727,9298,29972,1647.0974998714287
17421,28836,35727,9298,29960,1647.0986248553572
17422,28836,35727,9298,29949,1647.0997498392858
17423,28836,35727,9298,29937,1647.1008748232143
17424,28836,35727,9136,29925,1647.1019998071429
17425,28836,35727,9104,29914,1647.1031247910714
17426,28836,35727,9072,29902,1647.104249775
17427,28836,35727,9040,29890,1647.1053747589287
17428,28836,35727,9008,29879,1647.1064997428573
17429,28836,35727,8976,29867,1647.1076247267858
17430,28836,35727,8944,29855,1647.1087497107144
17431,28836,35727,8912,29844,1647.109874694643
17432,28320,35071,9538,29832,1647.1109996785715
17433,28320,35071,9514,29820,1647.1121246625
17434,28320,35071,9490,29809,1647.1132496464286
17435,28320,35071,9466,29797,1647.1143746303571
17436,28320,35071,9442,29785,1647.115499614286
17437,28320,35071,9418,29774,1647.1166245982145
17438,28320,35071,9394,29762,1647.117749582143
17439,28320,35071,9370,29750,1647.1188745660716
17440,28320,35071,9276,29685,1647.12
17441,28320,35071,9243,29685,1647.1211248875
17442,28320,35071,9210,29685,1647.122249775
17443,28320,35071,9177,29685,1647.1233746624998
17444,28320,35071,9143,29595,1647.1245
17445,28320,35071,9110,29583,1647.1256249624998
17446,28320,35071,9077,29570,1647.1267499249998
17447,28320,35071,9044,29557,1647.1278748875
17448,28320,35071,9011,29544,1647.12899985
17449,28320,35071,8977,29531,1647.1301248124998
17450,28320,35071,8944,29518,1647.131249775
17451,28320,35071,8911,29505,1647.1323747375
17452,28320,35071,8878,29493,1647.1334997
17453,28320,35071,8845,29480,1647.1346246624998
17454,28320,35071,8811,29467,1647.1357496249998
17455,28320,35071,8778,29454,1647.1368745875
17456,28320,35071,8718,29421,1647.138
17457,28320,35071,8684,29407,1647.13912494375
17458,28320,35071,8650,29393,1647.1402498875
17459,28320,35071,8616,29379,1647.14137483125
17460,28320,35071,8581,29365,1647.142499775
17461,28320,35071,8547,29351,1647.1436247187498
17462,28320,35071,8513,29337,1647.1447496624999
17463,28320,35071,8479,29323,1647.14587460625
17464,28320,35071,8445,29294,1647.147
17465,28320,35071,8411,29281,1647.14812494375
17466,28320,35071,8377,29267,1647.1492498875
17467,28320,35071,8343,29254,1647.15037483125
17468,28320,35071,8309,29240,1647.151499775
17469,28320,35071,8275,29227,1647.1526247187498
17470,28320,35071,8241,29213,1647.1537496624999
17471,28320,35071,8207,29200,1647.15487460625
17472,28320,35071,8173,29178,1647.156
17473,28320,35071,8139,29175,1647.1571249775
17474,28320,35071,8104,29171,1647.158249955
17475,28320,35071,8070,29168,1647.1593749325
17476,28320,35071,8036,29165,1647.16049991
17477,28320,35071,8002,29161,1647.1616248875
17478,28320,35071,7968,29158,1647.162749865
17479,28320,35071,7934,29155,1647.1638748425
17480,27804,34415,8573,29151,1647.16499982
17481,27804,34415,8542,29148,1647.1661247975
17482,27804,34415,8510,29145,1647.167249775
17483,27804,34415,8479,29141,1647.1683747524999
17484,27804,34415,8447,29138,1647.1694997299999
17485,27804,34415,8416,29134,1647.1706247074999
17486,27804,34415,8384,29131,1647.171749685
17487,27804,34415,8353,29128,1647.1728746625
17488,27804,34415,8321,29124,1647.17399964
17489,27804,34415,8290,29121,1647.1751246175
17490,27804,34415,8259,29118,1647.176249595
17491,27804,34415,8227,29114,1647.1773745725
17492,27804,34415,8196,29049,1647.1785
17493,27804,34415,8164,29038,1647.179624990625
17494,27804,34415,8133,29028,1647.18074998125
17495,27804,34415,8101,29017,1647.181874971875
17496,27804,34415,8070,29007,1647.1829999625
17497,27804,34415,8038,28997,1647.184124953125
17498,27804,34415,8007,28986,1647.18524994375
17499,27804,34415,7976,28976,1647.186374934375
17500,27804,34415,7944,28966,1647.1874999249999
17501,27804,34415,7913,28955,1647.188624915625
17502,27804,34415,7881,28945,1647.18974990625
17503,27804,34415,7850,28934,1647.190874896875
17504,27804,34415,7818,28924,1647.1919998875
17505,27804,34415,7787,28914,1647.193124878125
17506,27804,34415,7755,28903,1647.19424986875
17507,27804,34415,7724,28893,1647.195374859375
17508,27804,34415,7693,28883,1647.19649985
17509,27804,34415,7661,28872,1647.197624840625
17510,27804,34415,7630,28862,1647.19874983125
17511,27804,34415,7598,28851,1647.199874821875
17512,27804,34415,7567,28841,1647.2009998125
17513,27804,34415,7535,28831,1647.2021248031251
17514,27804,34415,7504,28820,1647.20324979375
17515,27804,34415,7472,28810,1647.204374784375
17516,27804,34415,7441,28799,1647.2054997750001
17517,27804,34415,7410,28789,1647.206624765625
17518,27804,34415,7378,28779,1647.20774975625
17519,27804,34415,7347,28768,1647.208874746875
17520,27804,34415,7315,28758,1647.2099997375
17521,27804,34415,7284,28748,1647.211124728125
17522,27804,34415,7252,28737,1647.21224971875
17523,27804,34415,7221,28727,1647.213374709375
17524,27804,34415,7189,28716,1647.2144997
17525,27804,34415,7158,28706,1647.215624690625
17526,27804,34415,7127,28696,1647.2167496812501
17527,27804,34415,7095,28685,1647.217874671875
17528,27804,34415,7064,28675,1647.2189996625
17529,27804,34415,7032,28665,1647.2201246531251
17530,27804,34415,7001,28654,1647.22124964375
17531,27804,34415,6969,28644,1647.222374634375
17532,27804,34415,6938,28633,1647.223499625
17533,27804,34415,6906,28623,1647.224624615625
17534,27804,34415,6875,28613,1647.22574960625
17535,27804,34415,6844,28602,1647.226874596875
17536,27288,33759,7407,28592,1647.2279995875
17537,27288,33759,7379,28582,1647.229124578125
17538,27288,33759,7351,28571,1647.23024956875
17539,27288,33759,7323,28561,1647.2313745593751
17540,27288,33759,7296,28483,1647.2325
17541,27288,33759,7268,28471,1647.2336249625
17542,27288,33759,7240,28459,1647.234749925
17543,27288,33759,7212,28446,1647.2358748875001
17544,27288,33759,7185,28434,1647.23699985
17545,27288,33759,7157,28422,1647.2381248125
17546,27288,33759,7129,28410,1647.2392497750002
17547,27288,33759,7101,28397,1647.2403747375001
17548,27288,33759,7074,28385,1647.2414997
17549,27288,33759,7046,28373,1647.2426246625
17550,27288,33759,7018,28361,1647.243749625
17551,27288,33759,6990,28348,1647.2448745875001
17552,27288,33759,6963,28318,1647.246
17553,27288,33759,6935,28308,1647.2471249437501
17554,27288,33759,6907,28297,1647.2482498875002
17555,27288,33759,6879,28287,1647.2493748312502
17556,27288,33759,6852,28276,1647.2504997750002
17557,27288,33759,6824,28266,1647.25162471875
17558,27288,33759,6796,28255,1647.2527496625
17559,27288,33759,6768,28245,1647.25387460625
17560,27288,33759,6741,28207,1647.255
17561,27288,33759,6713,28207,1647.2561248875002
17562,27288,33759,6685,28207,1647.2572497750002
17563,27288,33759,6657,28207,1647.2583746625
17564,27288,33759,6630,28135,1647.2595
17565,27288,33759,6602,28135,1647.2606248875
17566,27288,33759,6574,28135,1647.2617497749998
17567,27288,33759,6546,28135,1647.2628746624998
17568,27288,33759,6519,28071,1647.264
17569,27288,33759,6491,28071,1647.2651248875
17570,27288,33759,6463,28071,1647.2662497749998
17571,27288,33759,6435,28071,1647.2673746624998
17572,27288,33759,6408,27996,1647.2685
17573,27288,33759,6380,27996,1647.2696248875
17574,27288,33759,6352,27996,1647.2707497749998
17575,27288,33759,6324,27996,1647.2718746624998
17576,27288,33759,6297,27936,1647.273
17577,27288,33759,6269,27924,1647.2741249624999
17578,27288,33759,6241,27911,1647.275249925
17579,27288,33759,6213,27899,1647.2763748875
17580,26772,33103,6730,27887,1647.27749985
17581,26772,33103,6704,27874,1647.2786248124999
17582,26772,33103,6678,27862,1647.2797497749998
17583,26772,33103,6652,27850,1647.2808747375
17584,26772,33103,6626,27837,1647.2819997
17585,26772,33103,6601,27825,1647.2831246624999
17586,26772,33103,6575,27812,1647.284249625
17587,26772,33103,6549,27800,1647.2853745875
17588,26772,33103,6523,27773,1647.2865
17589,26772,33103,6497,27763,1647.2876249624999
17590,26772,33103,6471,27753,1647.288749925
17591,26772,33103,6445,27744,1647.2898748875
17592,26772,33103,6419,27734,1647.29099985
17593,26772,33103,6393,27724,1647.2921248124999
17594,26772,33103,6367,27715,1647.2932497749998
17595,26772,33103,6341,27705,1647.2943747375
17596,26772,33103,6315,27696,1647.2954997
17597,26772,33103,6289,27686,1647.2966246624999
17598,26772,33103,6263,27676,1647.297749625
17599,26772,33103,6237,27667,1647.2988745875
17600,26772,33103,6211,27649,1647.3
17601,26772,33103,6185,27644,1647.3011249976562
17602,26772,33103,6159,27638,1647.3022499953124
17603,26772,33103,6133,27633,1647.3033749929687
17604,26772,33103,6107,27627,1647.304499990625
17605,26772,33103,6081,27622,1647.3056249882811
17606,26772,33103,6055,27616,1647.3067499859374
17607,26772,33103,6029,27611,1647.3078749835938
17608,26772,33103,6003,27605,1647.30899998125
17609,26772,33103,5977,27600,1647.3101249789063
17610,26772,33103,5951,27595,1647.3112499765625
17611,26772,33103,5925,27589,1647.3123749742188
17612,26772,33103,5899,27584,1647.313499971875
17613,26772,33103,5873,27578,1647.3146249695312
17614,26772,33103,5847,27573,1647.3157499671875
17615,26772,33103,5821,27567,1647.3168749648437
17616,26772,33103,5795,27562,1647.3179999625
17617,26772,33103,5769,27556,1647.3191249601562
17618,26772,33103,5743,27551,1647.3202499578124
17619,26772,33103,5717,27545,1647.3213749554686
17620,26772,33103,5691,27540,1647.3224999531249
17621,26772,33103,5665,27535,1647.3236249507813
17622,26772,33103,5640,27529,1647.3247499484376
17623,26772,33103,5614,27524,1647.3258749460938
17624,26256,32447,6082,27518,1647.32699994375
17625,26256,32447,6058,27513,1647.3281249414063
17626,26256,32447,6035,27507,1647.3292499390625
17627,26256,32447,6011,27502,1647.3303749367187
17628,26256,32447,5987,27496,1647.331499934375
17629,26256,32447,5964,27491,1647.3326249320312
17630,26256,32447,5940,27485,1647.3337499296874
17631,26256,32447,5916,27480,1647.3348749273437
17632,26256,32447,5892,27475,1647.335999925
17633,26256,32447,5869,27469,1647.3371249226561
17634,26256,32447,5845,27464,1647.3382499203124
17635,26256,32447,5821,27458,1647.3393749179688
17636,26256,32447,5797,27453,1647.340499915625
17637,26256,32447,5774,27447,1647.3416249132813
17638,26256,32447,5750,27442,1647.3427499109375
17639,26256,32447,5726,27436,1647.3438749085938
17640,26256,32447,5702,27431,1647.34499990625
17641,26256,32447,5679,27425,1647.3461249039062
17642,26256,32447,5655,27420,1647.3472499015625
17643,26256,32447,5631,27414,1647.3483748992187
17644,26256,32447,5608,27409,1647.349499896875
17645,26256,32447,5584,27404,1647.3506248945312
17646,26256,32447,5560,27398,1647.3517498921874
17647,26256,32447,5536,27393,1647.3528748898436
17648,26256,32447,5513,27387,1647.3539998874999
17649,26256,32447,5489,27382,1647.3551248851563
17650,26256,32447,5465,27376,1647.3562498828126
17651,26256,32447,5441,27371,1647.3573748804688
17652,26256,32447,5418,27365,1647.358499878125
17653,26256,32447,5394,27360,1647.3596248757813
17654,26256,32447,5370,27354,1647.3607498734375
17655,26256,32447,5346,27349,1647.3618748710937
17656,26256,32447,5323,27344,1647.36299986875
17657,26256,32447,5299,27338,1647.3641248664062
17658,26256,32447,5275,27333,1647.3652498640624
17659,26256,32447,5252,27327,1647.3663748617187
17660,26256,32447,5228,27322,1647.367499859375
17661,26256,32447,5204,27316,1647.3686248570311
17662,26256,32447,5180,27311,1647.3697498546876
17663,26256,32447,5157,27305,1647.3708748523438
17664,26256,32447,5133,27300,1647.37199985
17665,26256,32447,5109,27294,1647.3731248476563
17666,26256,32447,5085,27289,1647.3742498453125
17667,26256,32447,5062,27284,1647.3753748429688
17668,26256,32447,5038,27278,1647.376499840625
17669,26256,32447,5014,27273,1647.3776248382812
17670,26256,32447,4991,27267,1647.3787498359375
17671,26256,32447,4967,27262,1647.3798748335937
17672,26256,32447,4943,27256,1647.38099983125
17673,26256,32447,4919,27251,1647.3821248289062
17674,26256,32447,4896,27245,1647.3832498265624
17675,26256,32447,4872,27240,1647.3843748242186
17676,26256,32447,4848,27234,1647.385499821875
17677,26256,32447,4824,27229,1647.3866248195313
17678,26256,32447,4801,27224,1647.3877498171876
17679,26256,32447,4777,27218,1647.3888748148438
17680,25736,31790,5215,27213,1647.3899998125
17681,25736,31790,5194,27207,1647.3911248101563
17682,25736,31790,5173,27202,1647.3922498078125
17683,25736,31790,5152,27196,1647.3933748054687
17684,25736,31790,5131,27191,1647.394499803125
17685,25736,31790,5110,27185,1647.3956248007812
17686,25736,31790,5089,27180,1647.3967497984374
17687,25736,31790,5068,27174,1647.3978747960937
17688,25736,31790,5047,27169,1647.39899979375
17689,25736,31790,5026,27164,1647.4001247914061
17690,25736,31790,5005,27158,1647.4012497890626
17691,25736,31790,4984,27153,1647.4023747867188
17692,25736,31790,4963,27147,1647.403499784375
17693,25736,31790,4941,27142,1647.4046247820313
17694,25736,31790,4920,27136,1647.4057497796875
17695,25736,31790,4899,27131,1647.4068747773438
17696,25736,31790,4878,27125,1647.407999775
17697,25736,31790,4857,27120,1647.4091247726562
17698,25736,31790,4836,27114,1647.4102497703125
17699,25736,31790,4815,27109,1647.4113747679687
17700,25736,31790,4794,27104,1647.412499765625
17701,25736,31790,4773,27098,1647.4136247632812
17702,25736,31790,4752,27093,1647.4147497609374
17703,25736,31790,4731,27087,1647.4158747585939
17704,25736,31790,4710,27082,1647.41699975625
17705,25736,31790,4689,27076,1647.4181247539063
17706,25736,31790,4668,27071,1647.4192497515626
17707,25736,31790,4647,27065,1647.4203747492188
17708,25736,31790,4626,27060,1647.421499746875
17709,25736,31790,4605,27054,1647.4226247445313
17710,25736,31790,4584,27049,1647.4237497421875
17711,25736,31790,4563,27044,1647.4248747398437
17712,25736,31790,4542,27038,1647.4259997375
17713,25736,31790,4520,27033,1647.4271247351562
17714,25736,31790,4499,27027,1647.4282497328124
17715,25736,31790,4478,27022,1647.4293747304687
17716,25736,31790,4457,27016,1647.430499728125
17717,25736,31790,4436,27011,1647.4316247257814
17718,25736,31790,4415,27005,1647.4327497234376
17719,25736,31790,4394,27000,1647.4338747210938
17720,25736,31790,4373,26994,1647.43499971875
17721,25736,31790,4352,26989,1647.4361247164063
17722,25736,31790,4331,26984,1647.4372497140625
17723,25736,31790,4310,26978,1647.4383747117188
17724,25736,31790,4289,26973,1647.439499709375
17725,25736,31790,4268,26967,1647.4406247070312
17726,25736,31790,4247,26962,1647.4417497046875
17727,25736,31790,4226,26956,1647.4428747023437
17728,25736,31790,4205,26951,1647.4439997
17729,25736,31790,4184,26945,1647.4451246976562
17730,25736,31790,4163,26940,1647.4462496953124
17731,25736,31790,4142,26934,1647.4473746929689
17732,25736,31790,4121,26929,1647.448499690625
17733,25736,31790,4099,26924,1647.4496246882813
17734,25736,31790,4078,26918,1647.4507496859376
17735,25736,31790,4057,26913,1647.4518746835938
17736,25736,31790,4036,26907,1647.45299968125
17737,25736,31790,4015,26902,1647.4541246789063
17738,25736,31790,3994,26896,1647.4552496765625
17739,25736,31790,3973,26891,1647.4563746742188
17740,25736,31790,3952,26885,1647.457499671875
17741,25736,31790,3931,26880,1647.4586246695312
17742,25736,31790,3910,26874,1647.4597496671875
17743,25736,31790,3889,26869,1647.4608746648437
17744,25736,31790,3868,26864,1647.4619996625001
17745,25736,31790,3847,26858,1647.4631246601564
17746,25736,31790,3826,26853,1647.4642496578126
17747,25736,31790,3805,26847,1647.4653746554688
17748,25317,31243,4140,26842,1647.466499653125
17749,25317,31243,4121,26836,1647.4676246507813
17750,25317,31243,4103,26831,1647.4687496484376
17751,25317,31243,4084,26825,1647.4698746460938
17752,25317,31243,4065,26820,1647.47099964375
17753,25317,31243,4047,26814,1647.4721246414063
17754,25317,31243,4028,26809,1647.4732496390625
17755,25317,31243,4009,26804,1647.4743746367187
17756,25317,31243,3991,26798,1647.475499634375
17757,25317,31243,3972,26793,1647.4766246320312
17758,25317,31243,3953,26787,1647.4777496296877
17759,25317,31243,3935,26782,1647.4788746273439
17760,25317,31243,3916,26776,1647.4799996250001
17761,25317,31243,3898,26771,1647.4811246226564
17762,25317,31243,3879,26765,1647.4822496203126
17763,25317,31243,3860,26760,1647.4833746179688
17764,25317,31243,3842,26754,1647.484499615625
17765,25317,31243,3823,26749,1647.4856246132813
17766,25317,31243,3804,26744,1647.4867496109375
17767,25317,31243,3786,26738,1647.4878746085938
17768,25317,31243,3767,26733,1647.48899960625
17769,25317,31243,3748,26727,1647.4901246039062
17770,25317,31243,3730,26722,1647.4912496015625
17771,25317,31243,3711,26716,1647.4923745992187
17772,25317,31243,3693,26711,1647.4934995968752
17773,25317,31243,3674,26705,1647.4946245945314
17774,25317,31243,3655,26700,1647.4957495921876
17775,25317,31243,3637,26694,1647.4968745898439
17776,25317,31243,3618,26689,1647.4979995875
17777,25317,31243,3599,26684,1647.4991245851563
17778,25317,31243,3581,26678,1647.5002495828126
17779,25317,31243,3562,26673,1647.5013745804688
17780,25317,31243,3543,26667,1647.502499578125
17781,25317,31243,3525,26662,1647.5036245757813
17782,25317,31243,3506,26656,1647.5047495734375
17783,25317,31243,3488,26651,1647.5058745710937
17784,25317,31243,3469,26645,1647.50699956875
17785,25317,31243,3450,26640,1647.5081245664062
17786,25317,31243,3432,26634,1647.5092495640627
17787,25317,31243,3413,26629,1647.510374561719
17788,25317,31243,3394,26624,1647.5114995593751
17789,25317,31243,3376,26618,1647.5126245570314
17790,25317,31243,3357,26613,1647.5137495546876
17791,25317,31243,3338,26607,1647.5148745523438
17792,24898,30696,3624,26617,1647.516
17793,24898,30696,3607,26609,1647.5171249812502
17794,24898,30696,3589,26600,1647.5182499625
17795,24898,30696,3572,26592,1647.51937494375
17796,24898,30696,3554,26584,1647.520499925
17797,24898,30696,3537,26576,1647.52162490625
17798,24898,30696,3519,26568,1647.5227498875001
17799,24898,30696,3502,26559,1647.52387486875
17800,24898,30696,3485,26551,1647.52499985
17801,24898,30696,3467,26543,1647.5261248312502
17802,24898,30696,3450,26535,1647.5272498125
17803,24898,30696,3432,26526,1647.5283747937501
17804,24898,30696,3415,26518,1647.5294997750002
17805,24898,30696,3397,26510,1647.53062475625
17806,24898,30696,3380,26502,1647.5317497375001
17807,24898,30696,3363,26494,1647.53287471875
17808,24898,30696,3345,26485,1647.5339997
17809,24898,30696,3328,26477,1647.5351246812502
17810,24898,30696,3310,26469,1647.5362496625
17811,24898,30696,3293,26461,1647.5373746437501
17812,24898,30696,3275,26452,1647.538499625
17813,24898,30696,3258,26444,1647.53962460625
17814,24898,30696,3241,26436,1647.5407495875002
17815,24898,30696,3223,26428,1647.54187456875
17816,24898,30696,3206,26336,1647.543
17817,24898,30696,3188,26327,1647.5441249925
17818,24898,30696,3171,26318,1647.5452499849998
17819,24898,30696,3153,26309,1647.5463749775
17820,24898,30696,3136,26299,1647.54749997
17821,24898,30696,3119,26290,1647.5486249624998
17822,24898,30696,3101,26281,1647.549749955
17823,24898,30696,3084,26272,1647.5508749475
17824,24898,30696,3066,26263,1647.5519999399999
17825,24898,30696,3049,26253,1647.5531249325
17826,24898,30696,3031,26244,1647.554249925
17827,24898,30696,3014,26235,1647.5553749174999
17828,24898,30696,2997,26226,1647.55649991
17829,24898,30696,2979,26216,1647.5576249024998
17830,24898,30696,2962,26207,1647.558749895
17831,24898,30696,2944,26198,1647.5598748875
17832,24898,30696,2927,26189,1647.5609998799998
17833,24898,30696,2909,26180,1647.5621248725
17834,24898,30696,2892,26170,1647.563249865
17835,24898,30696,2875,26161,1647.5643748574998
17836,24898,30696,2857,26152,1647.56549985
17837,24898,30696,2840,26143,1647.5666248425
17838,24898,30696,2822,26134,1647.5677498349999
17839,24898,30696,2805,26124,1647.5688748275
17840,24898,30696,2787,26115,1647.56999982
17841,24898,30696,2770,26106,1647.5711248124999
17842,24898,30696,2753,26097,1647.572249805
17843,24898,30696,2735,26088,1647.5733747975
17844,24479,30149,3035,26078,1647.57449979
17845,24479,30149,3017,26069,1647.5756247825
17846,24479,30149,3000,26060,1647.5767497749998
17847,24479,30149,2983,26051,1647.5778747675
17848,24479,30149,2966,26042,1647.57899976
17849,24479,30149,2949,26032,1647.5801247524998
17850,24479,30149,2932,26023,1647.581249745
17851,24479,30149,2915,26014,1647.5823747375
17852,24479,30149,2898,26005,1647.5834997299999
17853,24479,30149,2881,25996,1647.5846247225
17854,24479,30149,2864,25986,1647.585749715
17855,24479,30149,2847,25977,1647.5868747074999
17856,24479,30149,2829,25968,1647.5879997
17857,24479,30149,2812,25959,1647.5891246925
17858,24479,30149,2795,25950,1647.590249685
17859,24479,30149,2778,25940,1647.5913746775
17860,24479,30149,2761,25931,1647.59249967
17861,24479,30149,2744,25922,1647.5936246625
17862,24479,30149,2727,25913,1647.594749655
17863,24479,30149,2710,25903,1647.5958746475
17864,24479,30149,2693,25894,1647.59699964
17865,24479,30149,2676,25885,1647.5981246325
17866,24479,30149,2659,25876,1647.5992496249999
17867,24479,30149,2641,25867,1647.6003746175
17868,24479,30149,2624,25857,1647.60149961
17869,24479,30149,2607,25848,1647.6026246024999
17870,24479,30149,2590,25839,1647.603749595
17871,24479,30149,2573,25830,1647.6048745875
17872,24479,30149,2556,25821,1647.60599958
17873,24479,30149,2539,25811,1647.6071245725
17874,24479,30149,2522,25802,1647.608249565
17875,24479,30149,2505,25793,1647.6093745575
17876,24060,29602,10562,27890,1647.6105
17877,24060,29602,10562,27884,1647.6116249933823
17878,24060,29602,10562,27878,1647.6127499867648
17879,24060,29602,10562,27871,1647.613874980147
17880,24060,29602,10386,27865,1647.6149999735294
17881,24060,29602,10386,27859,1647.6161249669117
17882,24060,29602,10386,27853,1647.6172499602942
17883,24060,29602,10386,27847,1647.6183749536765
17884,24060,29602,10208,27841,1647.6194999470588
17885,24060,29602,10172,27835,1647.620624940441
17886,24060,29602,10136,27828,1647.6217499338236
17887,24060,29602,10100,27822,1647.6228749272059
17888,24060,29602,10065,27816,1647.6239999205882
17889,24060,29602,10029,27810,1647.6251249139705
17890,24060,29602,9993,27804,1647.626249907353
17891,24060,29602,9957,27798,1647.6273749007353
17892,24060,29602,9922,27792,1647.6284998941176
17893,24060,29602,9886,27785,1647.6296248875
17894,24060,29602,9850,27779,1647.6307498808824
17895,24060,29602,9814,27773,1647.6318748742647
17896,24060,29602,9762,27767,1647.632999867647
17897,24060,29602,9762,27761,1647.6341248610295
17898,24060,29602,9762,27755,1647.6352498544118
17899,24060,29602,9762,27749,1647.636374847794
17900,24060,29602,9608,27742,1647.6374998411763
17901,24060,29602,9608,27736,1647.6386248345589
17902,24060,29602,9608,27730,1647.6397498279412
17903,24060,29602,9608,27724,1647.6408748213235
17904,24060,29602,9448,27718,1647.6419998147057
17905,24060,29602,9411,27712,1647.6431248080883
17906,24060,29602,9373,27706,1647.6442498014706
17907,24060,29602,9336,27699,1647.6453747948528
17908,24060,29602,9298,27693,1647.6464997882351
17909,24060,29602,9261,27687,1647.6476247816177
17910,24060,29602,9223,27681,1647.648749775
17911,24060,29602,9186,27675,1647.6498747683822
17912,24060,29602,9136,27669,1647.6509997617648
17913,24060,29602,9104,27663,1647.652124755147
17914,24060,29602,9072,27657,1647.6532497485293
17915,24060,29602,9040,27650,1647.6543747419116
17916,24060,29602,9008,27644,1647.6554997352941
17917,24060,29602,8976,27638,1647.6566247286764
17918,24060,29602,8944,27632,1647.6577497220587
17919,24060,29602,8912,27626,1647.658874715441
17920,23641,29055,9543,27620,1647.6599997088235
17921,23641,29055,9511,27614,1647.6611247022058
17922,23641,29055,9479,27607,1647.6622496955881
17923,23641,29055,9447,27601,1647.6633746889704
17924,23641,29055,9415,27595,1647.664499682353
17925,23641,29055,9383,27589,1647.6656246757352
17926,23641,29055,9351,27583,1647.6667496691175
17927,23641,29055,9319,27577,1647.6678746624998
17928,23641,29055,9287,27571,1647.6689996558823
17929,23641,29055,9255,27564,1647.6701246492646
17930,23641,29055,9223,27558,1647.671249642647
17931,23641,29055,9191,27552,1647.6723746360294
17932,23641,29055,9123,27546,1647.6734996294117
17933,23641,29055,9090,27540,1647.674624622794
17934,23641,29055,9057,27534,1647.6757496161763
17935,23641,29055,9024,27528,1647.6768746095588
17936,23641,29055,8991,27521,1647.677999602941
17937,23641,29055,8958,27515,1647.6791245963234
17938,23641,29055,8925,27509,1647.6802495897057
17939,23641,29055,8892,27503,1647.6813745830882
17940,23641,29055,8859,27497,1647.6824995764705
17941,23641,29055,8826,27491,1647.6836245698528
17942,23641,29055,8793,27485,1647.684749563235
17943,23641,29055,8760,27478,1647.6858745566176
17944,23641,29055,8727,27419,1647.687
17945,23641,29055,8694,27419,1647.6881248875
17946,23641,29055,8661,27419,1647.689249775
17947,23641,29055,8628,27419,1647.6903746624998
17948,23641,29055,8572,27352,1647.6915
17949,23641,29055,8537,27352,1647.6926248875
17950,23641,29055,8503,27352,1647.693749775
17951,23641,29055,8468,27352,1647.6948746624998
17952,23641,29055,8433,27257,1647.696
17953,23641,29055,8399,27250,1647.6971249962498
17954,23641,29055,8364,27243,1647.6982499925
17955,23641,29055,8330,27235,1647.69937498875
17956,23641,29055,8295,27228,1647.7004999849999
17957,23641,29055,8261,27220,1647.70162498125
17958,23641,29055,8226,27213,1647.7027499775
17959,23641,29055,8192,27205,1647.7038749737499
17960,23641,29055,8157,27198,1647.70499997
17961,23641,29055,8122,27190,1647.70612496625
17962,23641,29055,8088,27183,1647.7072499624999
17963,23641,29055,8053,27175,1647.7083749587498
17964,23641,29055,8019,27168,1647.709499955
17965,23641,29055,7984,27161,1647.7106249512499
17966,23641,29055,7950,27153,1647.7117499474998
17967,23641,29055,7915,27146,1647.71287494375
17968,23222,28508,8529,27138,1647.71399994
17969,23222,28508,8497,27131,1647.7151249362498
17970,23222,28508,8465,27123,1647.7162499325
17971,23222,28508,8434,27116,1647.71737492875
17972,23222,28508,8402,27108,1647.7184999249998
17973,23222,28508,8370,27101,1647.71962492125
17974,23222,28508,8339,27093,1647.7207499175
17975,23222,28508,8307,27086,1647.7218749137498
17976,23222,28508,8275,27079,1647.72299991
17977,23222,28508,8244,27071,1647.72412490625
17978,23222,28508,8212,27064,1647.7252499024999
17979,23222,28508,8180,27056,1647.72637489875
17980,23222,28508,8149,27049,1647.727499895
17981,23222,28508,8117,27041,1647.7286248912499
17982,23222,28508,8085,27034,1647.7297498875
17983,23222,28508,8054,27026,1647.73087488375
17984,23222,28508,8022,27019,1647.7319998799999
17985,23222,28508,7990,27011,1647.7331248762498
17986,23222,28508,7959,27004,1647.7342498725
17987,23222,28508,7927,26997,1647.73537486875
17988,23222,28508,7895,26989,1647.7364998649998
17989,23222,28508,7864,26982,1647.73762486125
17990,23222,28508,7832,26974,1647.7387498575
17991,23222,28508,7800,26967,1647.7398748537498
17992,23222,28508,7769,26959,1647.74099985
17993,23222,28508,7737,26952,1647.74212484625
17994,23222,28508,7705,26944,1647.7432498424998
17995,23222,28508,7674,26937,1647.74437483875
17996,23222,28508,7642,26929,1647.745499835
17997,23222,28508,7610,26922,1647.7466248312498
17998,23222,28508,7579,26915,1647.7477498275
17999,23222,28508,7547,26907,1647.74887482375
18000,23222,28508,7515,26900,1647.7499998199999
18001,23222,28508,7484,26892,1647.75112481625
18002,23222,28508,7452,26885,1647.7522498125
18003,23222,28508,7420,26877,1647.7533748087499
18004,23222,28508,7389,26870,1647.7544998049998
18005,23222,28508,7357,26862,1647.75562480125
18006,23222,28508,7325,26855,1647.7567497974999
18007,23222,28508,7294,26847,1647.7578747937498
18008,23222,28508,7262,26840,1647.75899979
18009,23222,28508,7230,26833,1647.76012478625
18010,23222,28508,7199,26825,1647.7612497824998
18011,23222,28508,7167,26818,1647.76237477875
18012,23222,28508,7135,26810,1647.763499775
18013,23222,28508,7104,26803,1647.7646247712498
18014,23222,28508,7072,26795,1647.7657497675
18015,23222,28508,7040,26788,1647.76687476375
18016,23222,28508,7009,26780,1647.7679997599998
18017,23222,28508,6977,26773,1647.76912475625
18018,23222,28508,6945,26765,1647.7702497525
18019,23222,28508,6914,26758,1647.7713747487498
18020,22803,27961,7475,26751,1647.772499745
18021,22803,27961,7446,26743,1647.77362474125
18022,22803,27961,7417,26736,1647.7747497374999
18023,22803,27961,7389,26728,1647.7758747337498
18024,22803,27961,7360,26721,1647.77699973
18025,22803,27961,7331,26713,1647.7781247262499
18026,22803,27961,7303,26706,1647.7792497224998
18027,22803,27961,7274,26698,1647.78037471875
18028,22803,27961,7245,26691,1647.7814997149999
18029,22803,27961,7217,26683,1647.7826247112498
18030,22803,27961,7188,26676,1647.7837497075
18031,22803,27961,7159,26669,1647.78487470375
18032,22803,27961,7131,26661,1647.7859996999998
18033,22803,27961,7102,26654,1647.78712469625
18034,22803,27961,7074,26646,1647.7882496925
18035,22803,27961,7045,26639,1647.7893746887498
18036,22803,27961,7016,26631,1647.790499685
18037,22803,27961,6988,26624,1647.79162468125
18038,22803,27961,6959,26616,1647.7927496774998
18039,22803,27961,6930,26609,1647.79387467375
18040,22803,27961,6902,26601,1647.79499967
18041,22803,27961,6873,26594,1647.7961246662499
18042,22803,27961,6844,26586,1647.7972496624998
18043,22803,27961,6816,26579,1647.79837465875
18044,22803,27961,6787,26572,1647.7994996549999
18045,22803,27961,6758,26564,1647.8006246512498
18046,22803,27961,6730,26557,1647.8017496475
18047,22803,27961,6701,26549,1647.8028746437499
18048,22803,27961,6672,26542,1647.8039996399998
18049,22803,27961,6644,26534,1647.80512463625
18050,22803,27961,6615,26527,1647.8062496324999
18051,22803,27961,6587,26519,1647.8073746287498
18052,22803,27961,6558,26512,1647.808499625
18053,22803,27961,6529,26504,1647.80962462125
18054,22803,27961,6501,26497,1647.8107496174998
18055,22803,27961,6472,26490,1647.81187461375
18056,22803,27961,6443,26482,1647.81299961
18057,22803,27961,6415,26475,1647.8141246062498
18058,22803,27961,6386,26467,1647.8152496025
18059,22803,27961,6357,26460,1647.81637459875
18060,22803,27961,6329,26452,1647.8174995949998
18061,22803,27961,6300,26445,1647.81862459125
18062,22803,27961,6271,26437,1647.8197495875
18063,22803,27961,6243,26430,1647.8208745837499
18064,22384,27414,6741,26422,1647.8219995799998
18065,22384,27414,6714,26415,1647.82312457625
18066,22384,27414,6688,26408,1647.8242495724999
18067,22384,27414,6662,26400,1647.8253745687498
18068,22384,27414,6636,26393,1647.826499565
18069,22384,27414,6610,26385,1647.8276245612499
18070,22384,27414,6583,26378,1647.8287495574998
18071,22384,27414,6557,26370,1647.82987455375
18072,22384,27414,6531,26271,1647.831
18073,22384,27414,6505,26271,1647.8321248875
18074,22384,27414,6479,26271,1647.8332497749998
18075,22384,27414,6452,26271,1647.8343746624998
18076,22384,27414,6426,26206,1647.8355
18077,22384,27414,6400,26206,1647.8366248875
18078,22384,27414,6374,26206,1647.8377497749998
18079,22384,27414,6348,26206,1647.8388746624998
18080,22384,27414,6321,26135,1647.84
18081,22384,27414,6295,26135,1647.8411248875
18082,22384,27414,6269,26135,1647.8422497749998
18083,22384,27414,6243,26135,1647.8433746624999
18084,22384,27414,6217,26046,1647.8445
18085,22384,27414,6191,26034,1647.8456249624999
18086,22384,27414,6164,26021,1647.846749925
18087,22384,27414,6138,26008,1647.8478748875
18088,22384,27414,6112,25995,1647.84899985
18089,22384,27414,6086,25982,1647.8501248124999
18090,22384,27414,6060,25969,1647.8512497749998
18091,22384,27414,6033,25956,1647.8523747375
18092,22384,27414,6007,25944,1647.8534997
18093,22384,27414,5981,25931,1647.8546246624999
18094,22384,27414,5955,25918,1647.855749625
18095,22384,27414,5929,25905,1647.8568745875
18096,22384,27414,5902,25790,1647.858
18097,22384,27414,5876,25784,1647.8591249953124
18098,22384,27414,5850,25779,1647.8602499906249
18099,22384,27414,5824,25773,1647.8613749859373
18100,22384,27414,5798,25767,1647.86249998125
18101,22384,27414,5771,25761,1647.8636249765625
18102,22384,27414,5745,25755,1647.864749971875
18103,22384,27414,5719,25749,1647.8658749671874
18104,22384,27414,5693,25744,1647.8669999625
18105,22384,27414,5667,25738,1647.8681249578124
18106,22384,27414,5641,25732,1647.8692499531248
18107,22384,27414,5614,25726,1647.8703749484375
18108,21965,26867,6075,25720,1647.87149994375
18109,21965,26867,6051,25714,1647.8726249390625
18110,21965,26867,6027,25708,1647.873749934375
18111,21965,26867,6003,25703,1647.8748749296874
18112,21965,26867,5979,25697,1647.8759999249999
18113,21965,26867,5955,25691,1647.8771249203123
18114,21965,26867,5932,25685,1647.878249915625
18115,21965,26867,5908,25679,1647.8793749109375
18116,21965,26867,5884,25673,1647.88049990625
18117,21965,26867,5860,25668,1647.8816249015624
18118,21965,26867,5836,25662,1647.8827498968749
18119,21965,26867,5812,25656,1647.8838748921874
18120,21965,26867,5788,25650,1647.8849998874998
18121,21965,26867,5764,25644,1647.8861248828125
18122,21965,26867,5740,25638,1647.887249878125
18123,21965,26867,5717,25632,1647.8883748734374
18124,21965,26867,5693,25627,1647.88949986875
18125,21965,26867,5669,25621,1647.8906248640624
18126,21965,26867,5645,25615,1647.8917498593748
18127,21965,26867,5621,25609,1647.8928748546875
18128,21965,26867,5597,25603,1647.89399985
18129,21965,26867,5573,25597,1647.8951248453125
18130,21965,26867,5549,25592,1647.896249840625
18131,21965,26867,5525,25586,1647.8973748359374
18132,21965,26867,5501,25580,1647.8984998312499
18133,21965,26867,5478,25574,1647.8996248265623
18134,21965,26867,5454,25568,1647.900749821875
18135,21965,26867,5430,25562,1647.9018748171875
18136,21965,26867,5406,25556,1647.9029998125
18137,21965,26867,5382,25551,1647.9041248078124
18138,21965,26867,5358,25545,1647.905249803125
18139,21965,26867,5334,25539,1647.9063747984374
18140,21965,26867,5310,25533,1647.9074997937498
18141,21965,26867,5286,25527,1647.9086247890625
18142,21965,26867,5263,25521,1647.909749784375
18143,21965,26867,5239,25516,1647.9108747796874
18144,21965,26867,5215,25510,1647.911999775
18145,21965,26867,5191,25504,1647.9131247703124
18146,21965,26867,5167,25498,1647.9142497656248
18147,21965,26867,5143,25492,1647.9153747609373
18148,21965,26867,5119,25486,1647.91649975625
18149,21965,26867,5095,25481,1647.9176247515625
18150,21965,26867,5071,25475,1647.918749746875
18151,21965,26867,5048,25469,1647.9198747421874
18152,21965,26867,5024,25463,1647.9209997374999
18153,21965,26867,5000,25457,1647.9221247328123
18154,21965,26867,4976,25451,1647.9232497281248
18155,21965,26867,4952,25445,1647.9243747234375
18156,21965,26867,4928,25440,1647.92549971875
18157,21965,26867,4904,25434,1647.9266247140624
18158,21965,26867,4880,25428,1647.927749709375
18159,21965,26867,4856,25422,1647.9288747046874
18160,21965,26867,4833,25416,1647.9299996999998
18161,21965,26867,4809,25410,1647.9311246953123
18162,21965,26867,4785,25405,1647.932249690625
18163,21965,26867,4761,25399,1647.9333746859375
18164,21542,26315,5197,25393,1647.93449968125
18165,21542,26315,5175,25387,1647.9356246765624
18166,21542,26315,5153,25381,1647.9367496718748
18167,21542,26315,5131,25375,1647.9378746671873
18168,21542,26315,5109,25369,1647.9389996625
18169,21542,26315,5087,25364,1647.9401246578125
18170,21542,26315,5065,25358,1647.941249653125
18171,21542,26315,5043,25352,1647.9423746484374
18172,21542,26315,5021,25346,1647.9434996437499
18173,21542,26315,4999,25340,1647.9446246390623
18174,21542,26315,4977,25334,1647.9457496343748
18175,21542,26315,4955,25329,1647.9468746296875
18176,21542,26315,4933,25323,1647.947999625
18177,21542,26315,4911,25317,1647.9491246203124
18178,21542,26315,4889,25311,1647.950249615625
18179,21542,26315,4867,25305,1647.9513746109374
18180,21542,26315,4845,25299,1647.9524996062498
18181,21542,26315,4823,25293,1647.9536246015623
18182,21542,26315,4801,25288,1647.954749596875
18183,21542,26315,4779,25282,1647.9558745921875
18184,21542,26315,4757,25276,1647.9569995875
18185,21542,26315,4735,25270,1647.9581245828124
18186,21542,26315,4713,25264,1647.9592495781249
18187,21542,26315,4691,25258,1647.9603745734373
18188,21542,26315,4669,25253,1647.9614995687498
18189,21542,26315,4647,25247,1647.9626245640625
18190,21542,26315,4625,25241,1647.963749559375
18191,21542,26315,4603,25235,1647.9648745546874
18192,21542,26315,4581,25126,1647.966
18193,21542,26315,4559,25122,1647.9671249966912
18194,21542,26315,4537,25119,1647.9682499933822
18195,21542,26315,4515,25116,1647.9693749900734
18196,21542,26315,4493,25112,1647.9704999867647
18197,21542,26315,4471,25109,1647.9716249834557
18198,21542,26315,4449,25105,1647.972749980147
18199,21542,26315,4427,25102,1647.973874976838
18200,21542,26315,4405,25098,1647.9749999735293
18201,21542,26315,4383,25095,1647.9761249702206
18202,21542,26315,4361,25091,1647.9772499669116
18203,21542,26315,4339,25088,1647.9783749636028
18204,21542,26315,4317,25085,1647.979499960294
18205,21542,26315,4295,25081,1647.9806249569851
18206,21542,26315,4274,25078,1647.9817499536764
18207,21542,26315,4252,25074,1647.9828749503674
18208,21542,26315,4230,25071,1647.9839999470587
18209,21542,26315,4208,25067,1647.98512494375
18210,21542,26315,4186,25064,1647.986249940441
18211,21542,26315,4164,25061,1647.9873749371322
18212,21542,26315,4142,25057,1647.9884999338235
18213,21542,26315,4120,25054,1647.9896249305145
18214,21542,26315,4098,25050,1647.9907499272058
18215,21542,26315,4076,25047,1647.991874923897
18216,21542,26315,4054,25043,1647.992999920588
18217,21542,26315,4032,25040,1647.9941249172794
18218,21542,26315,4010,25036,1647.9952499139704
18219,21542,26315,3988,25033,1647.9963749106616
18220,21206,25863,4304,25030,1647.997499907353
18221,21206,25863,4285,25026,1647.998624904044
18222,21206,25863,4266,25023,1647.9997499007352
18223,21206,25863,4246,25019,1648.0008748974265
18224,21206,25863,4227,25016,1648.0019998941175
18225,21206,25863,4208,25012,1648.0031248908087
18226,21206,25863,4188,25009,1648.0042498875
18227,21206,25863,4169,25006,1648.005374884191
18228,21206,25863,4150,25002,1648.0064998808823
18229,21206,25863,4130,24999,1648.0076248775733
18230,21206,25863,4111,24995,1648.0087498742646
18231,21206,25863,4092,24992,1648.0098748709559
18232,21206,25863,4073,24988,1648.010999867647
18233,21206,25863,4053,24985,1648.0121248643381
18234,21206,25863,4034,24982,1648.0132498610294
18235,21206,25863,4015,24978,1648.0143748577204
18236,21206,25863,3995,24975,1648.0154998544117
18237,21206,25863,3976,24971,1648.0166248511027
18238,21206,25863,3957,24968,1648.017749847794
18239,21206,25863,3937,24964,1648.0188748444853
18240,21206,25863,3918,24961,1648.0199998411763
18241,21206,25863,3899,24957,1648.0211248378675
18242,21206,25863,3879,24954,1648.0222498345588
18243,21206,25863,3860,24951,1648.0233748312498
18244,21206,25863,3841,24947,1648.024499827941
18245,21206,25863,3821,24944,1648.0256248246324
18246,21206,25863,3802,24940,1648.0267498213234
18247,21206,25863,3783,24937,1648.0278748180147
18248,21206,25863,3764,24933,1648.0289998147057
18249,21206,25863,3744,24930,1648.030124811397
18250,21206,25863,3725,24927,1648.0312498080882
18251,21206,25863,3706,24923,1648.0323748047792
18252,21206,25863,3686,24920,1648.0334998014705
18253,21206,25863,3667,24916,1648.0346247981618
18254,21206,25863,3648,24913,1648.0357497948528
18255,21206,25863,3628,24909,1648.036874791544
18256,21206,25863,3609,24906,1648.037999788235
18257,21206,25863,3590,24902,1648.0391247849263
18258,21206,25863,3570,24899,1648.0402497816176
18259,21206,25863,3551,24896,1648.0413747783086
18260,21206,25863,3532,24892,1648.042499775
18261,21206,25863,3512,24889,1648.0436247716912
18262,21206,25863,3493,24885,1648.0447497683822
18263,21206,25863,3474,24882,1648.0458747650734
18264,21206,25863,3455,24878,1648.0469997617647
18265,21206,25863,3435,24875,1648.0481247584557
18266,21206,25863,3416,24872,1648.049249755147
18267,21206,25863,3397,24868,1648.050374751838
18268,21206,25863,3377,24865,1648.0514997485293
18269,21206,25863,3358,24861,1648.0526247452206
18270,21206,25863,3339,24858,1648.0537497419116
18271,21206,25863,3319,24854,1648.0548747386028
18272,20870,25411,3600,24851,1648.055999735294
18273,20870,25411,3582,24847,1648.0571247319851
18274,20870,25411,3565,24844,1648.0582497286764
18275,20870,25411,3547,24841,1648.0593747253674
18276,20870,25411,3529,24837,1648.0604997220587
18277,20870,25411,3511,24834,1648.06162471875
18278,20870,25411,3494,24830,1648.062749715441
18279,20870,25411,3476,24827,1648.0638747121322
18280,20870,25411,3458,24823,1648.0649997088235
18281,20870,25411,3441,24820,1648.0661247055145
18282,20870,25411,3423,24817,1648.0672497022058
18283,20870,25411,3405,24813,1648.068374698897
18284,20870,25411,3388,24810,1648.069499695588
18285,20870,25411,3370,24806,1648.0706246922794
18286,20870,25411,3352,24803,1648.0717496889704
18287,20870,25411,3334,24799,1648.0728746856616
18288,20870,25411,3317,24796,1648.073999682353
18289,20870,25411,3299,24793,1648.075124679044
18290,20870,25411,3281,24789,1648.0762496757352
18291,20870,25411,3264,24786,1648.0773746724265
18292,20870,25411,3246,24782,1648.0784996691175
18293,20870,25411,3228,24779,1648.0796246658088
18294,20870,25411,3211,24775,1648.0807496624998
18295,20870,25411,3193,24772,1648.081874659191
18296,20870,25411,3175,24768,1648.0829996558823
18297,20870,25411,3158,24765,1648.0841246525733
18298,20870,25411,3140,24762,1648.0852496492646
18299,20870,25411,3122,24758,1648.0863746459559
18300,20870,25411,3104,24755,1648.087499642647
18301,20870,25411,3087,24751,1648.0886246393381
18302,20870,25411,3069,24748,1648.0897496360294
18303,20870,25411,3051,24744,1648.0908746327204
18304,20870,25411,3034,24741,1648.0919996294117
18305,20870,25411,3016,24738,1648.0931246261027
18306,20870,25411,2998,24734,1648.094249622794
18307,20870,25411,2981,24731,1648.0953746194853
18308,20870,25411,2963,24727,1648.0964996161763
18309,20870,25411,2945,24724,1648.0976246128675
18310,20870,25411,2927,24720,1648.0987496095588
18311,20870,25411,2910,24717,1648.0998746062498
18312,20870,25411,2892,24713,1648.100999602941
18313,20870,25411,2874,24710,1648.1021245996324
18314,20870,25411,2857,24707,1648.1032495963234
18315,20870,25411,2839,24703,1648.1043745930147
18316,20534,24959,3103,24700,1648.1054995897057
18317,20534,24959,3086,24696,1648.106624586397
18318,20534,24959,3069,24693,1648.1077495830882
18319,20534,24959,3053,24689,1648.1088745797792
18320,20534,24959,3036,24686,1648.1099995764705
18321,20534,24959,3020,24683,1648.1111245731618
18322,20534,24959,3003,24679,1648.1122495698528
18323,20534,24959,2986,24676,1648.113374566544
18324,20534,24959,2970,24672,1648.114499563235
18325,20534,24959,2953,24669,1648.1156245599263
18326,20534,24959,2937,24665,1648.1167495566176
18327,20534,24959,2920,24662,1648.1178745533086
18328,20534,24959,2903,24571,1648.119
18329,20534,24959,2887,24561,1648.1201249775
18330,20534,24959,2870,24552,1648.121249955
18331,20534,24959,2854,24543,1648.1223749325
18332,20534,24959,2837,24534,1648.12349991
18333,20534,24959,2820,24525,1648.1246248875
18334,20534,24959,2804,24516,1648.125749865
18335,20534,24959,2787,24507,1648.1268748425
18336,20534,24959,2770,24497,1648.12799982
18337,20534,24959,2754,24488,1648.1291247975
18338,20534,24959,2737,24479,1648.1302497749998
18339,20534,24959,2721,24470,1648.1313747524998
18340,20534,24959,2704,24461,1648.1324997299998
18341,20534,24959,2687,24452,1648.1336247074998
18342,20534,24959,2671,24443,1648.1347496849999
18343,20534,24959,2654,24433,1648.1358746624999
18344,20534,24959,2638,24424,1648.1369996399999
18345,20534,24959,2621,24415,1648.1381246175
18346,20534,24959,2604,24406,1648.139249595
18347,20534,24959,2588,24397,1648.1403745725
18348,20534,24959,2571,24336,1648.1415
18349,20534,24959,2555,24336,1648.1426248875
18350,20534,24959,2538,24336,1648.1437497749998
18351,20534,24959,2521,24336,1648.1448746625
18352,20198,24507,10664,26167,1648.146
18353,20198,24507,10664,26167,1648.1471248875
18354,20198,24507,10664,26167,1648.1482497749998
18355,20198,24507,10664,26167,1648.1493746625
18356,20198,24507,10482,26091,1648.1505
18357,20198,24507,10446,26078,1648.15162494375
18358,20198,24507,10410,26065,1648.1527498875
18359,20198,24507,10374,26052,1648.15387483125
18360,20198,24507,10338,26039,1648.1549997749999
18361,20198,24507,10302,26026,1648.1561247187499
18362,20198,24507,10266,26013,1648.1572496625
18363,20198,24507,10230,26000,1648.15837460625
18364,20198,24507,10176,25968,1648.1595
18365,20198,24507,10140,25958,1648.1606249625
18366,20198,24507,10104,25948,1648.161749925
18367,20198,24507,10068,25937,1648.1628748875
18368,20198,24507,10032,25927,1648.16399985
18369,20198,24507,9996,25917,1648.1651248125
18370,20198,24507,9960,25906,1648.1662497749999
18371,20198,24507,9924,25896,1648.1673747375
18372,20198,24507,9874,25886,1648.1684997
18373,20198,24507,9874,25875,1648.1696246625
18374,20198,24507,9874,25865,1648.170749625
18375,20198,24507,9874,25854,1648.1718745875
18376,20198,24507,9714,25885,1648.173
18377,20198,24507,9714,25877,1648.174124996591
18378,20198,24507,9714,25869,1648.1752499931818
18379,20198,24507,9714,25861,1648.1763749897727
18380,20198,24507,9560,25853,1648.1774999863637
18381,20198,24507,9560,25846,1648.1786249829545
18382,20198,24507,9560,25838,1648.1797499795455
18383,20198,24507,9560,25830,1648.1808749761365
18384,19862,24055,10085,25822,1648.1819999727272
18385,19862,24055,10051,25815,1648.1831249693182
18386,19862,24055,10017,25807,1648.1842499659092
18387,19862,24055,9983,25799,1648.1853749625
18388,19862,24055,9949,25791,1648.186499959091
18389,19862,24055,9915,25784,1648.1876249556817
18390,19862,24055,9881,25776,1648.1887499522727
18391,19862,24055,9847,25768,1648.1898749488637
18392,19862,24055,9813,25760,1648.1909999454545
18393,19862,24055,9779,25752,1648.1921249420454
18394,19862,24055,9745,25745,1648.1932499386364
18395,19862,24055,9711,25737,1648.1943749352272
18396,19862,24055,9657,25729,1648.1954999318182
18397,19862,24055,9620,25721,1648.1966249284092
18398,19862,24055,9584,25714,1648.197749925
18399,19862,24055,9547,25706,1648.198874921591
18400,19862,24055,9510,25698,1648.199999918182
18401,19862,24055,9473,25690,1648.2011249147727
18402,19862,24055,9437,25682,1648.2022499113637
18403,19862,24055,9400,25675,1648.2033749079546
18404,19862,24055,9363,25667,1648.2044999045454
18405,19862,24055,9326,25659,1648.2056249011364
18406,19862,24055,9290,25651,1648.2067498977274
18407,19862,24055,9253,25644,1648.2078748943181
18408,19862,24055,9201,25636,1648.2089998909091
18409,19862,24055,9166,25628,1648.2101248875001
18410,19862,24055,9130,25620,1648.2112498840909
18411,19862,24055,9095,25613,1648.2123748806819
18412,19862,24055,9060,25605,1648.2134998772726
18413,19862,24055,9025,25597,1648.2146248738636
18414,19862,24055,8990,25589,1648.2157498704546
18415,19862,24055,8955,25581,1648.2168748670454
18416,19862,24055,8919,25574,1648.2179998636364
18417,19862,24055,8884,25566,1648.2191248602273
18418,19862,24055,8849,25558,1648.220249856818
18419,19862,24055,8814,25550,1648.221374853409
18420,19862,24055,8779,25543,1648.22249985
18421,19862,24055,8743,25535,1648.2236248465908
18422,19862,24055,8708,25527,1648.2247498431818
18423,19862,24055,8673,25519,1648.2258748397728
18424,19862,24055,8638,25511,1648.2269998363636
18425,19862,24055,8603,25504,1648.2281248329546
18426,19862,24055,8568,25496,1648.2292498295456
18427,19862,24055,8532,25488,1648.2303748261363
18428,19862,24055,8497,25480,1648.2314998227273
18429,19862,24055,8462,25473,1648.2326248193183
18430,19862,24055,8427,25465,1648.233749815909
18431,19862,24055,8392,25457,1648.2348748125
18432,19862,24055,8356,25449,1648.2359998090908
18433,19862,24055,8321,25442,1648.2371248056818
18434,19862,24055,8286,25434,1648.2382498022728
18435,19862,24055,8251,25426,1648.2393747988635
18436,19862,24055,8216,25418,1648.2404997954545
18437,19862,24055,8180,25410,1648.2416247920455
18438,19862,24055,8145,25403,1648.2427497886363
18439,19862,24055,8110,25395,1648.2438747852273
18440,19526,23603,8683,25387,1648.2449997818183
18441,19526,23603,8650,25379,1648.246124778409
18442,19526,23603,8618,25372,1648.247249775
18443,19526,23603,8586,25364,1648.248374771591
18444,19526,23603,8554,25356,1648.2494997681817
18445,19526,23603,8522,25348,1648.2506247647727
18446,19526,23603,8490,25340,1648.2517497613637
18447,19526,23603,8457,25333,1648.2528747579545
18448,19526,23603,8425,25325,1648.2539997545455
18449,19526,23603,8393,25317,1648.2551247511365
18450,19526,23603,8361,25309,1648.2562497477272
18451,19526,23603,8329,25302,1648.2573747443182
18452,19526,23603,8296,25294,1648.2584997409092
18453,19526,23603,8264,25286,1648.2596247375
18454,19526,23603,8232,25278,1648.260749734091
18455,19526,23603,8200,25271,1648.2618747306817
18456,19526,23603,8168,25263,1648.2629997272727
18457,19526,23603,8136,25255,1648.2641247238637
18458,19526,23603,8103,25247,1648.2652497204544
18459,19526,23603,8071,25239,1648.2663747170454
18460,19526,23603,8039,25232,1648.2674997136364
18461,19526,23603,8007,25224,1648.2686247102272
18462,19526,23603,7975,25216,1648.2697497068182
18463,19526,23603,7943,25208,1648.2708747034092
18464,19526,23603,7910,25201,1648.2719997
18465,19526,23603,7878,25193,1648.273124696591
18466,19526,23603,7846,25185,1648.274249693182
18467,19526,23603,7814,25177,1648.2753746897727
18468,19526,23603,7782,25170,1648.2764996863636
18469,19526,23603,7750,25162,1648.2776246829546
18470,19526,23603,7717,25154,1648.2787496795454
18471,19526,23603,7685,25146,1648.2798746761364
18472,19526,23603,7653,25138,1648.2809996727274
18473,19526,23603,7621,25131,1648.2821246693181
18474,19526,23603,7589,25123,1648.2832496659091
18475,19526,23603,7557,25115,1648.2843746624999
18476,19526,23603,7524,25107,1648.2854996590909
18477,19526,23603,7492,25100,1648.2866246556819
18478,19526,23603,7460,25092,1648.2877496522726
18479,19526,23603,7428,25084,1648.2888746488636
18480,19526,23603,7396,25076,1648.2899996454546
18481,19526,23603,7363,25068,1648.2911246420454
18482,19526,23603,7331,25061,1648.2922496386363
18483,19526,23603,7299,25053,1648.2933746352273
18484,19190,23151,7826,25045,1648.294499631818
18485,19190,23151,7797,25037,1648.295624628409
18486,19190,23151,7767,25030,1648.296749625
18487,19190,23151,7738,25022,1648.2978746215908
18488,19190,23151,7709,25014,1648.2989996181818
18489,19190,23151,7679,25006,1648.3001246147728
18490,19190,23151,7650,24999,1648.3012496113636
18491,19190,23151,7620,24991,1648.3023746079546
18492,19190,23151,7591,24983,1648.3034996045456
18493,19190,23151,7562,24975,1648.3046246011363
18494,19190,23151,7532,24967,1648.3057495977273
18495,19190,23151,7503,24960,1648.3068745943183
18496,19190,23151,7473,24952,1648.307999590909
18497,19190,23151,7444,24944,1648.3091245875
18498,19190,23151,7415,24936,1648.3102495840908
18499,19190,23151,7385,24929,1648.3113745806818
18500,19190,23151,7356,24921,1648.3124995772728
18501,19190,23151,7326,24913,1648.3136245738635
18502,19190,23151,7297,24905,1648.3147495704545
18503,19190,23151,7268,24897,1648.3158745670455
18504,19190,23151,7238,24890,1648.3169995636363
18505,19190,23151,7209,24882,1648.3181245602273
18506,19190,23151,7179,24874,1648.3192495568182
18507,19190,23151,7150,24866,1648.320374553409
18508,19190,23151,7121,24824,1648.3215
18509,19190,23151,7091,24820,1648.32262498125
18510,19190,23151,7062,24816,1648.3237499625
18511,19190,23151,7032,24812,1648.32487494375
18512,19190,23151,7003,24808,1648.325999925
18513,19190,23151,6974,24805,1648.32712490625
18514,19190,23151,6944,24801,1648.3282498875
18515,19190,23151,6915,24797,1648.32937486875
18516,19190,23151,6885,24793,1648.33049985
18517,19190,23151,6856,24789,1648.33162483125
18518,19190,23151,6827,24786,1648.3327498125
18519,19190,23151,6797,24782,1648.33387479375
18520,19190,23151,6768,24778,1648.3349997750001
18521,19190,23151,6738,24774,1648.33612475625
18522,19190,23151,6709,24770,1648.3372497375
18523,19190,23151,6680,24767,1648.33837471875
18524,19190,23151,6650,24763,1648.3394997
18525,19190,23151,6621,24759,1648.3406246812501
18526,19190,23151,6591,24755,1648.3417496625
18527,19190,23151,6562,24751,1648.34287464375
18528,19190,23151,6533,24748,1648.343999625
18529,19190,23151,6503,24744,1648.34512460625
18530,19190,23151,6474,24740,1648.3462495875
18531,19190,23151,6444,24736,1648.34737456875
18532,18854,22699,6927,24850,1648.3485
18533,18854,22699,6900,24843,1648.3496249933823
18534,18854,22699,6873,24836,1648.3507499867649
18535,18854,22699,6847,24829,1648.3518749801472
18536,18854,22699,6820,24821,1648.3529999735294
18537,18854,22699,6793,24814,1648.3541249669117
18538,18854,22699,6766,24807,1648.3552499602943
18539,18854,22699,6739,24800,1648.3563749536765
18540,18854,22699,6712,24793,1648.3574999470588
18541,18854,22699,6686,24785,1648.3586249404411
18542,18854,22699,6659,24778,1648.3597499338237
18543,18854,22699,6632,24771,1648.360874927206
18544,18854,22699,6605,24764,1648.3619999205882
18545,18854,22699,6578,24756,1648.3631249139705
18546,18854,22699,6551,24749,1648.364249907353
18547,18854,22699,6525,24742,1648.3653749007353
18548,18854,22699,6498,24735,1648.3664998941176
18549,18854,22699,6471,24727,1648.3676248875
18550,18854,22699,6444,24720,1648.3687498808824
18551,18854,22699,6417,24713,1648.3698748742647
18552,18854,22699,6390,24706,1648.370999867647
18553,18854,22699,6364,24698,1648.3721248610295
18554,18854,22699,6337,24691,1648.3732498544118
18555,18854,22699,6310,24684,1648.3743748477941
18556,18854,22699,6283,24677,1648.3754998411764
18557,18854,22699,6256,24670,1648.376624834559
18558,18854,22699,6229,24662,1648.3777498279412
18559,18854,22699,6203,24655,1648.3788748213235
18560,18854,22699,6176,24648,1648.3799998147058
18561,18854,22699,6149,24641,1648.3811248080883
18562,18854,22699,6122,24633,1648.3822498014706
18563,18854,22699,6095,24626,1648.383374794853
18564,18854,22699,6068,24619,1648.3844997882352
18565,18854,22699,6042,24612,1648.3856247816177
18566,18854,22699,6015,24604,1648.386749775
18567,18854,22699,5988,24597,1648.3878747683823
18568,18854,22699,5961,24590,1648.3889997617648
18569,18854,22699,5934,24583,1648.390124755147
18570,18854,22699,5907,24575,1648.3912497485294
18571,18854,22699,5881,24568,1648.3923747419117
18572,18854,22699,5854,24561,1648.3934997352942
18573,18854,22699,5827,24554,1648.3946247286765
18574,18854,22699,5800,24547,1648.3957497220588
18575,18854,22699,5773,24539,1648.396874715441
18576,18854,22699,5746,24532,1648.3979997088236
18577,18854,22699,5720,24525,1648.3991247022059
18578,18854,22699,5693,24518,1648.4002496955882
18579,18854,22699,5666,24510,1648.4013746889705
18580,18854,22699,5639,24503,1648.402499682353
18581,18854,22699,5612,24496,1648.4036246757353
18582,18854,22699,5586,24489,1648.4047496691176
18583,18854,22699,5559,24481,1648.4058746625
18584,18518,22247,6000,24474,1648.4069996558824
18585,18518,22247,5976,24467,1648.4081246492647
18586,18518,22247,5952,24460,1648.409249642647
18587,18518,22247,5927,24453,1648.4103746360295
18588,18518,22247,5903,24445,1648.4114996294118
18589,18518,22247,5879,24438,1648.412624622794
18590,18518,22247,5855,24431,1648.4137496161763
18591,18518,22247,5831,24424,1648.4148746095589
18592,18518,22247,5807,24416,1648.4159996029412
18593,18518,22247,5783,24409,1648.4171245963234
18594,18518,22247,5758,24402,1648.4182495897057
18595,18518,22247,5734,24395,1648.4193745830883
18596,18518,22247,5710,24387,1648.4204995764705
18597,18518,22247,5686,24380,1648.4216245698528
18598,18518,22247,5662,24373,1648.4227495632351
18599,18518,22247,5638,24366,1648.4238745566176
18600,18518,22247,5613,24283,1648.425
18601,18518,22247,5589,24271,1648.426124971875
18602,18518,22247,5565,24260,1648.42724994375
18603,18518,22247,5541,24248,1648.428374915625
18604,18518,22247,5517,24237,1648.4294998875
18605,18518,22247,5493,24225,1648.430624859375
18606,18518,22247,5469,24214,1648.43174983125
18607,18518,22247,5444,24203,1648.432874803125
18608,18518,22247,5420,24191,1648.4339997749998
18609,18518,22247,5396,24180,1648.4351247468749
18610,18518,22247,5372,24168,1648.4362497187499
18611,18518,22247,5348,24157,1648.437374690625
18612,18518,22247,5324,24145,1648.4384996625
18613,18518,22247,5300,24134,1648.439624634375
18614,18518,22247,5275,24122,1648.44074960625
18615,18518,22247,5251,24111,1648.441874578125
18616,18518,22247,5227,24014,1648.443
18617,18518,22247,5203,24009,1648.4441249946428
18618,18518,22247,5179,24004,1648.4452499892857
18619,18518,22247,5155,23999,1648.4463749839285
18620,18518,22247,5131,23994,1648.4474999785714
18621,18518,22247,5106,23988,1648.4486249732142
18622,18518,22247,5082,23983,1648.449749967857
18623,18518,22247,5058,23978,1648.4508749625
18624,18518,22247,5034,23973,1648.4519999571428
18625,18518,22247,5010,23968,1648.4531249517856
18626,18518,22247,4986,23963,1648.4542499464285
18627,18518,22247,4961,23957,1648.4553749410713
18628,18518,22247,4937,23952,1648.4564999357142
18629,18518,22247,4913,23947,1648.457624930357
18630,18518,22247,4889,23942,1648.458749925
18631,18518,22247,4865,23937,1648.4598749196427
18632,18518,22247,4841,23931,1648.4609999142856
18633,18518,22247,4817,23926,1648.4621249089284
18634,18518,22247,4792,23921,1648.4632499035713
18635,18518,22247,4768,23916,1648.4643748982141
18636,18178,21788,5195,23911,1648.465499892857
18637,18178,21788,5172,23906,1648.4666248875
18638,18178,21788,5149,23900,1648.467749882143
18639,18178,21788,5127,23895,1648.4688748767858
18640,18178,21788,5104,23890,1648.4699998714286
18641,18178,21788,5081,23885,1648.4711248660715
18642,18178,21788,5059,23880,1648.4722498607143
18643,18178,21788,5036,23874,1648.4733748553572
18644,18178,21788,5013,23869,1648.47449985
18645,18178,21788,4991,23864,1648.4756248446429
18646,18178,21788,4968,23859,1648.4767498392857
18647,18178,21788,4945,23854,1648.4778748339286
18648,18178,21788,4923,23849,1648.4789998285714
18649,18178,21788,4900,23843,1648.4801248232143
18650,18178,21788,4878,23838,1648.4812498178571
18651,18178,21788,4855,23833,1648.4823748125
18652,18178,21788,4832,23828,1648.4834998071428
18653,18178,21788,4810,23823,1648.4846248017857
18654,18178,21788,4787,23817,1648.4857497964285
18655,18178,21788,4764,23812,1648.4868747910714
18656,18178,21788,4742,23807,1648.4879997857142
18657,18178,21788,4719,23802,1648.489124780357
18658,18178,21788,4696,23797,1648.490249775
18659,18178,21788,4674,23792,1648.4913747696428
18660,18178,21788,4651,23786,1648.4924997642856
18661,18178,21788,4628,23781,1648.4936247589285
18662,18178,21788,4606,23776,1648.4947497535713
18663,18178,21788,4583,23771,1648.4958747482142
18664,18178,21788,4560,23766,1648.496999742857
18665,18178,21788,4538,23760,1648.4981247375
18666,18178,21788,4515,23755,1648.4992497321427
18667,18178,21788,4493,23750,1648.5003747267856
18668,18178,21788,4470,23745,1648.5014997214284
18669,18178,21788,4447,23740,1648.5026247160713
18670,18178,21788,4425,23735,1648.5037497107141
18671,18178,21788,4402,23729,1648.504874705357
18672,18178,21788,4379,23724,1648.5059996999998
18673,18178,21788,4357,23719,1648.5071246946427
18674,18178,21788,4334,23714,1648.5082496892855
18675,18178,21788,4311,23709,1648.5093746839284
18676,18178,21788,4289,23703,1648.5104996785713
18677,18178,21788,4266,23698,1648.511624673214
18678,18178,21788,4243,23693,1648.512749667857
18679,18178,21788,4221,23688,1648.5138746624998
18680,17871,21378,4565,23683,1648.5149996571429
18681,17871,21378,4545,23678,1648.5161246517857
18682,17871,21378,4524,23672,1648.5172496464286
18683,17871,21378,4504,23667,1648.5183746410714
18684,17871,21378,4483,23662,1648.5194996357143
18685,17871,21378,4463,23657,1648.5206246303571
18686,17871,21378,4442,23652,1648.521749625
18687,17871,21378,4421,23646,1648.5228746196428
18688,17871,21378,4401,23641,1648.5239996142857
18689,17871,21378,4380,23636,1648.5251246089285
18690,17871,21378,4360,23631,1648.5262496035714
18691,17871,21378,4339,23626,1648.5273745982142
18692,17871,21378,4319,23621,1648.528499592857
18693,17871,21378,4298,23615,1648.5296245875
18694,17871,21378,4277,23610,1648.5307495821428
18695,17871,21378,4257,23605,1648.5318745767856
18696,17871,21378,4236,23600,1648.5329995714285
18697,17871,21378,4216,23595,1648.5341245660713
18698,17871,21378,4195,23589,1648.5352495607142
18699,17871,21378,4175,23584,1648.536374555357
18700,17871,21378,4154,23473,1648.5375
18701,17871,21378,4133,23469,1648.5386249964843
18702,17871,21378,4113,23465,1648.5397499929686
18703,17871,21378,4092,23461,1648.540874989453
18704,17871,21378,4072,23458,1648.5419999859373
18705,17871,21378,4051,23454,1648.543124982422
18706,17871,21378,4031,23450,1648.5442499789062
18707,17871,21378,4010,23446,1648.5453749753906
18708,17871,21378,3989,23443,1648.546499971875
18709,17871,21378,3969,23439,1648.5476249683593
18710,17871,21378,3948,23435,1648.5487499648436
18711,17871,21378,3928,23431,1648.549874961328
18712,17871,21378,3907,23427,1648.5509999578123
18713,17871,21378,3887,23424,1648.5521249542967
18714,17871,21378,3866,23420,1648.5532499507813
18715,17871,21378,3845,23416,1648.5543749472656
18716,17871,21378,3825,23412,1648.55549994375
18717,17871,21378,3804,23409,1648.5566249402343
18718,17871,21378,3784,23405,1648.5577499367187
18719,17871,21378,3763,23401,1648.558874933203
18720,17871,21378,3743,23397,1648.5599999296874
18721,17871,21378,3722,23394,1648.5611249261717
18722,17871,21378,3701,23390,1648.562249922656
18723,17871,21378,3681,23386,1648.5633749191406
18724,17564,20968,4003,23382,1648.564499915625
18725,17564,20968,3984,23378,1648.5656249121093
18726,17564,20968,3965,23375,1648.5667499085937
18727,17564,20968,3947,23371,1648.567874905078
18728,17564,20968,3928,23367,1648.5689999015624
18729,17564,20968,3909,23363,1648.5701248980467
18730,17564,20968,3890,23360,1648.571249894531
18731,17564,20968,3872,23356,1648.5723748910154
18732,17564,20968,3853,23352,1648.5734998875
18733,17564,20968,3834,23348,1648.5746248839844
18734,17564,20968,3816,23345,1648.5757498804687
18735,17564,20968,3797,23341,1648.576874876953
18736,17564,20968,3778,23337,1648.5779998734374
18737,17564,20968,3760,23333,1648.5791248699218
18738,17564,20968,3741,23330,1648.5802498664061
18739,17564,20968,3722,23326,1648.5813748628905
18740,17564,20968,3703,23322,1648.5824998593748
18741,17564,20968,3685,23318,1648.5836248558592
18742,17564,20968,3666,23314,1648.5847498523437
18743,17564,20968,3647,23311,1648.585874848828
18744,17564,20968,3629,23307,1648.5869998453124
18745,17564,20968,3610,23303,1648.5881248417968
18746,17564,20968,3591,23299,1648.5892498382811
18747,17564,20968,3573,23296,1648.5903748347655
18748,17564,20968,3554,23292,1648.5914998312498
18749,17564,20968,3535,23288,1648.5926248277342
18750,17564,20968,3516,23284,1648.5937498242185
18751,17564,20968,3498,23281,1648.5948748207031
18752,17564,20968,3479,23277,1648.5959998171875
18753,17564,20968,3460,23273,1648.5971248136718
18754,17564,20968,3442,23269,1648.5982498101562
18755,17564,20968,3423,23265,1648.5993748066405
18756,17564,20968,3404,23262,1648.6004998031249
18757,17564,20968,3386,23258,1648.6016247996092
18758,17564,20968,3367,23254,1648.6027497960936
18759,17564,20968,3348,23250,1648.603874792578
18760,17564,20968,3329,23247,1648.6049997890625
18761,17564,20968,3311,23243,1648.6061247855469
18762,17564,20968,3292,23239,1648.6072497820312
18763,17564,20968,3273,23235,1648.6083747785156
18764,17564,20968,3255,23232,1648.609499775
18765,17564,20968,3236,23228,1648.6106247714843
18766,17564,20968,3217,23224,1648.6117497679686
18767,17564,20968,3199,23220,1648.612874764453
18768,17564,20968,3180,23216,1648.6139997609373
18769,17564,20968,3161,23213,1648.6151247574219
18770,17564,20968,3143,23209,1648.6162497539062
18771,17564,20968,3124,23205,1648.6173747503906
18772,17564,20968,3105,23201,1648.618499746875
18773,17564,20968,3086,23198,1648.6196247433593
18774,17564,20968,3068,23194,1648.6207497398436
18775,17564,20968,3049,23190,1648.621874736328
18776,17257,20558,3339,23186,1648.6229997328123
18777,17257,20558,3322,23183,1648.6241247292967
18778,17257,20558,3305,23179,1648.6252497257813
18779,17257,20558,3287,23175,1648.6263747222656
18780,17257,20558,3270,23171,1648.62749971875
18781,17257,20558,3253,23168,1648.6286247152343
18782,17257,20558,3236,23164,1648.6297497117187
18783,17257,20558,3218,23160,1648.630874708203
18784,17257,20558,3201,23156,1648.6319997046874
18785,17257,20558,3184,23152,1648.6331247011717
18786,17257,20558,3167,23149,1648.634249697656
18787,17257,20558,3149,23145,1648.6353746941406
18788,17257,20558,3132,23141,1648.636499690625
18789,17257,20558,3115,23137,1648.6376246871093
18790,17257,20558,3098,23134,1648.6387496835937
18791,17257,20558,3080,23130,1648.639874680078
18792,17257,20558,3063,23126,1648.6409996765624
18793,17257,20558,3046,23122,1648.6421246730467
18794,17257,20558,3029,23119,1648.643249669531
18795,17257,20558,3011,23115,1648.6443746660154
18796,17257,20558,2994,23111,1648.6454996624998
18797,17257,20558,2977,23107,1648.6466246589844
18798,17257,20558,2960,23103,1648.6477496554687
18799,17257,20558,2942,23100,1648.648874651953
18800,17257,20558,2925,23096,1648.6499996484374
18801,17257,20558,2908,23092,1648.6511246449218
18802,17257,20558,2891,23088,1648.6522496414061
18803,17257,20558,2873,23085,1648.6533746378905
18804,17257,20558,2856,23081,1648.6544996343748
18805,17257,20558,2839,23077,1648.6556246308592
18806,17257,20558,2822,23073,1648.6567496273437
18807,17257,20558,2804,23070,1648.657874623828
18808,17257,20558,2787,23066,1648.6589996203124
18809,17257,20558,2770,23062,1648.6601246167968
18810,17257,20558,2753,23058,1648.6612496132811
18811,17257,20558,2735,23054,1648.6623746097655
18812,17257,20558,2718,23051,1648.6634996062498
18813,17257,20558,2701,23047,1648.6646246027342
18814,17257,20558,2684,23043,1648.6657495992185
18815,17257,20558,2666,23039,1648.6668745957031
18816,17257,20558,2649,23036,1648.6679995921875
18817,17257,20558,2632,23032,1648.6691245886718
18818,17257,20558,2614,23028,1648.6702495851562
18819,17257,20558,2597,23024,1648.6713745816405
18820,17257,20558,2580,23021,1648.6724995781249
18821,17257,20558,2563,23017,1648.6736245746092
18822,17257,20558,2545,23013,1648.6747495710936
18823,17257,20558,2528,23009,1648.675874567578
18824,17257,20558,2511,23006,1648.6769995640625
18825,17257,20558,2511,23002,1648.6781245605468
18826,17257,20558,2511,22998,1648.6792495570312
18827,17257,20558,2511,22994,1648.6803745535155
18828,16950,20148,10664,24681,1648.6815
18829,16950,20148,10664,24672,1648.6826249897726
18830,16950,20148,10664,24662,1648.6837499795454
18831,16950,20148,10664,24653,1648.6848749693181
18832,16950,20148,10482,24644,1648.6859999590909
18833,16950,20148,10482,24635,1648.6871249488636
18834,16950,20148,10482,24626,1648.6882499386363
18835,16950,20148,10482,24617,1648.689374928409
18836,16950,20148,10306,24608,1648.6904999181818
18837,16950,20148,10306,24599,1648.6916249079545
18838,16950,20148,10306,24589,1648.6927498977273
18839,16950,20148,10306,24580,1648.6938748875
18840,16950,20148,10128,24571,1648.6949998772727
18841,16950,20148,10096,24562,1648.6961248670455
18842,16950,20148,10064,24553,1648.6972498568182
18843,16950,20148,10032,24544,1648.698374846591
18844,16950,20148,10000,24535,1648.6994998363637
18845,16950,20148,9968,24526,1648.7006248261364
18846,16950,20148,9936,24516,1648.7017498159091
18847,16950,20148,9904,24507,1648.7028748056819
18848,16950,20148,9842,24498,1648.7039997954546
18849,16950,20148,9842,24489,1648.7051247852273
18850,16950,20148,9842,24480,1648.7062497749998
18851,16950,20148,9842,24471,1648.7073747647726
18852,16950,20148,9682,24462,1648.7084997545453
18853,16950,20148,9682,24453,1648.709624744318
18854,16950,20148,9682,24443,1648.7107497340908
18855,16950,20148,9682,24434,1648.7118747238635
18856,16643,19738,10212,24425,1648.7129997136362
18857,16643,19738,10180,24416,1648.714124703409
18858,16643,19738,10148,24407,1648.7152496931817
18859,16643,19738,10117,24398,1648.7163746829544
18860,16643,19738,10085,24389,1648.7174996727272
18861,16643,19738,10054,24380,1648.7186246625
18862,16643,19738,10022,24370,1648.7197496522726
18863,16643,19738,9990,24361,1648.7208746420454
18864,16643,19738,9959,24352,1648.721999631818
18865,16643,19738,9927,24343,1648.7231246215908
18866,16643,19738,9896,24334,1648.7242496113636
18867,16643,19738,9864,24325,1648.7253746011363
18868,16643,19738,9832,24316,1648.726499590909
18869,16643,19738,9801,24307,1648.7276245806818
18870,16643,19738,9769,24297,1648.7287495704545
18871,16643,19738,9738,24288,1648.7298745602272
18872,16643,19738,9672,24246,1648.731
18873,16643,19738,9672,24246,1648.7321248875
18874,16643,19738,9672,24246,1648.7332497749999
18875,16643,19738,9672,24246,1648.7343746625
18876,16643,19738,9512,24184,1648.7355
18877,16643,19738,9479,24171,1648.73662494375
18878,16643,19738,9445,24159,1648.7377498875
18879,16643,19738,9412,24146,1648.73887483125
18880,16643,19738,9378,24133,1648.739999775
18881,16643,19738,9345,24120,1648.74112471875
18882,16643,19738,9311,24108,1648.7422496625
18883,16643,19738,9278,24095,1648.74337460625
18884,16643,19738,9204,24058,1648.7445
18885,16643,19738,9170,24050,1648.745624994079
18886,16643,19738,9136,24043,1648.746749988158
18887,16643,19738,9102,24035,1648.747874982237
18888,16643,19738,9068,24027,1648.7489999763159
18889,16643,19738,9034,24020,1648.7501249703948
18890,16643,19738,9000,24012,1648.7512499644738
18891,16643,19738,8966,24004,1648.7523749585525
18892,16643,19738,8932,23996,1648.7534999526315
18893,16643,19738,8898,23989,1648.7546249467105
18894,16643,19738,8865,23981,1648.7557499407894
18895,16643,19738,8831,23973,1648.7568749348684
18896,16643,19738,8797,23966,1648.7579999289474
18897,16643,19738,8763,23958,1648.7591249230263
18898,16643,19738,8729,23950,1648.7602499171053
18899,16643,19738,8695,23942,1648.7613749111842
18900,16643,19738,8661,23935,1648.7624999052632
18901,16643,19738,8627,23927,1648.7636248993422
18902,16643,19738,8593,23919,1648.7647498934211
18903,16643,19738,8559,23912,1648.7658748875
18904,16643,19738,8504,23904,1648.7669998815788
18905,16643,19738,8504,23896,1648.7681248756578
18906,16643,19738,8504,23889,1648.7692498697368
18907,16643,19738,8504,23881,1648.7703748638157
18908,16336,19328,9010,23873,1648.7714998578947
18909,16336,19328,8977,23865,1648.7726248519737
18910,16336,19328,8943,23858,1648.7737498460526
18911,16336,19328,8909,23850,1648.7748748401316
18912,16336,19328,8876,23842,1648.7759998342106
18913,16336,19328,8842,23835,1648.7771248282895
18914,16336,19328,8809,23827,1648.7782498223685
18915,16336,19328,8775,23819,1648.7793748164474
18916,16336,19328,8742,23811,1648.7804998105262
18917,16336,19328,8708,23804,1648.7816248046051
18918,16336,19328,8674,23796,1648.782749798684
18919,16336,19328,8641,23788,1648.783874792763
18920,16336,19328,8607,23781,1648.784999786842
18921,16336,19328,8574,23773,1648.786124780921
18922,16336,19328,8540,23765,1648.787249775
18923,16336,19328,8506,23757,1648.788374769079
18924,16336,19328,8473,23750,1648.789499763158
18925,16336,19328,8439,23742,1648.7906247572369
18926,16336,19328,8406,23734,1648.7917497513158
18927,16336,19328,8372,23727,1648.7928747453948
18928,16336,19328,8339,23719,1648.7939997394737
18929,16336,19328,8305,23711,1648.7951247335525
18930,16336,19328,8271,23703,1648.7962497276314
18931,16336,19328,8238,23696,1648.7973747217104
18932,16336,19328,8204,23688,1648.7984997157894
18933,16336,19328,8171,23680,1648.7996247098683
18934,16336,19328,8137,23673,1648.8007497039473
18935,16336,19328,8103,23665,1648.8018746980263
18936,16336,19328,8070,23657,1648.8029996921052
18937,16336,19328,8036,23649,1648.8041246861842
18938,16336,19328,8003,23642,1648.8052496802632
18939,16336,19328,7969,23634,1648.8063746743421
18940,16336,19328,7935,23626,1648.807499668421
18941,16336,19328,7902,23619,1648.8086246624998
18942,16336,19328,7868,23611,1648.8097496565788
18943,16336,19328,7835,23603,1648.8108746506578
18944,16336,19328,7801,23595,1648.8119996447367
18945,16336,19328,7768,23588,1648.8131246388157
18946,16336,19328,7734,23580,1648.8142496328946
18947,16336,19328,7700,23572,1648.8153746269736
18948,16336,19328,7667,23565,1648.8164996210526
18949,16336,19328,7633,23557,1648.8176246151315
18950,16336,19328,7600,23549,1648.8187496092105
18951,16336,19328,7566,23541,1648.8198746032895
18952,16336,19328,7532,23534,1648.8209995973684
18953,16336,19328,7499,23526,1648.8221245914474
18954,16336,19328,7465,23518,1648.8232495855261
18955,16336,19328,7432,23511,1648.824374579605
18956,16336,19328,7398,23503,1648.825499573684
18957,16336,19328,7365,23495,1648.826624567763
18958,16336,19328,7331,23487,1648.827749561842
18959,16336,19328,7297,23480,1648.828874555921
18960,16029,18918,7913,23487,1648.83
18961,16029,18918,7883,23480,1648.831124995673
18962,16029,18918,7854,23473,1648.832249991346
18963,16029,18918,7824,23465,1648.8333749870192
18964,16029,18918,7794,23458,1648.8344999826923
18965,16029,18918,7764,23450,1648.8356249783653
18966,16029,18918,7735,23443,1648.8367499740384
18967,16029,18918,7705,23436,1648.8378749697115
18968,16029,18918,7675,23428,1648.8389999653846
18969,16029,18918,7646,23421,1648.8401249610577
18970,16029,18918,7616,23414,1648.8412499567307
18971,16029,18918,7586,23406,1648.8423749524038
18972,16029,18918,7557,23399,1648.843499948077
18973,16029,18918,7527,23391,1648.84462494375
18974,16029,18918,7497,23384,1648.845749939423
18975,16029,18918,7467,23377,1648.8468749350961
18976,16029,18918,7438,23369,1648.8479999307692
18977,16029,18918,7408,23362,1648.8491249264423
18978,16029,18918,7378,23354,1648.8502499221154
18979,16029,18918,7349,23347,1648.8513749177885
18980,16029,18918,7319,23340,1648.8524999134615
18981,16029,18918,7289,23332,1648.8536249091346
18982,16029,18918,7259,23325,1648.8547499048077
18983,16029,18918,7230,23318,1648.8558749004808
18984,16029,18918,7200,23310,1648.8569998961539
18985,16029,18918,7170,23303,1648.858124891827
18986,16029,18918,7141,23295,1648.8592498875
18987,16029,18918,7111,23288,1648.860374883173
18988,16029,18918,7081,23281,1648.8614998788462
18989,16029,18918,7051,23273,1648.8626248745193
18990,16029,18918,7022,23266,1648.8637498701924
18991,16029,18918,6992,23258,1648.8648748658654
18992,16029,18918,6962,23251,1648.8659998615385
18993,16029,18918,6933,23244,1648.8671248572116
18994,16029,18918,6903,23236,1648.8682498528847
18995,16029,18918,6873,23229,1648.8693748485578
18996,16029,18918,6844,23222,1648.8704998442308
18997,16029,18918,6814,23214,1648.871624839904
18998,16029,18918,6784,23207,1648.872749835577
18999,16029,18918,6754,23199,1648.87387483125
19000,16029,18918,6725,23192,1648.8749998269232
19001,16029,18918,6695,23185,1648.8761248225962
19002,16029,18918,6665,23177,1648.8772498182693
19003,16029,18918,6636,23170,1648.8783748139424
19004,16029,18918,6606,23162,1648.8794998096155
19005,16029,18918,6576,23155,1648.8806248052886
19006,16029,18918,6546,23148,1648.8817498009616
19007,16029,18918,6517,23140,1648.8828747966347
19008,16029,18918,6487,23133,1648.8839997923078
19009,16029,18918,6457,23126,1648.8851247879809
19010,16029,18918,6428,23118,1648.886249783654
19011,16029,18918,6398,23111,1648.887374779327
19012,15722,18508,6914,23103,1648.8884997750001
19013,15722,18508,6887,23096,1648.889624770673
19014,15722,18508,6859,23089,1648.890749766346
19015,15722,18508,6832,23081,1648.8918747620191
19016,15722,18508,6805,23074,1648.8929997576922
19017,15722,18508,6777,23066,1648.8941247533653
19018,15722,18508,6750,23059,1648.8952497490384
19019,15722,18508,6723,23052,1648.8963747447115
19020,15722,18508,6695,23044,1648.8974997403845
19021,15722,18508,6668,23037,1648.8986247360576
19022,15722,18508,6641,23029,1648.8997497317307
19023,15722,18508,6614,23022,1648.9008747274038
19024,15722,18508,6586,23015,1648.9019997230769
19025,15722,18508,6559,23007,1648.90312471875
19026,15722,18508,6532,23000,1648.904249714423
19027,15722,18508,6504,22993,1648.905374710096
19028,15722,18508,6477,22985,1648.9064997057692
19029,15722,18508,6450,22978,1648.9076247014423
19030,15722,18508,6422,22970,1648.9087496971154
19031,15722,18508,6395,22963,1648.9098746927884
19032,15722,18508,6368,22956,1648.9109996884615
19033,15722,18508,6340,22948,1648.9121246841346
19034,15722,18508,6313,22941,1648.9132496798077
19035,15722,18508,6286,22933,1648.9143746754808
19036,15722,18508,6258,22926,1648.9154996711538
19037,15722,18508,6231,22919,1648.916624666827
19038,15722,18508,6204,22911,1648.9177496625
19039,15722,18508,6177,22904,1648.918874658173
19040,15722,18508,6149,22897,1648.9199996538462
19041,15722,18508,6122,22889,1648.9211246495192
19042,15722,18508,6095,22882,1648.9222496451923
19043,15722,18508,6067,22874,1648.9233746408654
19044,15722,18508,6040,22867,1648.9244996365385
19045,15722,18508,6013,22860,1648.9256246322116
19046,15722,18508,5985,22852,1648.9267496278846
19047,15722,18508,5958,22845,1648.9278746235577
19048,15722,18508,5931,22837,1648.9289996192308
19049,15722,18508,5903,22830,1648.930124614904
19050,15722,18508,5876,22823,1648.931249610577
19051,15722,18508,5849,22815,1648.93237460625
19052,15722,18508,5821,22808,1648.9334996019231
19053,15722,18508,5794,22801,1648.9346245975962
19054,15722,18508,5767,22793,1648.9357495932693
19055,15722,18508,5740,22786,1648.9368745889424
19056,15722,18508,5712,22778,1648.9379995846155
19057,15722,18508,5685,22771,1648.9391245802885
19058,15722,18508,5658,22764,1648.9402495759616
19059,15722,18508,5630,22756,1648.9413745716347
19060,15722,18508,5603,22749,1648.9424995673078
19061,15722,18508,5576,22741,1648.9436245629809
19062,15722,18508,5548,22734,1648.944749558654
19063,15722,18508,5521,22727,1648.945874554327
19064,15415,18098,6011,22943,1648.947
19065,15415,18098,5986,22937,1648.9481249839284
19066,15415,18098,5961,22932,1648.949249967857
19067,15415,18098,5936,22927,1648.9503749517855
19068,15415,18098,5912,22921,1648.951499935714
19069,15415,18098,5887,22916,1648.9526249196429
19070,15415,18098,5862,22910,1648.9537499035714
19071,15415,18098,5837,22905,1648.9548748875
19072,15415,18098,5812,22899,1648.9559998714285
19073,15415,18098,5788,22894,1648.957124855357
19074,15415,18098,5763,22888,1648.9582498392856
19075,15415,18098,5738,22883,1648.9593748232141
19076,15415,18098,5713,22878,1648.9604998071427
19077,15415,18098,5688,22872,1648.9616247910712
19078,15415,18098,5663,22867,1648.9627497749998
19079,15415,18098,5639,22861,1648.9638747589286
19080,15415,18098,5614,22856,1648.9649997428571
19081,15415,18098,5589,22850,1648.9661247267857
19082,15415,18098,5564,22845,1648.9672497107142
19083,15415,18098,5539,22839,1648.9683746946428
19084,15415,18098,5515,22834,1648.9694996785713
19085,15415,18098,5490,22829,1648.9706246624999
19086,15415,18098,5465,22823,1648.9717496464284
19087,15415,18098,5440,22818,1648.972874630357
19088,15415,18098,5415,22812,1648.9739996142857
19089,15415,18098,5391,22807,1648.9751245982143
19090,15415,18098,5366,22801,1648.9762495821428
19091,15415,18098,5341,22796,1648.9773745660714
19092,15415,18098,5316,22745,1648.9785
19093,15415,18098,5291,22735,1648.97962498125
19094,15415,18098,5267,22725,1648.9807499624999
19095,15415,18098,5242,22715,1648.98187494375
19096,15415,18098,5217,22706,1648.982999925
19097,15415,18098,5192,22696,1648.98412490625
19098,15415,18098,5167,22686,1648.9852498875
19099,15415,18098,5143,22676,1648.9863748687499
19100,15415,18098,5118,22667,1648.98749985
19101,15415,18098,5093,22657,1648.98862483125
19102,15415,18098,5068,22647,1648.9897498125
19103,15415,18098,5043,22637,1648.99087479375
19104,15415,18098,5018,22627,1648.9919997749998
19105,15415,18098,4994,22618,1648.99312475625
19106,15415,18098,4969,22608,1648.9942497375
19107,15415,18098,4944,22598,1648.9953747187499
19108,15415,18098,4919,22588,1648.9964997
19109,15415,18098,4894,22579,1648.99762468125
19110,15415,18098,4870,22569,1648.9987496625
19111,15415,18098,4845,22559,1648.99987464375
19112,15415,18098,4820,22549,1649.000999625
19113,15415,18098,4795,22540,1649.00212460625
19114,15415,18098,4770,22530,1649.0032495875
19115,15415,18098,4746,22520,1649.0043745687499
19116,15099,17687,5200,22621,1649.0055
19117,15099,17687,5178,22621,1649.0066248875
19118,15099,17687,5156,22621,1649.0077497749999
19119,15099,17687,5133,22621,1649.0088746625
19120,15099,17687,5111,22532,1649.01
19121,15099,17687,5089,22522,1649.0111249913462
19122,15099,17687,5067,22512,1649.0122499826923
19123,15099,17687,5044,22502,1649.0133749740385
19124,15099,17687,5022,22492,1649.0144999653846
19125,15099,17687,5000,22482,1649.0156249567308
19126,15099,17687,4978,22472,1649.016749948077
19127,15099,17687,4955,22461,1649.017874939423
19128,15099,17687,4933,22451,1649.0189999307693
19129,15099,17687,4911,22441,1649.0201249221154
19130,15099,17687,4889,22431,1649.0212499134616
19131,15099,17687,4866,22421,1649.0223749048077
19132,15099,17687,4844,22411,1649.023499896154
19133,15099,17687,4822,22401,1649.0246248875
19134,15099,17687,4800,22391,1649.0257498788462
19135,15099,17687,4777,22381,1649.0268748701924
19136,15099,17687,4755,22371,1649.0279998615385
19137,15099,17687,4733,22361,1649.0291248528847
19138,15099,17687,4711,22350,1649.0302498442309
19139,15099,17687,4688,22340,1649.031374835577
19140,15099,17687,4666,22330,1649.0324998269232
19141,15099,17687,4644,22320,1649.0336248182693
19142,15099,17687,4622,22310,1649.0347498096155
19143,15099,17687,4599,22300,1649.0358748009617
19144,15099,17687,4577,22290,1649.0369997923078
19145,15099,17687,4555,22280,1649.038124783654
19146,15099,17687,4533,22270,1649.039249775
19147,15099,17687,4510,22260,1649.040374766346
19148,15099,17687,4488,22250,1649.0414997576922
19149,15099,17687,4466,22239,1649.0426247490384
19150,15099,17687,4444,22229,1649.0437497403846
19151,15099,17687,4421,22219,1649.0448747317307
19152,15099,17687,4399,22209,1649.0459997230769
19153,15099,17687,4377,22199,1649.047124714423
19154,15099,17687,4355,22189,1649.0482497057692
19155,15099,17687,4332,22179,1649.0493746971154
19156,15099,17687,4310,22169,1649.0504996884615
19157,15099,17687,4288,22159,1649.0516246798077
19158,15099,17687,4266,22149,1649.0527496711538
19159,15099,17687,4243,22139,1649.0538746625
19160,15099,17687,4221,22128,1649.0549996538462
19161,15099,17687,4199,22118,1649.0561246451923
19162,15099,17687,4177,22108,1649.0572496365385
19163,15099,17687,4154,22098,1649.0583746278846
19164,15099,17687,4132,22088,1649.0594996192308
19165,15099,17687,4110,22078,1649.060624610577
19166,15099,17687,4088,22068,1649.061749601923
19167,15099,17687,4065,22058,1649.0628745932693
19168,15099,17687,4043,22048,1649.0639995846154
19169,15099,17687,4021,22038,1649.0651245759616
19170,15099,17687,3999,22028,1649.0662495673078
19171,15099,17687,3976,22018,1649.067374558654
19172,14820,17355,4316,22132,1649.0685
19173,14820,17355,4297,22127,1649.0696249966913
19174,14820,17355,4277,22121,1649.0707499933824
19175,14820,17355,4257,22116,1649.0718749900736
19176,14820,17355,4237,22110,1649.072999986765
19177,14820,17355,4218,22105,1649.074124983456
19178,14820,17355,4198,22100,1649.0752499801472
19179,14820,17355,4178,22094,1649.0763749768382
19180,14820,17355,4159,22089,1649.0774999735295
19181,14820,17355,4139,22083,1649.0786249702207
19182,14820,17355,4119,22078,1649.0797499669118
19183,14820,17355,4100,22072,1649.080874963603
19184,14820,17355,4080,22067,1649.0819999602943
19185,14820,17355,4060,22061,1649.0831249569853
19186,14820,17355,4041,22056,1649.0842499536766
19187,14820,17355,4021,22050,1649.0853749503676
19188,14820,17355,4001,22045,1649.0864999470589
19189,14820,17355,3981,22039,1649.0876249437501
19190,14820,17355,3962,22034,1649.0887499404412
19191,14820,17355,3942,22028,1649.0898749371324
19192,14820,17355,3922,22023,1649.0909999338237
19193,14820,17355,3903,22017,1649.0921249305147
19194,14820,17355,3883,22012,1649.093249927206
19195,14820,17355,3863,22006,1649.0943749238972
19196,14820,17355,3844,22001,1649.0954999205883
19197,14820,17355,3824,21995,1649.0966249172795
19198,14820,17355,3804,21990,1649.0977499139706
19199,14820,17355,3785,21985,1649.0988749106618
19200,14820,17355,3765,21979,1649.099999907353
19201,14820,17355,3745,21974,1649.1011249040441
19202,14820,17355,3725,21968,1649.1022499007354
19203,14820,17355,3706,21963,1649.1033748974266
19204,14820,17355,3686,21957,1649.1044998941177
19205,14820,17355,3666,21952,1649.105624890809
19206,14820,17355,3647,21946,1649.1067498875
19207,14820,17355,3627,21941,1649.1078748841912
19208,14820,17355,3607,21935,1649.1089998808825
19209,14820,17355,3588,21930,1649.1101248775735
19210,14820,17355,3568,21924,1649.1112498742648
19211,14820,17355,3548,21919,1649.112374870956
19212,14820,17355,3528,21913,1649.113499867647
19213,14820,17355,3509,21908,1649.1146248643383
19214,14820,17355,3489,21902,1649.1157498610296
19215,14820,17355,3469,21897,1649.1168748577206
19216,14541,17023,3790,21891,1649.117999854412
19217,14541,17023,3771,21886,1649.119124851103
19218,14541,17023,3753,21881,1649.1202498477942
19219,14541,17023,3734,21875,1649.1213748444854
19220,14541,17023,3715,21870,1649.1224998411765
19221,14541,17023,3697,21864,1649.1236248378677
19222,14541,17023,3678,21859,1649.124749834559
19223,14541,17023,3659,21853,1649.12587483125
19224,14541,17023,3641,21848,1649.1269998279413
19225,14541,17023,3622,21842,1649.1281248246326
19226,14541,17023,3603,21837,1649.1292498213236
19227,14541,17023,3585,21831,1649.1303748180148
19228,14541,17023,3566,21826,1649.1314998147059
19229,14541,17023,3547,21820,1649.1326248113971
19230,14541,17023,3529,21815,1649.1337498080884
19231,14541,17023,3510,21809,1649.1348748047794
19232,14541,17023,3491,21804,1649.1359998014707
19233,14541,17023,3473,21798,1649.137124798162
19234,14541,17023,3454,21793,1649.138249794853
19235,14541,17023,3435,21787,1649.1393747915442
19236,14541,17023,3417,21782,1649.1404997882353
19237,14541,17023,3398,21776,1649.1416247849265
19238,14541,17023,3379,21771,1649.1427497816178
19239,14541,17023,3361,21766,1649.1438747783088
19240,14541,17023,3342,21760,1649.144999775
19241,14541,17023,3323,21755,1649.1461247716913
19242,14541,17023,3305,21749,1649.1472497683824
19243,14541,17023,3286,21744,1649.1483747650736
19244,14541,17023,3267,21738,1649.149499761765
19245,14541,17023,3248,21733,1649.150624758456
19246,14541,17023,3230,21727,1649.1517497551472
19247,14541,17023,3211,21722,1649.1528747518382
19248,14541,17023,3192,21716,1649.1539997485295
19249,14541,17023,3174,21711,1649.1551247452207
19250,14541,17023,3155,21705,1649.1562497419118
19251,14541,17023,3136,21700,1649.157374738603
19252,14541,17023,3118,21694,1649.1584997352943
19253,14541,17023,3099,21689,1649.1596247319853
19254,14541,17023,3080,21683,1649.1607497286766
19255,14541,17023,3062,21678,1649.1618747253676
19256,14541,17023,3043,21672,1649.1629997220589
19257,14541,17023,3024,21667,1649.1641247187501
19258,14541,17023,3006,21661,1649.1652497154412
19259,14541,17023,2987,21656,1649.1663747121324
19260,14262,16691,3281,21651,1649.1674997088237
19261,14262,16691,3264,21645,1649.1686247055147
19262,14262,16691,3246,21640,1649.169749702206
19263,14262,16691,3229,21634,1649.1708746988973
19264,14262,16691,3211,21629,1649.1719996955883
19265,14262,16691,3194,21623,1649.1731246922795
19266,14262,16691,3176,21618,1649.1742496889706
19267,14262,16691,3159,21612,1649.1753746856618
19268,14262,16691,3142,21607,1649.176499682353
19269,14262,16691,3124,21601,1649.1776246790441
19270,14262,16691,3107,21596,1649.1787496757354
19271,14262,16691,3089,21590,1649.1798746724266
19272,14262,16691,3072,21585,1649.1809996691177
19273,14262,16691,3054,21579,1649.182124665809
19274,14262,16691,3037,21574,1649.1832496625002
19275,14262,16691,3019,21568,1649.1843746591912
19276,14262,16691,3002,21563,1649.1854996558825
19277,14262,16691,2985,21557,1649.1866246525735
19278,14262,16691,2967,21552,1649.1877496492648
19279,14262,16691,2950,21547,1649.188874645956
19280,14262,16691,2932,21541,1649.189999642647
19281,14262,16691,2915,21536,1649.1911246393383
19282,14262,16691,2897,21530,1649.1922496360296
19283,14262,16691,2880,21525,1649.1933746327206
19284,14262,16691,2862,21519,1649.194499629412
19285,14262,16691,2845,21514,1649.195624626103
19286,14262,16691,2828,21508,1649.1967496227942
19287,14262,16691,2810,21503,1649.1978746194854
19288,14262,16691,2793,21497,1649.1989996161765
19289,14262,16691,2775,21492,1649.2001246128677
19290,14262,16691,2758,21486,1649.201249609559
19291,14262,16691,2740,21481,1649.20237460625
19292,14262,16691,2723,21475,1649.2034996029413
19293,14262,16691,2705,21470,1649.2046245996326
19294,14262,16691,2688,21464,1649.2057495963236
19295,14262,16691,2671,21459,1649.2068745930148
19296,14262,16691,2653,21453,1649.2079995897059
19297,14262,16691,2636,21448,1649.2091245863971
19298,14262,16691,2618,21442,1649.2102495830884
19299,14262,16691,2601,21437,1649.2113745797794
19300,14262,16691,2583,21432,1649.2124995764707
19301,14262,16691,2566,21426,1649.213624573162
19302,14262,16691,2549,21421,1649.214749569853
19303,14262,16691,2531,21415,1649.2158745665442
19304,14262,16691,2514,21410,1649.2169995632353
19305,14262,16691,2496,21404,1649.2181245599265
19306,14262,16691,2496,21399,1649.2192495566178
19307,14262,16691,2496,21393,1649.2203745533088
19308,13983,16359,10808,23099,1649.2215
19309,13983,16359,10808,23095,1649.2226249839287
19310,13983,16359,10808,23090,1649.2237499678572
19311,13983,16359,10808,23086,1649.2248749517858
19312,13983,16359,10616,23081,1649.2259999357143
19313,13983,16359,10579,23077,1649.2271249196428
19314,13983,16359,10541,23072,1649.2282499035714
19315,13983,16359,10504,23068,1649.2293748875
19316,13983,16359,10466,23063,1649.2304998714287
19317,13983,16359,10429,23059,1649.2316248553573
19318,13983,16359,10391,23055,1649.2327498392858
19319,13983,16359,10354,23050,1649.2338748232144
19320,13983,16359,10274,23046,1649.234999807143
19321,13983,16359,10274,23041,1649.2361247910715
19322,13983,16359,10274,23037,1649.237249775
19323,13983,16359,10274,23032,1649.2383747589286
19324,13983,16359,10112,23028,1649.239499742857
19325,13983,16359,10112,23023,1649.2406247267857
19326,13983,16359,10112,23019,1649.2417497107142
19327,13983,16359,10112,23014,1649.2428746946428
19328,13983,16359,9954,23010,1649.2439996785713
19329,13983,16359,9918,23005,1649.2451246625
19330,13983,16359,9882,23001,1649.2462496464286
19331,13983,16359,9846,22996,1649.2473746303572
19332,13983,16359,9810,22992,1649.2484996142857
19333,13983,16359,9774,22987,1649.2496245982143
19334,13983,16359,9738,22983,1649.2507495821428
19335,13983,16359,9702,22978,1649.2518745660714
19336,13704,16027,10366,23175,1649.253
19337,13704,16027,10332,23165,1649.2541249919643
19338,13704,16027,10298,23154,1649.2552499839285
19339,13704,16027,10263,23144,1649.2563749758929
19340,13704,16027,10229,23133,1649.257499967857
19341,13704,16027,10195,23122,1649.2586249598214
19342,13704,16027,10161,23112,1649.2597499517856
19343,13704,16027,10126,23101,1649.26087494375
19344,13704,16027,10092,23091,1649.2619999357141
19345,13704,16027,10058,23080,1649.2631249276785
19346,13704,16027,10024,23070,1649.264249919643
19347,13704,16027,9989,23059,1649.265374911607
19348,13704,16027,9955,23048,1649.2664999035715
19349,13704,16027,9921,23038,1649.2676248955356
19350,13704,16027,9887,23027,1649.2687498875
19351,13704,16027,9852,23017,1649.2698748794642
19352,13704,16027,9794,23006,1649.2709998714286
19353,13704,16027,9794,22996,1649.2721248633927
19354,13704,16027,9794,22985,1649.273249855357
19355,13704,16027,9794,22975,1649.2743748473215
19356,13704,16027,9641,22964,1649.2754998392857
19357,13704,16027,9604,22953,1649.27662483125
19358,13704,16027,9568,22943,1649.2777498232142
19359,13704,16027,9531,22932,1649.2788748151786
19360,13704,16027,9494,22922,1649.2799998071428
19361,13704,16027,9457,22911,1649.2811247991071
19362,13704,16027,9421,22901,1649.2822497910713
19363,13704,16027,9384,22890,1649.2833747830357
19364,13704,16027,9347,22880,1649.2844997749999
19365,13704,16027,9310,22869,1649.2856247669642
19366,13704,16027,9274,22858,1649.2867497589286
19367,13704,16027,9237,22848,1649.2878747508928
19368,13704,16027,9183,22837,1649.2889997428572
19369,13704,16027,9149,22827,1649.2901247348213
19370,13704,16027,9115,22816,1649.2912497267857
19371,13704,16027,9080,22806,1649.29237471875
19372,13704,16027,9046,22795,1649.2934997107143
19373,13704,16027,9011,22784,1649.2946247026784
19374,13704,16027,8977,22774,1649.2957496946428
19375,13704,16027,8943,22763,1649.2968746866072
19376,13704,16027,8908,22753,1649.2979996785714
19377,13704,16027,8874,22742,1649.2991246705358
19378,13704,16027,8839,22732,1649.3002496625
19379,13704,16027,8805,22721,1649.3013746544643
19380,13704,16027,8771,22711,1649.3024996464285
19381,13704,16027,8736,22700,1649.3036246383929
19382,13704,16027,8702,22689,1649.304749630357
19383,13704,16027,8667,22679,1649.3058746223214
19384,13704,16027,8600,22668,1649.3069996142858
19385,13704,16027,8568,22658,1649.30812460625
19386,13704,16027,8536,22647,1649.3092495982144
19387,13704,16027,8504,22637,1649.3103745901785
19388,13704,16027,8472,22626,1649.311499582143
19389,13704,16027,8440,22616,1649.312624574107
19390,13704,16027,8408,22605,1649.3137495660715
19391,13704,16027,8376,22594,1649.3148745580356
19392,13425,15695,8997,22713,1649.316
19393,13425,15695,8967,22701,1649.3171249625
19394,13425,15695,8937,22689,1649.3182499250001
19395,13425,15695,8907,22676,1649.3193748875
19396,13425,15695,8877,22664,1649.32049985
19397,13425,15695,8847,22652,1649.3216248125
19398,13425,15695,8817,22640,1649.322749775
19399,13425,15695,8787,22628,1649.3238747375
19400,13425,15695,8757,22616,1649.3249997
19401,13425,15695,8727,22604,1649.3261246625
19402,13425,15695,8697,22592,1649.3272496250001
19403,13425,15695,8667,22579,1649.3283745875
19404,13425,15695,8584,22529,1649.3295
19405,13425,15695,8551,22521,1649.33062498875
19406,13425,15695,8517,22513,1649.3317499775
19407,13425,15695,8484,22505,1649.33287496625
19408,13425,15695,8451,22497,1649.333999955
19409,13425,15695,8418,22489,1649.33512494375
19410,13425,15695,8385,22481,1649.3362499325
19411,13425,15695,8351,22473,1649.33737492125
19412,13425,15695,8318,22465,1649.33849991
19413,13425,15695,8285,22457,1649.3396248987501
19414,13425,15695,8252,22449,1649.3407498875
19415,13425,15695,8219,22441,1649.34187487625
19416,13425,15695,8186,22433,1649.342999865
19417,13425,15695,8152,22425,1649.34412485375
19418,13425,15695,8119,22417,1649.3452498425
19419,13425,15695,8086,22409,1649.34637483125
19420,13425,15695,8053,22401,1649.34749982
19421,13425,15695,8020,22393,1649.34862480875
19422,13425,15695,7986,22385,1649.3497497975
19423,13425,15695,7953,22377,1649.35087478625
19424,13425,15695,7920,22369,1649.351999775
19425,13425,15695,7887,22361,1649.35312476375
19426,13425,15695,7854,22353,1649.3542497525
19427,13425,15695,7820,22344,1649.35537474125
19428,13425,15695,7787,22336,1649.35649973
19429,13425,15695,7754,22328,1649.35762471875
19430,13425,15695,7721,22320,1649.3587497075
19431,13425,15695,7688,22312,1649.35987469625
19432,13425,15695,7655,22304,1649.360999685
19433,13425,15695,7621,22296,1649.36212467375
19434,13425,15695,7588,22288,1649.3632496625
19435,13425,15695,7555,22280,1649.3643746512498
19436,13425,15695,7522,22272,1649.3654996399998
19437,13425,15695,7489,22264,1649.3666246287498
19438,13425,15695,7455,22256,1649.3677496174998
19439,13425,15695,7422,22248,1649.3688746062498
19440,13425,15695,7389,22240,1649.3699995949999
19441,13425,15695,7356,22232,1649.3711245837499
19442,13425,15695,7323,22224,1649.3722495724999
19443,13425,15695,7289,22216,1649.3733745612499
19444,13146,15363,7866,22345,1649.3745
19445,13146,15363,7836,22337,1649.3756249874998
19446,13146,15363,7805,22329,1649.376749975
19447,13146,15363,7775,22321,1649.3778749624998
19448,13146,15363,7745,22313,1649.37899995
19449,13146,15363,7715,22304,1649.3801249374999
19450,13146,15363,7684,22296,1649.3812499249998
19451,13146,15363,7654,22288,1649.3823749125
19452,13146,15363,7624,22280,1649.3834998999998
19453,13146,15363,7593,22272,1649.3846248875
19454,13146,15363,7563,22264,1649.3857498749999
19455,13146,15363,7533,22255,1649.3868748625
19456,13146,15363,7502,22247,1649.38799985
19457,13146,15363,7472,22239,1649.3891248374998
19458,13146,15363,7442,22231,1649.390249825
19459,13146,15363,7411,22223,1649.3913748124999
19460,13146,15363,7381,22215,1649.3924998
19461,13146,15363,7351,22207,1649.3936247875
19462,13146,15363,7321,22198,1649.394749775
19463,13146,15363,7290,22190,1649.3958747625
19464,13146,15363,7260,22182,1649.3969997499998
19465,13146,15363,7230,22174,1649.3981247375
19466,13146,15363,7199,22166,1649.399249725
19467,13146,15363,7169,22158,1649.4003747125
19468,13146,15363,7139,22149,1649.4014997
19469,13146,15363,7108,22141,1649.4026246874998
19470,13146,15363,7078,22133,1649.403749675
19471,13146,15363,7048,22125,1649.4048746624999
19472,13146,15363,7017,22117,1649.40599965
19473,13146,15363,6987,22109,1649.4071246375
19474,13146,15363,6957,22100,1649.4082496249998
19475,13146,15363,6927,22092,1649.4093746125
19476,13146,15363,6896,22084,1649.4104995999999
19477,13146,15363,6866,22076,1649.4116245875
19478,13146,15363,6836,22068,1649.412749575
19479,13146,15363,6805,22060,1649.4138745625
19480,13146,15363,6775,22013,1649.415
19481,13146,15363,6745,22013,1649.4161248875
19482,13146,15363,6714,22013,1649.417249775
19483,13146,15363,6684,22013,1649.4183746625
19484,13146,15363,6654,21950,1649.4195
19485,13146,15363,6623,21942,1649.42062494375
19486,13146,15363,6593,21934,1649.4217498875
19487,13146,15363,6563,21926,1649.42287483125
19488,13146,15363,6533,21918,1649.423999775
19489,13146,15363,6502,21910,1649.4251247187499
19490,13146,15363,6472,21902,1649.4262496625
19491,13146,15363,6442,21894,1649.42737460625
19492,12867,15031,6983,22021,1649.4285
19493,12867,15031,6956,22012,1649.4296249625
19494,12867,15031,6928,22003,1649.4307499249999
19495,12867,15031,6901,21994,1649.4318748875
19496,12867,15031,6873,21985,1649.43299985
19497,12867,15031,6845,21976,1649.4341248125
19498,12867,15031,6818,21967,1649.435249775
19499,12867,15031,6790,21958,1649.4363747375
19500,12867,15031,6762,21949,1649.4374997
19501,12867,15031,6735,21940,1649.4386246625
19502,12867,15031,6707,21931,1649.4397496249999
19503,12867,15031,6679,21922,1649.4408745875
19504,12867,15031,6652,21877,1649.442
19505,12867,15031,6624,21877,1649.4431248875
19506,12867,15031,6596,21877,1649.4442497750001
19507,12867,15031,6569,21877,1649.4453746625
19508,12867,15031,6541,21811,1649.4465
19509,12867,15031,6513,21801,1649.4476249875
19510,12867,15031,6486,21791,1649.448749975
19511,12867,15031,6458,21781,1649.4498749625
19512,12867,15031,6430,21770,1649.45099995
19513,12867,15031,6403,21760,1649.4521249375
19514,12867,15031,6375,21750,1649.453249925
19515,12867,15031,6348,21740,1649.4543749125
19516,12867,15031,6320,21730,1649.4554999
19517,12867,15031,6292,21719,1649.4566248875
19518,12867,15031,6265,21709,1649.457749875
19519,12867,15031,6237,21699,1649.4588748625001
19520,12867,15031,6209,21689,1649.45999985
19521,12867,15031,6182,21679,1649.4611248375
19522,12867,15031,6154,21668,1649.462249825
19523,12867,15031,6126,21658,1649.4633748125
19524,12867,15031,6099,21648,1649.4644998
19525,12867,15031,6071,21638,1649.4656247875
19526,12867,15031,6043,21627,1649.4667497750002
19527,12867,15031,6016,21617,1649.4678747625
19528,12867,15031,5988,21607,1649.46899975
19529,12867,15031,5960,21597,1649.4701247375
19530,12867,15031,5933,21587,1649.471249725
19531,12867,15031,5905,21576,1649.4723747125001
19532,12867,15031,5877,21566,1649.4734997
19533,12867,15031,5850,21556,1649.4746246875
19534,12867,15031,5822,21546,1649.475749675
19535,12867,15031,5794,21536,1649.4768746625
19536,12867,15031,5767,21525,1649.4779996500001
19537,12867,15031,5739,21515,1649.4791246375
19538,12867,15031,5712,21505,1649.480249625
19539,12867,15031,5684,21495,1649.4813746125
19540,12867,15031,5656,21485,1649.4824996
19541,12867,15031,5629,21474,1649.4836245875001
19542,12867,15031,5601,21464,1649.484749575
19543,12867,15031,5573,21454,1649.4858745625002
19544,12588,14699,6064,21598,1649.487
19545,12588,14699,6039,21594,1649.4881249913462
19546,12588,14699,6013,21591,1649.4892499826924
19547,12588,14699,5988,21587,1649.4903749740386
19548,12588,14699,5963,21584,1649.4914999653847
19549,12588,14699,5938,21580,1649.4926249567309
19550,12588,14699,5913,21577,1649.493749948077
19551,12588,14699,5887,21573,1649.4948749394232
19552,12588,14699,5862,21569,1649.4959999307694
19553,12588,14699,5837,21566,1649.4971249221155
19554,12588,14699,5812,21562,1649.4982499134617
19555,12588,14699,5786,21559,1649.4993749048078
19556,12588,14699,5761,21555,1649.500499896154
19557,12588,14699,5736,21552,1649.5016248875
19558,12588,14699,5711,21548,1649.502749878846
19559,12588,14699,5685,21545,1649.5038748701922
19560,12588,14699,5660,21541,1649.5049998615384
19561,12588,14699,5635,21538,1649.5061248528846
19562,12588,14699,5610,21534,1649.5072498442307
19563,12588,14699,5584,21531,1649.508374835577
19564,12588,14699,5559,21527,1649.509499826923
19565,12588,14699,5534,21524,1649.5106248182692
19566,12588,14699,5509,21520,1649.5117498096154
19567,12588,14699,5484,21517,1649.5128748009615
19568,12588,14699,5458,21513,1649.5139997923077
19569,12588,14699,5433,21509,1649.5151247836538
19570,12588,14699,5408,21506,1649.516249775
19571,12588,14699,5383,21502,1649.5173747663462
19572,12588,14699,5357,21499,1649.5184997576923
19573,12588,14699,5332,21495,1649.5196247490385
19574,12588,14699,5307,21492,1649.5207497403846
19575,12588,14699,5282,21488,1649.5218747317308
19576,12588,14699,5256,21485,1649.522999723077
19577,12588,14699,5231,21481,1649.5241247144231
19578,12588,14699,5206,21478,1649.5252497057693
19579,12588,14699,5181,21474,1649.5263746971154
19580,12588,14699,5156,21471,1649.5274996884616
19581,12588,14699,5130,21467,1649.5286246798078
19582,12588,14699,5105,21464,1649.529749671154
19583,12588,14699,5080,21460,1649.5308746625
19584,12588,14699,5055,21457,1649.531999653846
19585,12588,14699,5029,21453,1649.5331246451922
19586,12588,14699,5004,21449,1649.5342496365383
19587,12588,14699,4979,21446,1649.5353746278845
19588,12588,14699,4954,21442,1649.5364996192307
19589,12588,14699,4928,21439,1649.5376246105768
19590,12588,14699,4903,21435,1649.538749601923
19591,12588,14699,4878,21432,1649.5398745932691
19592,12588,14699,4853,21428,1649.5409995846153
19593,12588,14699,4827,21425,1649.5421245759615
19594,12588,14699,4802,21421,1649.5432495673076
19595,12588,14699,4777,21418,1649.5443745586538
19596,12306,14361,5218,21462,1649.5455
19597,12306,14361,5195,21456,1649.5466249971153
19598,12306,14361,5173,21450,1649.5477499942308
19599,12306,14361,5151,21445,1649.548874991346
19600,12306,14361,5128,21439,1649.5499999884614
19601,12306,14361,5106,21434,1649.551124985577
19602,12306,14361,5084,21428,1649.5522499826923
19603,12306,14361,5061,21423,1649.5533749798076
19604,12306,14361,5039,21417,1649.5544999769231
19605,12306,14361,5017,21412,1649.5556249740384
19606,12306,14361,4994,21406,1649.5567499711537
19607,12306,14361,4972,21401,1649.5578749682693
19608,12306,14361,4949,21395,1649.5589999653846
19609,12306,14361,4927,21390,1649.5601249625
19610,12306,14361,4905,21384,1649.5612499596152
19611,12306,14361,4882,21379,1649.5623749567308
19612,12306,14361,4860,21373,1649.563499953846
19613,12306,14361,4838,21368,1649.5646249509614
19614,12306,14361,4815,21362,1649.565749948077
19615,12306,14361,4793,21357,1649.5668749451922
19616,12306,14361,4771,21351,1649.5679999423076
19617,12306,14361,4748,21346,1649.569124939423
19618,12306,14361,4726,21340,1649.5702499365384
19619,12306,14361,4704,21335,1649.5713749336537
19620,12306,14361,4681,21329,1649.5724999307693
19621,12306,14361,4659,21323,1649.5736249278846
19622,12306,14361,4637,21318,1649.5747499249999
19623,12306,14361,4614,21312,1649.5758749221154
19624,12306,14361,4592,21307,1649.5769999192307
19625,12306,14361,4570,21301,1649.578124916346
19626,12306,14361,4547,21296,1649.5792499134616
19627,12306,14361,4525,21290,1649.580374910577
19628,12306,14361,4502,21285,1649.5814999076922
19629,12306,14361,4480,21279,1649.5826249048077
19630,12306,14361,4458,21274,1649.583749901923
19631,12306,14361,4435,21268,1649.5848748990384
19632,12306,14361,4413,21263,1649.585999896154
19633,12306,14361,4391,21257,1649.5871248932692
19634,12306,14361,4368,21252,1649.5882498903845
19635,12306,14361,4346,21246,1649.5893748875
19636,12306,14361,4324,21241,1649.5904998846154
19637,12306,14361,4301,21235,1649.5916248817307
19638,12306,14361,4279,21230,1649.592749878846
19639,12306,14361,4257,21224,1649.5938748759615
19640,12306,14361,4234,21219,1649.5949998730769
19641,12306,14361,4212,21213,1649.5961248701922
19642,12306,14361,4190,21208,1649.5972498673077
19643,12306,14361,4167,21202,1649.598374864423
19644,12306,14361,4145,21196,1649.5994998615383
19645,12306,14361,4122,21191,1649.6006248586539
19646,12306,14361,4100,21185,1649.6017498557692
19647,12306,14361,4078,21180,1649.6028748528845
19648,12306,14361,4055,21174,1649.60399985
19649,12306,14361,4033,21169,1649.6051248471153
19650,12306,14361,4011,21163,1649.6062498442307
19651,12306,14361,3988,21158,1649.6073748413462
19652,12090,14064,4319,21152,1649.6084998384615
19653,12090,14064,4299,21147,1649.6096248355768
19654,12090,14064,4279,21141,1649.6107498326924
19655,12090,14064,4259,21136,1649.6118748298077
19656,12090,14064,4239,21130,1649.612999826923
19657,12090,14064,4219,21125,1649.6141248240385
19658,12090,14064,4199,21119,1649.6152498211538
19659,12090,14064,4179,21114,1649.6163748182692
19660,12090,14064,4159,21108,1649.6174998153847
19661,12090,14064,4139,21103,1649.6186248125
19662,12090,14064,4119,21097,1649.6197498096153
19663,12090,14064,4099,21092,1649.6208748067306
19664,12090,14064,4079,21086,1649.6219998038462
19665,12090,14064,4059,21081,1649.6231248009615
19666,12090,14064,4039,21075,1649.6242497980768
19667,12090,14064,4018,21069,1649.6253747951923
19668,12090,14064,3998,21064,1649.6264997923076
19669,12090,14064,3978,21058,1649.627624789423
19670,12090,14064,3958,21053,1649.6287497865385
19671,12090,14064,3938,21047,1649.6298747836538
19672,12090,14064,3918,21042,1649.6309997807691
19673,12090,14064,3898,21036,1649.6321247778847
19674,12090,14064,3878,21031,1649.633249775
19675,12090,14064,3858,21025,1649.6343747721153
19676,12090,14064,3838,21020,1649.6354997692308
19677,12090,14064,3818,21014,1649.6366247663461
19678,12090,14064,3798,21009,1649.6377497634614
19679,12090,14064,3778,21003,1649.638874760577
19680,12090,14064,3758,20998,1649.6399997576923
19681,12090,14064,3738,20992,1649.6411247548076
19682,12090,14064,3718,20987,1649.6422497519231
19683,12090,14064,3698,20981,1649.6433747490385
19684,11874,13767,3997,20976,1649.6444997461538
19685,11874,13767,3978,20970,1649.6456247432693
19686,11874,13767,3959,20965,1649.6467497403846
19687,11874,13767,3940,20959,1649.6478747375
19688,11874,13767,3921,20953,1649.6489997346152
19689,11874,13767,3902,20948,1649.6501247317308
19690,11874,13767,3883,20942,1649.651249728846
19691,11874,13767,3864,20937,1649.6523747259614
19692,11874,13767,3845,20931,1649.653499723077
19693,11874,13767,3827,20926,1649.6546247201923
19694,11874,13767,3808,20920,1649.6557497173076
19695,11874,13767,3789,20915,1649.656874714423
19696,11874,13767,3770,20909,1649.6579997115384
19697,11874,13767,3751,20904,1649.6591247086537
19698,11874,13767,3732,20898,1649.6602497057693
19699,11874,13767,3713,20893,1649.6613747028846
19700,11874,13767,3694,20887,1649.6624997
19701,11874,13767,3675,20882,1649.6636246971154
19702,11874,13767,3656,20876,1649.6647496942307
19703,11874,13767,3637,20871,1649.665874691346
19704,11874,13767,3618,20865,1649.6669996884616
19705,11874,13767,3600,20860,1649.668124685577
19706,11874,13767,3581,20854,1649.6692496826922
19707,11874,13767,3562,20849,1649.6703746798078
19708,11874,13767,3543,20843,1649.671499676923
19709,11874,13767,3524,20838,1649.6726246740384
19710,11874,13767,3505,20832,1649.673749671154
19711,11874,13767,3486,20826,1649.6748746682692
19712,11874,13767,3467,20821,1649.6759996653846
19713,11874,13767,3448,20815,1649.6771246624999
19714,11874,13767,3429,20810,1649.6782496596154
19715,11874,13767,3410,20804,1649.6793746567307
19716,11874,13767,3391,20799,1649.680499653846
19717,11874,13767,3373,20793,1649.6816246509616
19718,11874,13767,3354,20788,1649.6827496480769
19719,11874,13767,3335,20782,1649.6838746451922
19720,11874,13767,3316,20777,1649.6849996423077
19721,11874,13767,3297,20771,1649.686124639423
19722,11874,13767,3278,20766,1649.6872496365384
19723,11874,13767,3259,20760,1649.688374633654
19724,11874,13767,3240,20755,1649.6894996307692
19725,11874,13767,3221,20749,1649.6906246278845
19726,11874,13767,3202,20744,1649.691749625
19727,11874,13767,3183,20738,1649.6928746221154
19728,11874,13767,3164,20733,1649.6939996192307
19729,11874,13767,3146,20727,1649.6951246163462
19730,11874,13767,3127,20722,1649.6962496134615
19731,11874,13767,3108,20716,1649.6973746105768
19732,11874,13767,3089,20711,1649.6984996076924
19733,11874,13767,3070,20705,1649.6996246048077
19734,11874,13767,3051,20699,1649.700749601923
19735,11874,13767,3032,20694,1649.7018745990385
19736,11658,13470,3316,20688,1649.7029995961539
19737,11658,13470,3299,20683,1649.7041245932692
19738,11658,13470,3282,20677,1649.7052495903847
19739,11658,13470,3264,20672,1649.7063745875
19740,11658,13470,3247,20666,1649.7074995846153
19741,11658,13470,3230,20661,1649.7086245817306
19742,11658,13470,3212,20655,1649.7097495788462
19743,11658,13470,3195,20650,1649.7108745759615
19744,11658,13470,3177,20644,1649.7119995730768
19745,11658,13470,3160,20639,1649.7131245701923
19746,11658,13470,3143,20633,1649.7142495673077
19747,11658,13470,3125,20628,1649.715374564423
19748,11658,13470,3108,20622,1649.7164995615385
19749,11658,13470,3090,20617,1649.7176245586538
19750,11658,13470,3073,20611,1649.7187495557691
19751,11658,13470,3056,20606,1649.7198745528847
19752,11658,13470,3038,20580,1649.721
19753,11658,13470,3021,20569,1649.7221249859374
19754,11658,13470,3004,20559,1649.723249971875
19755,11658,13470,2986,20549,1649.7243749578124
19756,11658,13470,2969,20538,1649.72549994375
19757,11658,13470,2951,20528,1649.7266249296874
19758,11658,13470,2934,20517,1649.727749915625
19759,11658,13470,2917,20507,1649.7288749015624
19760,11658,13470,2899,20497,1649.7299998875
19761,11658,13470,2882,20486,1649.7311248734375
19762,11658,13470,2864,20476,1649.732249859375
19763,11658,13470,2847,20466,1649.7333748453125
19764,11658,13470,2830,20455,1649.73449983125
19765,11658,13470,2812,20445,1649.7356248171875
19766,11658,13470,2795,20434,1649.7367498031251
19767,11658,13470,2778,20424,1649.7378747890625
19768,11658,13470,2760,20414,1649.7389997750001
19769,11658,13470,2743,20403,1649.7401247609375
19770,11658,13470,2725,20393,1649.741249746875
19771,11658,13470,2708,20382,1649.7423747328126
19772,11658,13470,2691,20372,1649.74349971875
19773,11658,13470,2673,20362,1649.7446247046876
19774,11658,13470,2656,20351,1649.745749690625
19775,11658,13470,2638,20341,1649.7468746765626
19776,11658,13470,2621,20331,1649.7479996625
19777,11658,13470,2604,20320,1649.7491246484376
19778,11658,13470,2586,20310,1649.750249634375
19779,11658,13470,2569,20299,1649.7513746203126
19780,11658,13470,2552,20289,1649.75249960625
19781,11658,13470,2534,20279,1649.7536245921876
19782,11658,13470,2517,20268,1649.754749578125
19783,11658,13470,2499,20258,1649.7558745640627
19784,11442,13173,11042,21670,1649.757
19785,11442,13173,11042,21661,1649.7581249875
19786,11442,13173,11042,21653,1649.759249975
19787,11442,13173,11042,21645,1649.7603749625
19788,11442,13173,10850,21637,1649.7614999500001
19789,11442,13173,10850,21629,1649.7626249375
19790,11442,13173,10850,21620,1649.763749925
19791,11442,13173,10850,21612,1649.7648749125
19792,11442,13173,10680,21604,1649.7659999
19793,11442,13173,10680,21596,1649.7671248875
19794,11442,13173,10680,21587,1649.768249875
19795,11442,13173,10680,21579,1649.7693748625
19796,11442,13173,10514,21571,1649.77049985
19797,11442,13173,10514,21563,1649.7716248375
19798,11442,13173,10514,21555,1649.772749825
19799,11442,13173,10514,21546,1649.7738748125
19800,11442,13173,10338,21538,1649.7749998
19801,11442,13173,10338,21530,1649.7761247875
19802,11442,13173,10338,21522,1649.777249775
19803,11442,13173,10338,21513,1649.7783747624999
19804,11442,13173,10160,21505,1649.77949975
19805,11442,13173,10124,21497,1649.7806247375
19806,11442,13173,10088,21489,1649.781749725
19807,11442,13173,10052,21481,1649.7828747125
19808,11442,13173,10016,21472,1649.7839996999999
19809,11442,13173,9980,21464,1649.7851246875
19810,11442,13173,9944,21456,1649.786249675
19811,11442,13173,9908,21448,1649.7873746625
19812,11442,13173,9858,21439,1649.78849965
19813,11442,13173,9858,21431,1649.7896246374999
19814,11442,13173,9858,21423,1649.790749625
19815,11442,13173,9858,21415,1649.7918746125
19816,11442,13173,9698,21407,1649.7929995999998
19817,11442,13173,9698,21398,1649.7941245875
19818,11442,13173,9698,21390,1649.7952495749998
19819,11442,13173,9698,21382,1649.7963745625
19820,11226,12876,10210,21555,1649.7975
19821,11226,12876,10178,21551,1649.798624991346
19822,11226,12876,10146,21547,1649.7997499826922
19823,11226,12876,10114,21543,1649.8008749740384
19824,11226,12876,10082,21539,1649.8019999653845
19825,11226,12876,10050,21535,1649.8031249567307
19826,11226,12876,10018,21531,1649.8042499480769
19827,11226,12876,9986,21527,1649.805374939423
19828,11226,12876,9954,21523,1649.8064999307692
19829,11226,12876,9922,21519,1649.8076249221153
19830,11226,12876,9890,21515,1649.8087499134615
19831,11226,12876,9858,21512,1649.8098749048077
19832,11226,12876,9794,21508,1649.8109998961538
19833,11226,12876,9794,21504,1649.8121248875
19834,11226,12876,9794,21500,1649.8132498788461
19835,11226,12876,9794,21496,1649.8143748701923
19836,11226,12876,9640,21492,1649.8154998615385
19837,11226,12876,9604,21488,1649.8166248528846
19838,11226,12876,9568,21484,1649.8177498442308
19839,11226,12876,9532,21480,1649.818874835577
19840,11226,12876,9496,21476,1649.819999826923
19841,11226,12876,9460,21472,1649.8211248182693
19842,11226,12876,9424,21469,1649.8222498096154
19843,11226,12876,9388,21465,1649.8233748009616
19844,11226,12876,9330,21461,1649.8244997923077
19845,11226,12876,9294,21457,1649.825624783654
19846,11226,12876,9258,21453,1649.8267497749998
19847,11226,12876,9222,21449,1649.827874766346
19848,11226,12876,9185,21445,1649.8289997576921
19849,11226,12876,9149,21441,1649.8301247490383
19850,11226,12876,9113,21437,1649.8312497403845
19851,11226,12876,9077,21433,1649.8323747317306
19852,11226,12876,9040,21429,1649.8334997230768
19853,11226,12876,9004,21426,1649.834624714423
19854,11226,12876,8968,21422,1649.835749705769
19855,11226,12876,8932,21418,1649.8368746971153
19856,11226,12876,8880,21414,1649.8379996884614
19857,11226,12876,8845,21410,1649.8391246798076
19858,11226,12876,8810,21406,1649.8402496711537
19859,11226,12876,8774,21402,1649.8413746625
19860,11226,12876,8739,21398,1649.842499653846
19861,11226,12876,8704,21394,1649.8436246451922
19862,11226,12876,8669,21390,1649.8447496365384
19863,11226,12876,8633,21386,1649.8458746278845
19864,11226,12876,8598,21383,1649.8469996192307
19865,11226,12876,8563,21379,1649.8481246105769
19866,11226,12876,8528,21375,1649.849249601923
19867,11226,12876,8492,21371,1649.8503745932692
19868,11226,12876,8457,21367,1649.8514995846153
19869,11226,12876,8422,21363,1649.8526245759615
19870,11226,12876,8387,21359,1649.8537495673077
19871,11226,12876,8351,21355,1649.8548745586538
19872,11010,12579,8936,21449,1649.856
19873,11010,12579,8903,21440,1649.857124990625
19874,11010,12579,8869,21430,1649.85824998125
19875,11010,12579,8836,21420,1649.859374971875
19876,11010,12579,8803,21411,1649.8604999625
19877,11010,12579,8770,21401,1649.861624953125
19878,11010,12579,8736,21391,1649.86274994375
19879,11010,12579,8703,21382,1649.863874934375
19880,11010,12579,8670,21372,1649.8649999250001
19881,11010,12579,8637,21362,1649.866124915625
19882,11010,12579,8603,21353,1649.86724990625
19883,11010,12579,8570,21343,1649.868374896875
19884,11010,12579,8537,21333,1649.8694998875
19885,11010,12579,8503,21324,1649.870624878125
19886,11010,12579,8470,21314,1649.87174986875
19887,11010,12579,8437,21304,1649.872874859375
19888,11010,12579,8404,21295,1649.87399985
19889,11010,12579,8370,21285,1649.875124840625
19890,11010,12579,8337,21275,1649.87624983125
19891,11010,12579,8304,21266,1649.877374821875
19892,11010,12579,8271,21256,1649.8784998125
19893,11010,12579,8237,21246,1649.8796248031251
19894,11010,12579,8204,21237,1649.88074979375
19895,11010,12579,8171,21227,1649.881874784375
19896,11010,12579,8137,21217,1649.882999775
19897,11010,12579,8104,21207,1649.884124765625
19898,11010,12579,8071,21198,1649.88524975625
19899,11010,12579,8038,21188,1649.886374746875
19900,11010,12579,8004,21178,1649.8874997375
19901,11010,12579,7971,21169,1649.888624728125
19902,11010,12579,7938,21159,1649.88974971875
19903,11010,12579,7905,21149,1649.890874709375
19904,11010,12579,7871,21140,1649.8919997
19905,11010,12579,7838,21130,1649.893124690625
19906,11010,12579,7805,21120,1649.8942496812501
19907,11010,12579,7771,21111,1649.895374671875
19908,11010,12579,7738,21101,1649.8964996625
19909,11010,12579,7705,21091,1649.8976246531251
19910,11010,12579,7672,21082,1649.89874964375
19911,11010,12579,7638,21072,1649.899874634375
19912,11010,12579,7605,21062,1649.9009996250002
19913,11010,12579,7572,21053,1649.902124615625
19914,11010,12579,7539,21043,1649.90324960625
19915,11010,12579,7505,21033,1649.904374596875
19916,11010,12579,7472,21024,1649.9054995875001
19917,11010,12579,7439,21014,1649.906624578125
19918,11010,12579,7405,21004,1649.90774956875
19919,11010,12579,7372,20995,1649.9088745593751
19920,10859,12371,7757,21069,1649.91
19921,10855,12366,7736,21065,1649.911124994375
19922,10851,12361,7716,21060,1649.91224998875
19923,10848,12356,7695,21055,1649.913374983125
19924,10844,12351,7674,21051,1649.9144999775
19925,10840,12346,7654,21046,1649.915624971875
19926,10837,12341,7633,21041,1649.91674996625
19927,10833,12336,7613,21037,1649.917874960625
19928,10829,12330,7592,21032,1649.9189999550001
19929,10826,12325,7572,21027,1649.9201249493751
19930,10822,12320,7551,21023,1649.9212499437501
19931,10818,12315,7531,21018,1649.9223749381251
19932,10814,12310,7510,21014,1649.9234999325001
19933,10811,12305,7489,21009,1649.9246249268751
19934,10807,12300,7469,21004,1649.9257499212501
19935,10803,12295,7448,21000,1649.9268749156251
19936,10800,12290,7428,20995,1649.9279999100002
19937,10796,12285,7407,20990,1649.9291249043752
19938,10792,12280,7387,20986,1649.9302498987502
19939,10789,12275,7366,20981,1649.9313748931252
19940,10785,12269,7345,20977,1649.9324998875
19941,10781,12264,7325,20972,1649.933624881875
19942,10778,12259,7304,20967,1649.93474987625
19943,10774,12254,7284,20963,1649.935874870625
19944,10770,12249,7263,20958,1649.936999865
19945,10766,12244,7243,20953,1649.938124859375
19946,10763,12239,7222,20949,1649.93924985375
19947,10759,12234,7202,20944,1649.940374848125
19948,10755,12229,7181,20940,1649.9414998425
19949,10752,12224,7160,20935,1649.942624836875
19950,10748,12219,7140,20930,1649.94374983125
19951,10744,12214,7119,20926,1649.944874825625
19952,10741,12209,7099,20921,1649.94599982
19953,10737,12203,7078,20916,1649.947124814375
19954,10733,12198,7058,20912,1649.94824980875
19955,10729,12193,7037,20907,1649.949374803125
19956,10726,12188,7017,20902,1649.9504997975
19957,10722,12183,6996,20898,1649.951624791875
19958,10718,12178,6975,20893,1649.95274978625
19959,10715,12173,6955,20889,1649.953874780625
19960,10711,12168,6934,20884,1649.954999775
19961,10707,12163,6914,20879,1649.956124769375
19962,10704,12158,6893,20875,1649.95724976375
19963,10700,12153,6873,20870,1649.958374758125
19964,10696,12148,6852,20865,1649.9594997525
19965,10693,12142,6831,20861,1649.960624746875
19966,10689,12137,6811,20856,1649.96174974125
19967,10685,12132,6790,20852,1649.962874735625
19968,10681,12127,6770,20847,1649.96399973
19969,10678,12122,6749,20842,1649.965124724375
19970,10674,12117,6729,20838,1649.96624971875
19971,10670,12112,6708,20833,1649.967374713125
19972,10667,12107,6688,20828,1649.9684997075
19973,10663,12102,6667,20824,1649.969624701875
19974,10659,12097,6646,20819,1649.97074969625
19975,10656,12092,6626,20814,1649.971874690625
19976,10652,12087,6605,20810,1649.972999685
19977,10648,12082,6585,20805,1649.974124679375
19978,10645,12076,6564,20801,1649.97524967375
19979,10641,12071,6544,20796,1649.9763746681251
19980,10637,12066,6523,20791,1649.9774996625001
19981,10633,12061,6503,20787,1649.978624656875
19982,10630,12056,6482,20782,1649.97974965125
19983,10626,12051,6461,20777,1649.980874645625
19984,10622,12046,6441,20773,1649.98199964
19985,10619,12041,6420,20768,1649.983124634375
19986,10615,12036,6400,20764,1649.98424962875
19987,10611,12031,6379,20759,1649.985374623125
19988,10608,12026,6359,20754,1649.9864996175
19989,10604,12021,6338,20750,1649.987624611875
19990,10600,12015,6318,20745,1649.98874960625
19991,10596,12010,6297,20740,1649.989874600625
19992,10593,12005,6276,20736,1649.990999595
19993,10589,12000,6256,20731,1649.992124589375
19994,10585,11995,6235,20727,1649.99324958375
19995,10582,11990,6215,20722,1649.994374578125
19996,10578,11985,6194,20717,1649.9954995725
19997,10574,11980,6174,20713,1649.996624566875
19998,10571,11975,6153,20708,1649.99774956125
19999,10567,11970,6132,20703,1649.998874555625
