IDX,FM DAC,BM DAC,PH DAC,SOA DAC,WL Target
0,10578,11985,6112,20436,1650.0
1,10578,11985,6084,20432,1650.0011249982692
2,10578,11985,6057,20428,1650.0022499965385
3,10578,11985,6030,20424,1650.0033749948077
4,10578,11985,6003,20419,1650.004499993077
5,10578,11985,5976,20415,1650.0056249913462
6,10578,11985,5948,20411,1650.0067499896154
7,10578,11985,5921,20407,1650.0078749878846
8,10578,11985,5894,20403,1650.0089999861539
9,10578,11985,5867,20399,1650.010124984423
10,10578,11985,5840,20394,1650.0112499826923
11,10578,11985,5812,20390,1650.0123749809616
12,10578,11985,5785,20386,1650.0134999792308
13,10578,11985,5758,20382,1650.0146249775
14,10578,11985,5731,20378,1650.0157499757693
15,10578,11985,5704,20374,1650.0168749740385
16,10578,11985,5676,20369,1650.0179999723077
17,10578,11985,5649,20365,1650.019124970577
18,10578,11985,5622,20361,1650.0202499688462
19,10578,11985,5595,20357,1650.0213749671154
20,10362,11688,6065,20353,1650.0224999653847
21,10362,11688,6040,20349,1650.023624963654
22,10362,11688,6015,20344,1650.0247499619231
23,10362,11688,5990,20340,1650.0258749601924
24,10362,11688,5965,20336,1650.0269999584616
25,10362,11688,5940,20332,1650.0281249567308
26,10362,11688,5915,20328,1650.029249955
27,10362,11688,5889,20324,1650.0303749532693
28,10362,11688,5864,20319,1650.0314999515385
29,10362,11688,5839,20315,1650.0326249498078
30,10362,11688,5814,20311,1650.033749948077
31,10362,11688,5789,20307,1650.0348749463462
32,10362,11688,5764,20303,1650.0359999446155
33,10362,11688,5738,20299,1650.0371249428847
34,10362,11688,5713,20294,1650.038249941154
35,10362,11688,5688,20290,1650.0393749394232
36,10362,11688,5663,20286,1650.0404999376924
37,10362,11688,5638,20282,1650.0416249359616
38,10362,11688,5613,20278,1650.0427499342309
39,10362,11688,5587,20273,1650.0438749325
40,10362,11688,5562,20269,1650.0449999307693
41,10362,11688,5537,20265,1650.0461249290386
42,10362,11688,5512,20261,1650.0472499273078
43,10362,11688,5487,20257,1650.048374925577
44,10362,11688,5462,20253,1650.049499923846
45,10362,11688,5436,20248,1650.0506249221153
46,10362,11688,5411,20244,1650.0517499203845
47,10362,11688,5386,20240,1650.0528749186537
48,10362,11688,5361,20236,1650.053999916923
49,10362,11688,5336,20232,1650.0551249151922
50,10362,11688,5311,20228,1650.0562499134614
51,10362,11688,5285,20223,1650.0573749117307
52,10362,11688,5260,20219,1650.05849991
53,10362,11688,5235,20215,1650.0596249082691
54,10362,11688,5210,20211,1650.0607499065384
55,10362,11688,5185,20207,1650.0618749048076
56,10362,11688,5160,20203,1650.0629999030768
57,10362,11688,5134,20198,1650.064124901346
58,10362,11688,5109,20194,1650.0652498996153
59,10362,11688,5084,20190,1650.0663748978845
60,10362,11688,5059,20186,1650.0674998961538
61,10362,11688,5034,20182,1650.068624894423
62,10362,11688,5009,20178,1650.0697498926922
63,10362,11688,4983,20173,1650.0708748909615
64,10362,11688,4958,20169,1650.0719998892307
65,10362,11688,4933,20165,1650.0731248875
66,10362,11688,4908,20161,1650.0742498857692
67,10362,11688,4883,20157,1650.0753748840384
68,10362,11688,4858,20153,1650.0764998823076
69,10362,11688,4832,20148,1650.0776248805769
70,10362,11688,4807,20144,1650.078749878846
71,10362,11688,4782,20140,1650.0798748771153
72,10139,11382,5239,20136,1650.0809998753846
73,10139,11382,5216,20132,1650.0821248736538
74,10139,11382,5193,20128,1650.083249871923
75,10139,11382,5170,20123,1650.0843748701923
76,10139,11382,5147,20119,1650.0854998684615
77,10139,11382,5124,20115,1650.0866248667307
78,10139,11382,5102,20111,1650.087749865
79,10139,11382,5079,20107,1650.0888748632692
80,10139,11382,5056,20103,1650.0899998615384
81,10139,11382,5033,20098,1650.0911248598077
82,10139,11382,5010,20094,1650.092249858077
83,10139,11382,4987,20090,1650.0933748563461
84,10139,11382,4965,20086,1650.0944998546154
85,10139,11382,4942,20082,1650.0956248528846
86,10139,11382,4919,20078,1650.0967498511538
87,10139,11382,4896,20073,1650.097874849423
88,10139,11382,4873,20069,1650.0989998476923
89,10139,11382,4850,20065,1650.1001248459615
90,10139,11382,4827,20061,1650.1012498442308
91,10139,11382,4805,20057,1650.1023748425
92,10139,11382,4782,20053,1650.1034998407692
93,10139,11382,4759,20048,1650.1046248390385
94,10139,11382,4736,20044,1650.1057498373077
95,10139,11382,4713,20040,1650.106874835577
96,10139,11382,4690,20036,1650.1079998338462
97,10139,11382,4667,20032,1650.1091248321154
98,10139,11382,4645,20028,1650.1102498303846
99,10139,11382,4622,20023,1650.1113748286539
100,10139,11382,4599,20019,1650.112499826923
101,10139,11382,4576,20015,1650.1136248251923
102,10139,11382,4553,20011,1650.1147498234616
103,10139,11382,4530,20007,1650.1158748217308
104,10139,11382,4507,20003,1650.11699982
105,10139,11382,4485,19998,1650.1181248182693
106,10139,11382,4462,19994,1650.1192498165385
107,10139,11382,4439,19990,1650.1203748148077
108,10139,11382,4416,19986,1650.121499813077
109,10139,11382,4393,19982,1650.1226248113462
110,10139,11382,4370,19978,1650.1237498096154
111,10139,11382,4347,19973,1650.1248748078847
112,10139,11382,4325,19969,1650.125999806154
113,10139,11382,4302,19965,1650.1271248044231
114,10139,11382,4279,19961,1650.1282498026924
115,10139,11382,4256,19957,1650.1293748009616
116,10139,11382,4233,19953,1650.1304997992308
117,10139,11382,4210,19948,1650.1316247975
118,10139,11382,4188,19944,1650.1327497957693
119,10139,11382,4165,19940,1650.1338747940385
120,10139,11382,4142,19936,1650.1349997923078
121,10139,11382,4119,19932,1650.136124790577
122,10139,11382,4096,19928,1650.1372497888462
123,10139,11382,4073,19923,1650.1383747871155
124,10139,11382,4050,19919,1650.1394997853847
125,10139,11382,4028,19915,1650.140624783654
126,10139,11382,4005,19911,1650.1417497819232
127,10139,11382,3982,19907,1650.1428747801924
128,9944,11147,4315,19902,1650.1439997784616
129,9944,11147,4294,19898,1650.1451247767309
130,9944,11147,4274,19894,1650.146249775
131,9944,11147,4253,19890,1650.1473747732691
132,9944,11147,4233,19886,1650.1484997715384
133,9944,11147,4212,19882,1650.1496247698076
134,9944,11147,4192,19877,1650.1507497680768
135,9944,11147,4171,19873,1650.151874766346
136,9944,11147,4151,19869,1650.1529997646153
137,9944,11147,4131,19865,1650.1541247628845
138,9944,11147,4110,19861,1650.1552497611538
139,9944,11147,4090,19857,1650.156374759423
140,9944,11147,4069,19852,1650.1574997576922
141,9944,11147,4049,19848,1650.1586247559615
142,9944,11147,4028,19844,1650.1597497542307
143,9944,11147,4008,19840,1650.1608747525
144,9944,11147,3987,19836,1650.1619997507692
145,9944,11147,3967,19832,1650.1631247490384
146,9944,11147,3946,19827,1650.1642497473076
147,9944,11147,3926,19823,1650.1653747455769
148,9944,11147,3905,19819,1650.166499743846
149,9944,11147,3885,19815,1650.1676247421153
150,9944,11147,3865,19811,1650.1687497403846
151,9944,11147,3844,19807,1650.1698747386538
152,9944,11147,3824,19802,1650.170999736923
153,9944,11147,3803,19798,1650.1721247351923
154,9944,11147,3783,19794,1650.1732497334615
155,9944,11147,3762,19790,1650.1743747317307
156,9944,11147,3742,19786,1650.17549973
157,9944,11147,3721,19782,1650.1766247282692
158,9944,11147,3701,19777,1650.1777497265384
159,9944,11147,3680,19773,1650.1788747248077
160,9944,11147,3660,19769,1650.179999723077
161,9944,11147,3639,19765,1650.1811247213461
162,9944,11147,3619,19761,1650.1822497196154
163,9944,11147,3599,19757,1650.1833747178846
164,9944,11147,3578,19752,1650.1844997161538
165,9944,11147,3558,19748,1650.185624714423
166,9944,11147,3537,19744,1650.1867497126923
167,9944,11147,3517,19740,1650.1878747109615
168,9749,10912,3819,19736,1650.1889997092308
169,9749,10912,3800,19732,1650.1901247075
170,9749,10912,3781,19727,1650.1912497057692
171,9749,10912,3762,19723,1650.1923747040385
172,9749,10912,3743,19719,1650.1934997023077
173,9749,10912,3724,19715,1650.194624700577
174,9749,10912,3705,19711,1650.1957496988462
175,9749,10912,3686,19707,1650.1968746971154
176,9749,10912,3667,19702,1650.1979996953846
177,9749,10912,3648,19698,1650.1991246936539
178,9749,10912,3629,19694,1650.200249691923
179,9749,10912,3610,19690,1650.2013746901923
180,9749,10912,3591,19686,1650.2024996884616
181,9749,10912,3572,19682,1650.2036246867308
182,9749,10912,3553,19677,1650.204749685
183,9749,10912,3535,19673,1650.2058746832693
184,9749,10912,3516,19669,1650.2069996815385
185,9749,10912,3497,19665,1650.2081246798077
186,9749,10912,3478,19661,1650.209249678077
187,9749,10912,3459,19657,1650.2103746763462
188,9749,10912,3440,19652,1650.2114996746154
189,9749,10912,3421,19648,1650.2126246728847
190,9749,10912,3402,19644,1650.213749671154
191,9749,10912,3383,19640,1650.2148746694231
192,9749,10912,3364,19636,1650.2159996676924
193,9749,10912,3345,19632,1650.2171246659616
194,9749,10912,3326,19627,1650.2182496642308
195,9749,10912,3307,19623,1650.2193746625
196,9749,10912,3288,19619,1650.2204996607693
197,9749,10912,3269,19615,1650.2216246590385
198,9749,10912,3250,19611,1650.2227496573078
199,9749,10912,3232,19607,1650.223874655577
200,9749,10912,3213,19602,1650.2249996538462
201,9749,10912,3194,19598,1650.2261246521155
202,9749,10912,3175,19594,1650.2272496503847
203,9749,10912,3156,19590,1650.228374648654
204,9749,10912,3137,19586,1650.2294996469232
205,9749,10912,3118,19582,1650.2306246451924
206,9749,10912,3099,19577,1650.2317496434616
207,9749,10912,3080,19573,1650.2328746417309
208,9749,10912,3061,19569,1650.23399964
209,9749,10912,3042,19565,1650.2351246382693
210,9749,10912,3023,19561,1650.2362496365386
211,9749,10912,3004,19557,1650.2373746348078
212,9554,10677,3282,19552,1650.238499633077
213,9554,10677,3264,19548,1650.2396246313463
214,9554,10677,3246,19544,1650.2407496296155
215,9554,10677,3229,19540,1650.2418746278847
216,9554,10677,3211,19536,1650.242999626154
217,9554,10677,3193,19531,1650.244124624423
218,9554,10677,3176,19527,1650.2452496226922
219,9554,10677,3158,19523,1650.2463746209614
220,9554,10677,3140,19519,1650.2474996192307
221,9554,10677,3123,19515,1650.2486246175
222,9554,10677,3105,19511,1650.2497496157691
223,9554,10677,3087,19506,1650.2508746140384
224,9554,10677,3070,19502,1650.2519996123076
225,9554,10677,3052,19498,1650.2531246105768
226,9554,10677,3034,19494,1650.254249608846
227,9554,10677,3017,19490,1650.2553746071153
228,9554,10677,2999,19486,1650.2564996053845
229,9554,10677,2981,19481,1650.2576246036538
230,9554,10677,2964,19477,1650.258749601923
231,9554,10677,2946,19473,1650.2598746001922
232,9554,10677,2928,19469,1650.2609995984615
233,9554,10677,2911,19465,1650.2621245967307
234,9554,10677,2893,19461,1650.263249595
235,9554,10677,2875,19456,1650.2643745932692
236,9554,10677,2857,19452,1650.2654995915384
237,9554,10677,2840,19448,1650.2666245898076
238,9554,10677,2822,19444,1650.2677495880769
239,9554,10677,2804,19440,1650.268874586346
240,9554,10677,2787,19436,1650.2699995846153
241,9554,10677,2769,19431,1650.2711245828846
242,9554,10677,2751,19427,1650.2722495811538
243,9554,10677,2734,19423,1650.273374579423
244,9554,10677,2716,19419,1650.2744995776923
245,9554,10677,2698,19415,1650.2756245759615
246,9554,10677,2681,19411,1650.2767495742307
247,9554,10677,2663,19406,1650.2778745725
248,9554,10677,2645,19402,1650.2789995707692
249,9554,10677,2628,19398,1650.2801245690384
250,9554,10677,2610,19394,1650.2812495673077
251,9554,10677,2592,19390,1650.282374565577
252,9554,10677,2575,19386,1650.2834995638461
253,9554,10677,2557,19381,1650.2846245621154
254,9554,10677,2539,19377,1650.2857495603846
255,9554,10677,2522,19373,1650.2868745586538
256,9554,10677,2504,19369,1650.287999556923
257,9554,10677,2486,19365,1650.2891245551923
258,9554,10677,2469,19361,1650.2902495534615
259,9554,10677,2451,19356,1650.2913745517308
260,9359,10442,10975,20546,1650.2925
261,9359,10442,10933,20542,1650.2936249990466
262,9359,10442,10890,20537,1650.2947499980933
263,9359,10442,10848,20532,1650.29587499714
264,9359,10442,10806,20528,1650.2969999961865
265,9359,10442,10764,20523,1650.2981249952331
266,9359,10442,10721,20518,1650.2992499942798
267,9359,10442,10679,20513,1650.3003749933264
268,9359,10442,10637,20509,1650.301499992373
269,9359,10442,10595,20504,1650.3026249914194
270,9359,10442,10552,20499,1650.303749990466
271,9359,10442,10510,20495,1650.3048749895127
272,9359,10442,10468,20490,1650.3059999885593
273,9359,10442,10426,20485,1650.307124987606
274,9359,10442,10383,20480,1650.3082499866525
275,9359,10442,10341,20476,1650.3093749856992
276,9359,10442,10299,20471,1650.3104999847458
277,9359,10442,10256,20466,1650.3116249837924
278,9359,10442,10214,20462,1650.312749982839
279,9359,10442,10172,20457,1650.3138749818856
280,9359,10442,10130,20452,1650.3149999809323
281,9359,10442,10087,20447,1650.316124979979
282,9359,10442,10045,20443,1650.3172499790255
283,9359,10442,10003,20438,1650.3183749780721
284,9359,10442,9961,20433,1650.3194999771188
285,9359,10442,9918,20429,1650.3206249761652
286,9359,10442,9876,20424,1650.3217499752118
287,9359,10442,9834,20419,1650.3228749742584
288,9359,10442,9792,20414,1650.323999973305
289,9359,10442,9749,20410,1650.3251249723517
290,9359,10442,9707,20405,1650.3262499713983
291,9359,10442,9665,20400,1650.327374970445
292,9164,10207,10332,20396,1650.3284999694915
293,9164,10207,10294,20391,1650.3296249685382
294,9164,10207,10257,20386,1650.3307499675848
295,9164,10207,10219,20381,1650.3318749666314
296,9164,10207,10182,20377,1650.332999965678
297,9164,10207,10145,20372,1650.3341249647247
298,9164,10207,10107,20367,1650.3352499637713
299,9164,10207,10070,20363,1650.336374962818
300,9164,10207,10032,20358,1650.3374999618645
301,9164,10207,9995,20353,1650.338624960911
302,9164,10207,9958,20348,1650.3397499599575
303,9164,10207,9920,20344,1650.3408749590042
304,9164,10207,9883,20339,1650.3419999580508
305,9164,10207,9845,20334,1650.3431249570974
306,9164,10207,9808,20330,1650.344249956144
307,9164,10207,9770,20325,1650.3453749551907
308,9164,10207,9733,20320,1650.3464999542373
309,9164,10207,9696,20315,1650.347624953284
310,9164,10207,9658,20311,1650.3487499523305
311,9164,10207,9621,20306,1650.3498749513772
312,9164,10207,9583,20301,1650.3509999504238
313,9164,10207,9546,20297,1650.3521249494704
314,9164,10207,9509,20292,1650.353249948517
315,9164,10207,9471,20287,1650.3543749475637
316,9164,10207,9434,20282,1650.3554999466103
317,9164,10207,9396,20278,1650.3566249456567
318,9164,10207,9359,20273,1650.3577499447033
319,9164,10207,9322,20268,1650.35887494375
320,9164,10207,9284,20264,1650.3599999427965
321,9164,10207,9247,20259,1650.3611249418432
322,9164,10207,9209,20254,1650.3622499408898
323,9164,10207,9172,20250,1650.3633749399364
324,9164,10207,9135,20245,1650.364499938983
325,9164,10207,9097,20240,1650.3656249380297
326,9164,10207,9060,20235,1650.3667499370763
327,9164,10207,9022,20231,1650.367874936123
328,9164,10207,8985,20226,1650.3689999351695
329,9164,10207,8948,20221,1650.3701249342162
330,9164,10207,8910,20217,1650.3712499332628
331,9164,10207,8873,20212,1650.3723749323094
332,9164,10207,8835,20207,1650.373499931356
333,9164,10207,8798,20202,1650.3746249304027
334,9164,10207,8760,20198,1650.375749929449
335,9164,10207,8723,20193,1650.3768749284957
336,9164,10207,8686,20188,1650.3779999275423
337,9164,10207,8648,20184,1650.379124926589
338,9164,10207,8611,20179,1650.3802499256356
339,9164,10207,8573,20174,1650.3813749246822
340,9164,10207,8536,20169,1650.3824999237288
341,9164,10207,8499,20165,1650.3836249227754
342,9164,10207,8461,20160,1650.384749921822
343,9164,10207,8424,20155,1650.3858749208687
344,9164,10207,8386,20151,1650.3869999199153
345,9164,10207,8349,20146,1650.388124918962
346,9164,10207,8312,20141,1650.3892499180085
347,9164,10207,8274,20136,1650.3903749170552
348,8969,9972,8893,20132,1650.3914999161018
349,8969,9972,8859,20127,1650.3926249151484
350,8969,9972,8825,20122,1650.3937499141948
351,8969,9972,8791,20118,1650.3948749132414
352,8969,9972,8757,20113,1650.395999912288
353,8969,9972,8723,20108,1650.3971249113347
354,8969,9972,8689,20103,1650.3982499103813
355,8969,9972,8655,20099,1650.399374909428
356,8969,9972,8622,20094,1650.4004999084746
357,8969,9972,8588,20089,1650.4016249075212
358,8969,9972,8554,20085,1650.4027499065678
359,8969,9972,8520,20080,1650.4038749056144
360,8969,9972,8486,20075,1650.404999904661
361,8969,9972,8452,20070,1650.4061249037077
362,8969,9972,8418,20066,1650.4072499027543
363,8969,9972,8384,20061,1650.408374901801
364,8969,9972,8350,20056,1650.4094999008475
365,8969,9972,8316,20052,1650.4106248998942
366,8969,9972,8282,20047,1650.4117498989406
367,8969,9972,8248,20042,1650.4128748979872
368,8969,9972,8214,20037,1650.4139998970338
369,8969,9972,8180,20033,1650.4151248960804
370,8969,9972,8147,20028,1650.416249895127
371,8969,9972,8113,20023,1650.4173748941737
372,8969,9972,8079,20019,1650.4184998932203
373,8969,9972,8045,20014,1650.419624892267
374,8969,9972,8011,20009,1650.4207498913136
375,8969,9972,7977,20005,1650.4218748903602
376,8969,9972,7943,20000,1650.4229998894068
377,8969,9972,7909,19995,1650.4241248884534
378,8969,9972,7875,19990,1650.4252498875
379,8969,9972,7841,19986,1650.4263748865467
380,8969,9972,7807,19981,1650.4274998855933
381,8969,9972,7773,19976,1650.42862488464
382,8969,9972,7739,19972,1650.4297498836866
383,8969,9972,7705,19967,1650.430874882733
384,8969,9972,7671,19962,1650.4319998817796
385,8969,9972,7638,19957,1650.4331248808262
386,8969,9972,7604,19953,1650.4342498798728
387,8969,9972,7570,19948,1650.4353748789194
388,8969,9972,7536,19943,1650.436499877966
389,8969,9972,7502,19939,1650.4376248770127
390,8969,9972,7468,19934,1650.4387498760593
391,8969,9972,7434,19929,1650.439874875106
392,8969,9972,7400,19924,1650.4409998741526
393,8969,9972,7366,19920,1650.4421248731992
394,8969,9972,7332,19915,1650.4432498722458
395,8969,9972,7298,19910,1650.4443748712924
396,8774,9737,7873,19906,1650.445499870339
397,8774,9737,7843,19901,1650.4466248693857
398,8774,9737,7812,19896,1650.4477498684323
399,8774,9737,7782,19891,1650.4488748674787
400,8774,9737,7751,19887,1650.4499998665253
401,8774,9737,7720,19882,1650.451124865572
402,8774,9737,7690,19877,1650.4522498646186
403,8774,9737,7659,19873,1650.4533748636652
404,8774,9737,7629,19868,1650.4544998627118
405,8774,9737,7598,19863,1650.4556248617585
406,8774,9737,7568,19858,1650.456749860805
407,8774,9737,7537,19854,1650.4578748598517
408,8774,9737,7506,19849,1650.4589998588983
409,8774,9737,7476,19844,1650.460124857945
410,8774,9737,7445,19840,1650.4612498569916
411,8774,9737,7415,19835,1650.4623748560382
412,8774,9737,7384,19830,1650.4634998550848
413,8774,9737,7354,19825,1650.4646248541314
414,8774,9737,7323,19821,1650.465749853178
415,8774,9737,7292,19816,1650.4668748522245
416,8774,9737,7262,19811,1650.467999851271
417,8774,9737,7231,19807,1650.4691248503177
418,8774,9737,7201,19802,1650.4702498493643
419,8774,9737,7170,19797,1650.471374848411
420,8774,9737,7140,19792,1650.4724998474576
421,8774,9737,7109,19788,1650.4736248465042
422,8774,9737,7078,19783,1650.4747498455508
423,8774,9737,7048,19778,1650.4758748445975
424,8774,9737,7017,19774,1650.476999843644
425,8774,9737,6987,19769,1650.4781248426907
426,8774,9737,6956,19764,1650.4792498417373
427,8774,9737,6926,19760,1650.480374840784
428,8774,9737,6895,19755,1650.4814998398306
429,8774,9737,6864,19750,1650.4826248388772
430,8774,9737,6834,19745,1650.4837498379238
431,8774,9737,6803,19741,1650.4848748369702
432,8774,9737,6773,19736,1650.4859998360168
433,8774,9737,6742,19731,1650.4871248350635
434,8774,9737,6712,19727,1650.48824983411
435,8774,9737,6681,19722,1650.4893748331567
436,8774,9737,6650,19717,1650.4904998322033
437,8774,9737,6620,19712,1650.49162483125
438,8774,9737,6589,19708,1650.4927498302966
439,8774,9737,6559,19703,1650.4938748293432
440,8774,9737,6528,19698,1650.4949998283898
441,8774,9737,6497,19694,1650.4961248274365
442,8774,9737,6467,19689,1650.497249826483
443,8774,9737,6436,19684,1650.4983748255297
444,8579,9502,6962,19679,1650.4994998245763
445,8579,9502,6933,19675,1650.500624823623
446,8579,9502,6904,19670,1650.5017498226696
447,8579,9502,6876,19665,1650.5028748217162
448,8579,9502,6847,19661,1650.5039998207626
449,8579,9502,6818,19656,1650.5051248198092
450,8579,9502,6790,19651,1650.5062498188558
451,8579,9502,6761,19646,1650.5073748179025
452,8579,9502,6732,19642,1650.508499816949
453,8579,9502,6704,19637,1650.5096248159957
454,8579,9502,6675,19632,1650.5107498150423
455,8579,9502,6646,19628,1650.511874814089
456,8579,9502,6618,19623,1650.5129998131356
457,8579,9502,6589,19618,1650.5141248121822
458,8579,9502,6560,19613,1650.5152498112288
459,8579,9502,6532,19609,1650.5163748102755
460,8579,9502,6503,19604,1650.517499809322
461,8579,9502,6474,19599,1650.5186248083687
462,8579,9502,6446,19595,1650.5197498074153
463,8579,9502,6417,19590,1650.520874806462
464,8579,9502,6388,19585,1650.5219998055084
465,8579,9502,6360,19580,1650.523124804555
466,8579,9502,6331,19576,1650.5242498036016
467,8579,9502,6302,19571,1650.5253748026482
468,8579,9502,6273,19566,1650.5264998016949
469,8579,9502,6245,19562,1650.5276248007415
470,8579,9502,6216,19557,1650.528749799788
471,8579,9502,6187,19552,1650.5298747988347
472,8579,9502,6159,19547,1650.5309997978813
473,8579,9502,6130,19543,1650.532124796928
474,8579,9502,6101,19538,1650.5332497959746
475,8579,9502,6073,19533,1650.5343747950212
476,8579,9502,6044,19529,1650.5354997940678
477,8579,9502,6015,19524,1650.5366247931145
478,8579,9502,5987,19519,1650.537749792161
479,8579,9502,5958,19514,1650.5388747912077
480,8579,9502,5929,19510,1650.5399997902541
481,8579,9502,5901,19505,1650.5411247893007
482,8579,9502,5872,19500,1650.5422497883474
483,8579,9502,5843,19496,1650.543374787394
484,8579,9502,5815,19491,1650.5444997864406
485,8579,9502,5786,19486,1650.5456247854872
486,8579,9502,5757,19482,1650.5467497845339
487,8579,9502,5729,19477,1650.5478747835805
488,8384,9267,6198,19472,1650.548999782627
489,8384,9267,6172,19467,1650.5501247816737
490,8384,9267,6146,19463,1650.5512497807204
491,8384,9267,6120,19458,1650.552374779767
492,8384,9267,6095,19453,1650.5534997788136
493,8384,9267,6069,19449,1650.5546247778602
494,8384,9267,6043,19444,1650.5557497769069
495,8384,9267,6017,19439,1650.5568747759535
496,8384,9267,5991,19434,1650.557999775
497,8384,9267,5965,19430,1650.5591247740465
498,8384,9267,5939,19425,1650.5602497730931
499,8384,9267,5913,19420,1650.5613747721397
500,8384,9267,5888,19416,1650.5624997711864
501,8384,9267,5862,19411,1650.563624770233
502,8384,9267,5836,19406,1650.5647497692796
503,8384,9267,5810,19401,1650.5658747683262
504,8384,9267,5784,19397,1650.5669997673729
505,8384,9267,5758,19392,1650.5681247664195
506,8384,9267,5732,19387,1650.569249765466
507,8384,9267,5707,19383,1650.5703747645127
508,8384,9267,5681,19378,1650.5714997635594
509,8384,9267,5655,19373,1650.572624762606
510,8384,9267,5629,19368,1650.5737497616526
511,8384,9267,5603,19364,1650.5748747606992
512,8384,9267,5577,19359,1650.5759997597459
513,8384,9267,5551,19354,1650.5771247587923
514,8384,9267,5525,19350,1650.5782497578389
515,8384,9267,5500,19345,1650.5793747568855
516,8384,9267,5474,19340,1650.5804997559321
517,8384,9267,5448,19335,1650.5816247549787
518,8384,9267,5422,19331,1650.5827497540254
519,8384,9267,5396,19326,1650.583874753072
520,8384,9267,5370,19321,1650.5849997521186
521,8384,9267,5344,19317,1650.5861247511652
522,8384,9267,5319,19312,1650.5872497502119
523,8384,9267,5293,19307,1650.5883747492585
524,8384,9267,5267,19302,1650.5894997483051
525,8384,9267,5241,19298,1650.5906247473517
526,8384,9267,5215,19293,1650.5917497463984
527,8384,9267,5189,19288,1650.592874745445
528,8182,9024,5625,19284,1650.5939997444916
529,8182,9024,5601,19279,1650.595124743538
530,8182,9024,5578,19274,1650.5962497425846
531,8182,9024,5554,19269,1650.5973747416313
532,8182,9024,5530,19265,1650.5984997406779
533,8182,9024,5507,19260,1650.5996247397245
534,8182,9024,5483,19255,1650.6007497387711
535,8182,9024,5460,19251,1650.6018747378178
536,8182,9024,5436,19246,1650.6029997368644
537,8182,9024,5412,19241,1650.604124735911
538,8182,9024,5389,19237,1650.6052497349576
539,8182,9024,5365,19232,1650.6063747340042
540,8182,9024,5342,19227,1650.6074997330509
541,8182,9024,5318,19222,1650.6086247320975
542,8182,9024,5294,19218,1650.6097497311441
543,8182,9024,5271,19213,1650.6108747301907
544,8182,9024,5247,19208,1650.6119997292374
545,8182,9024,5223,19204,1650.6131247282838
546,8182,9024,5200,19199,1650.6142497273304
547,8182,9024,5176,19194,1650.615374726377
548,8182,9024,5153,19189,1650.6164997254236
549,8182,9024,5129,19185,1650.6176247244703
550,8182,9024,5105,19180,1650.6187497235169
551,8182,9024,5082,19175,1650.6198747225635
552,8182,9024,5058,19171,1650.6209997216101
553,8182,9024,5034,19166,1650.6221247206568
554,8182,9024,5011,19161,1650.6232497197034
555,8182,9024,4987,19156,1650.62437471875
556,8182,9024,4964,19152,1650.6254997177966
557,8182,9024,4940,19147,1650.6266247168433
558,8182,9024,4916,19142,1650.6277497158899
559,8182,9024,4893,19138,1650.6288747149365
560,8182,9024,4869,19133,1650.6299997139831
561,8182,9024,4846,19128,1650.6311247130297
562,8182,9024,4822,19123,1650.6322497120761
563,8182,9024,4798,19119,1650.6333747111228
564,8182,9024,4775,19114,1650.6344997101694
565,8182,9024,4751,19109,1650.635624709216
566,8182,9024,4727,19105,1650.6367497082626
567,8182,9024,4704,19100,1650.6378747073093
568,8182,9024,4680,19095,1650.638999706356
569,8182,9024,4657,19090,1650.6401247054025
570,8182,9024,4633,19086,1650.6412497044491
571,8182,9024,4609,19081,1650.6423747034958
572,8182,9024,4586,19076,1650.6434997025424
573,8182,9024,4562,19072,1650.644624701589
574,8182,9024,4538,19067,1650.6457497006356
575,8182,9024,4515,19062,1650.6468746996823
576,8182,9024,4491,19057,1650.6479996987289
577,8182,9024,4468,19053,1650.6491246977755
578,8182,9024,4444,19048,1650.650249696822
579,8182,9024,4420,19043,1650.6513746958685
580,8182,9024,4397,19039,1650.6524996949152
581,8182,9024,4373,19034,1650.6536246939618
582,8182,9024,4350,19029,1650.6547496930084
583,8182,9024,4326,19024,1650.655874692055
584,8182,9024,4302,19020,1650.6569996911016
585,8182,9024,4279,19015,1650.6581246901483
586,8182,9024,4255,19010,1650.659249689195
587,8182,9024,4231,19006,1650.6603746882415
588,8182,9024,4208,19001,1650.6614996872881
589,8182,9024,4184,18996,1650.6626246863348
590,8182,9024,4161,18992,1650.6637496853814
591,8182,9024,4137,18987,1650.664874684428
592,8008,8816,4497,18982,1650.6659996834746
593,8008,8816,4476,18977,1650.6671246825213
594,8008,8816,4455,18973,1650.6682496815677
595,8008,8816,4434,18968,1650.6693746806143
596,8008,8816,4413,18963,1650.670499679661
597,8008,8816,4392,18959,1650.6716246787075
598,8008,8816,4370,18954,1650.6727496777542
599,8008,8816,4349,18949,1650.6738746768008
600,8008,8816,4328,18944,1650.6749996758474
601,8008,8816,4307,18940,1650.676124674894
602,8008,8816,4286,18935,1650.6772496739407
603,8008,8816,4265,18930,1650.6783746729873
604,8008,8816,4243,18926,1650.679499672034
605,8008,8816,4222,18921,1650.6806246710805
606,8008,8816,4201,18916,1650.6817496701271
607,8008,8816,4180,18911,1650.6828746691738
608,8008,8816,4159,18907,1650.6839996682204
609,8008,8816,4138,18902,1650.685124667267
610,8008,8816,4116,18897,1650.6862496663134
611,8008,8816,4095,18893,1650.68737466536
612,8008,8816,4074,18888,1650.6884996644067
613,8008,8816,4053,18883,1650.6896246634533
614,8008,8816,4032,18878,1650.6907496625
615,8008,8816,4011,18874,1650.6918746615465
616,8008,8816,3989,18869,1650.6929996605932
617,8008,8816,3968,18864,1650.6941246596398
618,8008,8816,3947,18860,1650.6952496586864
619,8008,8816,3926,18855,1650.696374657733
620,8008,8816,3905,18850,1650.6974996567797
621,8008,8816,3884,18845,1650.6986246558263
622,8008,8816,3862,18841,1650.699749654873
623,8008,8816,3841,18836,1650.7008746539195
624,8008,8816,3820,18831,1650.7019996529662
625,8008,8816,3799,18827,1650.7031246520128
626,8008,8816,3778,18822,1650.7042496510594
627,8008,8816,3757,18817,1650.7053746501058
628,8008,8816,3735,18812,1650.7064996491524
629,8008,8816,3714,18808,1650.707624648199
630,8008,8816,3693,18803,1650.7087496472457
631,8008,8816,3672,18798,1650.7098746462923
632,7834,8608,3988,18794,1650.710999645339
633,7834,8608,3969,18789,1650.7121246443855
634,7834,8608,3949,18784,1650.7132496434322
635,7834,8608,3930,18779,1650.7143746424788
636,7834,8608,3911,18775,1650.7154996415254
637,7834,8608,3892,18770,1650.716624640572
638,7834,8608,3872,18765,1650.7177496396187
639,7834,8608,3853,18761,1650.7188746386653
640,7834,8608,3834,18756,1650.719999637712
641,7834,8608,3814,18751,1650.7211246367585
642,7834,8608,3795,18746,1650.7222496358052
643,7834,8608,3776,18742,1650.7233746348516
644,7834,8608,3756,18737,1650.7244996338982
645,7834,8608,3737,18732,1650.7256246329448
646,7834,8608,3718,18728,1650.7267496319914
647,7834,8608,3698,18723,1650.727874631038
648,7834,8608,3679,18718,1650.7289996300847
649,7834,8608,3660,18714,1650.7301246291313
650,7834,8608,3640,18709,1650.731249628178
651,7834,8608,3621,18704,1650.7323746272245
652,7834,8608,3602,18699,1650.7334996262712
653,7834,8608,3582,18695,1650.7346246253178
654,7834,8608,3563,18690,1650.7357496243644
655,7834,8608,3544,18685,1650.736874623411
656,7834,8608,3524,18681,1650.7379996224577
657,7834,8608,3505,18676,1650.7391246215043
658,7834,8608,3486,18671,1650.740249620551
659,7834,8608,3467,18666,1650.7413746195973
660,7834,8608,3447,18662,1650.742499618644
661,7834,8608,3428,18657,1650.7436246176906
662,7834,8608,3409,18652,1650.7447496167372
663,7834,8608,3389,18648,1650.7458746157838
664,7834,8608,3370,18643,1650.7469996148304
665,7834,8608,3351,18638,1650.748124613877
666,7834,8608,3331,18633,1650.7492496129237
667,7834,8608,3312,18629,1650.7503746119703
668,7834,8608,3293,18624,1650.751499611017
669,7834,8608,3273,18619,1650.7526246100635
670,7834,8608,3254,18615,1650.7537496091102
671,7834,8608,3235,18610,1650.7548746081568
672,7834,8608,3215,18605,1650.7559996072034
673,7834,8608,3196,18600,1650.75712460625
674,7834,8608,3177,18596,1650.7582496052967
675,7834,8608,3157,18591,1650.7593746043433
676,7834,8608,3138,18586,1650.7604996033897
677,7834,8608,3119,18582,1650.7616246024363
678,7834,8608,3099,18577,1650.762749601483
679,7834,8608,3080,18572,1650.7638746005296
680,7834,8608,3061,18567,1650.7649995995762
681,7834,8608,3042,18563,1650.7661245986228
682,7834,8608,3022,18558,1650.7672495976694
683,7834,8608,3003,18553,1650.768374596716
684,7660,8400,3295,18549,1650.7694995957627
685,7660,8400,3277,18544,1650.7706245948093
686,7660,8400,3259,18539,1650.771749593856
687,7660,8400,3241,18534,1650.7728745929026
688,7660,8400,3223,18530,1650.7739995919492
689,7660,8400,3205,18525,1650.7751245909958
690,7660,8400,3187,18520,1650.7762495900424
691,7660,8400,3169,18516,1650.777374589089
692,7660,8400,3152,18511,1650.7784995881354
693,7660,8400,3134,18506,1650.779624587182
694,7660,8400,3116,18501,1650.7807495862287
695,7660,8400,3098,18497,1650.7818745852753
696,7660,8400,3080,18492,1650.782999584322
697,7660,8400,3062,18487,1650.7841245833686
698,7660,8400,3044,18483,1650.7852495824152
699,7660,8400,3026,18478,1650.7863745814618
700,7660,8400,3009,18473,1650.7874995805084
701,7660,8400,2991,18469,1650.788624579555
702,7660,8400,2973,18464,1650.7897495786017
703,7660,8400,2955,18459,1650.7908745776483
704,7660,8400,2937,18454,1650.791999576695
705,7660,8400,2919,18450,1650.7931245757416
706,7660,8400,2901,18445,1650.7942495747882
707,7660,8400,2883,18440,1650.7953745738348
708,7660,8400,2866,18436,1650.7964995728812
709,7660,8400,2848,18431,1650.7976245719278
710,7660,8400,2830,18426,1650.7987495709745
711,7660,8400,2812,18421,1650.799874570021
712,7660,8400,2794,18417,1650.8009995690677
713,7660,8400,2776,18412,1650.8021245681143
714,7660,8400,2758,18407,1650.803249567161
715,7660,8400,2740,18403,1650.8043745662076
716,7660,8400,2723,18398,1650.8054995652542
717,7660,8400,2705,18393,1650.8066245643008
718,7660,8400,2687,18388,1650.8077495633474
719,7660,8400,2669,18384,1650.808874562394
720,7660,8400,2651,18379,1650.8099995614407
721,7660,8400,2633,18374,1650.8111245604873
722,7660,8400,2615,18370,1650.812249559534
723,7660,8400,2597,18365,1650.8133745585806
724,7660,8400,2580,18360,1650.814499557627
725,7660,8400,2562,18355,1650.8156245566736
726,7660,8400,2544,18351,1650.8167495557202
727,7660,8400,2526,18346,1650.8178745547668
728,7660,8400,2508,18341,1650.8189995538135
729,7660,8400,2490,18337,1650.82012455286
730,7660,8400,2472,18332,1650.8212495519067
731,7660,8400,2454,18327,1650.8223745509533
732,7486,8192,11163,19720,1650.8235
733,7486,8192,11121,19715,1650.82462498125
734,7486,8192,11078,19710,1650.8257499625
735,7486,8192,11035,19705,1650.82687494375
736,7486,8192,10992,19700,1650.8279999249999
737,7486,8192,10950,19695,1650.82912490625
738,7486,8192,10907,19690,1650.8302498875
739,7486,8192,10864,19685,1650.83137486875
740,7486,8192,10821,19680,1650.83249985
741,7486,8192,10779,19675,1650.83362483125
742,7486,8192,10736,19671,1650.8347498125
743,7486,8192,10693,19666,1650.83587479375
744,7486,8192,10651,19661,1650.836999775
745,7486,8192,10608,19656,1650.83812475625
746,7486,8192,10565,19651,1650.8392497375
747,7486,8192,10522,19646,1650.84037471875
748,7486,8192,10480,19641,1650.8414997
749,7486,8192,10437,19636,1650.84262468125
750,7486,8192,10394,19631,1650.8437496625
751,7486,8192,10351,19626,1650.84487464375
752,7486,8192,10309,19621,1650.8459996249999
753,7486,8192,10266,19616,1650.84712460625
754,7486,8192,10223,19611,1650.8482495875
755,7486,8192,10180,19606,1650.84937456875
756,7312,7984,10893,19702,1650.8505
757,7312,7984,10854,19696,1650.8516249982142
758,7312,7984,10815,19690,1650.8527499964287
759,7312,7984,10776,19685,1650.8538749946429
760,7312,7984,10736,19679,1650.854999992857
761,7312,7984,10697,19674,1650.8561249910715
762,7312,7984,10658,19668,1650.8572499892857
763,7312,7984,10619,19662,1650.8583749875
764,7312,7984,10580,19657,1650.8594999857144
765,7312,7984,10541,19651,1650.8606249839286
766,7312,7984,10502,19645,1650.8617499821428
767,7312,7984,10463,19640,1650.8628749803572
768,7312,7984,10423,19634,1650.8639999785714
769,7312,7984,10384,19628,1650.8651249767856
770,7312,7984,10345,19623,1650.866249975
771,7312,7984,10306,19617,1650.8673749732143
772,7312,7984,10267,19612,1650.8684999714285
773,7312,7984,10228,19606,1650.869624969643
774,7312,7984,10189,19600,1650.8707499678571
775,7312,7984,10150,19595,1650.8718749660713
776,7312,7984,10110,19589,1650.8729999642858
777,7312,7984,10071,19583,1650.8741249625
778,7312,7984,10032,19578,1650.8752499607142
779,7312,7984,9993,19572,1650.8763749589286
780,7312,7984,9954,19566,1650.8774999571428
781,7312,7984,9915,19561,1650.878624955357
782,7312,7984,9876,19555,1650.8797499535715
783,7312,7984,9837,19550,1650.8808749517857
784,7312,7984,9797,19544,1650.88199995
785,7312,7984,9758,19538,1650.8831249482143
786,7312,7984,9719,19533,1650.8842499464286
787,7312,7984,9680,19527,1650.8853749446428
788,7312,7984,9641,19521,1650.8864999428572
789,7312,7984,9602,19516,1650.8876249410714
790,7312,7984,9563,19510,1650.8887499392856
791,7312,7984,9524,19504,1650.8898749375
792,7312,7984,9484,19499,1650.8909999357143
793,7312,7984,9445,19493,1650.8921249339285
794,7312,7984,9406,19487,1650.893249932143
795,7312,7984,9367,19482,1650.8943749303571
796,7312,7984,9328,19476,1650.8954999285713
797,7312,7984,9289,19471,1650.8966249267858
798,7312,7984,9250,19465,1650.897749925
799,7312,7984,9211,19459,1650.8988749232144
800,7312,7984,9171,19454,1650.8999999214286
801,7312,7984,9132,19448,1650.9011249196428
802,7312,7984,9093,19442,1650.9022499178573
803,7312,7984,9054,19437,1650.9033749160715
804,7138,7776,9693,19431,1650.9044999142857
805,7138,7776,9658,19425,1650.9056249125001
806,7138,7776,9622,19420,1650.9067499107143
807,7138,7776,9587,19414,1650.9078749089285
808,7138,7776,9552,19409,1650.908999907143
809,7138,7776,9516,19403,1650.9101249053572
810,7138,7776,9481,19397,1650.9112499035714
811,7138,7776,9445,19392,1650.9123749017858
812,7138,7776,9410,19386,1650.9134999
813,7138,7776,9374,19380,1650.9146248982142
814,7138,7776,9339,19375,1650.9157498964287
815,7138,7776,9303,19369,1650.916874894643
816,7138,7776,9268,19363,1650.917999892857
817,7138,7776,9232,19358,1650.9191248910715
818,7138,7776,9197,19352,1650.9202498892857
819,7138,7776,9161,19347,1650.9213748875
820,7138,7776,9126,19341,1650.9224998857144
821,7138,7776,9090,19335,1650.9236248839286
822,7138,7776,9055,19330,1650.9247498821428
823,7138,7776,9019,19324,1650.9258748803572
824,7138,7776,8984,19318,1650.9269998785715
825,7138,7776,8948,19313,1650.9281248767857
826,7138,7776,8913,19307,1650.929249875
827,7138,7776,8877,19301,1650.9303748732143
828,7138,7776,8842,19296,1650.9314998714285
829,7138,7776,8806,19290,1650.932624869643
830,7138,7776,8771,19285,1650.9337498678572
831,7138,7776,8735,19279,1650.9348748660714
832,7138,7776,8700,19273,1650.9359998642858
833,7138,7776,8664,19268,1650.9371248625
834,7138,7776,8629,19262,1650.9382498607142
835,7138,7776,8593,19256,1650.9393748589287
836,7138,7776,8558,19251,1650.9404998571429
837,7138,7776,8523,19245,1650.941624855357
838,7138,7776,8487,19239,1650.9427498535715
839,7138,7776,8452,19234,1650.9438748517857
840,7138,7776,8416,19228,1650.94499985
841,7138,7776,8381,19222,1650.9461248482144
842,7138,7776,8345,19217,1650.9472498464286
843,7138,7776,8310,19211,1650.9483748446428
844,7138,7776,8274,19206,1650.9494998428572
845,7138,7776,8239,19200,1650.9506248410714
846,7138,7776,8203,19194,1650.9517498392856
847,7138,7776,8168,19189,1650.9528748375
848,7138,7776,8132,19183,1650.9539998357143
849,7138,7776,8097,19177,1650.9551248339285
850,7138,7776,8061,19172,1650.956249832143
851,7138,7776,8026,19166,1650.9573748303571
852,7138,7776,7990,19160,1650.9584998285713
853,7138,7776,7955,19155,1650.9596248267858
854,7138,7776,7919,19149,1650.960749825
855,7138,7776,7884,19144,1650.9618748232142
856,6964,7568,8495,19138,1650.9629998214286
857,6964,7568,8462,19132,1650.9641248196428
858,6964,7568,8429,19127,1650.965249817857
859,6964,7568,8397,19121,1650.9663748160715
860,6964,7568,8364,19115,1650.9674998142857
861,6964,7568,8331,19110,1650.9686248125
862,6964,7568,8298,19104,1650.9697498107143
863,6964,7568,8265,19098,1650.9708748089286
864,6964,7568,8233,19093,1650.9719998071428
865,6964,7568,8200,19087,1650.9731248053572
866,6964,7568,8167,19082,1650.9742498035714
867,6964,7568,8134,19076,1650.9753748017856
868,6964,7568,8102,19070,1650.9764998
869,6964,7568,8069,19065,1650.9776247982143
870,6964,7568,8036,19059,1650.9787497964285
871,6964,7568,8003,19053,1650.979874794643
872,6964,7568,7970,19048,1650.9809997928571
873,6964,7568,7938,19042,1650.9821247910713
874,6964,7568,7905,19036,1650.9832497892858
875,6964,7568,7872,19031,1650.9843747875
876,6964,7568,7839,19025,1650.9854997857142
877,6964,7568,7807,19020,1650.9866247839286
878,6964,7568,7774,19014,1650.9877497821428
879,6964,7568,7741,19008,1650.988874780357
880,6964,7568,7708,19003,1650.9899997785715
881,6964,7568,7675,18997,1650.9911247767857
882,6964,7568,7643,18991,1650.992249775
883,6964,7568,7610,18986,1650.9933747732143
884,6964,7568,7577,18980,1650.9944997714285
885,6964,7568,7544,18974,1650.995624769643
886,6964,7568,7511,18969,1650.9967497678572
887,6964,7568,7479,18963,1650.9978747660714
888,6964,7568,7446,18957,1650.9989997642858
889,6964,7568,7413,18952,1651.0001247625
890,6964,7568,7380,18946,1651.0012497607142
891,6964,7568,7348,18941,1651.0023747589287
892,6964,7568,7315,18935,1651.003499757143
893,6964,7568,7282,18929,1651.004624755357
894,6964,7568,7249,18924,1651.0057497535715
895,6964,7568,7216,18918,1651.0068747517857
896,6964,7568,7184,18912,1651.00799975
897,6964,7568,7151,18907,1651.0091247482144
898,6964,7568,7118,18901,1651.0102497464286
899,6964,7568,7085,18895,1651.0113747446428
900,6964,7568,7053,18890,1651.0124997428572
901,6964,7568,7020,18884,1651.0136247410715
902,6964,7568,6987,18879,1651.0147497392857
903,6964,7568,6954,18873,1651.0158747375
904,6964,7568,6921,18867,1651.0169997357143
905,6964,7568,6889,18862,1651.0181247339285
906,6964,7568,6856,18856,1651.019249732143
907,6964,7568,6823,18850,1651.0203747303572
908,6790,7360,7364,18845,1651.0214997285714
909,6790,7360,7335,18839,1651.0226247267858
910,6790,7360,7306,18833,1651.023749725
911,6790,7360,7277,18828,1651.0248747232142
912,6790,7360,7248,18822,1651.0259997214287
913,6790,7360,7219,18817,1651.0271247196429
914,6790,7360,7189,18811,1651.028249717857
915,6790,7360,7160,18805,1651.0293747160715
916,6790,7360,7131,18800,1651.0304997142857
917,6790,7360,7102,18794,1651.0316247125
918,6790,7360,7073,18788,1651.0327497107144
919,6790,7360,7044,18783,1651.0338747089286
920,6790,7360,7015,18777,1651.0349997071428
921,6790,7360,6986,18771,1651.0361247053572
922,6790,7360,6957,18766,1651.0372497035714
923,6790,7360,6928,18760,1651.0383747017856
924,6790,7360,6899,18754,1651.0394997
925,6790,7360,6870,18749,1651.0406246982143
926,6790,7360,6841,18743,1651.0417496964285
927,6790,7360,6812,18738,1651.042874694643
928,6790,7360,6783,18732,1651.0439996928571
929,6790,7360,6754,18726,1651.0451246910714
930,6790,7360,6725,18721,1651.0462496892858
931,6790,7360,6696,18715,1651.0473746875
932,6790,7360,6667,18709,1651.0484996857142
933,6790,7360,6638,18704,1651.0496246839286
934,6790,7360,6608,18698,1651.0507496821429
935,6790,7360,6579,18692,1651.051874680357
936,6790,7360,6550,18687,1651.0529996785715
937,6790,7360,6521,18681,1651.0541246767857
938,6790,7360,6492,18676,1651.055249675
939,6790,7360,6463,18670,1651.0563746732143
940,6790,7360,6434,18664,1651.0574996714286
941,6790,7360,6405,18659,1651.0586246696428
942,6790,7360,6376,18653,1651.0597496678572
943,6790,7360,6347,18647,1651.0608746660714
944,6790,7360,6318,18642,1651.0619996642856
945,6790,7360,6289,18636,1651.0631246625
946,6790,7360,6260,18630,1651.0642496607143
947,6790,7360,6231,18625,1651.0653746589285
948,6790,7360,6202,18619,1651.066499657143
949,6790,7360,6173,18614,1651.0676246553571
950,6790,7360,6144,18608,1651.0687496535713
951,6790,7360,6115,18602,1651.0698746517858
952,6790,7360,6086,18597,1651.07099965
953,6790,7360,6057,18591,1651.0721246482142
954,6790,7360,6028,18585,1651.0732496464286
955,6790,7360,5998,18580,1651.0743746446428
956,6616,7152,6484,18574,1651.075499642857
957,6616,7152,6457,18568,1651.0766246410715
958,6616,7152,6431,18563,1651.0777496392857
959,6616,7152,6404,18557,1651.0788746375
960,6616,7152,6378,18552,1651.0799996357143
961,6616,7152,6351,18546,1651.0811246339285
962,6616,7152,6325,18540,1651.0822496321427
963,6616,7152,6298,18535,1651.0833746303572
964,6616,7152,6271,18529,1651.0844996285714
965,6616,7152,6245,18523,1651.0856246267856
966,6616,7152,6218,18518,1651.086749625
967,6616,7152,6192,18512,1651.0878746232142
968,6616,7152,6165,18506,1651.0889996214287
969,6616,7152,6139,18501,1651.090124619643
970,6616,7152,6112,18495,1651.091249617857
971,6616,7152,6086,18489,1651.0923746160715
972,6616,7152,6059,18484,1651.0934996142857
973,6616,7152,6033,18478,1651.0946246125
974,6616,7152,6006,18473,1651.0957496107144
975,6616,7152,5979,18467,1651.0968746089286
976,6616,7152,5953,18461,1651.0979996071428
977,6616,7152,5926,18456,1651.0991246053572
978,6616,7152,5900,18450,1651.1002496035715
979,6616,7152,5873,18444,1651.1013746017857
980,6616,7152,5847,18439,1651.1024996
981,6616,7152,5820,18433,1651.1036245982143
982,6616,7152,5794,18427,1651.1047495964285
983,6616,7152,5767,18422,1651.105874594643
984,6616,7152,5741,18416,1651.1069995928572
985,6616,7152,5714,18411,1651.1081245910714
986,6616,7152,5688,18405,1651.1092495892858
987,6616,7152,5661,18399,1651.1103745875
988,6616,7152,5634,18394,1651.1114995857142
989,6616,7152,5608,18388,1651.1126245839287
990,6616,7152,5581,18382,1651.1137495821429
991,6616,7152,5555,18377,1651.114874580357
992,6616,7152,5528,18371,1651.1159995785715
993,6616,7152,5502,18365,1651.1171245767857
994,6616,7152,5475,18360,1651.118249575
995,6616,7152,5449,18354,1651.1193745732144
996,6616,7152,5422,18349,1651.1204995714286
997,6616,7152,5396,18343,1651.1216245696428
998,6616,7152,5369,18337,1651.1227495678572
999,6616,7152,5342,18332,1651.1238745660714
1000,6616,7152,5316,18326,1651.1249995642856
1001,6616,7152,5289,18320,1651.1261245625
1002,6616,7152,5263,18315,1651.1272495607143
1003,6616,7152,5236,18309,1651.1283745589285
1004,6616,7152,5210,18303,1651.129499557143
1005,6616,7152,5183,18298,1651.1306245553571
1006,6616,7152,5157,18292,1651.1317495535714
1007,6616,7152,5130,18287,1651.1328745517858
1008,6434,6939,5590,18510,1651.134
1009,6434,6939,5566,18504,1651.13512499775
1010,6434,6939,5543,18498,1651.1362499955
1011,6434,6939,5519,18492,1651.13737499325
1012,6434,6939,5495,18486,1651.1384999910001
1013,6434,6939,5472,18480,1651.13962498875
1014,6434,6939,5448,18475,1651.1407499865
1015,6434,6939,5424,18469,1651.14187498425
1016,6434,6939,5401,18463,1651.142999982
1017,6434,6939,5377,18457,1651.14412497975
1018,6434,6939,5353,18451,1651.1452499775
1019,6434,6939,5330,18446,1651.14637497525
1020,6434,6939,5306,18440,1651.147499973
1021,6434,6939,5283,18434,1651.14862497075
1022,6434,6939,5259,18428,1651.1497499685
1023,6434,6939,5235,18422,1651.15087496625
1024,6434,6939,5212,18416,1651.151999964
1025,6434,6939,5188,18411,1651.15312496175
1026,6434,6939,5164,18405,1651.1542499595
1027,6434,6939,5141,18399,1651.15537495725
1028,6434,6939,5117,18393,1651.156499955
1029,6434,6939,5093,18387,1651.15762495275
1030,6434,6939,5070,18381,1651.1587499505
1031,6434,6939,5046,18376,1651.15987494825
1032,6434,6939,5022,18370,1651.160999946
1033,6434,6939,4999,18364,1651.16212494375
1034,6434,6939,4975,18358,1651.1632499415
1035,6434,6939,4951,18352,1651.16437493925
1036,6434,6939,4928,18346,1651.165499937
1037,6434,6939,4904,18341,1651.16662493475
1038,6434,6939,4880,18335,1651.1677499325
1039,6434,6939,4857,18329,1651.16887493025
1040,6434,6939,4833,18323,1651.169999928
1041,6434,6939,4809,18317,1651.17112492575
1042,6434,6939,4786,18311,1651.1722499235
1043,6434,6939,4762,18306,1651.17337492125
1044,6434,6939,4739,18300,1651.174499919
1045,6434,6939,4715,18294,1651.17562491675
1046,6434,6939,4691,18288,1651.1767499145
1047,6434,6939,4668,18282,1651.17787491225
1048,6434,6939,4644,18276,1651.17899991
1049,6434,6939,4620,18271,1651.18012490775
1050,6434,6939,4597,18265,1651.1812499055
1051,6434,6939,4573,18259,1651.18237490325
1052,6434,6939,4549,18253,1651.183499901
1053,6434,6939,4526,18247,1651.18462489875
1054,6434,6939,4502,18242,1651.1857498965
1055,6434,6939,4478,18236,1651.18687489425
1056,6434,6939,4455,18230,1651.1879998919999
1057,6434,6939,4431,18224,1651.18912488975
1058,6434,6939,4407,18218,1651.1902498875
1059,6434,6939,4384,18212,1651.19137488525
1060,6434,6939,4360,18207,1651.192499883
1061,6434,6939,4336,18201,1651.19362488075
1062,6434,6939,4313,18195,1651.1947498785
1063,6434,6939,4289,18189,1651.19587487625
1064,6434,6939,4265,18183,1651.196999874
1065,6434,6939,4242,18177,1651.19812487175
1066,6434,6939,4218,18172,1651.1992498695
1067,6434,6939,4195,18166,1651.20037486725
1068,6281,6758,4547,18160,1651.201499865
1069,6281,6758,4526,18154,1651.2026248627499
1070,6281,6758,4505,18148,1651.2037498605
1071,6281,6758,4484,18142,1651.20487485825
1072,6281,6758,4463,18137,1651.205999856
1073,6281,6758,4442,18131,1651.20712485375
1074,6281,6758,4421,18125,1651.2082498514999
1075,6281,6758,4399,18119,1651.20937484925
1076,6281,6758,4378,18113,1651.210499847
1077,6281,6758,4357,18107,1651.21162484475
1078,6281,6758,4336,18102,1651.2127498425
1079,6281,6758,4315,18096,1651.21387484025
1080,6281,6758,4294,18090,1651.214999838
1081,6281,6758,4273,18084,1651.21612483575
1082,6281,6758,4252,18078,1651.2172498334999
1083,6281,6758,4231,18072,1651.21837483125
1084,6281,6758,4209,18067,1651.219499829
1085,6281,6758,4188,18061,1651.22062482675
1086,6281,6758,4167,18055,1651.2217498245
1087,6281,6758,4146,18049,1651.2228748222499
1088,6281,6758,4125,18043,1651.22399982
1089,6281,6758,4104,18038,1651.22512481775
1090,6281,6758,4083,18032,1651.2262498155
1091,6281,6758,4062,18026,1651.22737481325
1092,6281,6758,4040,18020,1651.228499811
1093,6281,6758,4019,18014,1651.22962480875
1094,6281,6758,3998,18008,1651.2307498065
1095,6281,6758,3977,18003,1651.2318748042499
1096,6281,6758,3956,17997,1651.232999802
1097,6281,6758,3935,17991,1651.23412479975
1098,6281,6758,3914,17985,1651.2352497975
1099,6281,6758,3893,17979,1651.23637479525
1100,6281,6758,3871,17973,1651.2374997929999
1101,6281,6758,3850,17968,1651.23862479075
1102,6281,6758,3829,17962,1651.2397497885
1103,6281,6758,3808,17956,1651.24087478625
1104,6281,6758,3787,17950,1651.241999784
1105,6281,6758,3766,17944,1651.2431247817499
1106,6281,6758,3745,17938,1651.2442497795
1107,6281,6758,3724,17933,1651.24537477725
1108,6281,6758,3703,17927,1651.2464997749998
1109,6281,6758,3681,17921,1651.24762477275
1110,6281,6758,3660,17915,1651.2487497705
1111,6281,6758,3639,17909,1651.24987476825
1112,6128,6577,3954,17903,1651.250999766
1113,6128,6577,3934,17898,1651.2521247637499
1114,6128,6577,3914,17892,1651.2532497615
1115,6128,6577,3895,17886,1651.25437475925
1116,6128,6577,3875,17880,1651.255499757
1117,6128,6577,3856,17874,1651.25662475475
1118,6128,6577,3836,17868,1651.2577497524999
1119,6128,6577,3816,17863,1651.25887475025
1120,6128,6577,3797,17857,1651.259999748
1121,6128,6577,3777,17851,1651.26112474575
1122,6128,6577,3757,17845,1651.2622497435
1123,6128,6577,3738,17839,1651.26337474125
1124,6128,6577,3718,17834,1651.264499739
1125,6128,6577,3699,17828,1651.26562473675
1126,6128,6577,3679,17822,1651.2667497344999
1127,6128,6577,3659,17816,1651.26787473225
1128,6128,6577,3640,17810,1651.26899973
1129,6128,6577,3620,17804,1651.27012472775
1130,6128,6577,3600,17799,1651.2712497255
1131,6128,6577,3581,17793,1651.2723747232499
1132,6128,6577,3561,17787,1651.273499721
1133,6128,6577,3542,17781,1651.27462471875
1134,6128,6577,3522,17775,1651.2757497165
1135,6128,6577,3502,17769,1651.27687471425
1136,6128,6577,3483,17764,1651.2779997119999
1137,6128,6577,3463,17758,1651.27912470975
1138,6128,6577,3444,17752,1651.2802497075
1139,6128,6577,3424,17746,1651.2813747052498
1140,6128,6577,3404,17740,1651.282499703
1141,6128,6577,3385,17734,1651.28362470075
1142,6128,6577,3365,17729,1651.2847496985
1143,6128,6577,3345,17723,1651.28587469625
1144,6128,6577,3326,17717,1651.2869996939999
1145,6128,6577,3306,17711,1651.28812469175
1146,6128,6577,3287,17705,1651.2892496895
1147,6128,6577,3267,17699,1651.29037468725
1148,6128,6577,3247,17694,1651.291499685
1149,6128,6577,3228,17688,1651.2926246827499
1150,6128,6577,3208,17682,1651.2937496805
1151,6128,6577,3188,17676,1651.29487467825
1152,6128,6577,3169,17670,1651.2959996759998
1153,6128,6577,3149,17665,1651.29712467375
1154,6128,6577,3130,17659,1651.2982496715
1155,6128,6577,3110,17653,1651.29937466925
1156,6128,6577,3090,17647,1651.300499667
1157,6128,6577,3071,17641,1651.3016246647499
1158,6128,6577,3051,17635,1651.3027496625
1159,6128,6577,3031,17630,1651.30387466025
1160,5975,6396,3328,17624,1651.304999658
1161,5975,6396,3310,17618,1651.30612465575
1162,5975,6396,3292,17612,1651.3072496534999
1163,5975,6396,3274,17606,1651.30837465125
1164,5975,6396,3256,17600,1651.309499649
1165,5975,6396,3238,17595,1651.3106246467498
1166,5975,6396,3220,17589,1651.3117496445
1167,5975,6396,3202,17583,1651.3128746422499
1168,5975,6396,3184,17577,1651.31399964
1169,5975,6396,3167,17571,1651.31512463775
1170,5975,6396,3149,17565,1651.3162496354998
1171,5975,6396,3131,17560,1651.31737463325
1172,5975,6396,3113,17554,1651.318499631
1173,5975,6396,3095,17548,1651.31962462875
1174,5975,6396,3077,17542,1651.3207496265
1175,5975,6396,3059,17536,1651.3218746242499
1176,5975,6396,3041,17530,1651.322999622
1177,5975,6396,3023,17525,1651.32412461975
1178,5975,6396,3006,17519,1651.3252496174998
1179,5975,6396,2988,17513,1651.32637461525
1180,5975,6396,2970,17507,1651.3274996129999
1181,5975,6396,2952,17501,1651.32862461075
1182,5975,6396,2934,17495,1651.3297496085
1183,5975,6396,2916,17490,1651.3308746062498
1184,5975,6396,2898,17484,1651.331999604
1185,5975,6396,2880,17478,1651.33312460175
1186,5975,6396,2862,17472,1651.3342495995
1187,5975,6396,2845,17466,1651.33537459725
1188,5975,6396,2827,17461,1651.3364995949999
1189,5975,6396,2809,17455,1651.33762459275
1190,5975,6396,2791,17449,1651.3387495905
1191,5975,6396,2773,17443,1651.3398745882498
1192,5975,6396,2755,17437,1651.340999586
1193,5975,6396,2737,17431,1651.3421245837499
1194,5975,6396,2719,17426,1651.3432495815
1195,5975,6396,2701,17420,1651.34437457925
1196,5975,6396,2684,17414,1651.3454995769998
1197,5975,6396,2666,17408,1651.34662457475
1198,5975,6396,2648,17402,1651.3477495724999
1199,5975,6396,2630,17396,1651.34887457025
1200,5975,6396,2612,17391,1651.349999568
1201,5975,6396,2594,17385,1651.3511245657498
1202,5975,6396,2576,17379,1651.3522495635
1203,5975,6396,2558,17373,1651.35337456125
1204,5975,6396,2540,17367,1651.3544995589998
1205,5975,6396,2523,17361,1651.35562455675
1206,5975,6396,2505,17356,1651.3567495544999
1207,5975,6396,2487,17350,1651.35787455225
1208,5822,6215,11465,18711,1651.359
1209,5822,6215,11421,18702,1651.3601249859373
1210,5822,6215,11378,18694,1651.361249971875
1211,5822,6215,11335,18685,1651.3623749578123
1212,5822,6215,11292,18677,1651.36349994375
1213,5822,6215,11249,18668,1651.3646249296874
1214,5822,6215,11206,18660,1651.365749915625
1215,5822,6215,11163,18651,1651.3668749015624
1216,5822,6215,11120,18643,1651.3679998875
1217,5822,6215,11077,18634,1651.3691248734374
1218,5822,6215,11034,18626,1651.370249859375
1219,5822,6215,10991,18618,1651.3713748453124
1220,5822,6215,10947,18609,1651.37249983125
1221,5822,6215,10904,18601,1651.3736248171874
1222,5822,6215,10861,18592,1651.374749803125
1223,5822,6215,10818,18584,1651.3758747890624
1224,5822,6215,10775,18575,1651.376999775
1225,5822,6215,10732,18567,1651.3781247609375
1226,5822,6215,10689,18558,1651.3792497468748
1227,5822,6215,10646,18550,1651.3803747328125
1228,5822,6215,10603,18542,1651.3814997187499
1229,5822,6215,10560,18533,1651.3826247046875
1230,5822,6215,10517,18525,1651.3837496906249
1231,5822,6215,10473,18516,1651.3848746765625
1232,5822,6215,10430,18508,1651.3859996625
1233,5822,6215,10387,18499,1651.3871246484375
1234,5822,6215,10344,18491,1651.388249634375
1235,5822,6215,10301,18482,1651.3893746203125
1236,5822,6215,10258,18474,1651.39049960625
1237,5822,6215,10215,18466,1651.3916245921876
1238,5822,6215,10172,18457,1651.392749578125
1239,5822,6215,10129,18449,1651.3938745640626
1240,5669,6034,10836,18683,1651.395
1241,5669,6034,10797,18678,1651.3961249989866
1242,5669,6034,10759,18673,1651.397249997973
1243,5669,6034,10720,18668,1651.3983749969595
1244,5669,6034,10681,18664,1651.399499995946
1245,5669,6034,10642,18659,1651.4006249949325
1246,5669,6034,10603,18654,1651.4017499939189
1247,5669,6034,10564,18649,1651.4028749929055
1248,5669,6034,10525,18645,1651.4039999918919
1249,5669,6034,10486,18640,1651.4051249908784
1250,5669,6034,10447,18635,1651.4062499898648
1251,5669,6034,10408,18630,1651.4073749888514
1252,5669,6034,10369,18625,1651.4084999878378
1253,5669,6034,10330,18621,1651.4096249868244
1254,5669,6034,10291,18616,1651.4107499858108
1255,5669,6034,10252,18611,1651.4118749847974
1256,5669,6034,10213,18606,1651.4129999837837
1257,5669,6034,10175,18601,1651.4141249827703
1258,5669,6034,10136,18597,1651.4152499817567
1259,5669,6034,10097,18592,1651.4163749807433
1260,5669,6034,10058,18587,1651.4174999797297
1261,5669,6034,10019,18582,1651.4186249787163
1262,5669,6034,9980,18577,1651.4197499777026
1263,5669,6034,9941,18573,1651.4208749766892
1264,5669,6034,9902,18568,1651.4219999756756
1265,5669,6034,9863,18563,1651.4231249746622
1266,5669,6034,9824,18558,1651.4242499736486
1267,5669,6034,9785,18553,1651.4253749726352
1268,5669,6034,9746,18549,1651.4264999716215
1269,5669,6034,9707,18544,1651.4276249706081
1270,5669,6034,9668,18539,1651.4287499695945
1271,5669,6034,9629,18534,1651.429874968581
1272,5669,6034,9591,18530,1651.4309999675675
1273,5669,6034,9552,18525,1651.432124966554
1274,5669,6034,9513,18520,1651.4332499655404
1275,5669,6034,9474,18515,1651.434374964527
1276,5669,6034,9435,18510,1651.4354999635134
1277,5669,6034,9396,18506,1651.4366249625
1278,5669,6034,9357,18501,1651.4377499614866
1279,5669,6034,9318,18496,1651.438874960473
1280,5669,6034,9279,18491,1651.4399999594596
1281,5669,6034,9240,18486,1651.441124958446
1282,5669,6034,9201,18482,1651.4422499574325
1283,5669,6034,9162,18477,1651.443374956419
1284,5669,6034,9123,18472,1651.4444999554055
1285,5669,6034,9084,18467,1651.4456249543919
1286,5669,6034,9045,18462,1651.4467499533785
1287,5669,6034,9007,18458,1651.4478749523648
1288,5669,6034,8968,18453,1651.4489999513514
1289,5669,6034,8929,18448,1651.4501249503378
1290,5669,6034,8890,18443,1651.4512499493244
1291,5669,6034,8851,18438,1651.4523749483108
1292,5669,6034,8812,18434,1651.4534999472974
1293,5669,6034,8773,18429,1651.4546249462837
1294,5669,6034,8734,18424,1651.4557499452703
1295,5669,6034,8695,18419,1651.4568749442567
1296,5669,6034,8656,18414,1651.4579999432433
1297,5669,6034,8617,18410,1651.4591249422297
1298,5669,6034,8578,18405,1651.4602499412163
1299,5669,6034,8539,18400,1651.4613749402026
1300,5516,5853,9197,18395,1651.4624999391892
1301,5516,5853,9163,18391,1651.4636249381756
1302,5516,5853,9128,18386,1651.4647499371622
1303,5516,5853,9094,18381,1651.4658749361486
1304,5516,5853,9059,18376,1651.4669999351352
1305,5516,5853,9025,18371,1651.4681249341215
1306,5516,5853,8991,18367,1651.4692499331081
1307,5516,5853,8956,18362,1651.4703749320945
1308,5516,5853,8922,18357,1651.471499931081
1309,5516,5853,8887,18352,1651.4726249300675
1310,5516,5853,8853,18347,1651.473749929054
1311,5516,5853,8819,18343,1651.4748749280404
1312,5516,5853,8784,18338,1651.475999927027
1313,5516,5853,8750,18333,1651.4771249260134
1314,5516,5853,8716,18328,1651.478249925
1315,5516,5853,8681,18323,1651.4793749239866
1316,5516,5853,8647,18319,1651.480499922973
1317,5516,5853,8612,18314,1651.4816249219596
1318,5516,5853,8578,18309,1651.482749920946
1319,5516,5853,8544,18304,1651.4838749199325
1320,5516,5853,8509,18299,1651.484999918919
1321,5516,5853,8475,18295,1651.4861249179055
1322,5516,5853,8440,18290,1651.4872499168919
1323,5516,5853,8406,18285,1651.4883749158785
1324,5516,5853,8372,18280,1651.4894999148648
1325,5516,5853,8337,18276,1651.4906249138514
1326,5516,5853,8303,18271,1651.4917499128378
1327,5516,5853,8268,18266,1651.4928749118244
1328,5516,5853,8234,18261,1651.4939999108108
1329,5516,5853,8200,18256,1651.4951249097974
1330,5516,5853,8165,18252,1651.4962499087837
1331,5516,5853,8131,18247,1651.4973749077703
1332,5516,5853,8097,18242,1651.4984999067567
1333,5516,5853,8062,18237,1651.4996249057433
1334,5516,5853,8028,18232,1651.5007499047297
1335,5516,5853,7993,18228,1651.5018749037163
1336,5516,5853,7959,18223,1651.5029999027026
1337,5516,5853,7925,18218,1651.5041249016892
1338,5516,5853,7890,18213,1651.5052499006756
1339,5516,5853,7856,18208,1651.5063748996622
1340,5516,5853,7821,18204,1651.5074998986486
1341,5516,5853,7787,18199,1651.5086248976352
1342,5516,5853,7753,18194,1651.5097498966215
1343,5516,5853,7718,18189,1651.5108748956081
1344,5516,5853,7684,18184,1651.5119998945945
1345,5516,5853,7650,18180,1651.513124893581
1346,5516,5853,7615,18175,1651.5142498925675
1347,5516,5853,7581,18170,1651.515374891554
1348,5516,5853,7546,18165,1651.5164998905404
1349,5516,5853,7512,18160,1651.517624889527
1350,5516,5853,7478,18156,1651.5187498885134
1351,5516,5853,7443,18151,1651.5198748875
1352,5516,5853,7409,18146,1651.5209998864866
1353,5516,5853,7374,18141,1651.522124885473
1354,5516,5853,7340,18137,1651.5232498844596
1355,5516,5853,7306,18132,1651.524374883446
1356,5363,5672,7896,18127,1651.5254998824325
1357,5363,5672,7865,18122,1651.526624881419
1358,5363,5672,7834,18117,1651.5277498804055
1359,5363,5672,7803,18113,1651.5288748793919
1360,5363,5672,7772,18108,1651.5299998783785
1361,5363,5672,7741,18103,1651.5311248773648
1362,5363,5672,7710,18098,1651.5322498763514
1363,5363,5672,7679,18093,1651.5333748753378
1364,5363,5672,7648,18089,1651.5344998743244
1365,5363,5672,7617,18084,1651.5356248733108
1366,5363,5672,7586,18079,1651.5367498722974
1367,5363,5672,7555,18074,1651.5378748712837
1368,5363,5672,7524,18069,1651.5389998702703
1369,5363,5672,7493,18065,1651.5401248692567
1370,5363,5672,7462,18060,1651.5412498682433
1371,5363,5672,7431,18055,1651.5423748672297
1372,5363,5672,7400,18050,1651.5434998662163
1373,5363,5672,7369,18045,1651.5446248652026
1374,5363,5672,7338,18041,1651.5457498641892
1375,5363,5672,7306,18036,1651.5468748631756
1376,5363,5672,7275,18031,1651.5479998621622
1377,5363,5672,7244,18026,1651.5491248611486
1378,5363,5672,7213,18022,1651.5502498601352
1379,5363,5672,7182,18017,1651.5513748591216
1380,5363,5672,7151,18012,1651.5524998581081
1381,5363,5672,7120,18007,1651.5536248570945
1382,5363,5672,7089,18002,1651.5547498560811
1383,5363,5672,7058,17998,1651.5558748550675
1384,5363,5672,7027,17993,1651.556999854054
1385,5363,5672,6996,17988,1651.5581248530405
1386,5363,5672,6965,17983,1651.559249852027
1387,5363,5672,6934,17978,1651.5603748510134
1388,5363,5672,6903,17974,1651.56149985
1389,5363,5672,6872,17969,1651.5626248489866
1390,5363,5672,6841,17964,1651.563749847973
1391,5363,5672,6810,17959,1651.5648748469596
1392,5363,5672,6779,17954,1651.565999845946
1393,5363,5672,6748,17950,1651.5671248449326
1394,5363,5672,6717,17945,1651.568249843919
1395,5363,5672,6686,17940,1651.5693748429055
1396,5363,5672,6654,17935,1651.570499841892
1397,5363,5672,6623,17930,1651.5716248408785
1398,5363,5672,6592,17926,1651.5727498398649
1399,5363,5672,6561,17921,1651.5738748388515
1400,5363,5672,6530,17916,1651.5749998378378
1401,5363,5672,6499,17911,1651.5761248368244
1402,5363,5672,6468,17906,1651.5772498358108
1403,5363,5672,6437,17902,1651.5783748347974
1404,5210,5491,6974,17897,1651.5794998337838
1405,5210,5491,6945,17892,1651.5806248327704
1406,5210,5491,6917,17887,1651.5817498317567
1407,5210,5491,6889,17883,1651.5828748307433
1408,5210,5491,6861,17878,1651.5839998297297
1409,5210,5491,6832,17873,1651.5851248287163
1410,5210,5491,6804,17868,1651.5862498277027
1411,5210,5491,6776,17863,1651.5873748266893
1412,5210,5491,6747,17859,1651.5884998256756
1413,5210,5491,6719,17854,1651.5896248246622
1414,5210,5491,6691,17849,1651.5907498236486
1415,5210,5491,6663,17844,1651.5918748226352
1416,5210,5491,6634,17839,1651.5929998216216
1417,5210,5491,6606,17835,1651.5941248206082
1418,5210,5491,6578,17830,1651.5952498195945
1419,5210,5491,6550,17825,1651.5963748185811
1420,5210,5491,6521,17820,1651.5974998175675
1421,5210,5491,6493,17815,1651.598624816554
1422,5210,5491,6465,17811,1651.5997498155405
1423,5210,5491,6437,17806,1651.600874814527
1424,5210,5491,6408,17801,1651.6019998135134
1425,5210,5491,6380,17796,1651.6031248125
1426,5210,5491,6352,17791,1651.6042498114866
1427,5210,5491,6324,17787,1651.605374810473
1428,5210,5491,6295,17782,1651.6064998094596
1429,5210,5491,6267,17777,1651.607624808446
1430,5210,5491,6239,17772,1651.6087498074326
1431,5210,5491,6210,17768,1651.609874806419
1432,5210,5491,6182,17763,1651.6109998054055
1433,5210,5491,6154,17758,1651.612124804392
1434,5210,5491,6126,17753,1651.6132498033785
1435,5210,5491,6097,17748,1651.6143748023649
1436,5210,5491,6069,17744,1651.6154998013515
1437,5210,5491,6041,17739,1651.6166248003378
1438,5210,5491,6013,17734,1651.6177497993244
1439,5210,5491,5984,17729,1651.6188747983108
1440,5210,5491,5956,17724,1651.6199997972974
1441,5210,5491,5928,17720,1651.6211247962838
1442,5210,5491,5900,17715,1651.6222497952704
1443,5210,5491,5871,17710,1651.6233747942567
1444,5210,5491,5843,17705,1651.6244997932433
1445,5210,5491,5815,17700,1651.6256247922297
1446,5210,5491,5786,17696,1651.6267497912163
1447,5210,5491,5758,17691,1651.6278747902027
1448,5210,5491,5730,17686,1651.6289997891893
1449,5210,5491,5702,17681,1651.6301247881756
1450,5210,5491,5673,17676,1651.6312497871622
1451,5210,5491,5645,17672,1651.6323747861486
1452,5210,5491,5617,17667,1651.6334997851352
1453,5210,5491,5589,17662,1651.6346247841216
1454,5210,5491,5560,17657,1651.6357497831082
1455,5210,5491,5532,17652,1651.6368747820945
1456,5057,5310,6010,17648,1651.6379997810811
1457,5057,5310,5985,17643,1651.6391247800675
1458,5057,5310,5959,17638,1651.640249779054
1459,5057,5310,5934,17633,1651.6413747780405
1460,5057,5310,5908,17629,1651.642499777027
1461,5057,5310,5883,17624,1651.6436247760134
1462,5057,5310,5857,17619,1651.644749775
1463,5057,5310,5832,17614,1651.6458747739866
1464,5057,5310,5807,17609,1651.646999772973
1465,5057,5310,5781,17605,1651.6481247719596
1466,5057,5310,5756,17600,1651.649249770946
1467,5057,5310,5730,17595,1651.6503747699326
1468,5057,5310,5705,17590,1651.651499768919
1469,5057,5310,5679,17585,1651.6526247679055
1470,5057,5310,5654,17581,1651.653749766892
1471,5057,5310,5628,17576,1651.6548747658785
1472,5057,5310,5603,17571,1651.6559997648649
1473,5057,5310,5578,17566,1651.6571247638515
1474,5057,5310,5552,17561,1651.6582497628378
1475,5057,5310,5527,17557,1651.6593747618244
1476,5057,5310,5501,17552,1651.6604997608108
1477,5057,5310,5476,17547,1651.6616247597974
1478,5057,5310,5450,17542,1651.6627497587838
1479,5057,5310,5425,17537,1651.6638747577704
1480,5057,5310,5399,17533,1651.6649997567567
1481,5057,5310,5374,17528,1651.6661247557433
1482,5057,5310,5348,17523,1651.6672497547297
1483,5057,5310,5323,17518,1651.6683747537163
1484,5057,5310,5298,17514,1651.6694997527027
1485,5057,5310,5272,17509,1651.6706247516893
1486,5057,5310,5247,17504,1651.6717497506756
1487,5057,5310,5221,17499,1651.6728747496622
1488,5057,5310,5196,17494,1651.6739997486486
1489,5057,5310,5170,17490,1651.6751247476352
1490,5057,5310,5145,17485,1651.6762497466216
1491,5057,5310,5119,17480,1651.6773747456082
1492,5057,5310,5094,17475,1651.6784997445945
1493,5057,5310,5069,17470,1651.6796247435811
1494,5057,5310,5043,17466,1651.6807497425675
1495,5057,5310,5018,17461,1651.681874741554
1496,5057,5310,4992,17456,1651.6829997405405
1497,5057,5310,4967,17451,1651.684124739527
1498,5057,5310,4941,17446,1651.6852497385134
1499,5057,5310,4916,17442,1651.6863747375
1500,5057,5310,4890,17437,1651.6874997364866
1501,5057,5310,4865,17432,1651.688624735473
1502,5057,5310,4840,17427,1651.6897497344596
1503,5057,5310,4814,17422,1651.690874733446
1504,5057,5310,4789,17418,1651.6919997324326
1505,5057,5310,4763,17413,1651.693124731419
1506,5057,5310,4738,17408,1651.6942497304055
1507,5057,5310,4712,17403,1651.695374729392
1508,4896,5128,5152,17398,1651.6964997283785
1509,4896,5128,5129,17394,1651.6976247273649
1510,4896,5128,5106,17389,1651.6987497263515
1511,4896,5128,5083,17384,1651.6998747253378
1512,4896,5128,5060,17379,1651.7009997243244
1513,4896,5128,5037,17375,1651.7021247233108
1514,4896,5128,5014,17370,1651.7032497222974
1515,4896,5128,4991,17365,1651.7043747212838
1516,4896,5128,4969,17360,1651.7054997202704
1517,4896,5128,4946,17355,1651.7066247192568
1518,4896,5128,4923,17351,1651.7077497182433
1519,4896,5128,4900,17346,1651.7088747172297
1520,4896,5128,4877,17341,1651.7099997162163
1521,4896,5128,4854,17336,1651.7111247152027
1522,4896,5128,4831,17331,1651.7122497141893
1523,4896,5128,4808,17327,1651.7133747131757
1524,4896,5128,4785,17322,1651.7144997121623
1525,4896,5128,4762,17317,1651.7156247111486
1526,4896,5128,4739,17312,1651.7167497101352
1527,4896,5128,4716,17307,1651.7178747091216
1528,4896,5128,4694,17303,1651.7189997081082
1529,4896,5128,4671,17298,1651.7201247070946
1530,4896,5128,4648,17293,1651.7212497060812
1531,4896,5128,4625,17288,1651.7223747050675
1532,4896,5128,4602,17283,1651.7234997040541
1533,4896,5128,4579,17279,1651.7246247030405
1534,4896,5128,4556,17274,1651.725749702027
1535,4896,5128,4533,17269,1651.7268747010135
1536,4896,5128,4510,17264,1651.7279997
1537,4896,5128,4487,17260,1651.7291246989867
1538,4896,5128,4464,17255,1651.730249697973
1539,4896,5128,4441,17250,1651.7313746969596
1540,4896,5128,4419,17245,1651.732499695946
1541,4896,5128,4396,17240,1651.7336246949326
1542,4896,5128,4373,17236,1651.734749693919
1543,4896,5128,4350,17231,1651.7358746929056
1544,4896,5128,4327,17226,1651.736999691892
1545,4896,5128,4304,17221,1651.7381246908785
1546,4896,5128,4281,17216,1651.739249689865
1547,4896,5128,4258,17212,1651.7403746888515
1548,4896,5128,4235,17207,1651.7414996878379
1549,4896,5128,4212,17202,1651.7426246868245
1550,4896,5128,4189,17197,1651.7437496858108
1551,4896,5128,4166,17192,1651.7448746847974
1552,4896,5128,4144,17188,1651.7459996837838
1553,4896,5128,4121,17183,1651.7471246827704
1554,4896,5128,4098,17178,1651.7482496817568
1555,4896,5128,4075,17173,1651.7493746807434
1556,4896,5128,4052,17168,1651.7504996797297
1557,4896,5128,4029,17164,1651.7516246787163
1558,4896,5128,4006,17159,1651.7527496777027
1559,4896,5128,3983,17154,1651.7538746766893
1560,4784,4975,4301,17149,1651.7549996756757
1561,4784,4975,4281,17144,1651.7561246746623
1562,4784,4975,4260,17140,1651.7572496736486
1563,4784,4975,4239,17135,1651.7583746726352
1564,4784,4975,4219,17130,1651.7594996716216
1565,4784,4975,4198,17125,1651.7606246706082
1566,4784,4975,4177,17121,1651.7617496695946
1567,4784,4975,4156,17116,1651.7628746685812
1568,4784,4975,4136,17111,1651.7639996675675
1569,4784,4975,4115,17106,1651.7651246665541
1570,4784,4975,4094,17101,1651.7662496655405
1571,4784,4975,4074,17097,1651.767374664527
1572,4784,4975,4053,17092,1651.7684996635135
1573,4784,4975,4032,17087,1651.7696246625
1574,4784,4975,4012,17082,1651.7707496614867
1575,4784,4975,3991,17077,1651.771874660473
1576,4784,4975,3970,17073,1651.7729996594596
1577,4784,4975,3949,17068,1651.774124658446
1578,4784,4975,3929,17063,1651.7752496574326
1579,4784,4975,3908,17058,1651.776374656419
1580,4784,4975,3887,17053,1651.7774996554056
1581,4784,4975,3867,17049,1651.778624654392
1582,4784,4975,3846,17044,1651.7797496533785
1583,4784,4975,3825,17039,1651.780874652365
1584,4784,4975,3805,17034,1651.7819996513515
1585,4784,4975,3784,17029,1651.7831246503379
1586,4784,4975,3763,17025,1651.7842496493245
1587,4784,4975,3743,17020,1651.7853746483108
1588,4784,4975,3722,17015,1651.7864996472974
1589,4784,4975,3701,17010,1651.7876246462838
1590,4784,4975,3680,17006,1651.7887496452704
1591,4784,4975,3660,17001,1651.7898746442568
1592,4784,4975,3639,16996,1651.7909996432434
1593,4784,4975,3618,16991,1651.7921246422297
1594,4784,4975,3598,16986,1651.7932496412163
1595,4784,4975,3577,16982,1651.7943746402027
1596,4784,4975,3556,16977,1651.7954996391893
1597,4784,4975,3536,16972,1651.7966246381757
1598,4784,4975,3515,16967,1651.7977496371623
1599,4784,4975,3494,16962,1651.7988746361486
1600,4784,4975,3473,16958,1651.7999996351352
1601,4784,4975,3453,16953,1651.8011246341216
1602,4784,4975,3432,16948,1651.8022496331082
1603,4784,4975,3411,16943,1651.8033746320946
1604,4784,4975,3391,16938,1651.8044996310812
1605,4784,4975,3370,16934,1651.8056246300675
1606,4784,4975,3349,16929,1651.8067496290541
1607,4784,4975,3329,16924,1651.8078746280405
1608,4672,4822,3569,16919,1651.808999627027
1609,4672,4822,3556,16914,1651.8101246260135
1610,4672,4822,3543,16910,1651.811249625
1611,4672,4822,3530,16905,1651.8123746239867
1612,4672,4822,3517,16900,1651.813499622973
1613,4672,4822,3504,16895,1651.8146246219596
1614,4672,4822,3491,16890,1651.815749620946
1615,4672,4822,3477,16886,1651.8168746199326
1616,4672,4822,3464,16881,1651.817999618919
1617,4672,4822,3451,16876,1651.8191246179056
1618,4672,4822,3438,16871,1651.820249616892
1619,4672,4822,3425,16867,1651.8213746158785
1620,4672,4822,3412,16862,1651.822499614865
1621,4672,4822,3399,16857,1651.8236246138515
1622,4672,4822,3385,16852,1651.8247496128379
1623,4672,4822,3372,16847,1651.8258746118245
1624,4672,4822,3359,16843,1651.8269996108108
1625,4672,4822,3346,16838,1651.8281246097974
1626,4672,4822,3333,16833,1651.8292496087838
1627,4672,4822,3320,16828,1651.8303746077704
1628,4672,4822,3306,16823,1651.8314996067568
1629,4672,4822,3293,16819,1651.8326246057434
1630,4672,4822,3280,16814,1651.8337496047297
1631,4672,4822,3267,16809,1651.8348746037163
1632,4672,4822,3254,16804,1651.8359996027027
1633,4672,4822,3241,16799,1651.8371246016893
1634,4672,4822,3228,16795,1651.8382496006757
1635,4672,4822,3214,16790,1651.8393745996623
1636,4672,4822,3201,16785,1651.8404995986486
1637,4672,4822,3188,16780,1651.8416245976352
1638,4672,4822,3175,16775,1651.8427495966216
1639,4672,4822,3162,16771,1651.8438745956082
1640,4560,4669,3149,16766,1651.8449995945946
1641,4560,4669,3136,16761,1651.8461245935812
1642,4560,4669,3122,16756,1651.8472495925676
1643,4560,4669,3109,16752,1651.8483745915541
1644,4560,4669,3096,16747,1651.8494995905405
1645,4560,4669,3083,16742,1651.8506245895271
1646,4560,4669,3070,16737,1651.8517495885135
1647,4560,4669,3057,16732,1651.8528745875
1648,4560,4669,3044,16728,1651.8539995864867
1649,4560,4669,3030,16723,1651.855124585473
1650,4560,4669,3017,16718,1651.8562495844596
1651,4560,4669,3004,16713,1651.857374583446
1652,4560,4669,2991,16708,1651.8584995824326
1653,4560,4669,2978,16704,1651.859624581419
1654,4560,4669,2965,16699,1651.8607495804056
1655,4560,4669,2952,16694,1651.861874579392
1656,4560,4669,2938,16689,1651.8629995783785
1657,4560,4669,2925,16684,1651.864124577365
1658,4560,4669,2912,16680,1651.8652495763515
1659,4560,4669,2899,16675,1651.8663745753379
1660,4560,4669,2886,16670,1651.8674995743245
1661,4560,4669,2873,16665,1651.8686245733109
1662,4560,4669,2860,16660,1651.8697495722975
1663,4560,4669,2846,16656,1651.8708745712838
1664,4560,4669,2833,16651,1651.8719995702704
1665,4560,4669,2820,16646,1651.8731245692568
1666,4560,4669,2807,16641,1651.8742495682434
1667,4560,4669,2794,16636,1651.8753745672298
1668,4560,4669,2781,16632,1651.8764995662164
1669,4560,4669,2768,16627,1651.8776245652027
1670,4560,4669,2754,16622,1651.8787495641893
1671,4560,4669,2741,16617,1651.8798745631757
1672,4560,4669,2728,16613,1651.8809995621623
1673,4560,4669,2715,16608,1651.8821245611487
1674,4560,4669,2702,16603,1651.8832495601353
1675,4560,4669,2689,16598,1651.8843745591216
1676,4560,4669,2676,16593,1651.8854995581082
1677,4560,4669,2662,16589,1651.8866245570946
1678,4560,4669,2649,16584,1651.8877495560812
1679,4560,4669,2636,16579,1651.8888745550676
1680,4560,4669,2623,16574,1651.8899995540542
1681,4560,4669,2610,16569,1651.8911245530405
1682,4560,4669,2597,16565,1651.8922495520271
1683,4560,4669,2584,16560,1651.8933745510135
1684,4448,4516,11666,17664,1651.8945
1685,4448,4516,11618,17660,1651.8956249979913
1686,4448,4516,11570,17655,1651.8967499959822
1687,4448,4516,11522,17651,1651.8978749939733
1688,4448,4516,11474,17647,1651.8989999919645
1689,4448,4516,11426,17643,1651.9001249899554
1690,4448,4516,11378,17638,1651.9012499879466
1691,4448,4516,11330,17634,1651.9023749859375
1692,4448,4516,11263,17630,1651.9034999839287
1693,4448,4516,11221,17626,1651.9046249819198
1694,4448,4516,11178,17621,1651.9057499799108
1695,4448,4516,11136,17617,1651.906874977902
1696,4448,4516,11093,17613,1651.907999975893
1697,4448,4516,11051,17609,1651.909124973884
1698,4448,4516,11008,17604,1651.9102499718751
1699,4448,4516,10965,17600,1651.911374969866
1700,4448,4516,10923,17596,1651.9124999678572
1701,4448,4516,10880,17592,1651.9136249658484
1702,4448,4516,10838,17587,1651.9147499638393
1703,4448,4516,10795,17583,1651.9158749618305
1704,4448,4516,10752,17579,1651.9169999598216
1705,4448,4516,10710,17575,1651.9181249578126
1706,4448,4516,10667,17571,1651.9192499558037
1707,4448,4516,10625,17566,1651.9203749537946
1708,4448,4516,10582,17562,1651.9214999517858
1709,4448,4516,10540,17558,1651.922624949777
1710,4448,4516,10497,17554,1651.9237499477679
1711,4448,4516,10454,17549,1651.924874945759
1712,4448,4516,10412,17545,1651.9259999437502
1713,4448,4516,10369,17541,1651.927124941741
1714,4448,4516,10327,17537,1651.9282499397323
1715,4448,4516,10284,17532,1651.9293749377234
1716,4448,4516,10242,17528,1651.9304999357144
1717,4448,4516,10199,17524,1651.9316249337055
1718,4448,4516,10156,17520,1651.9327499316964
1719,4448,4516,10114,17515,1651.9338749296876
1720,4448,4516,10071,17511,1651.9349999276787
1721,4448,4516,10029,17507,1651.9361249256697
1722,4448,4516,9986,17503,1651.9372499236608
1723,4448,4516,9943,17498,1651.938374921652
1724,4448,4516,9901,17494,1651.939499919643
1725,4448,4516,9858,17490,1651.940624917634
1726,4448,4516,9816,17486,1651.941749915625
1727,4448,4516,9773,17481,1651.9428749136162
1728,4448,4516,9731,17477,1651.9439999116073
1729,4448,4516,9688,17473,1651.9451249095982
1730,4448,4516,9645,17469,1651.9462499075894
1731,4448,4516,9603,17464,1651.9473749055805
1732,4336,4363,10247,17460,1651.9484999035715
1733,4336,4363,10209,17456,1651.9496249015626
1734,4336,4363,10170,17452,1651.9507498995536
1735,4336,4363,10132,17447,1651.9518748975447
1736,4336,4363,10094,17443,1651.9529998955359
1737,4336,4363,10055,17439,1651.9541248935268
1738,4336,4363,10017,17435,1651.955249891518
1739,4336,4363,9978,17431,1651.956374889509
1740,4336,4363,9940,17426,1651.9574998875
1741,4336,4363,9902,17422,1651.9586248854912
1742,4336,4363,9863,17418,1651.9597498834823
1743,4336,4363,9825,17414,1651.9608748814733
1744,4336,4363,9786,17409,1651.9619998794644
1745,4336,4363,9748,17405,1651.9631248774554
1746,4336,4363,9710,17401,1651.9642498754465
1747,4336,4363,9671,17397,1651.9653748734377
1748,4336,4363,9633,17392,1651.9664998714286
1749,4336,4363,9594,17388,1651.9676248694198
1750,4336,4363,9556,17384,1651.968749867411
1751,4336,4363,9518,17380,1651.9698748654018
1752,4336,4363,9479,17375,1651.970999863393
1753,4336,4363,9441,17371,1651.972124861384
1754,4336,4363,9402,17367,1651.973249859375
1755,4336,4363,9364,17363,1651.9743748573662
1756,4336,4363,9326,17358,1651.9754998553572
1757,4336,4363,9287,17354,1651.9766248533483
1758,4336,4363,9249,17350,1651.9777498513395
1759,4336,4363,9210,17346,1651.9788748493304
1760,4336,4363,9172,17341,1651.9799998473216
1761,4336,4363,9134,17337,1651.9811248453125
1762,4336,4363,9095,17333,1651.9822498433036
1763,4336,4363,9057,17329,1651.9833748412948
1764,4336,4363,9018,17324,1651.9844998392857
1765,4336,4363,8980,17320,1651.9856248372769
1766,4336,4363,8942,17316,1651.986749835268
1767,4336,4363,8903,17312,1651.987874833259
1768,4336,4363,8865,17307,1651.98899983125
1769,4336,4363,8826,17303,1651.9901248292413
1770,4336,4363,8788,17299,1651.9912498272322
1771,4336,4363,8750,17295,1651.9923748252234
1772,4336,4363,8711,17291,1651.9934998232143
1773,4336,4363,8673,17286,1651.9946248212054
1774,4336,4363,8634,17282,1651.9957498191966
1775,4336,4363,8596,17278,1651.9968748171875
1776,4336,4363,8558,17274,1651.9979998151787
1777,4336,4363,8519,17269,1651.9991248131698
1778,4336,4363,8481,17265,1652.0002498111608
1779,4336,4363,8442,17261,1652.001374809152
1780,4336,4363,8404,17257,1652.0024998071428
1781,4336,4363,8366,17252,1652.003624805134
1782,4336,4363,8327,17248,1652.0047498031252
1783,4336,4363,8289,17244,1652.005874801116
1784,4224,4210,8869,17240,1652.0069997991072
1785,4224,4210,8834,17235,1652.0081247970984
1786,4224,4210,8800,17231,1652.0092497950893
1787,4224,4210,8765,17227,1652.0103747930805
1788,4224,4210,8731,17223,1652.0114997910714
1789,4224,4210,8696,17218,1652.0126247890626
1790,4224,4210,8662,17214,1652.0137497870537
1791,4224,4210,8627,17210,1652.0148747850446
1792,4224,4210,8593,17206,1652.0159997830358
1793,4224,4210,8558,17201,1652.017124781027
1794,4224,4210,8524,17197,1652.0182497790179
1795,4224,4210,8489,17193,1652.019374777009
1796,4224,4210,8455,17189,1652.0204997750002
1797,4224,4210,8420,17184,1652.0216247729911
1798,4224,4210,8386,17180,1652.0227497709823
1799,4224,4210,8351,17176,1652.0238747689732
1800,4224,4210,8317,17172,1652.0249997669644
1801,4224,4210,8282,17168,1652.0261247649555
1802,4224,4210,8248,17163,1652.0272497629464
1803,4224,4210,8213,17159,1652.0283747609376
1804,4224,4210,8179,17155,1652.0294997589288
1805,4224,4210,8144,17151,1652.0306247569197
1806,4224,4210,8110,17146,1652.0317497549108
1807,4224,4210,8075,17142,1652.0328747529018
1808,4224,4210,8041,17138,1652.033999750893
1809,4224,4210,8006,17134,1652.035124748884
1810,4224,4210,7972,17129,1652.036249746875
1811,4224,4210,7937,17125,1652.0373747448662
1812,4224,4210,7903,17121,1652.0384997428573
1813,4224,4210,7868,17117,1652.0396247408482
1814,4224,4210,7834,17112,1652.0407497388394
1815,4224,4210,7799,17108,1652.0418747368303
1816,4224,4210,7765,17104,1652.0429997348215
1817,4224,4210,7730,17100,1652.0441247328126
1818,4224,4210,7696,17095,1652.0452497308036
1819,4224,4210,7661,17091,1652.0463747287947
1820,4224,4210,7627,17087,1652.0474997267859
1821,4224,4210,7592,17083,1652.0486247247768
1822,4224,4210,7558,17078,1652.049749722768
1823,4224,4210,7523,17074,1652.0508747207589
1824,4224,4210,7489,17070,1652.05199971875
1825,4224,4210,7454,17066,1652.0531247167412
1826,4224,4210,7420,17061,1652.0542497147321
1827,4224,4210,7385,17057,1652.0553747127233
1828,4112,4057,7914,17053,1652.0564997107144
1829,4112,4057,7882,17049,1652.0576247087054
1830,4112,4057,7851,17044,1652.0587497066965
1831,4112,4057,7819,17040,1652.0598747046877
1832,4112,4057,7787,17036,1652.0609997026786
1833,4112,4057,7756,17032,1652.0621247006698
1834,4112,4057,7724,17028,1652.0632496986607
1835,4112,4057,7692,17023,1652.0643746966518
1836,4112,4057,7661,17019,1652.065499694643
1837,4112,4057,7629,17015,1652.066624692634
1838,4112,4057,7597,17011,1652.067749690625
1839,4112,4057,7566,17006,1652.0688746886162
1840,4112,4057,7534,17002,1652.0699996866072
1841,4112,4057,7502,16998,1652.0711246845983
1842,4112,4057,7471,16994,1652.0722496825892
1843,4112,4057,7439,16989,1652.0733746805804
1844,4112,4057,7408,16985,1652.0744996785716
1845,4112,4057,7376,16981,1652.0756246765625
1846,4112,4057,7344,16977,1652.0767496745536
1847,4112,4057,7313,16972,1652.0778746725448
1848,4112,4057,7281,16968,1652.0789996705357
1849,4112,4057,7249,16964,1652.0801246685269
1850,4112,4057,7218,16960,1652.0812496665178
1851,4112,4057,7186,16955,1652.082374664509
1852,4112,4057,7154,16951,1652.0834996625001
1853,4112,4057,7123,16947,1652.084624660491
1854,4112,4057,7091,16943,1652.0857496584822
1855,4112,4057,7060,16938,1652.0868746564734
1856,4112,4057,7028,16934,1652.0879996544643
1857,4112,4057,6996,16930,1652.0891246524554
1858,4112,4057,6965,16926,1652.0902496504466
1859,4112,4057,6933,16921,1652.0913746484375
1860,4112,4057,6901,16917,1652.0924996464287
1861,4112,4057,6870,16913,1652.0936246444196
1862,4112,4057,6838,16909,1652.0947496424108
1863,4112,4057,6806,16904,1652.095874640402
1864,4000,3904,7301,16900,1652.0969996383928
1865,4000,3904,7271,16896,1652.098124636384
1866,4000,3904,7242,16892,1652.0992496343752
1867,4000,3904,7212,16888,1652.100374632366
1868,4000,3904,7182,16883,1652.1014996303572
1869,4000,3904,7153,16879,1652.1026246283482
1870,4000,3904,7123,16875,1652.1037496263393
1871,4000,3904,7093,16871,1652.1048746243305
1872,4000,3904,7064,16866,1652.1059996223214
1873,4000,3904,7034,16862,1652.1071246203126
1874,4000,3904,7004,16858,1652.1082496183037
1875,4000,3904,6975,16854,1652.1093746162946
1876,4000,3904,6945,16849,1652.1104996142858
1877,4000,3904,6915,16845,1652.1116246122767
1878,4000,3904,6886,16841,1652.1127496102679
1879,4000,3904,6856,16837,1652.113874608259
1880,4000,3904,6826,16832,1652.11499960625
1881,4000,3904,6797,16828,1652.1161246042411
1882,4000,3904,6767,16824,1652.1172496022323
1883,4000,3904,6737,16820,1652.1183746002232
1884,4000,3904,6707,16815,1652.1194995982144
1885,4000,3904,6678,16811,1652.1206245962055
1886,4000,3904,6648,16807,1652.1217495941964
1887,4000,3904,6618,16803,1652.1228745921876
1888,4000,3904,6589,16798,1652.1239995901785
1889,4000,3904,6559,16794,1652.1251245881697
1890,4000,3904,6529,16790,1652.1262495861608
1891,4000,3904,6500,16786,1652.1273745841518
1892,4000,3904,6470,16781,1652.128499582143
1893,4000,3904,6440,16777,1652.129624580134
1894,4000,3904,6411,16773,1652.130749578125
1895,4000,3904,6381,16769,1652.1318745761162
1896,4000,3904,6351,16764,1652.132999574107
1897,4000,3904,6322,16760,1652.1341245720982
1898,4000,3904,6292,16756,1652.1352495700894
1899,4000,3904,6262,16752,1652.1363745680803
1900,4000,3904,6233,16748,1652.1374995660715
1901,4000,3904,6203,16743,1652.1386245640626
1902,4000,3904,6173,16739,1652.1397495620536
1903,4000,3904,6144,16735,1652.1408745600447
1904,4000,3904,6114,16731,1652.1419995580356
1905,4000,3904,6084,16726,1652.1431245560268
1906,4000,3904,6054,16722,1652.144249554018
1907,4000,3904,6025,16718,1652.145374552009
1908,3888,3751,6460,16878,1652.1465
1909,3888,3751,6433,16869,1652.1476249958334
1910,3888,3751,6407,16861,1652.1487499916668
1911,3888,3751,6380,16852,1652.1498749875
1912,3888,3751,6354,16843,1652.1509999833333
1913,3888,3751,6327,16834,1652.1521249791667
1914,3888,3751,6301,16826,1652.153249975
1915,3888,3751,6274,16817,1652.1543749708335
1916,3888,3751,6248,16808,1652.1554999666666
1917,3888,3751,6221,16800,1652.1566249625
1918,3888,3751,6195,16791,1652.1577499583334
1919,3888,3751,6168,16782,1652.1588749541668
1920,3888,3751,6142,16773,1652.1599999500002
1921,3888,3751,6115,16765,1652.1611249458333
1922,3888,3751,6089,16756,1652.1622499416667
1923,3888,3751,6062,16747,1652.1633749375
1924,3888,3751,6036,16739,1652.1644999333334
1925,3888,3751,6009,16730,1652.1656249291668
1926,3888,3751,5983,16721,1652.166749925
1927,3888,3751,5956,16712,1652.1678749208334
1928,3888,3751,5929,16704,1652.1689999166667
1929,3888,3751,5903,16695,1652.1701249125001
1930,3888,3751,5876,16686,1652.1712499083335
1931,3888,3751,5850,16678,1652.1723749041666
1932,3888,3751,5823,16669,1652.1734999
1933,3888,3751,5797,16660,1652.1746248958334
1934,3888,3751,5770,16651,1652.1757498916668
1935,3888,3751,5744,16643,1652.1768748875002
1936,3888,3751,5717,16634,1652.1779998833333
1937,3888,3751,5691,16625,1652.1791248791667
1938,3888,3751,5664,16617,1652.180249875
1939,3888,3751,5638,16608,1652.1813748708335
1940,3888,3751,5611,16599,1652.1824998666666
1941,3888,3751,5585,16590,1652.1836248625
1942,3888,3751,5558,16582,1652.1847498583334
1943,3888,3751,5532,16573,1652.1858748541667
1944,3888,3751,5505,16564,1652.1869998500001
1945,3888,3751,5479,16556,1652.1881248458333
1946,3888,3751,5452,16547,1652.1892498416667
1947,3888,3751,5426,16538,1652.1903748375
1948,3888,3751,5399,16529,1652.1914998333334
1949,3888,3751,5373,16521,1652.1926248291668
1950,3888,3751,5346,16512,1652.193749825
1951,3888,3751,5319,16503,1652.1948748208333
1952,3888,3751,5293,16495,1652.1959998166667
1953,3888,3751,5266,16486,1652.1971248125
1954,3888,3751,5240,16477,1652.1982498083335
1955,3888,3751,5213,16468,1652.1993748041666
1956,3888,3751,5187,16460,1652.2004998
1957,3888,3751,5160,16451,1652.2016247958334
1958,3888,3751,5134,16442,1652.2027497916667
1959,3888,3751,5107,16434,1652.2038747875001
1960,3775,3590,5507,16425,1652.2049997833333
1961,3775,3590,5483,16416,1652.2061247791667
1962,3775,3590,5459,16407,1652.207249775
1963,3775,3590,5436,16399,1652.2083747708334
1964,3775,3590,5412,16390,1652.2094997666668
1965,3775,3590,5389,16381,1652.2106247625
1966,3775,3590,5365,16373,1652.2117497583333
1967,3775,3590,5341,16364,1652.2128747541667
1968,3775,3590,5318,16355,1652.21399975
1969,3775,3590,5294,16346,1652.2151247458335
1970,3775,3590,5270,16338,1652.2162497416666
1971,3775,3590,5247,16329,1652.2173747375
1972,3775,3590,5223,16320,1652.2184997333334
1973,3775,3590,5199,16312,1652.2196247291668
1974,3775,3590,5176,16303,1652.2207497250001
1975,3775,3590,5152,16294,1652.2218747208333
1976,3775,3590,5129,16285,1652.2229997166667
1977,3775,3590,5105,16277,1652.2241247125
1978,3775,3590,5081,16268,1652.2252497083334
1979,3775,3590,5058,16259,1652.2263747041668
1980,3775,3590,5034,16251,1652.2274997
1981,3775,3590,5010,16242,1652.2286246958333
1982,3775,3590,4987,16233,1652.2297496916667
1983,3775,3590,4963,16224,1652.2308746875
1984,3775,3590,4940,16216,1652.2319996833335
1985,3775,3590,4916,16207,1652.2331246791666
1986,3775,3590,4892,16198,1652.234249675
1987,3775,3590,4869,16190,1652.2353746708334
1988,3775,3590,4845,16181,1652.2364996666668
1989,3775,3590,4821,16172,1652.2376246625
1990,3775,3590,4798,16163,1652.2387496583333
1991,3775,3590,4774,16155,1652.2398746541667
1992,3775,3590,4751,16146,1652.24099965
1993,3775,3590,4727,16137,1652.2421246458334
1994,3775,3590,4703,16129,1652.2432496416666
1995,3775,3590,4680,16120,1652.2443746375
1996,3775,3590,4656,16111,1652.2454996333333
1997,3775,3590,4632,16102,1652.2466246291667
1998,3775,3590,4609,16094,1652.247749625
1999,3775,3590,4585,16085,1652.2488746208332
2000,3775,3590,4561,16076,1652.2499996166666
2001,3775,3590,4538,16068,1652.2511246125
2002,3775,3590,4514,16059,1652.2522496083334
2003,3775,3590,4491,16050,1652.2533746041668
2004,3775,3590,4467,16041,1652.2544996
2005,3775,3590,4443,16033,1652.2556245958333
2006,3775,3590,4420,16024,1652.2567495916667
2007,3775,3590,4396,16015,1652.2578745875
2008,3775,3590,4372,16007,1652.2589995833334
2009,3775,3590,4349,15998,1652.2601245791666
2010,3775,3590,4325,15989,1652.261249575
2011,3775,3590,4302,15980,1652.2623745708333
2012,3775,3590,4278,15972,1652.2634995666667
2013,3775,3590,4254,15963,1652.2646245625
2014,3775,3590,4231,15954,1652.2657495583333
2015,3775,3590,4207,15946,1652.2668745541666
2016,3660,3464,4539,16162,1652.268
2017,3660,3464,4518,16156,1652.26912498875
2018,3660,3464,4496,16150,1652.2702499775
2019,3660,3464,4474,16144,1652.27137496625
2020,3660,3464,4453,16138,1652.272499955
2021,3660,3464,4431,16131,1652.27362494375
2022,3660,3464,4409,16125,1652.2747499325
2023,3660,3464,4388,16119,1652.27587492125
2024,3660,3464,4366,16113,1652.27699991
2025,3660,3464,4345,16106,1652.27812489875
2026,3660,3464,4323,16100,1652.2792498875
2027,3660,3464,4301,16094,1652.28037487625
2028,3660,3464,4280,16088,1652.2814998650001
2029,3660,3464,4258,16081,1652.2826248537501
2030,3660,3464,4236,16075,1652.2837498425001
2031,3660,3464,4215,16069,1652.2848748312501
2032,3660,3464,4193,16063,1652.2859998200001
2033,3660,3464,4172,16057,1652.2871248087501
2034,3660,3464,4150,16050,1652.2882497975002
2035,3660,3464,4128,16044,1652.2893747862502
2036,3660,3464,4107,16038,1652.2904997750002
2037,3660,3464,4085,16032,1652.29162476375
2038,3660,3464,4064,16025,1652.2927497525
2039,3660,3464,4042,16019,1652.29387474125
2040,3660,3464,4020,16013,1652.29499973
2041,3660,3464,3999,16007,1652.29612471875
2042,3660,3464,3977,16000,1652.2972497075
2043,3660,3464,3955,15994,1652.29837469625
2044,3660,3464,3934,15988,1652.299499685
2045,3660,3464,3912,15982,1652.30062467375
2046,3660,3464,3891,15976,1652.3017496625
2047,3660,3464,3869,15969,1652.30287465125
2048,3660,3464,3847,15963,1652.30399964
2049,3660,3464,3826,15957,1652.30512462875
2050,3660,3464,3804,15951,1652.3062496175
2051,3660,3464,3782,15944,1652.30737460625
2052,3660,3464,3761,15938,1652.308499595
2053,3660,3464,3739,15932,1652.30962458375
2054,3660,3464,3718,15926,1652.3107495725
2055,3660,3464,3696,15919,1652.31187456125
2056,3545,3338,3991,16145,1652.313
2057,3545,3338,3971,16140,1652.3141249953126
2058,3545,3338,3951,16134,1652.315249990625
2059,3545,3338,3932,16128,1652.3163749859375
2060,3545,3338,3912,16123,1652.3174999812502
2061,3545,3338,3892,16117,1652.3186249765627
2062,3545,3338,3872,16112,1652.3197499718751
2063,3545,3338,3853,16106,1652.3208749671876
2064,3545,3338,3833,16100,1652.3219999625
2065,3545,3338,3813,16095,1652.3231249578125
2066,3545,3338,3793,16089,1652.324249953125
2067,3545,3338,3773,16084,1652.3253749484377
2068,3545,3338,3754,16078,1652.3264999437502
2069,3545,3338,3734,16072,1652.3276249390626
2070,3545,3338,3714,16067,1652.328749934375
2071,3545,3338,3694,16061,1652.3298749296875
2072,3545,3338,3675,16056,1652.330999925
2073,3545,3338,3655,16050,1652.3321249203125
2074,3545,3338,3635,16044,1652.3332499156252
2075,3545,3338,3615,16039,1652.3343749109376
2076,3545,3338,3595,16033,1652.33549990625
2077,3545,3338,3576,16028,1652.3366249015626
2078,3545,3338,3556,16022,1652.337749896875
2079,3545,3338,3536,16016,1652.3388748921875
2080,3545,3338,3516,16011,1652.3399998875002
2081,3545,3338,3497,16005,1652.3411248828127
2082,3545,3338,3477,16000,1652.3422498781251
2083,3545,3338,3457,15994,1652.3433748734376
2084,3545,3338,3437,15988,1652.34449986875
2085,3545,3338,3417,15983,1652.3456248640625
2086,3545,3338,3398,15977,1652.346749859375
2087,3545,3338,3378,15972,1652.3478748546877
2088,3545,3338,3358,15966,1652.3489998500002
2089,3545,3338,3338,15960,1652.3501248453126
2090,3545,3338,3319,15955,1652.351249840625
2091,3545,3338,3299,15949,1652.3523748359376
2092,3545,3338,3279,15944,1652.35349983125
2093,3545,3338,3259,15938,1652.3546248265625
2094,3545,3338,3239,15932,1652.3557498218752
2095,3545,3338,3220,15927,1652.3568748171876
2096,3545,3338,3200,15921,1652.3579998125
2097,3545,3338,3180,15916,1652.3591248078126
2098,3545,3338,3160,15910,1652.360249803125
2099,3545,3338,3140,15904,1652.3613747984375
2100,3545,3338,3121,15899,1652.36249979375
2101,3545,3338,3101,15893,1652.3636247890627
2102,3545,3338,3081,15888,1652.3647497843751
2103,3545,3338,3061,15882,1652.3658747796876
2104,3545,3338,3042,15876,1652.366999775
2105,3545,3338,3022,15871,1652.3681247703125
2106,3545,3338,3002,15865,1652.369249765625
2107,3545,3338,2982,15859,1652.3703747609375
2108,3430,3212,3259,15854,1652.3714997562502
2109,3430,3212,3241,15848,1652.3726247515626
2110,3430,3212,3223,15843,1652.373749746875
2111,3430,3212,3205,15837,1652.3748747421876
2112,3430,3212,3186,15831,1652.3759997375
2113,3430,3212,3168,15826,1652.3771247328125
2114,3430,3212,3150,15820,1652.378249728125
2115,3430,3212,3131,15815,1652.3793747234376
2116,3430,3212,3113,15809,1652.3804997187501
2117,3430,3212,3095,15803,1652.3816247140626
2118,3430,3212,3077,15798,1652.382749709375
2119,3430,3212,3058,15792,1652.3838747046875
2120,3430,3212,3040,15787,1652.3849997
2121,3430,3212,3022,15781,1652.3861246953124
2122,3430,3212,3004,15775,1652.3872496906251
2123,3430,3212,2985,15770,1652.3883746859376
2124,3430,3212,2967,15764,1652.38949968125
2125,3430,3212,2949,15759,1652.3906246765625
2126,3430,3212,2930,15753,1652.391749671875
2127,3430,3212,2912,15747,1652.3928746671875
2128,3430,3212,2894,15742,1652.3939996625
2129,3430,3212,2876,15736,1652.3951246578126
2130,3430,3212,2857,15731,1652.396249653125
2131,3430,3212,2839,15725,1652.3973746484376
2132,3430,3212,2821,15719,1652.39849964375
2133,3430,3212,2802,15714,1652.3996246390625
2134,3430,3212,2784,15708,1652.400749634375
2135,3430,3212,2766,15703,1652.4018746296877
2136,3430,3212,2748,15697,1652.4029996250001
2137,3430,3212,2729,15691,1652.4041246203126
2138,3430,3212,2711,15686,1652.405249615625
2139,3430,3212,2693,15680,1652.4063746109375
2140,3430,3212,2674,15675,1652.40749960625
2141,3430,3212,2656,15669,1652.4086246015625
2142,3430,3212,2638,15663,1652.4097495968751
2143,3430,3212,2620,15658,1652.4108745921876
2144,3430,3212,2601,15652,1652.4119995875
2145,3430,3212,2583,15647,1652.4131245828125
2146,3430,3212,2565,15641,1652.414249578125
2147,3430,3212,2546,15635,1652.4153745734375
2148,3430,3212,2528,15630,1652.41649956875
2149,3430,3212,2510,15624,1652.4176245640626
2150,3430,3212,2492,15618,1652.418749559375
2151,3430,3212,2473,15613,1652.4198745546876
2152,3315,3086,11779,16975,1652.421
2153,3315,3086,11734,16967,1652.4221249875
2154,3315,3086,11690,16959,1652.423249975
2155,3315,3086,11645,16951,1652.4243749625
2156,3315,3086,11600,16942,1652.4254999500001
2157,3315,3086,11555,16934,1652.4266249375
2158,3315,3086,11510,16926,1652.4277499250002
2159,3315,3086,11466,16917,1652.4288749125
2160,3315,3086,11421,16909,1652.4299999
2161,3315,3086,11376,16901,1652.4311248875001
2162,3315,3086,11331,16892,1652.432249875
2163,3315,3086,11287,16884,1652.4333748625002
2164,3315,3086,11242,16876,1652.43449985
2165,3315,3086,11197,16867,1652.4356248375
2166,3315,3086,11152,16859,1652.436749825
2167,3315,3086,11107,16851,1652.4378748125
2168,3315,3086,11063,16842,1652.4389998000001
2169,3315,3086,11018,16834,1652.4401247875
2170,3315,3086,10973,16826,1652.441249775
2171,3315,3086,10928,16818,1652.4423747625
2172,3315,3086,10884,16809,1652.44349975
2173,3315,3086,10839,16801,1652.4446247375001
2174,3315,3086,10794,16793,1652.445749725
2175,3315,3086,10749,16784,1652.4468747125002
2176,3315,3086,10704,16776,1652.4479997
2177,3315,3086,10660,16768,1652.4491246875
2178,3315,3086,10615,16759,1652.4502496750001
2179,3315,3086,10570,16751,1652.4513746625
2180,3315,3086,10525,16743,1652.4524996500002
2181,3315,3086,10481,16734,1652.4536246375
2182,3315,3086,10436,16726,1652.4547496250002
2183,3315,3086,10391,16718,1652.4558746125
2184,3315,3086,10346,16709,1652.4569996
2185,3315,3086,10302,16701,1652.4581245875002
2186,3315,3086,10257,16693,1652.459249575
2187,3315,3086,10212,16685,1652.4603745625002
2188,3200,2960,10875,16946,1652.4615
2189,3200,2960,10836,16933,1652.4626249897726
2190,3200,2960,10796,16921,1652.4637499795454
2191,3200,2960,10756,16909,1652.464874969318
2192,3200,2960,10717,16896,1652.4659999590908
2193,3200,2960,10677,16884,1652.4671249488636
2194,3200,2960,10638,16871,1652.4682499386363
2195,3200,2960,10598,16859,1652.469374928409
2196,3200,2960,10558,16846,1652.4704999181818
2197,3200,2960,10519,16834,1652.4716249079545
2198,3200,2960,10479,16822,1652.4727498977272
2199,3200,2960,10439,16809,1652.4738748875
2200,3200,2960,10400,16797,1652.4749998772727
2201,3200,2960,10360,16784,1652.4761248670454
2202,3200,2960,10321,16772,1652.4772498568182
2203,3200,2960,10281,16759,1652.478374846591
2204,3200,2960,10241,16747,1652.4794998363636
2205,3200,2960,10202,16735,1652.4806248261364
2206,3200,2960,10162,16722,1652.481749815909
2207,3200,2960,10123,16710,1652.4828748056818
2208,3200,2960,10083,16697,1652.4839997954546
2209,3200,2960,10043,16685,1652.4851247852273
2210,3200,2960,10004,16672,1652.486249775
2211,3200,2960,9964,16660,1652.4873747647725
2212,3200,2960,9924,16648,1652.4884997545453
2213,3200,2960,9885,16635,1652.489624744318
2214,3200,2960,9845,16623,1652.4907497340907
2215,3200,2960,9806,16610,1652.4918747238635
2216,3200,2960,9766,16598,1652.4929997136362
2217,3200,2960,9726,16585,1652.494124703409
2218,3200,2960,9687,16573,1652.4952496931817
2219,3200,2960,9647,16561,1652.4963746829544
2220,3200,2960,9608,16548,1652.4974996727271
2221,3200,2960,9568,16536,1652.4986246624999
2222,3200,2960,9528,16523,1652.4997496522726
2223,3200,2960,9489,16511,1652.5008746420453
2224,3200,2960,9449,16498,1652.501999631818
2225,3200,2960,9409,16486,1652.5031246215908
2226,3200,2960,9370,16474,1652.5042496113635
2227,3200,2960,9330,16461,1652.5053746011363
2228,3200,2960,9291,16449,1652.506499590909
2229,3200,2960,9251,16436,1652.5076245806817
2230,3200,2960,9211,16424,1652.5087495704545
2231,3200,2960,9172,16411,1652.5098745602272
2232,3085,2834,9782,16663,1652.511
2233,3085,2834,9746,16652,1652.512124990625
2234,3085,2834,9709,16640,1652.51324998125
2235,3085,2834,9672,16629,1652.514374971875
2236,3085,2834,9635,16617,1652.5154999625
2237,3085,2834,9599,16605,1652.516624953125
2238,3085,2834,9562,16594,1652.51774994375
2239,3085,2834,9525,16582,1652.518874934375
2240,3085,2834,9488,16571,1652.5199999249999
2241,3085,2834,9451,16559,1652.521124915625
2242,3085,2834,9415,16548,1652.52224990625
2243,3085,2834,9378,16536,1652.5233748968749
2244,3085,2834,9341,16524,1652.5244998875
2245,3085,2834,9304,16513,1652.525624878125
2246,3085,2834,9268,16501,1652.52674986875
2247,3085,2834,9231,16490,1652.527874859375
2248,3085,2834,9194,16478,1652.52899985
2249,3085,2834,9157,16467,1652.530124840625
2250,3085,2834,9120,16455,1652.53124983125
2251,3085,2834,9084,16443,1652.532374821875
2252,3085,2834,9047,16432,1652.5334998125
2253,3085,2834,9010,16420,1652.534624803125
2254,3085,2834,8973,16409,1652.53574979375
2255,3085,2834,8937,16397,1652.536874784375
2256,3085,2834,8900,16386,1652.5379997750001
2257,3085,2834,8863,16374,1652.539124765625
2258,3085,2834,8826,16362,1652.54024975625
2259,3085,2834,8789,16351,1652.541374746875
2260,3085,2834,8753,16339,1652.5424997375
2261,3085,2834,8716,16328,1652.543624728125
2262,3085,2834,8679,16316,1652.54474971875
2263,3085,2834,8642,16305,1652.545874709375
2264,3085,2834,8606,16293,1652.5469997
2265,3085,2834,8569,16281,1652.548124690625
2266,3085,2834,8532,16270,1652.54924968125
2267,3085,2834,8495,16258,1652.550374671875
2268,3085,2834,8458,16247,1652.5514996625
2269,3085,2834,8422,16235,1652.5526246531251
2270,3085,2834,8385,16224,1652.55374964375
2271,3085,2834,8348,16212,1652.554874634375
2272,3085,2834,8311,16200,1652.555999625
2273,3085,2834,8275,16189,1652.557124615625
2274,3085,2834,8238,16177,1652.55824960625
2275,3085,2834,8201,16166,1652.559374596875
2276,3085,2834,8164,16154,1652.5604995875
2277,3085,2834,8127,16143,1652.561624578125
2278,3085,2834,8091,16131,1652.56274956875
2279,3085,2834,8054,16119,1652.563874559375
2280,2970,2708,8618,16435,1652.565
2281,2970,2708,8585,16429,1652.5661249913462
2282,2970,2708,8551,16423,1652.5672499826924
2283,2970,2708,8517,16417,1652.5683749740385
2284,2970,2708,8483,16410,1652.5694999653847
2285,2970,2708,8450,16404,1652.5706249567309
2286,2970,2708,8416,16398,1652.571749948077
2287,2970,2708,8382,16392,1652.5728749394232
2288,2970,2708,8349,16386,1652.5739999307693
2289,2970,2708,8315,16380,1652.5751249221155
2290,2970,2708,8281,16374,1652.5762499134617
2291,2970,2708,8247,16368,1652.5773749048078
2292,2970,2708,8214,16361,1652.578499896154
2293,2970,2708,8180,16355,1652.5796248875
2294,2970,2708,8146,16349,1652.580749878846
2295,2970,2708,8113,16343,1652.5818748701922
2296,2970,2708,8079,16337,1652.5829998615384
2297,2970,2708,8045,16331,1652.5841248528845
2298,2970,2708,8011,16325,1652.5852498442307
2299,2970,2708,7978,16318,1652.5863748355769
2300,2970,2708,7944,16312,1652.587499826923
2301,2970,2708,7910,16306,1652.5886248182692
2302,2970,2708,7877,16300,1652.5897498096153
2303,2970,2708,7843,16294,1652.5908748009615
2304,2970,2708,7809,16288,1652.5919997923077
2305,2970,2708,7775,16282,1652.5931247836538
2306,2970,2708,7742,16276,1652.594249775
2307,2970,2708,7708,16269,1652.5953747663461
2308,2970,2708,7674,16263,1652.5964997576923
2309,2970,2708,7640,16257,1652.5976247490385
2310,2970,2708,7607,16251,1652.5987497403846
2311,2970,2708,7573,16245,1652.5998747317308
2312,2970,2708,7539,16239,1652.600999723077
2313,2970,2708,7506,16233,1652.602124714423
2314,2970,2708,7472,16227,1652.6032497057693
2315,2970,2708,7438,16220,1652.6043746971154
2316,2970,2708,7404,16214,1652.6054996884616
2317,2970,2708,7371,16208,1652.6066246798077
2318,2970,2708,7337,16202,1652.607749671154
2319,2970,2708,7303,16196,1652.6088746625
2320,2970,2708,7270,16190,1652.609999653846
2321,2970,2708,7236,16184,1652.6111246451921
2322,2970,2708,7202,16177,1652.6122496365383
2323,2970,2708,7168,16171,1652.6133746278845
2324,2970,2708,7135,16165,1652.6144996192306
2325,2970,2708,7101,16159,1652.6156246105768
2326,2970,2708,7067,16153,1652.616749601923
2327,2970,2708,7034,16147,1652.617874593269
2328,2970,2708,7000,16141,1652.6189995846153
2329,2970,2708,6966,16135,1652.6201245759614
2330,2970,2708,6932,16128,1652.6212495673076
2331,2970,2708,6899,16122,1652.6223745586537
2332,2855,2582,7409,16382,1652.6235
2333,2855,2582,7379,16372,1652.62462498875
2334,2855,2582,7349,16363,1652.6257499775
2335,2855,2582,7319,16353,1652.62687496625
2336,2855,2582,7289,16343,1652.627999955
2337,2855,2582,7259,16334,1652.62912494375
2338,2855,2582,7229,16324,1652.6302499325
2339,2855,2582,7198,16314,1652.63137492125
2340,2855,2582,7168,16305,1652.63249991
2341,2855,2582,7138,16295,1652.63362489875
2342,2855,2582,7108,16286,1652.6347498875
2343,2855,2582,7078,16276,1652.63587487625
2344,2855,2582,7048,16266,1652.636999865
2345,2855,2582,7018,16257,1652.63812485375
2346,2855,2582,6988,16247,1652.6392498425
2347,2855,2582,6958,16237,1652.64037483125
2348,2855,2582,6927,16228,1652.64149982
2349,2855,2582,6897,16218,1652.64262480875
2350,2855,2582,6867,16209,1652.6437497975
2351,2855,2582,6837,16199,1652.64487478625
2352,2855,2582,6807,16189,1652.6459997749998
2353,2855,2582,6777,16180,1652.6471247637498
2354,2855,2582,6747,16170,1652.6482497524999
2355,2855,2582,6717,16160,1652.6493747412499
2356,2855,2582,6687,16151,1652.6504997299999
2357,2855,2582,6656,16141,1652.6516247187499
2358,2855,2582,6626,16131,1652.6527497074999
2359,2855,2582,6596,16122,1652.6538746962499
2360,2855,2582,6566,16112,1652.654999685
2361,2855,2582,6536,16103,1652.65612467375
2362,2855,2582,6506,16093,1652.6572496625
2363,2855,2582,6476,16083,1652.65837465125
2364,2855,2582,6446,16074,1652.65949964
2365,2855,2582,6416,16064,1652.66062462875
2366,2855,2582,6385,16054,1652.6617496175
2367,2855,2582,6355,16045,1652.66287460625
2368,2855,2582,6325,16035,1652.663999595
2369,2855,2582,6295,16025,1652.66512458375
2370,2855,2582,6265,16016,1652.6662495725
2371,2855,2582,6235,16006,1652.66737456125
2372,2740,2456,6677,16239,1652.6685
2373,2740,2456,6650,16230,1652.66962498875
2374,2740,2456,6622,16222,1652.6707499775
2375,2740,2456,6594,16213,1652.67187496625
2376,2740,2456,6567,16204,1652.672999955
2377,2740,2456,6539,16195,1652.67412494375
2378,2740,2456,6511,16186,1652.6752499325
2379,2740,2456,6484,16178,1652.67637492125
2380,2740,2456,6456,16169,1652.67749991
2381,2740,2456,6428,16160,1652.67862489875
2382,2740,2456,6401,16151,1652.6797498875
2383,2740,2456,6373,16142,1652.68087487625
2384,2740,2456,6345,16134,1652.681999865
2385,2740,2456,6317,16125,1652.68312485375
2386,2740,2456,6290,16116,1652.6842498425
2387,2740,2456,6262,16107,1652.68537483125
2388,2740,2456,6234,16098,1652.68649982
2389,2740,2456,6207,16090,1652.6876248087501
2390,2740,2456,6179,16081,1652.6887497975001
2391,2740,2456,6151,16072,1652.6898747862501
2392,2740,2456,6124,16063,1652.690999775
2393,2740,2456,6096,16055,1652.69212476375
2394,2740,2456,6068,16046,1652.6932497525
2395,2740,2456,6041,16037,1652.69437474125
2396,2740,2456,6013,16028,1652.69549973
2397,2740,2456,5985,16019,1652.69662471875
2398,2740,2456,5958,16011,1652.6977497075
2399,2740,2456,5930,16002,1652.69887469625
2400,2740,2456,5902,15993,1652.699999685
2401,2740,2456,5874,15984,1652.70112467375
2402,2740,2456,5847,15975,1652.7022496625
2403,2740,2456,5819,15967,1652.70337465125
2404,2740,2456,5791,15958,1652.70449964
2405,2740,2456,5764,15949,1652.70562462875
2406,2740,2456,5736,15940,1652.7067496175
2407,2740,2456,5708,15931,1652.70787460625
2408,2740,2456,5681,15923,1652.708999595
2409,2740,2456,5653,15914,1652.71012458375
2410,2740,2456,5625,15905,1652.7112495725
2411,2740,2456,5598,15896,1652.71237456125
2412,2621,2326,6012,16083,1652.7135
2413,2621,2326,5986,16078,1652.7146249979166
2414,2621,2326,5961,16073,1652.7157499958334
2415,2621,2326,5935,16068,1652.71687499375
2416,2621,2326,5910,16063,1652.7179999916668
2417,2621,2326,5884,16058,1652.7191249895834
2418,2621,2326,5859,16053,1652.7202499875
2419,2621,2326,5833,16048,1652.7213749854168
2420,2621,2326,5808,16043,1652.7224999833334
2421,2621,2326,5782,16037,1652.7236249812502
2422,2621,2326,5757,16032,1652.7247499791667
2423,2621,2326,5731,16027,1652.7258749770833
2424,2621,2326,5706,16022,1652.7269999750001
2425,2621,2326,5680,16017,1652.7281249729167
2426,2621,2326,5654,16012,1652.7292499708335
2427,2621,2326,5629,16007,1652.73037496875
2428,2621,2326,5603,16002,1652.7314999666667
2429,2621,2326,5578,15997,1652.7326249645835
2430,2621,2326,5552,15991,1652.7337499625
2431,2621,2326,5527,15986,1652.7348749604166
2432,2621,2326,5501,15981,1652.7359999583334
2433,2621,2326,5476,15976,1652.73712495625
2434,2621,2326,5450,15971,1652.7382499541668
2435,2621,2326,5425,15966,1652.7393749520834
2436,2621,2326,5399,15961,1652.74049995
2437,2621,2326,5374,15956,1652.7416249479168
2438,2621,2326,5348,15951,1652.7427499458333
2439,2621,2326,5323,15946,1652.7438749437501
2440,2621,2326,5297,15940,1652.7449999416667
2441,2621,2326,5272,15935,1652.7461249395833
2442,2621,2326,5246,15930,1652.7472499375
2443,2621,2326,5221,15925,1652.7483749354167
2444,2621,2326,5195,15920,1652.7494999333335
2445,2621,2326,5170,15915,1652.75062493125
2446,2621,2326,5144,15910,1652.7517499291666
2447,2621,2326,5119,15905,1652.7528749270834
2448,2621,2326,5093,15900,1652.753999925
2449,2621,2326,5068,15894,1652.7551249229168
2450,2621,2326,5042,15889,1652.7562499208334
2451,2621,2326,5017,15884,1652.75737491875
2452,2621,2326,4991,15879,1652.7584999166668
2453,2621,2326,4966,15874,1652.7596249145834
2454,2621,2326,4940,15869,1652.7607499125002
2455,2621,2326,4915,15864,1652.7618749104167
2456,2621,2326,4889,15859,1652.7629999083333
2457,2621,2326,4864,15854,1652.7641249062501
2458,2621,2326,4838,15848,1652.7652499041667
2459,2621,2326,4813,15843,1652.7663749020833
2460,2621,2326,4787,15838,1652.7674999
2461,2621,2326,4762,15833,1652.7686248979167
2462,2621,2326,4736,15828,1652.7697498958335
2463,2621,2326,4711,15823,1652.77087489375
2464,2527,2217,4838,15818,1652.7719998916666
2465,2527,2217,4823,15813,1652.7731248895834
2466,2527,2217,4809,15808,1652.7742498875
2467,2527,2217,4795,15803,1652.7753748854168
2468,2527,2217,4781,15797,1652.7764998833334
2469,2527,2217,4767,15792,1652.77762488125
2470,2527,2217,4752,15787,1652.7787498791668
2471,2527,2217,4738,15782,1652.7798748770833
2472,2527,2217,4724,15777,1652.7809998750001
2473,2527,2217,4710,15772,1652.7821248729167
2474,2527,2217,4696,15767,1652.7832498708333
2475,2527,2217,4681,15762,1652.78437486875
2476,2527,2217,4667,15757,1652.7854998666667
2477,2527,2217,4653,15751,1652.7866248645835
2478,2527,2217,4639,15746,1652.7877498625
2479,2527,2217,4625,15741,1652.7888748604166
2480,2527,2217,4610,15736,1652.7899998583334
2481,2527,2217,4596,15731,1652.79112485625
2482,2527,2217,4582,15726,1652.7922498541668
2483,2527,2217,4568,15721,1652.7933748520834
2484,2527,2217,4554,15716,1652.79449985
2485,2527,2217,4539,15711,1652.7956248479168
2486,2527,2217,4525,15705,1652.7967498458333
2487,2527,2217,4511,15700,1652.7978748437502
2488,2527,2217,4497,15695,1652.7989998416667
2489,2527,2217,4483,15690,1652.8001248395833
2490,2527,2217,4469,15685,1652.8012498375
2491,2527,2217,4454,15680,1652.8023748354167
2492,2527,2217,4440,15675,1652.8034998333333
2493,2527,2217,4426,15670,1652.80462483125
2494,2527,2217,4412,15665,1652.8057498291666
2495,2527,2217,4398,15659,1652.8068748270834
2496,2527,2217,4383,15654,1652.807999825
2497,2527,2217,4369,15649,1652.8091248229166
2498,2527,2217,4355,15644,1652.8102498208334
2499,2527,2217,4341,15639,1652.81137481875
2500,2527,2217,4327,15634,1652.8124998166668
2501,2527,2217,4312,15629,1652.8136248145834
2502,2527,2217,4298,15624,1652.8147498125
2503,2527,2217,4284,15619,1652.8158748104167
2504,2527,2217,4270,15614,1652.8169998083333
2505,2527,2217,4256,15608,1652.8181248062501
2506,2527,2217,4241,15603,1652.8192498041667
2507,2527,2217,4227,15598,1652.8203748020833
2508,2433,2108,4213,15593,1652.8214998
2509,2433,2108,4199,15588,1652.8226247979167
2510,2433,2108,4185,15583,1652.8237497958335
2511,2433,2108,4170,15578,1652.82487479375
2512,2433,2108,4156,15573,1652.8259997916666
2513,2433,2108,4142,15568,1652.8271247895834
2514,2433,2108,4128,15562,1652.8282497875
2515,2433,2108,4114,15557,1652.8293747854168
2516,2433,2108,4099,15552,1652.8304997833334
2517,2433,2108,4085,15547,1652.83162478125
2518,2433,2108,4071,15542,1652.8327497791668
2519,2433,2108,4057,15537,1652.8338747770833
2520,2433,2108,4043,15532,1652.8349997750001
2521,2433,2108,4028,15527,1652.8361247729167
2522,2433,2108,4014,15522,1652.8372497708333
2523,2433,2108,4000,15516,1652.83837476875
2524,2433,2108,3986,15511,1652.8394997666667
2525,2433,2108,3972,15506,1652.8406247645833
2526,2433,2108,3957,15501,1652.8417497625
2527,2433,2108,3943,15496,1652.8428747604166
2528,2433,2108,3929,15491,1652.8439997583334
2529,2433,2108,3915,15486,1652.84512475625
2530,2433,2108,3901,15481,1652.8462497541666
2531,2433,2108,3886,15476,1652.8473747520834
2532,2433,2108,3872,15471,1652.84849975
2533,2433,2108,3858,15465,1652.8496247479168
2534,2433,2108,3844,15460,1652.8507497458334
2535,2433,2108,3830,15455,1652.85187474375
2536,2433,2108,3815,15450,1652.8529997416667
2537,2433,2108,3801,15445,1652.8541247395833
2538,2433,2108,3787,15440,1652.8552497375001
2539,2433,2108,3773,15435,1652.8563747354167
2540,2433,2108,3759,15430,1652.8574997333333
2541,2433,2108,3744,15425,1652.85862473125
2542,2433,2108,3730,15419,1652.8597497291667
2543,2433,2108,3716,15414,1652.8608747270835
2544,2433,2108,3702,15409,1652.861999725
2545,2433,2108,3688,15404,1652.8631247229166
2546,2433,2108,3673,15399,1652.8642497208334
2547,2433,2108,3659,15394,1652.86537471875
2548,2433,2108,3645,15389,1652.8664997166668
2549,2433,2108,3631,15384,1652.8676247145834
2550,2433,2108,3617,15379,1652.8687497125
2551,2433,2108,3602,15373,1652.8698747104168
2552,2433,2108,3588,15368,1652.8709997083333
2553,2433,2108,3574,15363,1652.87212470625
2554,2433,2108,3560,15358,1652.8732497041667
2555,2433,2108,3546,15353,1652.8743747020833
2556,2339,1999,3531,15348,1652.8754997
2557,2339,1999,3517,15343,1652.8766246979167
2558,2339,1999,3503,15338,1652.8777496958332
2559,2339,1999,3489,15333,1652.87887469375
2560,2339,1999,3475,15327,1652.8799996916666
2561,2339,1999,3460,15322,1652.8811246895834
2562,2339,1999,3446,15317,1652.8822496875
2563,2339,1999,3432,15312,1652.8833746854166
2564,2339,1999,3418,15307,1652.8844996833334
2565,2339,1999,3404,15302,1652.88562468125
2566,2339,1999,3389,15297,1652.8867496791668
2567,2339,1999,3375,15292,1652.8878746770833
2568,2339,1999,3361,15287,1652.888999675
2569,2339,1999,3347,15282,1652.8901246729167
2570,2339,1999,3333,15276,1652.8912496708333
2571,2339,1999,3318,15271,1652.89237466875
2572,2339,1999,3304,15266,1652.8934996666667
2573,2339,1999,3290,15261,1652.8946246645833
2574,2339,1999,3276,15256,1652.8957496625
2575,2339,1999,3262,15251,1652.8968746604166
2576,2339,1999,3247,15246,1652.8979996583334
2577,2339,1999,3233,15241,1652.89912465625
2578,2339,1999,3219,15236,1652.9002496541666
2579,2339,1999,3205,15230,1652.9013746520834
2580,2339,1999,3191,15225,1652.90249965
2581,2339,1999,3176,15220,1652.9036246479168
2582,2339,1999,3162,15215,1652.9047496458334
2583,2339,1999,3148,15210,1652.90587464375
2584,2245,1890,3134,15205,1652.9069996416667
2585,2245,1890,3120,15200,1652.9081246395833
2586,2245,1890,3105,15195,1652.9092496375
2587,2245,1890,3091,15190,1652.9103746354167
2588,2245,1890,3077,15184,1652.9114996333333
2589,2245,1890,3063,15179,1652.91262463125
2590,2245,1890,3049,15174,1652.9137496291667
2591,2245,1890,3034,15169,1652.9148746270832
2592,2245,1890,3020,15164,1652.915999625
2593,2245,1890,3006,15159,1652.9171246229166
2594,2245,1890,2992,15154,1652.9182496208334
2595,2245,1890,2978,15149,1652.91937461875
2596,2245,1890,2963,15144,1652.9204996166666
2597,2245,1890,2949,15139,1652.9216246145834
2598,2245,1890,2935,15133,1652.9227496125
2599,2245,1890,2921,15128,1652.9238746104168
2600,2245,1890,2907,15123,1652.9249996083333
2601,2245,1890,2892,15118,1652.92612460625
2602,2245,1890,2878,15113,1652.9272496041667
2603,2245,1890,2864,15108,1652.9283746020833
2604,2245,1890,2850,15103,1652.9294996
2605,2245,1890,2836,15098,1652.9306245979167
2606,2245,1890,2821,15093,1652.9317495958333
2607,2245,1890,2807,15087,1652.93287459375
2608,2245,1890,2793,15082,1652.9339995916666
2609,2245,1890,2779,15077,1652.9351245895834
2610,2245,1890,2765,15072,1652.9362495875
2611,2245,1890,2750,15067,1652.9373745854166
2612,2245,1890,2736,15062,1652.9384995833334
2613,2245,1890,2722,15057,1652.93962458125
2614,2245,1890,2708,15052,1652.9407495791665
2615,2245,1890,2694,15047,1652.9418745770834
2616,2245,1890,2679,15041,1652.942999575
2617,2245,1890,2665,15036,1652.9441245729167
2618,2245,1890,2651,15031,1652.9452495708333
2619,2245,1890,2637,15026,1652.94637456875
2620,2245,1890,2623,15021,1652.9474995666667
2621,2245,1890,2608,15016,1652.9486245645833
2622,2245,1890,2594,15011,1652.9497495625
2623,2245,1890,2580,15006,1652.9508745604167
2624,2245,1890,2566,15001,1652.9519995583332
2625,2245,1890,2552,14996,1652.95312455625
2626,2245,1890,2537,14990,1652.9542495541666
2627,2245,1890,2523,14985,1652.9553745520834
2628,2151,1781,12056,16360,1652.9565
2629,2151,1781,12056,16356,1652.957624997794
2630,2151,1781,12056,16352,1652.9587499955883
2631,2151,1781,12056,16348,1652.9598749933823
2632,2151,1781,11839,16344,1652.9609999911765
2633,2151,1781,11793,16340,1652.9621249889706
2634,2151,1781,11747,16336,1652.9632499867648
2635,2151,1781,11701,16332,1652.9643749845588
2636,2151,1781,11655,16327,1652.9654999823529
2637,2151,1781,11609,16323,1652.9666249801471
2638,2151,1781,11563,16319,1652.9677499779411
2639,2151,1781,11517,16315,1652.9688749757354
2640,2151,1781,11471,16311,1652.9699999735294
2641,2151,1781,11425,16307,1652.9711249713234
2642,2151,1781,11379,16303,1652.9722499691177
2643,2151,1781,11333,16299,1652.9733749669117
2644,2151,1781,11287,16295,1652.974499964706
2645,2151,1781,11241,16291,1652.9756249625
2646,2151,1781,11195,16287,1652.976749960294
2647,2151,1781,11148,16283,1652.9778749580883
2648,2151,1781,11102,16279,1652.9789999558823
2649,2151,1781,11056,16275,1652.9801249536765
2650,2151,1781,11010,16271,1652.9812499514705
2651,2151,1781,10964,16266,1652.9823749492648
2652,2151,1781,10918,16262,1652.9834999470588
2653,2151,1781,10872,16258,1652.9846249448528
2654,2151,1781,10826,16254,1652.985749942647
2655,2151,1781,10780,16250,1652.986874940441
2656,2151,1781,10734,16246,1652.9879999382354
2657,2151,1781,10688,16242,1652.9891249360294
2658,2151,1781,10642,16238,1652.9902499338236
2659,2151,1781,10596,16234,1652.9913749316177
2660,2151,1781,10550,16230,1652.9924999294117
2661,2151,1781,10504,16226,1652.993624927206
2662,2151,1781,10458,16222,1652.994749925
2663,2151,1781,10412,16218,1652.9958749227942
2664,2151,1781,10366,16214,1652.9969999205882
2665,2151,1781,10320,16210,1652.9981249183822
2666,2151,1781,10274,16205,1652.9992499161765
2667,2151,1781,10228,16201,1653.0003749139705
2668,2057,1672,10835,16197,1653.0014999117648
2669,2057,1672,10794,16193,1653.0026249095588
2670,2057,1672,10753,16189,1653.0037499073528
2671,2057,1672,10712,16185,1653.004874905147
2672,2057,1672,10670,16181,1653.005999902941
2673,2057,1672,10629,16177,1653.0071249007353
2674,2057,1672,10588,16173,1653.0082498985294
2675,2057,1672,10547,16169,1653.0093748963236
2676,2057,1672,10505,16165,1653.0104998941176
2677,2057,1672,10464,16161,1653.0116248919117
2678,2057,1672,10423,16157,1653.012749889706
2679,2057,1672,10381,16153,1653.0138748875
2680,2057,1672,10340,16149,1653.0149998852942
2681,2057,1672,10299,16144,1653.0161248830882
2682,2057,1672,10258,16140,1653.0172498808824
2683,2057,1672,10216,16136,1653.0183748786765
2684,2057,1672,10175,16132,1653.0194998764705
2685,2057,1672,10134,16128,1653.0206248742647
2686,2057,1672,10093,16124,1653.0217498720588
2687,2057,1672,10051,16120,1653.022874869853
2688,2057,1672,10010,16116,1653.023999867647
2689,2057,1672,9969,16112,1653.025124865441
2690,2057,1672,9927,16108,1653.0262498632353
2691,2057,1672,9886,16104,1653.0273748610293
2692,2057,1672,9845,16100,1653.0284998588236
2693,2057,1672,9804,16096,1653.0296248566176
2694,2057,1672,9762,16092,1653.0307498544116
2695,2057,1672,9721,16088,1653.0318748522059
2696,2057,1672,9680,16083,1653.03299985
2697,2057,1672,9639,16079,1653.0341248477941
2698,2057,1672,9597,16075,1653.0352498455882
2699,2057,1672,9556,16071,1653.0363748433824
2700,2057,1672,9515,16067,1653.0374998411764
2701,2057,1672,9473,16063,1653.0386248389705
2702,2057,1672,9432,16059,1653.0397498367647
2703,2057,1672,9391,16055,1653.0408748345587
2704,2057,1672,9350,16051,1653.041999832353
2705,2057,1672,9308,16047,1653.043124830147
2706,2057,1672,9267,16043,1653.0442498279413
2707,2057,1672,9226,16039,1653.0453748257353
2708,2057,1672,9185,16035,1653.0464998235293
2709,2057,1672,9143,16031,1653.0476248213236
2710,2057,1672,9102,16027,1653.0487498191176
2711,2057,1672,9061,16022,1653.0498748169118
2712,1963,1563,9620,16018,1653.0509998147058
2713,1963,1563,9582,16014,1653.0521248124999
2714,1963,1563,9543,16010,1653.0532498102941
2715,1963,1563,9505,16006,1653.0543748080881
2716,1963,1563,9467,16002,1653.0554998058824
2717,1963,1563,9428,15998,1653.0566248036764
2718,1963,1563,9390,15994,1653.0577498014704
2719,1963,1563,9352,15990,1653.0588747992647
2720,1963,1563,9314,15986,1653.0599997970587
2721,1963,1563,9275,15982,1653.061124794853
2722,1963,1563,9237,15978,1653.062249792647
2723,1963,1563,9199,15974,1653.0633747904412
2724,1963,1563,9160,15970,1653.0644997882353
2725,1963,1563,9122,15966,1653.0656247860293
2726,1963,1563,9084,15961,1653.0667497838235
2727,1963,1563,9045,15957,1653.0678747816175
2728,1963,1563,9007,15953,1653.0689997794118
2729,1963,1563,8969,15949,1653.0701247772058
2730,1963,1563,8930,15945,1653.071249775
2731,1963,1563,8892,15941,1653.072374772794
2732,1963,1563,8854,15937,1653.0734997705881
2733,1963,1563,8816,15933,1653.0746247683824
2734,1963,1563,8777,15929,1653.0757497661764
2735,1963,1563,8739,15925,1653.0768747639706
2736,1963,1563,8701,15921,1653.0779997617647
2737,1963,1563,8662,15917,1653.0791247595587
2738,1963,1563,8624,15913,1653.080249757353
2739,1963,1563,8586,15909,1653.081374755147
2740,1869,1454,9085,15905,1653.0824997529412
2741,1869,1454,9049,15900,1653.0836247507352
2742,1869,1454,9013,15896,1653.0847497485292
2743,1869,1454,8977,15892,1653.0858747463235
2744,1869,1454,8942,15888,1653.0869997441175
2745,1869,1454,8906,15884,1653.0881247419118
2746,1869,1454,8870,15880,1653.0892497397058
2747,1869,1454,8834,15876,1653.0903747375
2748,1869,1454,8798,15872,1653.091499735294
2749,1869,1454,8763,15868,1653.092624733088
2750,1869,1454,8727,15864,1653.0937497308823
2751,1869,1454,8691,15860,1653.0948747286764
2752,1869,1454,8655,15856,1653.0959997264706
2753,1869,1454,8619,15852,1653.0971247242646
2754,1869,1454,8584,15848,1653.0982497220589
2755,1869,1454,8548,15844,1653.099374719853
2756,1869,1454,8512,15839,1653.100499717647
2757,1869,1454,8476,15835,1653.1016247154412
2758,1869,1454,8440,15831,1653.1027497132352
2759,1869,1454,8405,15827,1653.1038747110294
2760,1869,1454,8369,15823,1653.1049997088235
2761,1869,1454,8333,15819,1653.1061247066175
2762,1869,1454,8297,15815,1653.1072497044117
2763,1869,1454,8262,15811,1653.1083747022058
2764,1869,1454,8226,15807,1653.1094997
2765,1869,1454,8190,15803,1653.110624697794
2766,1869,1454,8154,15799,1653.111749695588
2767,1869,1454,8118,15795,1653.1128746933823
2768,1869,1454,8083,15791,1653.1139996911763
2769,1869,1454,8047,15787,1653.1151246889706
2770,1869,1454,8011,15783,1653.1162496867646
2771,1869,1454,7975,15778,1653.1173746845589
2772,1869,1454,7939,15774,1653.1184996823529
2773,1869,1454,7904,15770,1653.119624680147
2774,1869,1454,7868,15766,1653.1207496779411
2775,1869,1454,7832,15762,1653.1218746757352
2776,1869,1454,7796,15758,1653.1229996735294
2777,1869,1454,7760,15754,1653.1241246713234
2778,1869,1454,7725,15750,1653.1252496691177
2779,1869,1454,7689,15746,1653.1263746669117
2780,1869,1454,7653,15742,1653.1274996647057
2781,1869,1454,7617,15738,1653.1286246625
2782,1869,1454,7582,15734,1653.129749660294
2783,1869,1454,7546,15730,1653.1308746580883
2784,1869,1454,7510,15726,1653.1319996558823
2785,1869,1454,7474,15722,1653.1331246536763
2786,1869,1454,7438,15717,1653.1342496514706
2787,1869,1454,7403,15713,1653.1353746492646
2788,1775,1345,7859,15709,1653.1364996470588
2789,1775,1345,7827,15705,1653.1376246448528
2790,1775,1345,7795,15701,1653.1387496426469
2791,1775,1345,7763,15697,1653.1398746404411
2792,1775,1345,7731,15693,1653.1409996382351
2793,1775,1345,7699,15689,1653.1421246360294
2794,1775,1345,7666,15685,1653.1432496338234
2795,1775,1345,7634,15681,1653.1443746316177
2796,1775,1345,7602,15677,1653.1454996294117
2797,1775,1345,7570,15673,1653.1466246272057
2798,1775,1345,7538,15669,1653.147749625
2799,1775,1345,7506,15665,1653.148874622794
2800,1775,1345,7473,15661,1653.1499996205882
2801,1775,1345,7441,15656,1653.1511246183823
2802,1775,1345,7409,15652,1653.1522496161765
2803,1775,1345,7377,15648,1653.1533746139705
2804,1775,1345,7345,15644,1653.1544996117645
2805,1775,1345,7313,15640,1653.1556246095588
2806,1775,1345,7280,15636,1653.1567496073528
2807,1775,1345,7248,15632,1653.157874605147
2808,1775,1345,7216,15628,1653.158999602941
2809,1775,1345,7184,15624,1653.1601246007351
2810,1775,1345,7152,15620,1653.1612495985294
2811,1775,1345,7119,15616,1653.1623745963234
2812,1775,1345,7087,15612,1653.1634995941176
2813,1775,1345,7055,15608,1653.1646245919117
2814,1775,1345,7023,15604,1653.1657495897057
2815,1775,1345,6991,15600,1653.1668745875
2816,1775,1345,6959,15595,1653.167999585294
2817,1775,1345,6926,15591,1653.1691245830882
2818,1775,1345,6894,15587,1653.1702495808822
2819,1775,1345,6862,15583,1653.1713745786765
2820,1775,1345,6830,15579,1653.1724995764705
2821,1775,1345,6798,15575,1653.1736245742645
2822,1775,1345,6766,15571,1653.1747495720588
2823,1775,1345,6733,15567,1653.1758745698528
2824,1775,1345,6701,15563,1653.176999567647
2825,1775,1345,6669,15559,1653.178124565441
2826,1775,1345,6637,15555,1653.1792495632353
2827,1775,1345,6605,15551,1653.1803745610293
2828,1775,1345,6573,15547,1653.1814995588234
2829,1775,1345,6540,15543,1653.1826245566176
2830,1775,1345,6508,15538,1653.1837495544116
2831,1775,1345,6476,15534,1653.1848745522059
2832,24703,37861,9992,29123,1653.186
2833,24703,37861,9952,29114,1653.1871249990545
2834,24703,37861,9912,29105,1653.188249998109
2835,24703,37861,9872,29096,1653.189374997164
2836,24703,37861,9832,29087,1653.1904999962185
2837,24703,37861,9792,29078,1653.191624995273
2838,24703,37861,9752,29070,1653.1927499943276
2839,24703,37861,9712,29061,1653.1938749933822
2840,24703,37861,9672,29052,1653.1949999924368
2841,24703,37861,9632,29043,1653.1961249914916
2842,24703,37861,9592,29034,1653.1972499905462
2843,24703,37861,9552,29025,1653.1983749896008
2844,24703,37861,9461,29016,1653.1994999886554
2845,24703,37861,9427,29007,1653.20062498771
2846,24703,37861,9393,28999,1653.2017499867645
2847,24703,37861,9359,28990,1653.2028749858193
2848,24703,37861,9324,28981,1653.203999984874
2849,24703,37861,9290,28972,1653.2051249839285
2850,24703,37861,9256,28963,1653.206249982983
2851,24703,37861,9222,28954,1653.2073749820377
2852,24703,37861,9188,28945,1653.2084999810925
2853,24703,37861,9153,28936,1653.209624980147
2854,24703,37861,9119,28928,1653.2107499792016
2855,24703,37861,9085,28919,1653.2118749782562
2856,24703,37861,9051,28910,1653.2129999773108
2857,24703,37861,9017,28901,1653.2141249763654
2858,24703,37861,8982,28892,1653.2152499754202
2859,24703,37861,8948,28883,1653.2163749744748
2860,24703,37861,8914,28874,1653.2174999735294
2861,24703,37861,8880,28865,1653.218624972584
2862,24703,37861,8846,28857,1653.2197499716385
2863,24703,37861,8811,28848,1653.220874970693
2864,24275,37180,9482,28839,1653.221999969748
2865,24275,37180,9448,28830,1653.2231249688025
2866,24275,37180,9415,28821,1653.224249967857
2867,24275,37180,9381,28812,1653.2253749669117
2868,24275,37180,9348,28803,1653.2264999659662
2869,24275,37180,9315,28795,1653.227624965021
2870,24275,37180,9281,28786,1653.2287499640756
2871,24275,37180,9248,28777,1653.2298749631302
2872,24275,37180,9214,28768,1653.2309999621848
2873,24275,37180,9181,28759,1653.2321249612394
2874,24275,37180,9148,28750,1653.233249960294
2875,24275,37180,9114,28741,1653.2343749593488
2876,24275,37180,9081,28732,1653.2354999584034
2877,24275,37180,9047,28724,1653.236624957458
2878,24275,37180,9014,28715,1653.2377499565125
2879,24275,37180,8980,28706,1653.238874955567
2880,24275,37180,8947,28697,1653.2399999546217
2881,24275,37180,8914,28688,1653.2411249536765
2882,24275,37180,8880,28679,1653.242249952731
2883,24275,37180,8847,28670,1653.2433749517857
2884,24275,37180,8813,28661,1653.2444999508402
2885,24275,37180,8780,28653,1653.2456249498948
2886,24275,37180,8747,28644,1653.2467499489496
2887,24275,37180,8713,28635,1653.2478749480042
2888,24275,37180,8680,28626,1653.2489999470588
2889,24275,37180,8646,28617,1653.2501249461134
2890,24275,37180,8613,28608,1653.251249945168
2891,24275,37180,8579,28599,1653.2523749442225
2892,24275,37180,8546,28590,1653.2534999432773
2893,24275,37180,8513,28582,1653.254624942332
2894,24275,37180,8479,28573,1653.2557499413865
2895,24275,37180,8446,28564,1653.256874940441
2896,24275,37180,8412,28555,1653.2579999394957
2897,24275,37180,8379,28546,1653.2591249385503
2898,24275,37180,8345,28537,1653.260249937605
2899,24275,37180,8312,28528,1653.2613749366596
2900,24275,37180,8279,28519,1653.2624999357142
2901,24275,37180,8245,28511,1653.2636249347688
2902,24275,37180,8212,28502,1653.2647499338234
2903,24275,37180,8178,28493,1653.2658749328782
2904,24275,37180,8145,28484,1653.2669999319328
2905,24275,37180,8112,28475,1653.2681249309874
2906,24275,37180,8078,28466,1653.269249930042
2907,24275,37180,8045,28457,1653.2703749290965
2908,24275,37180,8011,28448,1653.2714999281511
2909,24275,37180,7978,28440,1653.272624927206
2910,24275,37180,7944,28431,1653.2737499262605
2911,24275,37180,7911,28422,1653.274874925315
2912,23847,36499,8533,28413,1653.2759999243697
2913,23847,36499,8502,28404,1653.2771249234243
2914,23847,36499,8470,28395,1653.2782499224788
2915,23847,36499,8439,28386,1653.2793749215336
2916,23847,36499,8407,28377,1653.2804999205882
2917,23847,36499,8376,28369,1653.2816249196428
2918,23847,36499,8345,28360,1653.2827499186974
2919,23847,36499,8313,28351,1653.283874917752
2920,23847,36499,8282,28342,1653.2849999168068
2921,23847,36499,8250,28333,1653.2861249158614
2922,23847,36499,8219,28324,1653.287249914916
2923,23847,36499,8188,28315,1653.2883749139705
2924,23847,36499,8156,28306,1653.289499913025
2925,23847,36499,8125,28298,1653.2906249120797
2926,23847,36499,8094,28289,1653.2917499111345
2927,23847,36499,8062,28280,1653.292874910189
2928,23847,36499,8031,28271,1653.2939999092437
2929,23847,36499,7999,28262,1653.2951249082982
2930,23847,36499,7968,28253,1653.2962499073528
2931,23847,36499,7937,28244,1653.2973749064074
2932,23847,36499,7905,28235,1653.2984999054622
2933,23847,36499,7874,28227,1653.2996249045168
2934,23847,36499,7843,28218,1653.3007499035714
2935,23847,36499,7811,28209,1653.301874902626
2936,23847,36499,7780,28200,1653.3029999016806
2937,23847,36499,7748,28191,1653.3041249007354
2938,23847,36499,7717,28182,1653.30524989979
2939,23847,36499,7686,28173,1653.3063748988445
2940,23847,36499,7654,28164,1653.307499897899
2941,23847,36499,7623,28156,1653.3086248969537
2942,23847,36499,7592,28147,1653.3097498960083
2943,23847,36499,7560,28138,1653.310874895063
2944,23847,36499,7529,28129,1653.3119998941177
2945,23847,36499,7497,28120,1653.3131248931722
2946,23847,36499,7466,28111,1653.3142498922268
2947,23847,36499,7435,28102,1653.3153748912814
2948,23847,36499,7403,28093,1653.316499890336
2949,23847,36499,7372,28085,1653.3176248893908
2950,23847,36499,7341,28076,1653.3187498884454
2951,23847,36499,7309,28067,1653.3198748875
2952,23847,36499,7278,28058,1653.3209998865545
2953,23847,36499,7246,28049,1653.3221248856091
2954,23847,36499,7215,28040,1653.323249884664
2955,23847,36499,7184,28031,1653.3243748837185
2956,23847,36499,7152,28022,1653.325499882773
2957,23847,36499,7121,28014,1653.3266248818277
2958,23847,36499,7090,28005,1653.3277498808823
2959,23847,36499,7058,27996,1653.3288748799368
2960,23847,36499,7027,27987,1653.3299998789917
2961,23847,36499,6995,27978,1653.3311248780462
2962,23847,36499,6964,27969,1653.3322498771008
2963,23847,36499,6933,27960,1653.3333748761554
2964,23419,35818,7500,27951,1653.33449987521
2965,23419,35818,7470,27943,1653.3356248742646
2966,23419,35818,7441,27934,1653.3367498733194
2967,23419,35818,7412,27925,1653.337874872374
2968,23419,35818,7383,27916,1653.3389998714285
2969,23419,35818,7354,27907,1653.3401248704831
2970,23419,35818,7324,27898,1653.3412498695377
2971,23419,35818,7295,27889,1653.3423748685925
2972,23419,35818,7266,27880,1653.343499867647
2973,23419,35818,7237,27872,1653.3446248667017
2974,23419,35818,7208,27863,1653.3457498657563
2975,23419,35818,7178,27854,1653.3468748648108
2976,23419,35818,7149,27845,1653.3479998638654
2977,23419,35818,7120,27836,1653.3491248629202
2978,23419,35818,7091,27827,1653.3502498619748
2979,23419,35818,7061,27818,1653.3513748610294
2980,23419,35818,7032,27809,1653.352499860084
2981,23419,35818,7003,27801,1653.3536248591386
2982,23419,35818,6974,27792,1653.3547498581931
2983,23419,35818,6945,27783,1653.355874857248
2984,23419,35818,6915,27774,1653.3569998563025
2985,23419,35818,6886,27765,1653.3581248553571
2986,23419,35818,6857,27756,1653.3592498544117
2987,23419,35818,6828,27747,1653.3603748534663
2988,23419,35818,6798,27738,1653.361499852521
2989,23419,35818,6769,27730,1653.3626248515757
2990,23419,35818,6740,27721,1653.3637498506303
2991,23419,35818,6711,27712,1653.3648748496848
2992,23419,35818,6682,27703,1653.3659998487394
2993,23419,35818,6652,27694,1653.367124847794
2994,23419,35818,6623,27685,1653.3682498468488
2995,23419,35818,6594,27676,1653.3693748459034
2996,23419,35818,6565,27667,1653.370499844958
2997,23419,35818,6536,27659,1653.3716248440126
2998,23419,35818,6506,27650,1653.3727498430671
2999,23419,35818,6477,27641,1653.3738748421217
3000,22991,35137,6995,27632,1653.3749998411765
3001,22991,35137,6968,27623,1653.3761248402311
3002,22991,35137,6942,27614,1653.3772498392857
3003,22991,35137,6915,27605,1653.3783748383403
3004,22991,35137,6888,27596,1653.3794998373949
3005,22991,35137,6862,27588,1653.3806248364497
3006,22991,35137,6835,27579,1653.3817498355043
3007,22991,35137,6809,27570,1653.3828748345588
3008,22991,35137,6782,27561,1653.3839998336134
3009,22991,35137,6756,27552,1653.385124832668
3010,22991,35137,6729,27543,1653.3862498317226
3011,22991,35137,6703,27534,1653.3873748307774
3012,22991,35137,6676,27525,1653.388499829832
3013,22991,35137,6649,27517,1653.3896248288866
3014,22991,35137,6623,27508,1653.3907498279411
3015,22991,35137,6596,27499,1653.3918748269957
3016,22991,35137,6570,27490,1653.3929998260503
3017,22991,35137,6543,27481,1653.394124825105
3018,22991,35137,6517,27472,1653.3952498241597
3019,22991,35137,6490,27463,1653.3963748232143
3020,22991,35137,6463,27454,1653.3974998222689
3021,22991,35137,6437,27446,1653.3986248213234
3022,22991,35137,6410,27437,1653.3997498203782
3023,22991,35137,6384,27428,1653.4008748194328
3024,22991,35137,6357,27419,1653.4019998184874
3025,22991,35137,6331,27410,1653.403124817542
3026,22991,35137,6304,27401,1653.4042498165966
3027,22991,35137,6278,27392,1653.4053748156512
3028,22991,35137,6251,27383,1653.406499814706
3029,22991,35137,6224,27375,1653.4076248137605
3030,22991,35137,6198,27366,1653.4087498128151
3031,22991,35137,6171,27357,1653.4098748118697
3032,22991,35137,6145,27348,1653.4109998109243
3033,22991,35137,6118,27339,1653.4121248099789
3034,22991,35137,6092,27330,1653.4132498090337
3035,22991,35137,6065,27321,1653.4143748080883
3036,22991,35137,6039,27312,1653.4154998071429
3037,22991,35137,6012,27304,1653.4166248061974
3038,22991,35137,5985,27295,1653.417749805252
3039,22991,35137,5959,27286,1653.4188748043068
3040,22991,35137,5932,27277,1653.4199998033614
3041,22991,35137,5906,27268,1653.421124802416
3042,22991,35137,5879,27259,1653.4222498014706
3043,22991,35137,5853,27250,1653.4233748005252
3044,22991,35137,5826,27241,1653.4244997995797
3045,22991,35137,5800,27233,1653.4256247986345
3046,22991,35137,5773,27224,1653.4267497976891
3047,22991,35137,5746,27215,1653.4278747967437
3048,22991,35137,5720,27206,1653.4289997957983
3049,22991,35137,5693,27197,1653.4301247948529
3050,22991,35137,5667,27188,1653.4312497939075
3051,22991,35137,5640,27179,1653.4323747929623
3052,22991,35137,5614,27170,1653.4334997920168
3053,22991,35137,5587,27162,1653.4346247910714
3054,22991,35137,5561,27153,1653.435749790126
3055,22991,35137,5534,27144,1653.4368747891806
3056,22556,34449,6002,27135,1653.4379997882354
3057,22556,34449,5978,27126,1653.43912478729
3058,22556,34449,5955,27117,1653.4402497863446
3059,22556,34449,5931,27108,1653.4413747853991
3060,22556,34449,5907,27099,1653.4424997844537
3061,22556,34449,5884,27091,1653.4436247835083
3062,22556,34449,5860,27082,1653.4447497825631
3063,22556,34449,5836,27073,1653.4458747816177
3064,22556,34449,5812,27064,1653.4469997806723
3065,22556,34449,5789,27055,1653.4481247797269
3066,22556,34449,5765,27046,1653.4492497787815
3067,22556,34449,5741,27037,1653.450374777836
3068,22556,34449,5717,27028,1653.4514997768908
3069,22556,34449,5694,27020,1653.4526247759454
3070,22556,34449,5670,27011,1653.453749775
3071,22556,34449,5646,27002,1653.4548747740546
3072,22556,34449,5622,26993,1653.4559997731092
3073,22556,34449,5599,26984,1653.457124772164
3074,22556,34449,5575,26975,1653.4582497712186
3075,22556,34449,5551,26966,1653.4593747702731
3076,22556,34449,5528,26957,1653.4604997693277
3077,22556,34449,5504,26949,1653.4616247683823
3078,22556,34449,5480,26940,1653.462749767437
3079,22556,34449,5456,26931,1653.4638747664917
3080,22556,34449,5433,26922,1653.4649997655463
3081,22556,34449,5409,26913,1653.4661247646009
3082,22556,34449,5385,26904,1653.4672497636554
3083,22556,34449,5361,26895,1653.46837476271
3084,22556,34449,5338,26886,1653.4694997617646
3085,22556,34449,5314,26878,1653.4706247608194
3086,22556,34449,5290,26869,1653.471749759874
3087,22556,34449,5267,26860,1653.4728747589286
3088,22556,34449,5243,26851,1653.4739997579832
3089,22556,34449,5219,26842,1653.4751247570377
3090,22556,34449,5195,26833,1653.4762497560926
3091,22556,34449,5172,26824,1653.4773747551471
3092,22556,34449,5148,26815,1653.4784997542017
3093,22556,34449,5124,26807,1653.4796247532563
3094,22556,34449,5100,26798,1653.4807497523109
3095,22556,34449,5077,26789,1653.4818747513655
3096,22556,34449,5053,26780,1653.4829997504203
3097,22556,34449,5029,26771,1653.4841247494749
3098,22556,34449,5005,26762,1653.4852497485294
3099,22556,34449,4982,26753,1653.486374747584
3100,22556,34449,4958,26744,1653.4874997466386
3101,22556,34449,4934,26736,1653.4886247456932
3102,22556,34449,4911,26727,1653.489749744748
3103,22556,34449,4887,26718,1653.4908747438026
3104,22556,34449,4863,26709,1653.4919997428572
3105,22556,34449,4839,26700,1653.4931247419117
3106,22556,34449,4816,26691,1653.4942497409663
3107,22556,34449,4792,26682,1653.4953747400211
3108,22165,33829,5200,26673,1653.4964997390757
3109,22165,33829,5179,26665,1653.4976247381303
3110,22165,33829,5157,26656,1653.4987497371849
3111,22165,33829,5136,26647,1653.4998747362395
3112,22165,33829,5114,26638,1653.500999735294
3113,22165,33829,5093,26629,1653.5021247343489
3114,22165,33829,5071,26620,1653.5032497334034
3115,22165,33829,5050,26611,1653.504374732458
3116,22165,33829,5028,26602,1653.5054997315126
3117,22165,33829,5007,26594,1653.5066247305672
3118,22165,33829,4985,26585,1653.5077497296218
3119,22165,33829,4964,26576,1653.5088747286766
3120,22165,33829,4942,26567,1653.5099997277312
3121,22165,33829,4921,26558,1653.5111247267857
3122,22165,33829,4899,26549,1653.5122497258403
3123,22165,33829,4878,26540,1653.513374724895
3124,22165,33829,4856,26531,1653.5144997239497
3125,22165,33829,4835,26523,1653.5156247230043
3126,22165,33829,4813,26514,1653.5167497220589
3127,22165,33829,4792,26505,1653.5178747211135
3128,22165,33829,4770,26496,1653.518999720168
3129,22165,33829,4749,26487,1653.5201247192226
3130,22165,33829,4727,26478,1653.5212497182774
3131,22165,33829,4706,26469,1653.522374717332
3132,22165,33829,4684,26461,1653.5234997163866
3133,22165,33829,4663,26452,1653.5246247154412
3134,22165,33829,4641,26443,1653.5257497144958
3135,22165,33829,4619,26434,1653.5268747135503
3136,22165,33829,4598,26425,1653.5279997126052
3137,22165,33829,4576,26416,1653.5291247116597
3138,22165,33829,4555,26407,1653.5302497107143
3139,22165,33829,4533,26398,1653.531374709769
3140,22165,33829,4512,26390,1653.5324997088235
3141,22165,33829,4490,26381,1653.5336247078783
3142,22165,33829,4469,26372,1653.5347497069329
3143,22165,33829,4447,26363,1653.5358747059875
3144,22165,33829,4426,26354,1653.536999705042
3145,22165,33829,4404,26345,1653.5381247040966
3146,22165,33829,4383,26336,1653.5392497031512
3147,22165,33829,4361,26327,1653.540374702206
3148,22165,33829,4340,26319,1653.5414997012606
3149,22165,33829,4318,26310,1653.5426247003152
3150,22165,33829,4297,26301,1653.5437496993698
3151,22165,33829,4275,26292,1653.5448746984243
3152,22165,33829,4254,26283,1653.545999697479
3153,22165,33829,4232,26274,1653.5471246965337
3154,22165,33829,4211,26265,1653.5482496955883
3155,22165,33829,4189,26256,1653.549374694643
3156,22165,33829,4168,26248,1653.5504996936975
3157,22165,33829,4146,26239,1653.551624692752
3158,22165,33829,4125,26230,1653.5527496918069
3159,22165,33829,4103,26221,1653.5538746908614
3160,22165,33829,4082,26212,1653.554999689916
3161,22165,33829,4060,26203,1653.5561246889706
3162,22165,33829,4039,26194,1653.5572496880252
3163,22165,33829,4017,26185,1653.5583746870798
3164,21774,33209,4366,26177,1653.5594996861346
3165,21774,33209,4347,26168,1653.5606246851892
3166,21774,33209,4328,26159,1653.5617496842438
3167,21774,33209,4309,26150,1653.5628746832983
3168,21774,33209,4289,26141,1653.563999682353
3169,21774,33209,4270,26132,1653.5651246814075
3170,21774,33209,4251,26123,1653.5662496804623
3171,21774,33209,4232,26114,1653.567374679517
3172,21774,33209,4213,26106,1653.5684996785715
3173,21774,33209,4193,26097,1653.569624677626
3174,21774,33209,4174,26088,1653.5707496766806
3175,21774,33209,4155,26079,1653.5718746757354
3176,21774,33209,4136,26070,1653.57299967479
3177,21774,33209,4117,26061,1653.5741246738446
3178,21774,33209,4098,26052,1653.5752496728992
3179,21774,33209,4078,26043,1653.5763746719538
3180,21774,33209,4059,26035,1653.5774996710084
3181,21774,33209,4040,26026,1653.5786246700632
3182,21774,33209,4021,26017,1653.5797496691177
3183,21774,33209,4002,26008,1653.5808746681723
3184,21774,33209,3983,25999,1653.581999667227
3185,21774,33209,3963,25990,1653.5831246662815
3186,21774,33209,3944,25981,1653.584249665336
3187,21774,33209,3925,25972,1653.5853746643909
3188,21774,33209,3906,25964,1653.5864996634455
3189,21774,33209,3887,25955,1653.5876246625
3190,21774,33209,3867,25946,1653.5887496615546
3191,21774,33209,3848,25937,1653.5898746606092
3192,21774,33209,3829,25928,1653.590999659664
3193,21774,33209,3810,25919,1653.5921246587186
3194,21774,33209,3791,25910,1653.5932496577732
3195,21774,33209,3772,25901,1653.5943746568278
3196,21774,33209,3752,25893,1653.5954996558823
3197,21774,33209,3733,25884,1653.596624654937
3198,21774,33209,3714,25875,1653.5977496539917
3199,21774,33209,3695,25866,1653.5988746530463
3200,21774,33209,3676,25857,1653.599999652101
3201,21774,33209,3657,25848,1653.6011246511555
3202,21774,33209,3637,25839,1653.60224965021
3203,21774,33209,3618,25830,1653.6033746492647
3204,21774,33209,3599,25822,1653.6044996483195
3205,21774,33209,3580,25813,1653.605624647374
3206,21774,33209,3561,25804,1653.6067496464286
3207,21774,33209,3541,25795,1653.6078746454832
3208,21774,33209,3522,25786,1653.6089996445378
3209,21774,33209,3503,25777,1653.6101246435926
3210,21774,33209,3484,25768,1653.6112496426472
3211,21774,33209,3465,25759,1653.6123746417018
3212,21383,32589,3790,25751,1653.6134996407563
3213,21383,32589,3773,25742,1653.614624639811
3214,21383,32589,3755,25733,1653.6157496388655
3215,21383,32589,3737,25724,1653.6168746379203
3216,21383,32589,3719,25715,1653.617999636975
3217,21383,32589,3702,25706,1653.6191246360295
3218,21383,32589,3684,25697,1653.620249635084
3219,21383,32589,3666,25688,1653.6213746341386
3220,21383,32589,3649,25680,1653.6224996331932
3221,21383,32589,3631,25671,1653.623624632248
3222,21383,32589,3613,25662,1653.6247496313026
3223,21383,32589,3595,25653,1653.6258746303572
3224,21383,32589,3578,25644,1653.6269996294118
3225,21383,32589,3560,25635,1653.6281246284664
3226,21383,32589,3542,25626,1653.6292496275212
3227,21383,32589,3525,25617,1653.6303746265758
3228,21383,32589,3507,25609,1653.6314996256303
3229,21383,32589,3489,25600,1653.632624624685
3230,21383,32589,3471,25591,1653.6337496237395
3231,21383,32589,3454,25582,1653.634874622794
3232,21383,32589,3436,25573,1653.635999621849
3233,21383,32589,3418,25564,1653.6371246209035
3234,21383,32589,3401,25555,1653.638249619958
3235,21383,32589,3383,25546,1653.6393746190126
3236,21383,32589,3365,25538,1653.6404996180672
3237,21383,32589,3347,25529,1653.6416246171218
3238,21383,32589,3330,25520,1653.6427496161766
3239,21383,32589,3312,25511,1653.6438746152312
3240,21383,32589,3294,25502,1653.6449996142858
3241,21383,32589,3277,25493,1653.6461246133404
3242,21383,32589,3259,25484,1653.647249612395
3243,21383,32589,3241,25475,1653.6483746114498
3244,21383,32589,3223,25467,1653.6494996105043
3245,21383,32589,3206,25458,1653.650624609559
3246,21383,32589,3188,25449,1653.6517496086135
3247,21383,32589,3170,25440,1653.652874607668
3248,21383,32589,3153,25431,1653.6539996067227
3249,21383,32589,3135,25422,1653.6551246057775
3250,21383,32589,3117,25413,1653.656249604832
3251,21383,32589,3099,25404,1653.6573746038866
3252,21383,32589,3082,25396,1653.6584996029412
3253,21383,32589,3064,25387,1653.6596246019958
3254,21383,32589,3046,25378,1653.6607496010504
3255,21383,32589,3029,25369,1653.6618746001052
3256,20992,31969,3318,25360,1653.6629995991598
3257,20992,31969,3301,25351,1653.6641245982144
3258,20992,31969,3285,25342,1653.665249597269
3259,20992,31969,3268,25333,1653.6663745963235
3260,20992,31969,3251,25325,1653.6674995953783
3261,20992,31969,3235,25316,1653.668624594433
3262,20992,31969,3218,25307,1653.6697495934875
3263,20992,31969,3201,25298,1653.670874592542
3264,20992,31969,3185,25289,1653.6719995915967
3265,20992,31969,3168,25280,1653.6731245906512
3266,20992,31969,3152,25271,1653.674249589706
3267,20992,31969,3135,25262,1653.6753745887606
3268,20992,31969,3118,25254,1653.6764995878152
3269,20992,31969,3102,25245,1653.6776245868698
3270,20992,31969,3085,25236,1653.6787495859244
3271,20992,31969,3068,25227,1653.679874584979
3272,20992,31969,3052,25218,1653.6809995840338
3273,20992,31969,3035,25209,1653.6821245830884
3274,20992,31969,3019,25200,1653.683249582143
3275,20992,31969,3002,25191,1653.6843745811975
3276,20992,31969,2985,25183,1653.685499580252
3277,20992,31969,2969,25174,1653.686624579307
3278,20992,31969,2952,25165,1653.6877495783615
3279,20992,31969,2936,25156,1653.688874577416
3280,20992,31969,2919,25147,1653.6899995764707
3281,20992,31969,2902,25138,1653.6911245755252
3282,20992,31969,2886,25129,1653.6922495745798
3283,20992,31969,2869,25120,1653.6933745736346
3284,20992,31969,2852,25112,1653.6944995726892
3285,20992,31969,2836,25103,1653.6956245717438
3286,20992,31969,2819,25094,1653.6967495707984
3287,20992,31969,2803,25085,1653.697874569853
3288,20992,31969,2786,25076,1653.6989995689075
3289,20992,31969,2769,25067,1653.7001245679623
3290,20992,31969,2753,25058,1653.701249567017
3291,20992,31969,2736,25049,1653.7023745660715
3292,20992,31969,2720,25041,1653.703499565126
3293,20992,31969,2703,25032,1653.7046245641807
3294,20992,31969,2686,25023,1653.7057495632355
3295,20992,31969,2670,25014,1653.70687456229
3296,20992,31969,2653,25005,1653.7079995613446
3297,20992,31969,2636,24996,1653.7091245603992
3298,20992,31969,2620,24987,1653.7102495594538
3299,20992,31969,2603,24978,1653.7113745585084
3300,20992,31969,2587,24970,1653.7124995575632
3301,20992,31969,2570,24961,1653.7136245566178
3302,20992,31969,2553,24952,1653.7147495556724
3303,20992,31969,2537,24943,1653.715874554727
3304,20992,31969,2520,24934,1653.7169995537815
3305,20992,31969,2503,24925,1653.7181245528361
3306,20992,31969,2487,24916,1653.719249551891
3307,20992,31969,2470,24907,1653.7203745509455
3308,20601,31349,10608,26380,1653.7215
3309,20601,31349,10569,26376,1653.7226249993498
3310,20601,31349,10531,26372,1653.7237499986995
3311,20601,31349,10492,26368,1653.7248749980492
3312,20601,31349,10453,26365,1653.725999997399
3313,20601,31349,10414,26361,1653.7271249967487
3314,20601,31349,10376,26357,1653.7282499960984
3315,20601,31349,10337,26353,1653.729374995448
3316,20601,31349,10298,26349,1653.7304999947978
3317,20601,31349,10260,26346,1653.7316249941475
3318,20601,31349,10221,26342,1653.7327499934972
3319,20601,31349,10182,26338,1653.733874992847
3320,20601,31349,10143,26334,1653.7349999921967
3321,20601,31349,10105,26330,1653.7361249915464
3322,20601,31349,10066,26327,1653.737249990896
3323,20601,31349,10027,26323,1653.7383749902458
3324,20601,31349,9989,26319,1653.7394999895955
3325,20601,31349,9950,26315,1653.7406249889452
3326,20601,31349,9911,26311,1653.741749988295
3327,20601,31349,9872,26307,1653.7428749876447
3328,20601,31349,9834,26304,1653.7439999869944
3329,20601,31349,9795,26300,1653.745124986344
3330,20601,31349,9756,26296,1653.7462499856938
3331,20601,31349,9717,26292,1653.7473749850435
3332,20601,31349,9679,26288,1653.7484999843932
3333,20601,31349,9640,26285,1653.749624983743
3334,20601,31349,9601,26281,1653.7507499830926
3335,20601,31349,9563,26277,1653.7518749824424
3336,20601,31349,9524,26273,1653.752999981792
3337,20601,31349,9485,26269,1653.7541249811418
3338,20601,31349,9446,26266,1653.7552499804915
3339,20601,31349,9408,26262,1653.7563749798412
3340,20601,31349,9369,26258,1653.757499979191
3341,20601,31349,9330,26254,1653.7586249785406
3342,20601,31349,9292,26250,1653.7597499778904
3343,20601,31349,9253,26246,1653.76087497724
3344,20601,31349,9214,26243,1653.7619999765898
3345,20601,31349,9175,26239,1653.7631249759395
3346,20601,31349,9137,26235,1653.7642499752892
3347,20601,31349,9098,26231,1653.765374974639
3348,20601,31349,9059,26227,1653.7664999739886
3349,20601,31349,9020,26224,1653.7676249733383
3350,20601,31349,8982,26220,1653.768749972688
3351,20601,31349,8943,26216,1653.7698749720378
3352,20601,31349,8904,26212,1653.7709999713875
3353,20601,31349,8866,26208,1653.7721249707372
3354,20601,31349,8827,26204,1653.773249970087
3355,20601,31349,8788,26201,1653.7743749694366
3356,20210,30729,9489,26197,1653.7754999687863
3357,20210,30729,9455,26193,1653.776624968136
3358,20210,30729,9421,26189,1653.7777499674855
3359,20210,30729,9387,26185,1653.7788749668352
3360,20210,30729,9352,26182,1653.779999966185
3361,20210,30729,9318,26178,1653.7811249655347
3362,20210,30729,9284,26174,1653.7822499648844
3363,20210,30729,9250,26170,1653.783374964234
3364,20210,30729,9216,26166,1653.7844999635838
3365,20210,30729,9182,26163,1653.7856249629335
3366,20210,30729,9148,26159,1653.7867499622832
3367,20210,30729,9114,26155,1653.787874961633
3368,20210,30729,9080,26151,1653.7889999609827
3369,20210,30729,9046,26147,1653.7901249603324
3370,20210,30729,9011,26143,1653.791249959682
3371,20210,30729,8977,26140,1653.7923749590318
3372,20210,30729,8943,26136,1653.7934999583815
3373,20210,30729,8909,26132,1653.7946249577312
3374,20210,30729,8875,26128,1653.795749957081
3375,20210,30729,8841,26124,1653.7968749564307
3376,20210,30729,8807,26121,1653.7979999557804
3377,20210,30729,8773,26117,1653.79912495513
3378,20210,30729,8739,26113,1653.8002499544798
3379,20210,30729,8705,26109,1653.8013749538295
3380,20210,30729,8670,26105,1653.8024999531792
3381,20210,30729,8636,26101,1653.803624952529
3382,20210,30729,8602,26098,1653.8047499518786
3383,20210,30729,8568,26094,1653.8058749512284
3384,20210,30729,8534,26090,1653.806999950578
3385,20210,30729,8500,26086,1653.8081249499278
3386,20210,30729,8466,26082,1653.8092499492775
3387,20210,30729,8432,26079,1653.8103749486272
3388,20210,30729,8398,26075,1653.811499947977
3389,20210,30729,8364,26071,1653.8126249473266
3390,20210,30729,8330,26067,1653.8137499466764
3391,20210,30729,8295,26063,1653.814874946026
3392,20210,30729,8261,26060,1653.8159999453758
3393,20210,30729,8227,26056,1653.8171249447255
3394,20210,30729,8193,26052,1653.8182499440752
3395,20210,30729,8159,26048,1653.819374943425
3396,20210,30729,8125,26044,1653.8204999427746
3397,20210,30729,8091,26040,1653.8216249421243
3398,20210,30729,8057,26037,1653.822749941474
3399,20210,30729,8023,26033,1653.8238749408238
3400,20210,30729,7989,26029,1653.8249999401735
3401,20210,30729,7954,26025,1653.8261249395232
3402,20210,30729,7920,26021,1653.827249938873
3403,20210,30729,7886,26018,1653.8283749382226
3404,19819,30109,8565,26014,1653.8294999375723
3405,19819,30109,8534,26010,1653.830624936922
3406,19819,30109,8502,26006,1653.8317499362718
3407,19819,30109,8470,26002,1653.8328749356215
3408,19819,30109,8438,25998,1653.8339999349712
3409,19819,30109,8407,25995,1653.835124934321
3410,19819,30109,8375,25991,1653.8362499336706
3411,19819,30109,8343,25987,1653.8373749330203
3412,19819,30109,8311,25983,1653.83849993237
3413,19819,30109,8280,25979,1653.8396249317198
3414,19819,30109,8248,25976,1653.8407499310695
3415,19819,30109,8216,25972,1653.8418749304192
3416,19819,30109,8185,25968,1653.842999929769
3417,19819,30109,8153,25964,1653.8441249291186
3418,19819,30109,8121,25960,1653.8452499284683
3419,19819,30109,8089,25957,1653.846374927818
3420,19819,30109,8058,25953,1653.8474999271677
3421,19819,30109,8026,25949,1653.8486249265175
3422,19819,30109,7994,25945,1653.8497499258672
3423,19819,30109,7962,25941,1653.8508749252169
3424,19819,30109,7931,25937,1653.8519999245666
3425,19819,30109,7899,25934,1653.8531249239163
3426,19819,30109,7867,25930,1653.854249923266
3427,19819,30109,7836,25926,1653.8553749226157
3428,19819,30109,7804,25922,1653.8564999219655
3429,19819,30109,7772,25918,1653.8576249213152
3430,19819,30109,7740,25915,1653.8587499206649
3431,19819,30109,7709,25911,1653.8598749200146
3432,19819,30109,7677,25907,1653.8609999193643
3433,19819,30109,7645,25903,1653.862124918714
3434,19819,30109,7613,25899,1653.8632499180637
3435,19819,30109,7582,25896,1653.8643749174134
3436,19819,30109,7550,25892,1653.8654999167632
3437,19819,30109,7518,25888,1653.8666249161129
3438,19819,30109,7487,25884,1653.8677499154626
3439,19819,30109,7455,25880,1653.8688749148123
3440,19819,30109,7423,25876,1653.869999914162
3441,19819,30109,7391,25873,1653.8711249135117
3442,19819,30109,7360,25869,1653.8722499128614
3443,19819,30109,7328,25865,1653.8733749122111
3444,19819,30109,7296,25861,1653.8744999115609
3445,19819,30109,7264,25857,1653.8756249109106
3446,19819,30109,7233,25854,1653.8767499102603
3447,19819,30109,7201,25850,1653.87787490961
3448,19819,30109,7169,25846,1653.8789999089597
3449,19819,30109,7138,25842,1653.8801249083094
3450,19819,30109,7106,25838,1653.8812499076591
3451,19819,30109,7074,25834,1653.8823749070089
3452,19819,30109,7042,25831,1653.8834999063586
3453,19819,30109,7011,25827,1653.8846249057083
3454,19819,30109,6979,25823,1653.885749905058
3455,19819,30109,6947,25819,1653.8868749044077
3456,19428,29489,7546,25815,1653.8879999037574
3457,19428,29489,7517,25812,1653.889124903107
3458,19428,29489,7488,25808,1653.8902499024566
3459,19428,29489,7459,25804,1653.8913749018063
3460,19428,29489,7429,25800,1653.892499901156
3461,19428,29489,7400,25796,1653.8936249005058
3462,19428,29489,7371,25793,1653.8947498998555
3463,19428,29489,7342,25789,1653.8958748992052
3464,19428,29489,7312,25785,1653.896999898555
3465,19428,29489,7283,25781,1653.8981248979046
3466,19428,29489,7254,25777,1653.8992498972543
3467,19428,29489,7225,25773,1653.900374896604
3468,19428,29489,7195,25770,1653.9014998959537
3469,19428,29489,7166,25766,1653.9026248953035
3470,19428,29489,7137,25762,1653.9037498946532
3471,19428,29489,7107,25758,1653.904874894003
3472,19428,29489,7078,25754,1653.9059998933526
3473,19428,29489,7049,25751,1653.9071248927023
3474,19428,29489,7020,25747,1653.908249892052
3475,19428,29489,6990,25743,1653.9093748914017
3476,19428,29489,6961,25739,1653.9104998907515
3477,19428,29489,6932,25735,1653.9116248901012
3478,19428,29489,6903,25731,1653.9127498894509
3479,19428,29489,6873,25728,1653.9138748888006
3480,19428,29489,6844,25724,1653.9149998881503
3481,19428,29489,6815,25720,1653.9161248875
3482,19428,29489,6786,25716,1653.9172498868497
3483,19428,29489,6756,25712,1653.9183748861994
3484,19428,29489,6727,25709,1653.9194998855492
3485,19428,29489,6698,25705,1653.9206248848989
3486,19428,29489,6669,25701,1653.9217498842486
3487,19428,29489,6639,25697,1653.9228748835983
3488,19428,29489,6610,25693,1653.923999882948
3489,19428,29489,6581,25690,1653.9251248822977
3490,19428,29489,6552,25686,1653.9262498816474
3491,19428,29489,6522,25682,1653.9273748809971
3492,19428,29489,6493,25678,1653.9284998803469
3493,19428,29489,6464,25674,1653.9296248796966
3494,19428,29489,6435,25670,1653.9307498790463
3495,19428,29489,6405,25667,1653.931874878396
3496,19428,29489,6376,25663,1653.9329998777457
3497,19428,29489,6347,25659,1653.9341248770954
3498,19428,29489,6318,25655,1653.9352498764451
3499,19428,29489,6288,25651,1653.9363748757949
3500,19428,29489,6259,25648,1653.9374998751446
3501,19428,29489,6230,25644,1653.9386248744943
3502,19428,29489,6200,25640,1653.939749873844
3503,19428,29489,6171,25636,1653.9408748731937
3504,19037,28869,6721,25632,1653.9419998725434
3505,19037,28869,6695,25628,1653.9431248718931
3506,19037,28869,6669,25625,1653.9442498712428
3507,19037,28869,6643,25621,1653.9453748705926
3508,19037,28869,6617,25617,1653.9464998699423
3509,19037,28869,6591,25613,1653.947624869292
3510,19037,28869,6566,25609,1653.9487498686417
3511,19037,28869,6540,25606,1653.9498748679914
3512,19037,28869,6514,25602,1653.9509998673411
3513,19037,28869,6488,25598,1653.9521248666908
3514,19037,28869,6462,25594,1653.9532498660406
3515,19037,28869,6436,25590,1653.9543748653903
3516,19037,28869,6411,25587,1653.95549986474
3517,19037,28869,6385,25583,1653.9566248640897
3518,19037,28869,6359,25579,1653.9577498634394
3519,19037,28869,6333,25575,1653.9588748627891
3520,19037,28869,6307,25571,1653.9599998621388
3521,19037,28869,6281,25567,1653.9611248614885
3522,19037,28869,6255,25564,1653.9622498608383
3523,19037,28869,6230,25560,1653.963374860188
3524,19037,28869,6204,25556,1653.9644998595377
3525,19037,28869,6178,25552,1653.9656248588874
3526,19037,28869,6152,25548,1653.966749858237
3527,19037,28869,6126,25545,1653.9678748575868
3528,19037,28869,6100,25541,1653.9689998569365
3529,19037,28869,6074,25537,1653.9701248562862
3530,19037,28869,6049,25533,1653.971249855636
3531,19037,28869,6023,25529,1653.9723748549857
3532,19037,28869,5997,25526,1653.9734998543354
3533,19037,28869,5971,25522,1653.974624853685
3534,19037,28869,5945,25518,1653.9757498530348
3535,19037,28869,5919,25514,1653.9768748523845
3536,19037,28869,5894,25510,1653.9779998517342
3537,19037,28869,5868,25506,1653.979124851084
3538,19037,28869,5842,25503,1653.9802498504337
3539,19037,28869,5816,25499,1653.9813748497834
3540,19037,28869,5790,25495,1653.982499849133
3541,19037,28869,5764,25491,1653.9836248484828
3542,19037,28869,5738,25487,1653.9847498478325
3543,19037,28869,5713,25484,1653.9858748471822
3544,19037,28869,5687,25480,1653.986999846532
3545,19037,28869,5661,25476,1653.9881248458817
3546,19037,28869,5635,25472,1653.9892498452314
3547,19037,28869,5609,25468,1653.990374844581
3548,19037,28869,5583,25464,1653.9914998439308
3549,19037,28869,5558,25461,1653.9926248432805
3550,19037,28869,5532,25457,1653.9937498426302
3551,19037,28869,5506,25453,1653.99487484198
3552,19037,28869,5480,25449,1653.9959998413296
3553,19037,28869,5454,25445,1653.9971248406794
3554,19037,28869,5428,25442,1653.998249840029
3555,19037,28869,5402,25438,1653.9993748393788
3556,19037,28869,5377,25434,1654.0004998387283
3557,19037,28869,5351,25430,1654.001624838078
3558,19037,28869,5325,25426,1654.0027498374277
3559,19037,28869,5299,25423,1654.0038748367774
3560,19037,28869,5273,25419,1654.0049998361271
3561,19037,28869,5247,25415,1654.0061248354768
3562,19037,28869,5221,25411,1654.0072498348266
3563,19037,28869,5196,25407,1654.0083748341763
3564,18641,28246,5706,25403,1654.009499833526
3565,18641,28246,5682,25400,1654.0106248328757
3566,18641,28246,5659,25396,1654.0117498322254
3567,18641,28246,5636,25392,1654.0128748315751
3568,18641,28246,5612,25388,1654.0139998309248
3569,18641,28246,5589,25384,1654.0151248302745
3570,18641,28246,5565,25381,1654.0162498296243
3571,18641,28246,5542,25377,1654.017374828974
3572,18641,28246,5519,25373,1654.0184998283237
3573,18641,28246,5495,25369,1654.0196248276734
3574,18641,28246,5472,25365,1654.020749827023
3575,18641,28246,5448,25361,1654.0218748263728
3576,18641,28246,5425,25358,1654.0229998257225
3577,18641,28246,5401,25354,1654.0241248250722
3578,18641,28246,5378,25350,1654.025249824422
3579,18641,28246,5355,25346,1654.0263748237717
3580,18641,28246,5331,25342,1654.0274998231214
3581,18641,28246,5308,25339,1654.028624822471
3582,18641,28246,5284,25335,1654.0297498218208
3583,18641,28246,5261,25331,1654.0308748211705
3584,18641,28246,5238,25327,1654.0319998205202
3585,18641,28246,5214,25323,1654.03312481987
3586,18641,28246,5191,25320,1654.0342498192197
3587,18641,28246,5167,25316,1654.0353748185694
3588,18641,28246,5144,25312,1654.036499817919
3589,18641,28246,5121,25308,1654.0376248172688
3590,18641,28246,5097,25304,1654.0387498166185
3591,18641,28246,5074,25300,1654.0398748159682
3592,18641,28246,5050,25297,1654.040999815318
3593,18641,28246,5027,25293,1654.0421248146677
3594,18641,28246,5004,25289,1654.0432498140174
3595,18641,28246,4980,25285,1654.044374813367
3596,18641,28246,4957,25281,1654.0454998127168
3597,18641,28246,4933,25278,1654.0466248120665
3598,18641,28246,4910,25274,1654.0477498114162
3599,18641,28246,4886,25270,1654.048874810766
3600,18641,28246,4863,25266,1654.0499998101157
3601,18641,28246,4840,25262,1654.0511248094654
3602,18641,28246,4816,25258,1654.052249808815
3603,18641,28246,4793,25255,1654.0533748081648
3604,18641,28246,4769,25251,1654.0544998075145
3605,18641,28246,4746,25247,1654.0556248068642
3606,18641,28246,4723,25243,1654.056749806214
3607,18641,28246,4699,25239,1654.0578748055636
3608,18641,28246,4676,25236,1654.0589998049134
3609,18641,28246,4652,25232,1654.060124804263
3610,18641,28246,4629,25228,1654.0612498036128
3611,18641,28246,4606,25224,1654.0623748029625
3612,18641,28246,4582,25220,1654.0634998023122
3613,18641,28246,4559,25217,1654.064624801662
3614,18641,28246,4535,25213,1654.0657498010116
3615,18641,28246,4512,25209,1654.0668748003613
3616,18641,28246,4488,25205,1654.067999799711
3617,18641,28246,4465,25201,1654.0691247990608
3618,18641,28246,4442,25197,1654.0702497984105
3619,18641,28246,4418,25194,1654.0713747977602
3620,18287,27732,4817,25190,1654.07249979711
3621,18287,27732,4796,25186,1654.0736247964596
3622,18287,27732,4774,25182,1654.0747497958093
3623,18287,27732,4753,25178,1654.075874795159
3624,18287,27732,4732,25175,1654.0769997945088
3625,18287,27732,4711,25171,1654.0781247938585
3626,18287,27732,4690,25167,1654.0792497932082
3627,18287,27732,4669,25163,1654.080374792558
3628,18287,27732,4648,25159,1654.0814997919076
3629,18287,27732,4627,25156,1654.0826247912573
3630,18287,27732,4606,25152,1654.083749790607
3631,18287,27732,4585,25148,1654.0848747899568
3632,18287,27732,4564,25144,1654.0859997893065
3633,18287,27732,4543,25140,1654.0871247886562
3634,18287,27732,4522,25136,1654.088249788006
3635,18287,27732,4501,25133,1654.0893747873556
3636,18287,27732,4480,25129,1654.0904997867053
3637,18287,27732,4459,25125,1654.091624786055
3638,18287,27732,4438,25121,1654.0927497854047
3639,18287,27732,4417,25117,1654.0938747847545
3640,18287,27732,4396,25114,1654.0949997841042
3641,18287,27732,4375,25110,1654.096124783454
3642,18287,27732,4354,25106,1654.0972497828036
3643,18287,27732,4333,25102,1654.0983747821533
3644,18287,27732,4312,25098,1654.099499781503
3645,18287,27732,4291,25094,1654.1006247808527
3646,18287,27732,4270,25091,1654.1017497802025
3647,18287,27732,4249,25087,1654.1028747795522
3648,18287,27732,4228,25083,1654.1039997789019
3649,18287,27732,4207,25079,1654.1051247782516
3650,18287,27732,4186,25075,1654.1062497776013
3651,18287,27732,4165,25072,1654.107374776951
3652,18287,27732,4144,25068,1654.1084997763007
3653,18287,27732,4123,25064,1654.1096247756504
3654,18287,27732,4102,25060,1654.110749775
3655,18287,27732,4080,25056,1654.1118747743496
3656,18287,27732,4059,25053,1654.1129997736994
3657,18287,27732,4038,25049,1654.114124773049
3658,18287,27732,4017,25045,1654.1152497723988
3659,18287,27732,3996,25041,1654.1163747717485
3660,17933,27218,4345,25037,1654.1174997710982
3661,17933,27218,4326,25033,1654.118624770448
3662,17933,27218,4307,25030,1654.1197497697976
3663,17933,27218,4288,25026,1654.1208747691473
3664,17933,27218,4269,25022,1654.121999768497
3665,17933,27218,4250,25018,1654.1231247678468
3666,17933,27218,4231,25014,1654.1242497671965
3667,17933,27218,4212,25011,1654.1253747665462
3668,17933,27218,4193,25007,1654.126499765896
3669,17933,27218,4174,25003,1654.1276247652456
3670,17933,27218,4155,24999,1654.1287497645953
3671,17933,27218,4136,24995,1654.129874763945
3672,17933,27218,4117,24991,1654.1309997632948
3673,17933,27218,4098,24988,1654.1321247626445
3674,17933,27218,4079,24984,1654.1332497619942
3675,17933,27218,4061,24980,1654.134374761344
3676,17933,27218,4042,24976,1654.1354997606936
3677,17933,27218,4023,24972,1654.1366247600433
3678,17933,27218,4004,24969,1654.137749759393
3679,17933,27218,3985,24965,1654.1388747587428
3680,17933,27218,3966,24961,1654.1399997580925
3681,17933,27218,3947,24957,1654.1411247574422
3682,17933,27218,3928,24953,1654.142249756792
3683,17933,27218,3909,24950,1654.1433747561416
3684,17933,27218,3890,24946,1654.1444997554913
3685,17933,27218,3871,24942,1654.145624754841
3686,17933,27218,3852,24938,1654.1467497541908
3687,17933,27218,3833,24934,1654.1478747535405
3688,17933,27218,3814,24930,1654.1489997528902
3689,17933,27218,3795,24927,1654.15012475224
3690,17933,27218,3776,24923,1654.1512497515896
3691,17933,27218,3757,24919,1654.1523747509393
3692,17933,27218,3738,24915,1654.153499750289
3693,17933,27218,3719,24911,1654.1546247496387
3694,17933,27218,3701,24908,1654.1557497489885
3695,17933,27218,3682,24904,1654.1568747483382
3696,17933,27218,3663,24900,1654.1579997476879
3697,17933,27218,3644,24896,1654.1591247470376
3698,17933,27218,3625,24892,1654.1602497463873
3699,17933,27218,3606,24888,1654.161374745737
3700,17933,27218,3587,24885,1654.1624997450867
3701,17933,27218,3568,24881,1654.1636247444364
3702,17933,27218,3549,24877,1654.1647497437862
3703,17933,27218,3530,24873,1654.1658747431359
3704,17933,27218,3511,24869,1654.1669997424856
3705,17933,27218,3492,24866,1654.1681247418353
3706,17933,27218,3473,24862,1654.169249741185
3707,17933,27218,3454,24858,1654.1703747405347
3708,17933,27218,3435,24854,1654.1714997398844
3709,17933,27218,3416,24850,1654.1726247392342
3710,17933,27218,3397,24847,1654.1737497385839
3711,17933,27218,3378,24843,1654.1748747379336
3712,17579,26704,3699,24839,1654.1759997372833
3713,17579,26704,3681,24835,1654.177124736633
3714,17579,26704,3663,24831,1654.1782497359827
3715,17579,26704,3645,24827,1654.1793747353324
3716,17579,26704,3628,24824,1654.1804997346821
3717,17579,26704,3610,24820,1654.1816247340319
3718,17579,26704,3592,24816,1654.1827497333816
3719,17579,26704,3574,24812,1654.1838747327313
3720,17579,26704,3556,24808,1654.184999732081
3721,17579,26704,3538,24805,1654.1861247314307
3722,17579,26704,3520,24801,1654.1872497307804
3723,17579,26704,3502,24797,1654.1883747301301
3724,17579,26704,3485,24793,1654.1894997294798
3725,17579,26704,3467,24789,1654.1906247288296
3726,17579,26704,3449,24786,1654.1917497281793
3727,17579,26704,3431,24782,1654.192874727529
3728,17579,26704,3413,24778,1654.1939997268787
3729,17579,26704,3395,24774,1654.1951247262284
3730,17579,26704,3377,24770,1654.1962497255781
3731,17579,26704,3359,24766,1654.1973747249278
3732,17579,26704,3342,24763,1654.1984997242776
3733,17579,26704,3324,24759,1654.1996247236273
3734,17579,26704,3306,24755,1654.200749722977
3735,17579,26704,3288,24751,1654.2018747223267
3736,17579,26704,3270,24747,1654.2029997216764
3737,17579,26704,3252,24744,1654.2041247210261
3738,17579,26704,3234,24740,1654.2052497203758
3739,17579,26704,3216,24736,1654.2063747197255
3740,17579,26704,3199,24732,1654.2074997190753
3741,17579,26704,3181,24728,1654.208624718425
3742,17579,26704,3163,24724,1654.2097497177747
3743,17579,26704,3145,24721,1654.2108747171244
3744,17579,26704,3127,24717,1654.211999716474
3745,17579,26704,3109,24713,1654.2131247158238
3746,17579,26704,3091,24709,1654.2142497151735
3747,17579,26704,3073,24705,1654.2153747145233
3748,17579,26704,3056,24702,1654.216499713873
3749,17579,26704,3038,24698,1654.2176247132227
3750,17579,26704,3020,24694,1654.2187497125724
3751,17579,26704,3002,24690,1654.219874711922
3752,17579,26704,2984,24686,1654.2209997112718
3753,17579,26704,2966,24683,1654.2221247106213
3754,17579,26704,2948,24679,1654.223249709971
3755,17579,26704,2930,24675,1654.2243747093207
3756,17579,26704,2913,24671,1654.2254997086704
3757,17579,26704,2895,24667,1654.2266247080202
3758,17579,26704,2877,24663,1654.2277497073699
3759,17579,26704,2859,24660,1654.2288747067196
3760,17579,26704,2841,24656,1654.2299997060693
3761,17579,26704,2823,24652,1654.231124705419
3762,17579,26704,2805,24648,1654.2322497047687
3763,17579,26704,2787,24644,1654.2333747041184
3764,17579,26704,2769,24641,1654.2344997034681
3765,17579,26704,2752,24637,1654.2356247028179
3766,17579,26704,2734,24633,1654.2367497021676
3767,17579,26704,2716,24629,1654.2378747015173
3768,17225,26190,3036,24625,1654.238999700867
3769,17225,26190,3019,24621,1654.2401247002167
3770,17225,26190,3002,24618,1654.2412496995664
3771,17225,26190,2986,24614,1654.2423746989161
3772,17225,26190,2969,24610,1654.2434996982659
3773,17225,26190,2952,24606,1654.2446246976156
3774,17225,26190,2935,24602,1654.2457496969653
3775,17225,26190,2919,24599,1654.246874696315
3776,17225,26190,2902,24595,1654.2479996956647
3777,17225,26190,2885,24591,1654.2491246950144
3778,17225,26190,2868,24587,1654.2502496943641
3779,17225,26190,2852,24583,1654.2513746937138
3780,17225,26190,2835,24580,1654.2524996930636
3781,17225,26190,2818,24576,1654.2536246924133
3782,17225,26190,2801,24572,1654.254749691763
3783,17225,26190,2784,24568,1654.2558746911127
3784,17225,26190,2768,24564,1654.2569996904624
3785,17225,26190,2751,24560,1654.2581246898121
3786,17225,26190,2734,24557,1654.2592496891618
3787,17225,26190,2717,24553,1654.2603746885115
3788,17225,26190,2701,24549,1654.2614996878613
3789,17225,26190,2684,24545,1654.262624687211
3790,17225,26190,2667,24541,1654.2637496865607
3791,17225,26190,2650,24538,1654.2648746859104
3792,17225,26190,2634,24534,1654.26599968526
3793,17225,26190,2617,24530,1654.2671246846098
3794,17225,26190,2600,24526,1654.2682496839595
3795,17225,26190,2583,24522,1654.2693746833093
3796,17225,26190,2567,24518,1654.270499682659
3797,17225,26190,2550,24515,1654.2716246820087
3798,17225,26190,2533,24511,1654.2727496813584
3799,17225,26190,2516,24507,1654.273874680708
3800,16871,25676,10834,24503,1654.2749996800578
3801,16871,25676,10795,24499,1654.2761246794075
3802,16871,25676,10757,24496,1654.2772496787572
3803,16871,25676,10718,24492,1654.278374678107
3804,16871,25676,10680,24488,1654.2794996774567
3805,16871,25676,10642,24484,1654.2806246768064
3806,16871,25676,10603,24480,1654.281749676156
3807,16871,25676,10565,24477,1654.2828746755058
3808,16871,25676,10527,24473,1654.2839996748555
3809,16871,25676,10488,24469,1654.2851246742052
3810,16871,25676,10450,24465,1654.286249673555
3811,16871,25676,10412,24461,1654.2873746729047
3812,16871,25676,10373,24457,1654.2884996722544
3813,16871,25676,10335,24454,1654.289624671604
3814,16871,25676,10297,24450,1654.2907496709538
3815,16871,25676,10258,24446,1654.2918746703035
3816,16871,25676,10220,24442,1654.2929996696532
3817,16871,25676,10181,24438,1654.294124669003
3818,16871,25676,10143,24435,1654.2952496683527
3819,16871,25676,10105,24431,1654.2963746677024
3820,16871,25676,10066,24427,1654.297499667052
3821,16871,25676,10028,24423,1654.2986246664018
3822,16871,25676,9990,24419,1654.2997496657515
3823,16871,25676,9951,24416,1654.3008746651012
3824,16871,25676,9913,24412,1654.301999664451
3825,16871,25676,9875,24408,1654.3031246638006
3826,16871,25676,9836,24404,1654.3042496631504
3827,16871,25676,9798,24400,1654.3053746625
3828,16871,25676,9759,24396,1654.3064996618498
3829,16871,25676,9721,24393,1654.3076246611995
3830,16871,25676,9683,24389,1654.3087496605492
3831,16871,25676,9644,24385,1654.309874659899
3832,16871,25676,9606,24381,1654.3109996592486
3833,16871,25676,9568,24377,1654.3121246585983
3834,16871,25676,9529,24374,1654.313249657948
3835,16871,25676,9491,24370,1654.3143746572978
3836,16871,25676,9453,24366,1654.3154996566475
3837,16871,25676,9414,24362,1654.3166246559972
3838,16871,25676,9376,24358,1654.317749655347
3839,16871,25676,9338,24354,1654.3188746546966
3840,16871,25676,9299,24351,1654.3199996540463
3841,16871,25676,9261,24347,1654.321124653396
3842,16871,25676,9222,24343,1654.3222496527458
3843,16871,25676,9184,24339,1654.3233746520955
3844,16871,25676,9146,24335,1654.3244996514452
3845,16871,25676,9107,24332,1654.325624650795
3846,16871,25676,9069,24328,1654.3267496501446
3847,16871,25676,9031,24324,1654.3278746494943
3848,16871,25676,8992,24320,1654.328999648844
3849,16871,25676,8954,24316,1654.3301246481938
3850,16871,25676,8916,24313,1654.3312496475435
3851,16871,25676,8877,24309,1654.3323746468932
3852,16517,25162,9580,24305,1654.3334996462427
3853,16517,25162,9546,24301,1654.3346246455924
3854,16517,25162,9512,24297,1654.335749644942
3855,16517,25162,9478,24293,1654.3368746442918
3856,16517,25162,9443,24290,1654.3379996436415
3857,16517,25162,9409,24286,1654.3391246429912
3858,16517,25162,9375,24282,1654.340249642341
3859,16517,25162,9341,24278,1654.3413746416907
3860,16517,25162,9307,24274,1654.3424996410404
3861,16517,25162,9272,24271,1654.34362464039
3862,16517,25162,9238,24267,1654.3447496397398
3863,16517,25162,9204,24263,1654.3458746390895
3864,16517,25162,9170,24259,1654.3469996384392
3865,16517,25162,9136,24255,1654.348124637789
3866,16517,25162,9101,24251,1654.3492496371387
3867,16517,25162,9067,24248,1654.3503746364884
3868,16517,25162,9033,24244,1654.351499635838
3869,16517,25162,8999,24240,1654.3526246351878
3870,16517,25162,8965,24236,1654.3537496345375
3871,16517,25162,8930,24232,1654.3548746338872
3872,16517,25162,8896,24229,1654.355999633237
3873,16517,25162,8862,24225,1654.3571246325866
3874,16517,25162,8828,24221,1654.3582496319364
3875,16517,25162,8794,24217,1654.359374631286
3876,16517,25162,8759,24213,1654.3604996306358
3877,16517,25162,8725,24210,1654.3616246299855
3878,16517,25162,8691,24206,1654.3627496293352
3879,16517,25162,8657,24202,1654.363874628685
3880,16517,25162,8623,24198,1654.3649996280346
3881,16517,25162,8588,24194,1654.3661246273844
3882,16517,25162,8554,24190,1654.367249626734
3883,16517,25162,8520,24187,1654.3683746260838
3884,16517,25162,8486,24183,1654.3694996254335
3885,16517,25162,8452,24179,1654.3706246247832
3886,16517,25162,8417,24175,1654.371749624133
3887,16517,25162,8383,24171,1654.3728746234826
3888,16517,25162,8349,24168,1654.3739996228323
3889,16517,25162,8315,24164,1654.375124622182
3890,16517,25162,8281,24160,1654.3762496215318
3891,16517,25162,8247,24156,1654.3773746208815
3892,16517,25162,8212,24152,1654.3784996202312
3893,16517,25162,8178,24148,1654.379624619581
3894,16517,25162,8144,24145,1654.3807496189306
3895,16517,25162,8110,24141,1654.3818746182803
3896,16517,25162,8076,24137,1654.38299961763
3897,16517,25162,8041,24133,1654.3841246169798
3898,16517,25162,8007,24129,1654.3852496163295
3899,16517,25162,7973,24126,1654.3863746156792
3900,16517,25162,7939,24122,1654.387499615029
3901,16517,25162,7905,24118,1654.3886246143786
3902,16517,25162,7870,24114,1654.3897496137283
3903,16517,25162,7836,24110,1654.390874613078
3904,16517,25162,7802,24107,1654.3919996124278
3905,16517,25162,7768,24103,1654.3931246117775
3906,16517,25162,7734,24099,1654.3942496111272
3907,16517,25162,7699,24095,1654.395374610477
3908,16517,25162,7665,24091,1654.3964996098266
3909,16517,25162,7631,24087,1654.3976246091763
3910,16517,25162,7597,24084,1654.398749608526
3911,16517,25162,7563,24080,1654.3998746078757
3912,16517,25162,7528,24076,1654.4009996072255
3913,16517,25162,7494,24072,1654.4021246065752
3914,16517,25162,7460,24068,1654.4032496059249
3915,16517,25162,7426,24065,1654.4043746052746
3916,16517,25162,7392,24061,1654.4054996046243
3917,16517,25162,7357,24057,1654.406624603974
3918,16517,25162,7323,24053,1654.4077496033237
3919,16517,25162,7289,24049,1654.4088746026734
3920,16269,24802,7737,24046,1654.4099996020232
3921,16263,24793,7718,24042,1654.4111246013729
3922,16257,24785,7700,24038,1654.4122496007226
3923,16251,24776,7681,24034,1654.4133746000723
3924,16245,24767,7662,24030,1654.414499599422
3925,16239,24758,7644,24026,1654.4156245987717
3926,16233,24749,7625,24023,1654.4167495981214
3927,16227,24741,7607,24019,1654.4178745974712
3928,16221,24732,7588,24015,1654.4189995968209
3929,16215,24723,7569,24011,1654.4201245961706
3930,16209,24714,7551,24007,1654.4212495955203
3931,16203,24705,7532,24004,1654.42237459487
3932,16197,24697,7514,24000,1654.4234995942197
3933,16190,24688,7495,23996,1654.4246245935694
3934,16184,24679,7476,23992,1654.4257495929191
3935,16178,24670,7458,23988,1654.4268745922689
3936,16172,24662,7439,23984,1654.4279995916186
3937,16166,24653,7421,23981,1654.4291245909683
3938,16160,24644,7402,23977,1654.430249590318
3939,16154,24635,7383,23973,1654.4313745896677
3940,16148,24626,7365,23969,1654.4324995890174
3941,16142,24618,7346,23965,1654.4336245883671
3942,16136,24609,7328,23962,1654.4347495877169
3943,16130,24600,7309,23958,1654.4358745870666
3944,16124,24591,7290,23954,1654.4369995864163
3945,16118,24582,7272,23950,1654.438124585766
3946,16112,24574,7253,23946,1654.4392495851157
3947,16106,24565,7235,23943,1654.4403745844654
3948,16100,24556,7216,23939,1654.4414995838151
3949,16094,24547,7197,23935,1654.4426245831648
3950,16088,24538,7179,23931,1654.4437495825146
3951,16081,24530,7160,23927,1654.444874581864
3952,16075,24521,7142,23923,1654.4459995812138
3953,16069,24512,7123,23920,1654.4471245805635
3954,16063,24503,7104,23916,1654.4482495799132
3955,16057,24494,7086,23912,1654.449374579263
3956,16051,24486,7067,23908,1654.4504995786126
3957,16045,24477,7049,23904,1654.4516245779623
3958,16039,24468,7030,23901,1654.452749577312
3959,16033,24459,7012,23897,1654.4538745766617
3960,16027,24451,6993,23893,1654.4549995760115
3961,16021,24442,6974,23889,1654.4561245753612
3962,16015,24433,6956,23885,1654.4572495747109
3963,16009,24424,6937,23881,1654.4583745740606
3964,16003,24415,6919,23878,1654.4594995734103
3965,15997,24407,6900,23874,1654.46062457276
3966,15991,24398,6881,23870,1654.4617495721097
3967,15985,24389,6863,23866,1654.4628745714595
3968,15979,24380,6844,23862,1654.4639995708092
3969,15972,24371,6826,23859,1654.4651245701589
3970,15966,24363,6807,23855,1654.4662495695086
3971,15960,24354,6788,23851,1654.4673745688583
3972,15954,24345,6770,23847,1654.468499568208
3973,15948,24336,6751,23843,1654.4696245675577
3974,15942,24327,6733,23840,1654.4707495669074
3975,15936,24319,6714,23836,1654.4718745662572
3976,15930,24310,6695,23832,1654.4729995656069
3977,15924,24301,6677,23828,1654.4741245649566
3978,15918,24292,6658,23824,1654.4752495643063
3979,15912,24283,6640,23820,1654.476374563656
3980,15906,24275,6621,23817,1654.4774995630057
3981,15900,24266,6602,23813,1654.4786245623554
3982,15894,24257,6584,23809,1654.4797495617051
3983,15888,24248,6565,23805,1654.4808745610549
3984,15882,24240,6547,23801,1654.4819995604046
3985,15876,24231,6528,23798,1654.4831245597543
3986,15870,24222,6509,23794,1654.484249559104
3987,15864,24213,6491,23790,1654.4853745584537
3988,15857,24204,6472,23786,1654.4864995578034
3989,15851,24196,6454,23782,1654.4876245571531
3990,15845,24187,6435,23779,1654.4887495565029
3991,15839,24178,6416,23775,1654.4898745558526
3992,15833,24169,6398,23771,1654.4909995552023
3993,15827,24160,6379,23767,1654.492124554552
3994,15821,24152,6361,23763,1654.4932495539017
3995,15815,24143,6342,23759,1654.4943745532514
3996,15809,24134,6323,23756,1654.4954995526011
3997,15803,24125,6305,23752,1654.4966245519508
3998,15797,24116,6286,23748,1654.4977495513006
3999,15791,24108,6268,23744,1654.4988745506503
