IDX,FM DAC,BM DAC,PH DAC,SOA DAC,WL Target
0,11425,4698,17448,24222,1627.5
1,11425,4698,17176,24183,1627.5045
2,11425,4698,16946,24160,1627.509
3,11425,4698,16706,24123,1627.5135
4,11425,4698,16432,24059,1627.518
5,11425,4698,16226,24046,1627.5225
6,11425,4698,15986,24024,1627.527
7,11425,4698,15752,23990,1627.5315
8,11425,4698,15522,23982,1627.536
9,11425,4698,15266,23934,1627.5405
10,11425,4698,15040,23898,1627.545
11,11425,4698,14834,23863,1627.5495
12,11425,4698,14578,23806,1627.554
13,11196,4519,15426,24056,1627.5585
14,11196,4519,15234,24022,1627.563
15,11196,4519,15074,23996,1627.5675
16,11196,4519,14834,23931,1627.572
17,11196,4519,14642,23884,1627.5765
18,11196,4519,14424,23804,1627.581
19,11196,4519,14226,23769,1627.5855
20,11196,4519,14002,23724,1627.59
21,11196,4519,13776,23663,1627.5945
22,11196,4519,13584,23607,1627.599
23,11196,4519,13362,23544,1627.6035
24,11196,4519,13160,23487,1627.608
25,11196,4519,12968,23446,1627.6125
26,11196,4519,12770,23403,1627.617
27,10990,4392,13362,23606,1627.6215
28,10990,4392,13154,23548,1627.626
29,10990,4392,13026,23525,1627.6305
30,10990,4392,12850,23484,1627.635
31,10990,4392,12642,23439,1627.6395
32,10990,4392,12432,23390,1627.644
33,10990,4392,12242,23372,1627.6485
34,10990,4392,12050,23343,1627.653
35,10990,4392,11848,23291,1627.6575
36,10990,4392,11682,23269,1627.662
37,10990,4392,11490,23229,1627.6665
38,10784,4265,12034,23409,1627.671
39,10784,4265,11858,23389,1627.6755
40,10784,4265,11746,23357,1627.68
41,10784,4265,11570,23322,1627.6845
42,10784,4265,11376,23258,1627.689
43,10784,4265,11184,23206,1627.6935
44,10784,4265,11026,23162,1627.698
45,10784,4265,10850,23112,1627.7025
46,10784,4265,10648,23035,1627.707
47,10578,4138,11192,23245,1627.7115
48,10578,4138,11016,23163,1627.716
49,10578,4138,10920,23135,1627.7205
50,10578,4138,10728,23038,1627.725
51,10578,4138,10584,22998,1627.7295
52,10578,4138,10418,22940,1627.734
53,10578,4138,10242,22861,1627.7385
54,10578,4138,10080,22811,1627.743
55,10578,4138,9938,22767,1627.7475
56,10578,4138,9778,22711,1627.752
57,10372,4011,10242,22870,1627.7565
58,10372,4011,10098,22839,1627.761
59,10372,4011,9970,22798,1627.7655
60,10372,4011,9826,22762,1627.77
61,10372,4011,9672,22715,1627.7745
62,10372,4011,9512,22670,1627.779
63,10372,4011,9362,22638,1627.7835
64,10372,4011,9202,22590,1627.788
65,10372,4011,9056,22566,1627.7925
66,10372,4011,8896,22524,1627.797
67,10372,4011,8754,22519,1627.8015
68,10372,4011,8610,22494,1627.806
69,10372,4011,8472,22461,1627.8105
70,10166,3884,8936,22699,1627.815
71,10166,3884,8776,22655,1627.8195
72,10166,3884,8680,22650,1627.824
73,10166,3884,8552,22638,1627.8285
74,10166,3884,8408,22606,1627.833
75,10166,3884,8258,22549,1627.8375
76,10166,3884,8114,22508,1627.842
77,10166,3884,7984,22463,1627.8465
78,10166,3884,7858,22453,1627.851
79,10166,3884,7730,22422,1627.8555
80,10166,3884,7602,22391,1627.86
81,10166,3884,7464,22346,1627.8645
82,9960,3757,7864,22517,1627.869
83,9960,3757,7736,22478,1627.8735
84,9960,3757,7656,22447,1627.878
85,9960,3757,7528,22412,1627.8825
86,9960,3757,7416,22375,1627.887
87,9960,3757,7282,22334,1627.8915
88,9960,3757,7154,22293,1627.896
89,9960,3757,7040,22245,1627.9005
90,9960,3757,6912,22205,1627.905
91,9960,3757,6802,22203,1627.9095
92,9960,3757,6674,22171,1627.914
93,9754,3630,7042,22374,1627.9185
94,9754,3630,6962,22363,1627.923
95,9754,3630,6850,22327,1627.9275
96,9754,3630,6738,22311,1627.932
97,9754,3630,6600,22267,1627.9365
98,9754,3630,6488,22255,1627.941
99,9754,3630,6386,22234,1627.9455
100,9754,3630,6274,22200,1627.95
101,9754,3630,6160,22158,1627.9545
102,9754,3630,6048,22132,1627.959
103,9548,3503,6400,22350,1627.9635
104,9548,3503,6288,22327,1627.968
105,9548,3503,6208,22285,1627.9725
106,9548,3503,6096,22254,1627.977
107,9548,3503,5986,22219,1627.9815
108,9548,3503,5890,22166,1627.986
109,9548,3503,5778,22125,1627.9905
110,9548,3503,5672,22062,1627.995
111,9548,3503,5576,22006,1627.9995
112,9548,3503,5474,21756,1628.004
113,9548,3503,5362,21708,1628.0085
114,9548,3503,5264,21647,1628.013
115,9548,3503,5168,21592,1628.0175
116,9342,3376,5488,21747,1628.022
117,9342,3376,5408,21695,1628.0265
118,9342,3376,5312,21647,1628.031
119,9342,3376,5216,21597,1628.0355
120,9342,3376,5122,21548,1628.04
121,9342,3376,5026,21502,1628.0445
122,9342,3376,4920,21462,1628.049
123,9342,3376,4824,21423,1628.0535
124,57954,43418,7634,45527,1628.058
125,57954,43418,7506,45437,1628.0625
126,57954,43418,7426,45373,1628.067
127,57954,43418,7298,45294,1628.0715
128,57954,43418,7152,45180,1628.076
129,57954,43418,7040,45102,1628.0805
130,57954,43418,6930,45050,1628.085
131,57954,43418,6818,45020,1628.0895
132,57297,42871,7042,44574,1628.094
133,57297,42871,6962,44541,1628.0985
134,57297,42871,6850,44461,1628.103
135,57297,42871,6728,44351,1628.1075
136,57297,42871,6616,44255,1628.112
137,57297,42871,6498,44203,1628.1165
138,57297,42871,6386,44142,1628.121
139,57297,42871,6290,44109,1628.1255
140,56640,42324,6530,43695,1628.13
141,56640,42324,6434,43564,1628.1345
142,56640,42324,6322,43423,1628.139
143,56640,42324,6224,43308,1628.1435
144,56640,42324,6112,43199,1628.148
145,56640,42324,6002,43128,1628.1525
146,56640,42324,5906,43035,1628.157
147,56640,42324,5800,42926,1628.1615
148,56640,42324,5704,42827,1628.166
149,55983,41777,5928,42460,1628.1705
150,55983,41777,5832,42390,1628.175
151,55983,41777,5768,42331,1628.1795
152,55983,41777,5656,42222,1628.184
153,55983,41777,5570,42151,1628.1885
154,55983,41777,5474,42074,1628.193
155,55983,41777,5360,41971,1628.1975
156,55983,41777,5264,41943,1628.202
157,55983,41777,5170,41932,1628.2065
158,55983,41777,5090,41910,1628.211
159,55326,41230,5282,41535,1628.2155
160,55326,41230,5202,41487,1628.22
161,55326,41230,5122,41413,1628.2245
162,55326,41230,5042,41401,1628.229
163,55326,41230,4952,41371,1628.2335
164,55326,41230,4840,41315,1628.238
165,55326,41230,4754,41270,1628.2425
166,55326,41230,4674,41200,1628.247
167,54668,40675,4898,40895,1628.2515
168,54668,40675,4802,40823,1628.256
169,54668,40675,4738,40763,1628.2605
170,54668,40675,4658,40699,1628.265
171,54668,40675,4560,40605,1628.2695
172,54668,40675,4480,40507,1628.274
173,54668,40675,4402,40415,1628.2785
174,54668,40675,4322,40311,1628.283
175,54668,40675,4242,40214,1628.2875
176,54668,40675,4152,40096,1628.292
177,54668,40675,4072,39996,1628.2965
178,53826,39999,4344,39599,1628.301
179,53826,39999,4264,39486,1628.3055
180,53826,39999,4200,39400,1628.31
181,53826,39999,4120,39292,1628.3145
182,53826,39999,4050,39223,1628.319
183,53826,39999,3970,39135,1628.3235
184,53826,39999,3872,39030,1628.328
185,53826,39999,3808,38972,1628.3325
186,53826,39999,3728,38902,1628.337
187,53826,39999,3666,38876,1628.3415
188,53826,39999,3586,38812,1628.346
189,52984,39323,3842,38526,1628.3505
190,52984,39323,3778,38506,1628.355
191,52984,39323,3714,38475,1628.3595
192,52984,39323,3650,38454,1628.364
193,52984,39323,3570,38415,1628.3685
194,52984,39323,3496,38391,1628.373
195,52984,39323,3432,38375,1628.3775
196,52984,39323,3362,38366,1628.382
197,52984,39323,3282,38352,1628.3865
198,52984,39323,3218,38332,1628.391
199,52142,38647,3458,38095,1628.3955
200,52142,38647,3394,38047,1628.4
201,52142,38647,3330,37982,1628.4045
202,52142,38647,3266,37950,1628.409
203,52142,38647,3184,37887,1628.4135
204,52142,38647,3120,37877,1628.418
205,52142,38647,3056,37837,1628.4225
206,52142,38647,2994,37808,1628.427
207,52142,38647,2930,37743,1628.4315
208,52142,38647,2872,37686,1628.436
209,52142,38647,2792,37623,1628.4405
210,51300,37971,3016,37408,1628.445
211,51300,37971,2952,37359,1628.4495
212,51300,37971,2888,37309,1628.454
213,51300,37971,2840,37271,1628.4585
214,51300,37971,2776,37235,1628.463
215,51300,37971,2706,37224,1628.4675
216,51300,37971,2658,37211,1628.472
217,51300,37971,2576,37176,1628.4765
218,50458,37295,9874,41575,1628.481
219,50458,37295,9704,41464,1628.4855
220,50458,37295,9592,41438,1628.49
221,50458,37295,9458,41404,1628.4945
222,50458,37295,9314,41389,1628.499
223,50458,37295,9152,41335,1628.5035
224,50458,37295,9024,41334,1628.508
225,50458,37295,8898,41336,1628.5125
226,50458,37295,8754,41307,1628.517
227,50458,37295,8616,41263,1628.5215
228,50458,37295,8450,41208,1628.526
229,50458,37295,8338,41207,1628.5305
230,50458,37295,8176,41142,1628.535
231,50458,37295,8048,41087,1628.5395
232,49616,36619,8546,40823,1628.544
233,49616,36619,8450,40742,1628.5485
234,49616,36619,8322,40649,1628.553
235,49616,36619,8176,40536,1628.5575
236,49616,36619,8048,40444,1628.562
237,49616,36619,7938,40365,1628.5665
238,49616,36619,7826,40285,1628.571
239,49616,36619,7688,40147,1628.5755
240,49616,36619,7576,40045,1628.58
241,49616,36619,7442,39915,1628.5845
242,49616,36619,7314,39803,1628.589
243,49616,36619,7184,39677,1628.5935
244,49616,36619,7072,39602,1628.598
245,48774,35943,7538,39355,1628.6025
246,48774,35943,7442,39259,1628.607
247,48774,35943,7330,39148,1628.6115
248,48774,35943,7202,39035,1628.616
249,48774,35943,7088,38955,1628.6205
250,48774,35943,6962,38875,1628.625
251,48774,35943,6866,38811,1628.6295
252,48774,35943,6754,38715,1628.634
253,48774,35943,6632,38623,1628.6385
254,48774,35943,6520,38575,1628.643
255,48774,35943,6418,38555,1628.6475
256,48774,35943,6290,38509,1628.652
257,47932,35267,6706,38352,1628.6565
258,47932,35267,6610,38270,1628.661
259,47932,35267,6498,38197,1628.6655
260,47932,35267,6418,38134,1628.67
261,47932,35267,6306,38075,1628.6745
262,47932,35267,6192,37998,1628.679
263,47932,35267,6096,37942,1628.6835
264,47932,35267,5986,37868,1628.688
265,47932,35267,5890,37780,1628.6925
266,47932,35267,5800,37709,1628.697
267,47932,35267,5688,37607,1628.7015
268,47090,34591,6066,37483,1628.706
269,47090,34591,5986,37417,1628.7105
270,47090,34591,5890,37324,1628.715
271,47090,34591,5800,37243,1628.7195
272,47090,34591,5688,37106,1628.724
273,47090,34591,5602,37022,1628.7285
274,47090,34591,5490,36916,1628.733
275,47090,34591,5392,36822,1628.7375
276,47090,34591,5296,36758,1628.742
277,47090,34591,5216,36693,1628.7465
278,47090,34591,5106,36602,1628.751
279,47090,34591,5026,36574,1628.7555
280,47090,34591,4936,36532,1628.76
281,47090,34591,4840,36494,1628.7645
282,47090,34591,4754,36476,1628.769
283,47090,34591,4674,36445,1628.7735
284,46241,33908,5032,36335,1628.778
285,46241,33908,4968,36309,1628.7825
286,46241,33908,4888,36270,1628.787
287,46241,33908,4802,36236,1628.7915
288,46241,33908,4706,36208,1628.796
289,46241,33908,4626,36183,1628.8005
290,46241,33908,4544,36135,1628.805
291,46241,33908,4448,36091,1628.8095
292,46241,33908,4370,36077,1628.814
293,46241,33908,4290,36046,1628.8185
294,46241,33908,4216,36015,1628.823
295,46241,33908,4120,35962,1628.8275
296,46241,33908,4050,35931,1628.832
297,46241,33908,3954,35854,1628.8365
298,46241,33908,3890,35815,1628.841
299,45604,33392,4114,35616,1628.8455
300,45604,33392,4050,35566,1628.85
301,45604,33392,3986,35511,1628.8545
302,45604,33392,3906,35435,1628.859
303,45604,33392,3824,35335,1628.8635
304,45604,33392,3744,35261,1628.868
305,45604,33392,3682,35214,1628.8725
306,45604,33392,3602,35131,1628.877
307,45604,33392,3528,35056,1628.8815
308,45604,33392,3448,34995,1628.886
309,45604,33392,3368,34937,1628.8905
310,44967,32876,3592,34751,1628.895
311,44967,32876,3528,34702,1628.8995
312,44967,32876,3464,34654,1628.904
313,44967,32876,3400,34612,1628.9085
314,44967,32876,3314,34557,1628.913
315,44967,32876,3250,34542,1628.9175
316,44967,32876,3184,34504,1628.922
317,44967,32876,3120,34476,1628.9265
318,44330,32360,3328,34359,1628.931
319,44330,32360,3248,34328,1628.9355
320,44330,32360,3184,34295,1628.94
321,44330,32360,3120,34272,1628.9445
322,44330,32360,3056,34248,1628.949
323,44330,32360,2994,34239,1628.9535
324,44330,32360,2930,34203,1628.958
325,44330,32360,2872,34157,1628.9625
326,44330,32360,2792,34109,1628.967
327,44330,32360,2738,34104,1628.9715
328,44330,32360,2674,34070,1628.976
329,44330,32360,2594,34027,1628.9805
330,43693,31844,2802,33903,1628.985
331,43693,31844,2738,33844,1628.9895
332,43693,31844,2674,33774,1628.994
333,43693,31844,2610,33726,1628.9985
334,43693,31844,2544,33662,1629.003
335,43056,31328,9810,36700,1629.0075
336,43056,31328,9640,36589,1629.012
337,43056,31328,9496,36494,1629.0165
338,43056,31328,9346,36398,1629.021
339,43056,31328,9218,36332,1629.0255
340,43056,31328,9072,36287,1629.03
341,43056,31328,8946,36271,1629.0345
342,43056,31328,8802,36220,1629.039
343,43056,31328,8680,36172,1629.0435
344,43056,31328,8536,36119,1629.048
345,43056,31328,8386,36078,1629.0525
346,43056,31328,8258,36075,1629.057
347,42419,30812,8712,36081,1629.0615
348,42419,30812,8616,36077,1629.066
349,42419,30812,8504,36048,1629.0705
350,42419,30812,8370,36025,1629.075
351,42419,30812,8226,35979,1629.0795
352,42419,30812,8096,35958,1629.084
353,42419,30812,7968,35950,1629.0885
354,42419,30812,7842,35962,1629.093
355,42419,30812,7714,35941,1629.0975
356,42419,30812,7592,35903,1629.102
357,42419,30812,7464,35871,1629.1065
358,42419,30812,7330,35836,1629.111
359,42419,30812,7202,35807,1629.1155
360,41782,30296,7618,35726,1629.12
361,41782,30296,7490,35663,1629.1245
362,41782,30296,7410,35619,1629.129
363,41782,30296,7282,35547,1629.1335
364,41782,30296,7154,35454,1629.138
365,41782,30296,7040,35381,1629.1425
366,41782,30296,6930,35322,1629.147
367,41782,30296,6802,35255,1629.1515
368,41782,30296,6690,35182,1629.156
369,41782,30296,6584,35102,1629.1605
370,41782,30296,6472,35035,1629.165
371,41145,29780,6840,34911,1629.1695
372,41145,29780,6728,34837,1629.174
373,41145,29780,6648,34780,1629.1785
374,41145,29780,6536,34718,1629.183
375,41145,29780,6434,34670,1629.1875
376,41145,29780,6322,34605,1629.192
377,41145,29780,6192,34519,1629.1965
378,41145,29780,6096,34475,1629.201
379,41145,29780,5986,34430,1629.2055
380,41145,29780,5874,34398,1629.21
381,40508,29264,6210,34334,1629.2145
382,40508,29264,6114,34286,1629.219
383,40508,29264,6050,34253,1629.2235
384,40508,29264,5938,34203,1629.228
385,40508,29264,5842,34157,1629.2325
386,40508,29264,5736,34105,1629.237
387,40508,29264,5624,34042,1629.2415
388,40508,29264,5538,34028,1629.246
389,40508,29264,5442,33962,1629.2505
390,40508,29264,5328,33868,1629.255
391,40508,29264,5232,33787,1629.2595
392,39871,28740,5552,33742,1629.264
393,39871,28740,5456,33663,1629.2685
394,39871,28740,5392,33627,1629.273
395,39871,28740,5296,33536,1629.2775
396,39871,28740,5200,33453,1629.282
397,39871,28740,5106,33358,1629.2865
398,39871,28740,5010,33270,1629.291
399,39871,28740,4920,33207,1629.2955
400,39871,28740,4840,33150,1629.3
401,39871,28740,4754,33108,1629.3045
402,39871,28740,4658,33015,1629.309
403,39219,28221,4984,33016,1629.3135
404,39219,28221,4904,32955,1629.318
405,39219,28221,4824,32893,1629.3225
406,39219,28221,4738,32854,1629.327
407,39219,28221,4658,32814,1629.3315
408,39219,28221,4560,32748,1629.336
409,39219,28221,4480,32695,1629.3405
410,39219,28221,4402,32685,1629.345
411,39219,28221,4306,32654,1629.3495
412,39219,28221,4226,32630,1629.354
413,39219,28221,4136,32614,1629.3585
414,39219,28221,4056,32589,1629.363
415,39219,28221,3986,32574,1629.3675
416,39219,28221,3906,32552,1629.372
417,38567,27702,4194,32568,1629.3765
418,38567,27702,4098,32510,1629.381
419,38567,27702,4050,32519,1629.3855
420,38567,27702,3986,32501,1629.39
421,38567,27702,3906,32461,1629.3945
422,38567,27702,3824,32403,1629.399
423,38567,27702,3744,32350,1629.4035
424,38567,27702,3682,32333,1629.408
425,38567,27702,3602,32285,1629.4125
426,38567,27702,3522,32239,1629.417
427,38567,27702,3448,32187,1629.4215
428,38567,27702,3384,32142,1629.426
429,38567,27702,3314,32092,1629.4305
430,38567,27702,3234,32030,1629.435
431,37915,27183,3512,31974,1629.4395
432,37915,27183,3448,31917,1629.444
433,37915,27183,3368,31852,1629.4485
434,37915,27183,3298,31788,1629.453
435,37915,27183,3218,31723,1629.4575
436,37915,27183,3152,31667,1629.462
437,37915,27183,3088,31612,1629.4665
438,37915,27183,3026,31596,1629.471
439,37915,27183,2962,31566,1629.4755
440,37915,27183,2898,31541,1629.48
441,37263,26664,3122,31500,1629.4845
442,37263,26664,3058,31455,1629.489
443,37263,26664,3010,31437,1629.4935
444,37263,26664,2946,31401,1629.498
445,37263,26664,2872,31373,1629.5025
446,37263,26664,2808,31342,1629.507
447,37263,26664,2744,31324,1629.5115
448,37263,26664,2674,31293,1629.516
449,37263,26664,2610,31256,1629.5205
450,37263,26664,2544,31206,1629.525
451,36611,26145,10002,33743,1629.5295
452,36611,26145,9842,33707,1629.534
453,36611,26145,9704,33647,1629.5385
454,36611,26145,9560,33590,1629.543
455,36611,26145,9394,33493,1629.5475
456,36611,26145,9250,33391,1629.552
457,36611,26145,9104,33317,1629.5565
458,36611,26145,8976,33254,1629.561
459,36611,26145,8850,33215,1629.5655
460,36611,26145,8690,33134,1629.57
461,36611,26145,8552,33051,1629.5745
462,36611,26145,8424,32981,1629.579
463,36611,26145,8290,32907,1629.5835
464,36611,26145,8146,32848,1629.588
465,35959,25626,8712,32862,1629.5925
466,35959,25626,8600,32819,1629.597
467,35959,25626,8472,32744,1629.6015
468,35959,25626,8354,32685,1629.606
469,35959,25626,8210,32603,1629.6105
470,35959,25626,8080,32555,1629.615
471,35959,25626,7936,32503,1629.6195
472,35959,25626,7826,32523,1629.624
473,35959,25626,7698,32495,1629.6285
474,35959,25626,7576,32475,1629.633
475,35959,25626,7448,32444,1629.6375
476,35959,25626,7330,32430,1629.642
477,35959,25626,7202,32411,1629.6465
478,35307,25107,7704,32496,1629.651
479,35307,25107,7624,32479,1629.6555
480,35307,25107,7496,32445,1629.66
481,35307,25107,7378,32428,1629.6645
482,35307,25107,7250,32381,1629.669
483,35307,25107,7120,32347,1629.6735
484,35307,25107,7024,32331,1629.678
485,35307,25107,6898,32303,1629.6825
486,35307,25107,6770,32251,1629.687
487,35307,25107,6664,32202,1629.6915
488,35307,25107,6568,32171,1629.696
489,35307,25107,6450,32124,1629.7005
490,35307,25107,6338,32077,1629.705
491,35307,25107,6226,32029,1629.7095
492,34655,24588,6658,31991,1629.714
493,34655,24588,6562,31935,1629.7185
494,34655,24588,6482,31894,1629.723
495,34655,24588,6370,31817,1629.7275
496,34655,24588,6258,31740,1629.732
497,34655,24588,6144,31664,1629.7365
498,34655,24588,6048,31627,1629.741
499,34655,24588,5954,31582,1629.7455
500,34655,24588,5842,31518,1629.75
501,34655,24588,5736,31462,1629.7545
502,34655,24588,5640,31415,1629.759
503,34003,24069,6066,31536,1629.7635
504,34003,24069,5986,31483,1629.768
505,34003,24069,5890,31438,1629.7725
506,34003,24069,5800,31410,1629.777
507,34003,24069,5688,31350,1629.7815
508,34003,24069,5592,31309,1629.786
509,34003,24069,5490,31261,1629.7905
510,34003,24069,5394,31215,1629.795
511,34003,24069,5296,31167,1629.7995
512,34003,24069,5200,31126,1629.804
513,34003,24069,5106,31079,1629.8085
514,34003,24069,5026,31035,1629.813
515,34003,24069,4920,30966,1629.8175
516,34003,24069,4840,30926,1629.822
517,33347,23547,5202,30970,1629.8265
518,33347,23547,5138,30927,1629.831
519,33347,23547,5058,30869,1629.8355
520,33347,23547,4968,30781,1629.84
521,33347,23547,4872,30679,1629.8445
522,33347,23547,4786,30606,1629.849
523,33347,23547,4706,30534,1629.8535
524,33347,23547,4610,30446,1629.858
525,33347,23547,4528,30394,1629.8625
526,33347,23547,4448,30319,1629.867
527,33347,23547,4370,30263,1629.8715
528,33347,23547,4290,30186,1629.876
529,33347,23547,4200,30124,1629.8805
530,33347,23547,4104,30046,1629.885
531,33347,23547,4040,30030,1629.8895
532,32867,23202,4264,30062,1629.894
533,32867,23202,4200,30014,1629.8985
534,32867,23202,4104,29940,1629.903
535,32867,23202,4034,29917,1629.9075
536,32867,23202,3954,29887,1629.912
537,32867,23202,3890,29883,1629.9165
538,32867,23202,3808,29853,1629.921
539,32867,23202,3728,29838,1629.9255
540,32867,23202,3650,29820,1629.93
541,32867,23202,3570,29808,1629.9345
542,32387,22857,3778,29880,1629.939
543,32387,22857,3698,29875,1629.9435
544,32387,22857,3650,29862,1629.948
545,32387,22857,3570,29822,1629.9525
546,32387,22857,3496,29791,1629.957
547,32387,22857,3416,29755,1629.9615
548,32387,22857,3352,29735,1629.966
549,32387,22857,3282,29727,1629.9705
550,32387,22857,3202,29694,1629.975
551,32387,22857,3120,29671,1629.9795
552,32387,22857,3056,29631,1629.984
553,31907,22512,3248,29624,1629.9885
554,31907,22512,3184,29581,1629.993
555,31907,22512,3120,29543,1629.9975
556,31907,22512,3056,29499,1630.002
557,31907,22512,2994,29486,1630.0065
558,31907,22512,2914,29432,1630.011
559,31907,22512,2856,29398,1630.0155
560,31907,22512,2776,29341,1630.02
561,31907,22512,2706,29308,1630.0245
562,31907,22512,2642,29292,1630.029
563,31907,22512,2578,29268,1630.0335
564,31427,22167,2770,29311,1630.038
565,31427,22167,2722,29294,1630.0425
566,31427,22167,2658,29259,1630.047
567,31427,22167,2594,29222,1630.0515
568,31427,22167,2512,29179,1630.056
569,30947,21822,9954,31199,1630.0605
570,30947,21822,9810,31187,1630.065
571,30947,21822,9656,31149,1630.0695
572,30947,21822,9512,31111,1630.074
573,30947,21822,9362,31086,1630.0785
574,30947,21822,9202,31038,1630.083
575,30947,21822,9072,31007,1630.0875
576,30947,21822,8912,30973,1630.092
577,30947,21822,8786,30959,1630.0965
578,30947,21822,8642,30911,1630.101
579,30947,21822,8504,30871,1630.1055
580,30467,21477,8936,30895,1630.11
581,30467,21477,8776,30815,1630.1145
582,30467,21477,8680,30772,1630.119
583,30467,21477,8552,30712,1630.1235
584,30467,21477,8424,30667,1630.128
585,30467,21477,8274,30589,1630.1325
586,30467,21477,8146,30524,1630.137
587,30467,21477,8016,30452,1630.1415
588,30467,21477,7904,30396,1630.146
589,30467,21477,7778,30350,1630.1505
590,30467,21477,7650,30294,1630.155
591,29987,21132,8050,30319,1630.1595
592,29987,21132,7938,30247,1630.164
593,29987,21132,7826,30199,1630.1685
594,29987,21132,7698,30142,1630.173
595,29987,21132,7592,30108,1630.1775
596,29987,21132,7464,30063,1630.182
597,29987,21132,7346,30039,1630.1865
598,29987,21132,7218,29998,1630.191
599,29987,21132,7072,29943,1630.1955
600,29987,21132,6960,29918,1630.2
601,29507,20787,7328,29984,1630.2045
602,29507,20787,7200,29950,1630.209
603,29507,20787,7120,29950,1630.2135
604,29507,20787,7008,29943,1630.218
605,29507,20787,6898,29934,1630.2225
606,29507,20787,6786,29902,1630.227
607,29507,20787,6664,29868,1630.2315
608,29507,20787,6552,29867,1630.236
609,29507,20787,6450,29855,1630.2405
610,29507,20787,6322,29822,1630.245
611,29507,20787,6210,29790,1630.2495
612,29027,20442,6546,29852,1630.254
613,29027,20442,6466,29811,1630.2585
614,29027,20442,6370,29775,1630.263
615,29027,20442,6258,29727,1630.2675
616,29027,20442,6128,29662,1630.272
617,29027,20442,6032,29629,1630.2765
618,29027,20442,5938,29609,1630.281
619,29027,20442,5842,29559,1630.2855
620,29027,20442,5736,29499,1630.29
621,29027,20442,5608,29429,1630.2945
622,28547,20096,5928,29469,1630.299
623,28547,20096,5832,29422,1630.3035
624,28547,20096,5752,29387,1630.308
625,28547,20096,5656,29339,1630.3125
626,28547,20096,5554,29296,1630.317
627,28547,20096,5458,29262,1630.3215
628,28547,20096,5360,29211,1630.326
629,28547,20096,5264,29179,1630.3305
630,28547,20096,5168,29147,1630.335
631,28547,20096,5074,29119,1630.3395
632,28547,20096,4978,29094,1630.344
633,28105,19703,5298,29179,1630.3485
634,28105,19703,5202,29160,1630.353
635,28105,19703,5138,29134,1630.3575
636,28105,19703,5042,29115,1630.362
637,28105,19703,4952,29084,1630.3665
638,28105,19703,4856,29037,1630.371
639,28105,19703,4786,29021,1630.3755
640,28105,19703,4690,28975,1630.38
641,28105,19703,4594,28920,1630.3845
642,28105,19703,4496,28880,1630.389
643,28105,19703,4416,28839,1630.3935
644,28105,19703,4338,28796,1630.398
645,28105,19703,4242,28730,1630.4025
646,27663,19310,4514,28718,1630.407
647,27663,19310,4434,28655,1630.4115
648,27663,19310,4386,28623,1630.416
649,27663,19310,4290,28558,1630.4205
650,27663,19310,4210,28503,1630.425
651,27663,19310,4120,28407,1630.4295
652,27663,19310,4040,28343,1630.434
653,27663,19310,3970,28278,1630.4385
654,27663,19310,3890,28221,1630.443
655,27663,19310,3808,28155,1630.4475
656,27663,19310,3728,28120,1630.452
657,27221,18917,4000,28152,1630.4565
658,27221,18917,3920,28094,1630.461
659,27221,18917,3872,28062,1630.4655
660,27221,18917,3792,28014,1630.47
661,27221,18917,3712,27965,1630.4745
662,27221,18917,3634,27958,1630.479
663,27221,18917,3554,27909,1630.4835
664,27221,18917,3496,27892,1630.488
665,27221,18917,3416,27866,1630.4925
666,27221,18917,3346,27837,1630.497
667,27221,18917,3266,27821,1630.5015
668,27221,18917,3186,27803,1630.506
669,27221,18917,3120,27772,1630.5105
670,27221,18917,3056,27758,1630.515
671,26779,18524,3296,27790,1630.5195
672,26779,18524,3216,27759,1630.524
673,26779,18524,3168,27741,1630.5285
674,26779,18524,3088,27702,1630.533
675,26779,18524,3026,27699,1630.5375
676,26779,18524,2962,27670,1630.542
677,26779,18524,2882,27613,1630.5465
678,26779,18524,2824,27583,1630.551
679,26779,18524,2760,27564,1630.5555
680,26779,18524,2690,27520,1630.56
681,26779,18524,2626,27502,1630.5645
682,26779,18524,2544,27451,1630.569
683,26337,18131,10208,29133,1630.5735
684,26337,18131,10064,29094,1630.578
685,26337,18131,9906,29047,1630.5825
686,26337,18131,9746,29007,1630.587
687,26337,18131,9592,28971,1630.5915
688,26337,18131,9432,28925,1630.596
689,26337,18131,9282,28902,1630.6005
690,26337,18131,9138,28871,1630.605
691,26337,18131,8976,28828,1630.6095
692,26337,18131,8818,28798,1630.614
693,26337,18131,8690,28783,1630.6185
694,25895,17738,9248,28893,1630.623
695,25895,17738,9136,28891,1630.6275
696,25895,17738,8992,28859,1630.632
697,25895,17738,8866,28855,1630.6365
698,25895,17738,8706,28795,1630.641
699,25895,17738,8584,28789,1630.6455
700,25895,17738,8424,28766,1630.65
701,25895,17738,8290,28766,1630.6545
702,25895,17738,8146,28735,1630.659
703,25895,17738,8016,28717,1630.6635
704,25895,17738,7872,28663,1630.668
705,25895,17738,7746,28647,1630.6725
706,25895,17738,7618,28619,1630.677
707,25453,17345,8098,28662,1630.6815
708,25453,17345,7986,28631,1630.686
709,25453,17345,7906,28599,1630.6905
710,25453,17345,7762,28539,1630.695
711,25453,17345,7634,28473,1630.6995
712,25453,17345,7512,28399,1630.704
713,25453,17345,7400,28347,1630.7085
714,25453,17345,7282,28295,1630.713
715,25453,17345,7154,28232,1630.7175
716,25453,17345,7024,28156,1630.722
717,25453,17345,6896,28090,1630.7265
718,25453,17345,6802,28046,1630.731
719,25453,17345,6690,27983,1630.7355
720,25011,16952,7122,28048,1630.74
721,25011,16952,7026,28011,1630.7445
722,25011,16952,6946,27974,1630.749
723,25011,16952,6834,27925,1630.7535
724,25011,16952,6706,27862,1630.758
725,25011,16952,6600,27814,1630.7625
726,25011,16952,6488,27771,1630.767
727,25011,16952,6354,27744,1630.7715
728,25011,16952,6258,27707,1630.776
729,25011,16952,6128,27639,1630.7805
730,25011,16952,6032,27628,1630.785
731,25011,16952,5938,27614,1630.7895
732,25011,16952,5826,27582,1630.794
733,24569,16559,6256,27692,1630.7985
734,24569,16559,6144,27630,1630.803
735,24569,16559,6048,27615,1630.8075
736,24569,16559,5954,27598,1630.812
737,24569,16559,5858,27563,1630.8165
738,24569,16559,5752,27511,1630.821
739,24569,16559,5656,27483,1630.8255
740,24569,16559,5554,27455,1630.83
741,24569,16559,5458,27422,1630.8345
742,24569,16559,5344,27352,1630.839
743,24569,16559,5248,27291,1630.8435
744,24120,16166,5634,27421,1630.848
745,24120,16166,5570,27388,1630.8525
746,24120,16166,5474,27357,1630.857
747,24120,16166,5376,27288,1630.8615
748,24120,16166,5280,27246,1630.866
749,24120,16166,5184,27179,1630.8705
750,24120,16166,5090,27127,1630.875
751,24120,16166,4994,27086,1630.8795
752,24120,16166,4904,27054,1630.884
753,24120,16166,4808,27006,1630.8885
754,24120,16166,4722,26990,1630.893
755,24120,16166,4626,26955,1630.8975
756,24120,16166,4528,26920,1630.902
757,24120,16166,4448,26878,1630.9065
758,23715,15849,4736,27035,1630.911
759,23715,15849,4656,27007,1630.9155
760,23715,15849,4592,26992,1630.92
761,23715,15849,4496,26975,1630.9245
762,23715,15849,4416,26942,1630.929
763,23715,15849,4338,26937,1630.9335
764,23715,15849,4242,26907,1630.938
765,23715,15849,4152,26862,1630.9425
766,23715,15849,4072,26844,1630.947
767,23715,15849,4002,26830,1630.9515
768,23715,15849,3922,26808,1630.956
769,23310,15532,4178,26911,1630.9605
770,23310,15532,4098,26845,1630.965
771,23310,15532,4034,26814,1630.9695
772,23310,15532,3954,26775,1630.974
773,23310,15532,3874,26717,1630.9785
774,23310,15532,3808,26653,1630.983
775,23310,15532,3728,26598,1630.9875
776,23310,15532,3650,26541,1630.992
777,23310,15532,3570,26480,1630.9965
778,23310,15532,3512,26437,1631.001
779,23310,15532,3432,26372,1631.0055
780,23310,15532,3352,26328,1631.01
781,23310,15532,3282,26286,1631.0145
782,23310,15532,3202,26211,1631.019
783,22905,15215,3458,26280,1631.0235
784,22905,15215,3394,26223,1631.028
785,22905,15215,3330,26171,1631.0325
786,22905,15215,3250,26142,1631.037
787,22905,15215,3186,26102,1631.0415
788,22905,15215,3104,26046,1631.046
789,22905,15215,3040,26012,1631.0505
790,22905,15215,2978,25981,1631.055
791,22905,15215,2914,25959,1631.0595
792,22905,15215,2840,25928,1631.064
793,22905,15215,2760,25910,1631.0685
794,22500,14898,3000,26008,1631.073
795,22500,14898,2920,25975,1631.0775
796,22500,14898,2872,25950,1631.082
797,22500,14898,2808,25916,1631.0865
798,22500,14898,2744,25899,1631.091
799,22500,14898,2674,25866,1631.0955
800,22500,14898,2610,25847,1631.1
801,22500,14898,2528,25791,1631.1045
802,22095,14581,10272,27384,1631.109
803,22095,14581,10112,27326,1631.1135
804,22095,14581,9970,27295,1631.118
805,22095,14581,9810,27255,1631.1225
806,22095,14581,9656,27196,1631.127
807,22095,14581,9512,27134,1631.1315
808,22095,14581,9378,27094,1631.136
809,22095,14581,9202,27005,1631.1405
810,22095,14581,9072,26974,1631.145
811,22095,14581,8928,26934,1631.1495
812,22095,14581,8786,26902,1631.154
813,22095,14581,8642,26847,1631.1585
814,22095,14581,8504,26806,1631.163
815,22095,14581,8360,26747,1631.1675
816,22095,14581,8210,26702,1631.172
817,21690,14264,8712,26853,1631.1765
818,21690,14264,8632,26846,1631.181
819,21690,14264,8504,26824,1631.1855
820,21690,14264,8370,26799,1631.19
821,21690,14264,8226,26758,1631.1945
822,21690,14264,8096,26732,1631.199
823,21690,14264,7968,26716,1631.2035
824,21690,14264,7842,26719,1631.208
825,21690,14264,7714,26709,1631.2125
826,21690,14264,7592,26686,1631.217
827,21690,14264,7464,26676,1631.2215
828,21690,14264,7346,26654,1631.226
829,21690,14264,7202,26614,1631.2305
830,21285,13947,7688,26814,1631.235
831,21285,13947,7608,26811,1631.2395
832,21285,13947,7496,26796,1631.244
833,21285,13947,7362,26748,1631.2485
834,21285,13947,7250,26717,1631.253
835,21285,13947,7120,26652,1631.2575
836,21285,13947,7008,26600,1631.262
837,21285,13947,6882,26554,1631.2665
838,21285,13947,6770,26510,1631.271
839,21285,13947,6658,26454,1631.2755
840,21285,13947,6552,26422,1631.28
841,21285,13947,6424,26357,1631.2845
842,21285,13947,6306,26299,1631.289
843,21285,13947,6194,26235,1631.2935
844,20880,13630,6626,26334,1631.298
845,20880,13630,6514,26287,1631.3025
846,20880,13630,6434,26238,1631.307
847,20880,13630,6322,26199,1631.3115
848,20880,13630,6192,26106,1631.316
849,20880,13630,6096,26063,1631.3205
850,20880,13630,6002,26030,1631.325
851,20880,13630,5874,25974,1631.3295
852,20880,13630,5778,25949,1631.334
853,20880,13630,5688,25917,1631.3385
854,20880,13630,5576,25887,1631.343
855,20475,13313,5960,26015,1631.3475
856,20475,13313,5848,25976,1631.352
857,20475,13313,5784,25956,1631.3565
858,20475,13313,5688,25916,1631.361
859,20475,13313,5576,25886,1631.3655
860,20475,13313,5474,25849,1631.37
861,20475,13313,5394,25818,1631.3745
862,20475,13313,5280,25754,1631.379
863,20475,13313,5184,25711,1631.3835
864,20475,13313,5090,25693,1631.388
865,20475,13313,4994,25654,1631.3925
866,20475,13313,4904,25615,1631.397
867,20475,13313,4808,25564,1631.4015
868,20065,12994,5202,25758,1631.406
869,20065,12994,5122,25691,1631.4105
870,20065,12994,5026,25647,1631.415
871,20065,12994,4936,25591,1631.4195
872,20065,12994,4840,25547,1631.424
873,20065,12994,4754,25500,1631.4285
874,20065,12994,4674,25438,1631.433
875,20065,12994,4578,25371,1631.4375
876,20065,12994,4496,25322,1631.442
877,20065,12994,4400,25277,1631.4465
878,20065,12994,4322,25257,1631.451
879,20065,12994,4226,25206,1631.4555
880,20065,12994,4152,25175,1631.46
881,20065,12994,4056,25116,1631.4645
882,19741,12742,4312,25247,1631.469
883,19741,12742,4232,25211,1631.4735
884,19741,12742,4168,25198,1631.478
885,19741,12742,4072,25179,1631.4825
886,19741,12742,4002,25174,1631.487
887,19741,12742,3922,25150,1631.4915
888,19741,12742,3840,25110,1631.496
889,19741,12742,3760,25103,1631.5005
890,19741,12742,3680,25082,1631.505
891,19741,12742,3602,25075,1631.5095
892,19741,12742,3538,25070,1631.514
893,19417,12490,3762,25191,1631.5185
894,19417,12490,3698,25163,1631.523
895,19417,12490,3634,25135,1631.5275
896,19417,12490,3554,25083,1631.532
897,19417,12490,3480,25069,1631.5365
898,19417,12490,3400,25037,1631.541
899,19417,12490,3330,24998,1631.5455
900,19417,12490,3266,24959,1631.55
901,19417,12490,3186,24910,1631.5545
902,19417,12490,3104,24827,1631.559
903,19417,12490,3040,24795,1631.5635
904,19093,12238,3248,24886,1631.568
905,19093,12238,3184,24828,1631.5725
906,19093,12238,3120,24783,1631.577
907,19093,12238,3056,24727,1631.5815
908,19093,12238,2994,24696,1631.586
909,19093,12238,2914,24638,1631.5905
910,19093,12238,2856,24597,1631.595
911,19093,12238,2776,24549,1631.5995
912,19093,12238,2722,24525,1631.604
913,19093,12238,2642,24479,1631.6085
914,19093,12238,2578,24438,1631.613
915,19093,12238,2512,24397,1631.6175
916,18769,11986,10224,25807,1631.622
917,18769,11986,10080,25786,1631.6265
918,18769,11986,9922,25772,1631.631
919,18769,11986,9762,25726,1631.6355
920,18769,11986,9608,25695,1631.64
921,18769,11986,9448,25654,1631.6445
922,18769,11986,9298,25627,1631.649
923,18769,11986,9138,25594,1631.6535
924,18769,11986,8992,25565,1631.658
925,18445,11734,9522,25727,1631.6625
926,18445,11734,9394,25696,1631.667
927,18445,11734,9234,25627,1631.6715
928,18445,11734,9088,25564,1631.676
929,18445,11734,8944,25531,1631.6805
930,18445,11734,8818,25512,1631.685
931,18445,11734,8658,25463,1631.6895
932,18445,11734,8520,25419,1631.694
933,18445,11734,8376,25359,1631.6985
934,18445,11734,8242,25307,1631.703
935,18445,11734,8098,25255,1631.7075
936,18445,11734,7968,25200,1631.712
937,18121,11482,8450,25350,1631.7165
938,18121,11482,8338,25326,1631.721
939,18121,11482,8194,25260,1631.7255
940,18121,11482,8064,25205,1631.73
941,18121,11482,7952,25178,1631.7345
942,18121,11482,7810,25141,1631.739
943,18121,11482,7682,25101,1631.7435
944,18121,11482,7560,25079,1631.748
945,18121,11482,7416,25046,1631.7525
946,18121,11482,7314,25034,1631.757
947,18121,11482,7186,25005,1631.7615
948,17797,11230,7602,25181,1631.766
949,17797,11230,7474,25159,1631.7705
950,17797,11230,7394,25145,1631.775
951,17797,11230,7266,25126,1631.7795
952,17797,11230,7138,25085,1631.784
953,17797,11230,7008,25075,1631.7885
954,17797,11230,6896,25069,1631.793
955,17797,11230,6786,25054,1631.7975
956,17797,11230,6674,25047,1631.802
957,17797,11230,6552,25022,1631.8065
958,17797,11230,6440,25005,1631.811
959,17797,11230,6322,24976,1631.8155
960,17797,11230,6210,24936,1631.82
961,17473,10978,6594,25080,1631.8245
962,17473,10978,6498,25055,1631.829
963,17473,10978,6402,25019,1631.8335
964,17473,10978,6290,24990,1631.838
965,17473,10978,6176,24926,1631.8425
966,17473,10978,6080,24876,1631.847
967,17473,10978,5970,24824,1631.8515
968,17473,10978,5858,24764,1631.856
969,17473,10978,5768,24716,1631.8605
970,17473,10978,5656,24665,1631.865
971,17149,10726,6034,24829,1631.8695
972,17149,10726,5938,24796,1631.874
973,17149,10726,5842,24742,1631.8785
974,17149,10726,5736,24669,1631.883
975,17149,10726,5624,24597,1631.8875
976,17149,10726,5538,24567,1631.892
977,17149,10726,5442,24535,1631.8965
978,17149,10726,5344,24495,1631.901
979,17149,10726,5232,24445,1631.9055
980,17149,10726,5154,24415,1631.91
981,17149,10726,5042,24367,1631.9145
982,17149,10726,4962,24335,1631.919
983,17149,10726,4856,24299,1631.9235
984,17149,10726,4760,24284,1631.928
985,16824,10466,5096,24424,1631.9325
986,16824,10466,5000,24381,1631.937
987,16824,10466,4936,24357,1631.9415
988,16824,10466,4840,24311,1631.946
989,16824,10466,4754,24286,1631.9505
990,16824,10466,4674,24247,1631.955
991,16824,10466,4578,24197,1631.9595
992,16824,10466,4480,24125,1631.964
993,16824,10466,4400,24079,1631.9685
994,16824,10466,4306,24036,1631.973
995,16824,10466,4226,23989,1631.9775
996,16569,10268,4434,24088,1631.982
997,16569,10268,4370,24044,1631.9865
998,16569,10268,4290,23988,1631.991
999,16569,10268,4210,23927,1631.9955
1000,16569,10268,4120,23853,1632.0
1001,16569,10268,4040,23803,1632.0045
1002,16569,10268,3954,23772,1632.009
1003,16569,10268,3874,23727,1632.0135
1004,16569,10268,3792,23671,1632.018
1005,16569,10268,3712,23610,1632.0225
1006,16314,10070,3920,23725,1632.027
1007,16314,10070,3856,23693,1632.0315
1008,16314,10070,3792,23673,1632.036
1009,16314,10070,3712,23644,1632.0405
1010,16314,10070,3634,23638,1632.045
1011,16314,10070,3554,23598,1632.0495
1012,16314,10070,3480,23559,1632.054
1013,16314,10070,3400,23542,1632.0585
1014,16314,10070,3330,23532,1632.063
1015,16314,10070,3250,23534,1632.0675
1016,16314,10070,3186,23526,1632.072
1017,16059,9872,3378,23660,1632.0765
1018,16059,9872,3314,23635,1632.081
1019,16059,9872,3234,23610,1632.0855
1020,16059,9872,3168,23582,1632.09
1021,16059,9872,3088,23549,1632.0945
1022,16059,9872,3024,23542,1632.099
1023,16059,9872,2946,23529,1632.1035
1024,16059,9872,2882,23514,1632.108
1025,16059,9872,2808,23480,1632.1125
1026,16059,9872,2744,23455,1632.117
1027,15804,9674,2920,23541,1632.1215
1028,15804,9674,2872,23517,1632.126
1029,15804,9674,2792,23479,1632.1305
1030,15804,9674,2728,23454,1632.135
1031,15804,9674,2658,23418,1632.1395
1032,15804,9674,2594,23381,1632.144
1033,15804,9674,2528,23320,1632.1485
1034,15549,9476,10338,24573,1632.153
1035,15549,9476,10176,24509,1632.1575
1036,15549,9476,10032,24488,1632.162
1037,15549,9476,9874,24458,1632.1665
1038,15549,9476,9714,24411,1632.171
1039,15549,9476,9576,24380,1632.1755
1040,15549,9476,9432,24341,1632.18
1041,15549,9476,9266,24300,1632.1845
1042,15549,9476,9122,24267,1632.189
1043,15549,9476,8960,24215,1632.1935
1044,15549,9476,8818,24191,1632.198
1045,15549,9476,8690,24171,1632.2025
1046,15294,9278,9090,24301,1632.207
1047,15294,9278,8978,24285,1632.2115
1048,15294,9278,8866,24263,1632.216
1049,15294,9278,8722,24236,1632.2205
1050,15294,9278,8568,24189,1632.225
1051,15294,9278,8424,24158,1632.2295
1052,15294,9278,8290,24119,1632.234
1053,15294,9278,8146,24062,1632.2385
1054,15294,9278,8016,24039,1632.243
1055,15294,9278,7888,24013,1632.2475
1056,15039,9080,8256,24127,1632.252
1057,15039,9080,8176,24096,1632.2565
1058,15039,9080,8048,24045,1632.261
1059,15039,9080,7920,23988,1632.2655
1060,15039,9080,7794,23934,1632.27
1061,15039,9080,7666,23895,1632.2745
1062,15039,9080,7544,23852,1632.279
1063,15039,9080,7416,23799,1632.2835
1064,15039,9080,7298,23755,1632.288
1065,15039,9080,7154,23677,1632.2925
1066,15039,9080,7024,23615,1632.297
1067,15039,9080,6896,23552,1632.3015
1068,14784,8882,7280,23703,1632.306
1069,14784,8882,7200,23667,1632.3105
1070,14784,8882,7072,23632,1632.315
1071,14784,8882,6944,23588,1632.3195
1072,14784,8882,6834,23567,1632.324
1073,14784,8882,6722,23532,1632.3285
1074,14784,8882,6600,23513,1632.333
1075,14784,8882,6488,23495,1632.3375
1076,14784,8882,6370,23478,1632.342
1077,14784,8882,6258,23452,1632.3465
1078,14529,8684,6594,23598,1632.351
1079,14529,8684,6498,23592,1632.3555
1080,14529,8684,6402,23565,1632.36
1081,14529,8684,6290,23566,1632.3645
1082,14529,8684,6176,23534,1632.369
1083,14529,8684,6064,23518,1632.3735
1084,14529,8684,5970,23515,1632.378
1085,14529,8684,5858,23483,1632.3825
1086,14529,8684,5752,23455,1632.387
1087,14529,8684,5640,23422,1632.3915
1088,14272,8477,5960,23582,1632.396
1089,14272,8477,5848,23544,1632.4005
1090,14272,8477,5784,23525,1632.405
1091,14272,8477,5688,23483,1632.4095
1092,14272,8477,5576,23436,1632.414
1093,14272,8477,5490,23406,1632.4185
1094,14272,8477,5378,23344,1632.423
1095,14272,8477,5280,23292,1632.4275
1096,14272,8477,5168,23255,1632.432
1097,14272,8477,5090,23223,1632.4365
1098,14272,8477,4994,23175,1632.441
1099,14272,8477,4904,23143,1632.4455
1100,14272,8477,4808,23098,1632.45
1101,14001,8253,5128,23262,1632.4545
1102,14001,8253,5032,23231,1632.459
1103,14001,8253,4968,23213,1632.4635
1104,14001,8253,4872,23160,1632.468
1105,14001,8253,4792,23133,1632.4725
1106,14001,8253,4706,23100,1632.477
1107,14001,8253,4594,23055,1632.4815
1108,14001,8253,4512,23030,1632.486
1109,14001,8253,4432,23014,1632.4905
1110,14001,8253,4338,22991,1632.495
1111,14001,8253,4258,22959,1632.4995
1112,13730,8029,4546,23133,1632.504
1113,13730,8029,4466,23102,1632.5085
1114,13730,8029,4402,23080,1632.513
1115,13730,8029,4322,23034,1632.5175
1116,13730,8029,4226,22996,1632.522
1117,13730,8029,4152,22957,1632.5265
1118,13730,8029,4056,22894,1632.531
1119,13730,8029,3986,22859,1632.5355
1120,13730,8029,3906,22811,1632.54
1121,13730,8029,3824,22751,1632.5445
1122,13730,8029,3744,22710,1632.549
1123,13730,8029,3664,22654,1632.5535
1124,13730,8029,3586,22591,1632.558
1125,13730,8029,3506,22543,1632.5625
1126,13459,7805,3778,22683,1632.567
1127,13459,7805,3698,22622,1632.5715
1128,13459,7805,3650,22583,1632.576
1129,13459,7805,3570,22519,1632.5805
1130,13459,7805,3496,22463,1632.585
1131,13459,7805,3416,22411,1632.5895
1132,13459,7805,3352,22367,1632.594
1133,13459,7805,3266,22326,1632.5985
1134,13459,7805,3202,22287,1632.603
1135,13459,7805,3120,22248,1632.6075
1136,13459,7805,3056,22208,1632.612
1137,13459,7805,2978,22190,1632.6165
1138,13459,7805,2914,22165,1632.621
1139,13188,7581,3170,22327,1632.6255
1140,13188,7581,3090,22298,1632.63
1141,13188,7581,3026,22282,1632.6345
1142,13188,7581,2962,22261,1632.639
1143,13188,7581,2898,22239,1632.6435
1144,13188,7581,2824,22199,1632.648
1145,13188,7581,2760,22190,1632.6525
1146,13188,7581,2690,22172,1632.657
1147,13188,7581,2610,22158,1632.6615
1148,13188,7581,2544,22131,1632.666
1149,12917,7357,10648,23420,1632.6705
1150,12917,7357,10482,23383,1632.675
1151,12917,7357,10322,23336,1632.6795
1152,12917,7357,10160,23278,1632.684
1153,12917,7357,10000,23237,1632.6885
1154,12917,7357,9858,23206,1632.693
1155,12917,7357,9698,23162,1632.6975
1156,12917,7357,9544,23126,1632.702
1157,12917,7357,9394,23079,1632.7065
1158,12917,7357,9234,23021,1632.711
1159,12917,7357,9088,22967,1632.7155
1160,12917,7357,8944,22938,1632.72
1161,12917,7357,8802,22904,1632.7245
1162,12917,7357,8658,22873,1632.729
1163,12917,7357,8504,22823,1632.7335
1164,12917,7357,8360,22774,1632.738
1165,12646,7133,8920,22974,1632.7425
1166,12646,7133,8776,22941,1632.747
1167,12646,7133,8680,22909,1632.7515
1168,12646,7133,8552,22896,1632.756
1169,12646,7133,8424,22872,1632.7605
1170,12646,7133,8274,22844,1632.765
1171,12646,7133,8146,22811,1632.7695
1172,12646,7133,7984,22773,1632.774
1173,12646,7133,7872,22750,1632.7785
1174,12646,7133,7746,22742,1632.783
1175,12646,7133,7602,22717,1632.7875
1176,12646,7133,7480,22685,1632.792
1177,12375,6909,7986,22909,1632.7965
1178,12375,6909,7890,22895,1632.801
1179,12375,6909,7778,22870,1632.8055
1180,12375,6909,7650,22830,1632.81
1181,12375,6909,7512,22782,1632.8145
1182,12375,6909,7384,22746,1632.819
1183,12375,6909,7282,22702,1632.8235
1184,12375,6909,7154,22637,1632.828
1185,12375,6909,7024,22576,1632.8325
1186,12375,6909,6896,22519,1632.837
1187,12375,6909,6802,22502,1632.8415
1188,12375,6909,6674,22444,1632.846
1189,12375,6909,6568,22383,1632.8505
1190,12375,6909,6456,22326,1632.855
1191,12104,6685,6888,22495,1632.8595
1192,12104,6685,6776,22455,1632.864
1193,12104,6685,6712,22430,1632.8685
1194,12104,6685,6600,22382,1632.873
1195,12104,6685,6488,22329,1632.8775
1196,12104,6685,6370,22261,1632.882
1197,12104,6685,6258,22206,1632.8865
1198,12104,6685,6144,22136,1632.891
1199,12104,6685,6048,22120,1632.8955
1200,12104,6685,5938,22108,1632.9
1201,12104,6685,5842,22078,1632.9045
1202,12104,6685,5736,22038,1632.909
1203,12104,6685,5624,21996,1632.9135
1204,11833,6461,6050,22262,1632.918
1205,11833,6461,5970,22251,1632.9225
1206,11833,6461,5858,22224,1632.927
1207,11833,6461,5752,22191,1632.9315
1208,11833,6461,5656,22156,1632.936
1209,11833,6461,5554,22134,1632.9405
1210,11833,6461,5458,22105,1632.945
1211,11833,6461,5360,22061,1632.9495
1212,11833,6461,5264,22039,1632.954
1213,11833,6461,5168,22008,1632.9585
1214,11833,6461,5074,21994,1632.963
1215,11833,6461,4978,21959,1632.9675
1216,11833,6461,4888,21918,1632.972
1217,11833,6461,4792,21875,1632.9765
1218,11560,6228,5202,22126,1632.981
1219,11560,6228,5106,22063,1632.9855
1220,11560,6228,5010,22014,1632.99
1221,11560,6228,4920,21975,1632.9945
1222,11560,6228,4824,21933,1632.999
1223,11560,6228,4738,21883,1633.0035
1224,11560,6228,4642,21840,1633.008
1225,11560,6228,4560,21791,1633.0125
1226,11560,6228,4464,21743,1633.017
1227,11560,6228,4386,21718,1633.0215
1228,11560,6228,4306,21687,1633.026
1229,11560,6228,4210,21631,1633.0305
1230,11560,6228,4136,21597,1633.035
1231,11560,6228,4040,21558,1633.0395
1232,11560,6228,3954,21534,1633.044
1233,11560,6228,3874,21512,1633.0485
1234,11351,6058,4114,21710,1633.053
1235,11351,6058,4050,21691,1633.0575
1236,11351,6058,3970,21661,1633.062
1237,11351,6058,3890,21645,1633.0665
1238,11351,6058,3824,21614,1633.071
1239,11351,6058,3744,21595,1633.0755
1240,11351,6058,3650,21566,1633.08
1241,11351,6058,3570,21535,1633.0845
1242,11351,6058,3506,21503,1633.089
1243,11351,6058,3432,21470,1633.0935
1244,11351,6058,3352,21435,1633.098
1245,11142,5888,3560,21564,1633.1025
1246,11142,5888,3496,21534,1633.107
1247,11142,5888,3432,21500,1633.1115
1248,11142,5888,3352,21459,1633.116
1249,11142,5888,3282,21417,1633.1205
1250,11142,5888,3202,21341,1633.125
1251,11142,5888,3136,21278,1633.1295
1252,11142,5888,3056,21214,1633.134
1253,11142,5888,2994,21182,1633.1385
1254,11142,5888,2914,21127,1633.143
1255,11142,5888,2856,21082,1633.1475
1256,11142,5888,2776,21015,1633.152
1257,11142,5888,2712,20970,1633.1565
1258,10933,5718,2936,21157,1633.161
1259,10933,5718,2872,21110,1633.1655
1260,10933,5718,2808,21062,1633.17
1261,10933,5718,2744,21016,1633.1745
1262,10933,5718,2674,20971,1633.179
1263,10933,5718,2594,20920,1633.1835
1264,10933,5718,2528,20877,1633.188
1265,10724,5548,10632,22052,1633.1925
1266,10724,5548,10450,22011,1633.197
1267,10724,5548,10290,21979,1633.2015
1268,10724,5548,10128,21936,1633.206
1269,10724,5548,9968,21886,1633.2105
1270,10724,5548,9826,21878,1633.215
1271,10724,5548,9688,21849,1633.2195
1272,10724,5548,9528,21820,1633.224
1273,10724,5548,9378,21803,1633.2285
1274,10724,5548,9202,21751,1633.233
1275,10724,5548,9072,21720,1633.2375
1276,10724,5548,8912,21678,1633.242
1277,10724,5548,8770,21643,1633.2465
1278,10724,5548,8626,21619,1633.251
1279,10724,5548,8472,21581,1633.2555
1280,10515,5378,8978,21814,1633.26
1281,10515,5378,8850,21767,1633.2645
1282,10515,5378,8706,21703,1633.269
1283,10515,5378,8568,21662,1633.2735
1284,10515,5378,8424,21613,1633.278
1285,10515,5378,8290,21563,1633.2825
1286,10515,5378,8146,21504,1633.287
1287,10515,5378,8016,21470,1633.2915
1288,10515,5378,7888,21438,1633.296
1289,10515,5378,7762,21419,1633.3005
1290,10515,5378,7618,21369,1633.305
1291,10515,5378,7496,21343,1633.3095
1292,10515,5378,7368,21309,1633.314
1293,10306,5208,7784,21508,1633.3185
1294,10306,5208,7688,21485,1633.323
1295,10306,5208,7576,21467,1633.3275
1296,10306,5208,7448,21432,1633.332
1297,10306,5208,7330,21406,1633.3365
1298,10306,5208,7202,21374,1633.341
1299,10306,5208,7072,21365,1633.3455
1300,10306,5208,6960,21358,1633.35
1301,10306,5208,6834,21351,1633.3545
1302,10306,5208,6722,21324,1633.359
1303,10306,5208,6600,21294,1633.3635
1304,10306,5208,6488,21275,1633.368
1305,10097,5038,6872,21502,1633.3725
1306,10097,5038,6760,21483,1633.377
1307,10097,5038,6680,21454,1633.3815
1308,10097,5038,6568,21423,1633.386
1309,10097,5038,6456,21374,1633.3905
1310,10097,5038,6354,21351,1633.395
1311,10097,5038,6242,21303,1633.3995
1312,10097,5038,6112,21238,1633.404
1313,10097,5038,6016,21199,1633.4085
1314,10097,5038,5906,21159,1633.413
1315,10097,5038,5810,21108,1633.4175
1316,9888,4868,6146,21260,1633.422
1317,9888,4868,6050,21227,1633.4265
1318,9888,4868,5970,21192,1633.431
1319,9888,4868,5874,21133,1633.4355
1320,9888,4868,5768,21064,1633.44
1321,9888,4868,5656,20983,1633.4445
1322,9888,4868,5570,20943,1633.449
1323,9888,4868,5474,20903,1633.4535
1324,9888,4868,5362,20854,1633.458
1325,9888,4868,5264,20811,1633.4625
1326,9888,4868,5168,20761,1633.467
1327,9888,4868,5074,20719,1633.4715
1328,9888,4868,4978,20670,1633.476
1329,9679,4698,5314,20921,1633.4805
1330,9679,4698,5218,20887,1633.485
1331,9679,4698,5138,20856,1633.4895
1332,9679,4698,5058,20830,1633.494
1333,9679,4698,4968,20796,1633.4985
1334,9679,4698,4856,20733,1633.503
1335,9679,4698,4776,20719,1633.5075
1336,9679,4698,4674,20676,1633.512
1337,9679,4698,4578,20646,1633.5165
1338,9679,4698,4496,20602,1633.521
1339,9679,4698,4400,20569,1633.5255
1340,9679,4698,4322,20526,1633.53
1341,9679,4698,4226,20468,1633.5345
1342,9463,4519,4546,20717,1633.539
1343,9463,4519,4466,20683,1633.5435
1344,9463,4519,4402,20654,1633.548
1345,9463,4519,4306,20597,1633.5525
1346,9463,4519,4226,20540,1633.557
1347,9463,4519,4136,20476,1633.5615
1348,9463,4519,4056,20430,1633.566
1349,9463,4519,3970,20382,1633.5705
1350,9463,4519,3890,20343,1633.575
1351,9463,4519,3808,20286,1633.5795
1352,9463,4519,3728,20251,1633.584
1353,9275,4392,3936,20430,1633.5885
1354,9275,4392,3872,20398,1633.593
1355,9275,4392,3792,20360,1633.5975
1356,9275,4392,3728,20333,1633.602
1357,9275,4392,3650,20302,1633.6065
1358,9275,4392,3570,20269,1633.611
1359,9275,4392,3496,20246,1633.6155
1360,9275,4392,3416,20216,1633.62
1361,9275,4392,3336,20190,1633.6245
1362,9275,4392,3266,20172,1633.629
1363,9275,4392,3186,20143,1633.6335
1364,9275,4392,3120,20118,1633.638
1365,9275,4392,3040,20089,1633.6425
1366,9087,4265,3232,20307,1633.647
1367,9087,4265,3184,20285,1633.6515
1368,9087,4265,3104,20252,1633.656
1369,9087,4265,3040,20219,1633.6605
1370,9087,4265,2962,20214,1633.665
1371,9087,4265,2898,20198,1633.6695
1372,9087,4265,2824,20155,1633.674
1373,9087,4265,2760,20123,1633.6785
1374,9087,4265,2674,20063,1633.683
1375,9087,4265,2610,20021,1633.6875
1376,8899,4138,2802,20206,1633.692
1377,8899,4138,2738,20179,1633.6965
1378,8899,4138,2674,20142,1633.701
1379,8899,4138,2610,20091,1633.7055
1380,8899,4138,2544,20028,1633.71
1381,8711,4011,10760,21263,1633.7145
1382,8711,4011,10584,21200,1633.719
1383,8711,4011,10418,21141,1633.7235
1384,8711,4011,10258,21079,1633.728
1385,8711,4011,10096,21022,1633.7325
1386,8711,4011,9954,20981,1633.737
1387,8711,4011,9794,20921,1633.7415
1388,8711,4011,9640,20862,1633.746
1389,8711,4011,9480,20806,1633.7505
1390,8711,4011,9330,20770,1633.755
1391,8711,4011,9186,20727,1633.7595
1392,8711,4011,9040,20699,1633.764
1393,8711,4011,8880,20649,1633.7685
1394,8711,4011,8738,20598,1633.773
1395,8711,4011,8600,20566,1633.7775
1396,8711,4011,8440,20526,1633.782
1397,8523,3884,8888,20812,1633.7865
1398,8523,3884,8744,20766,1633.791
1399,8523,3884,8648,20731,1633.7955
1400,8523,3884,8520,20701,1633.8
1401,8523,3884,8376,20656,1633.8045
1402,8523,3884,8226,20604,1633.809
1403,8523,3884,8098,20583,1633.8135
1404,8523,3884,7952,20534,1633.818
1405,8523,3884,7826,20503,1633.8225
1406,8523,3884,7698,20445,1633.827
1407,8335,3757,8114,20672,1633.8315
1408,8335,3757,7970,20622,1633.836
1409,8335,3757,7890,20600,1633.8405
1410,8335,3757,7762,20566,1633.845
1411,8335,3757,7634,20511,1633.8495
1412,8335,3757,7496,20459,1633.854
1413,8335,3757,7368,20399,1633.8585
1414,8335,3757,7250,20348,1633.863
1415,8335,3757,7120,20295,1633.8675
1416,8335,3757,7008,20255,1633.872
1417,8147,3630,7360,20472,1633.8765
1418,8147,3630,7248,20443,1633.881
1419,8147,3630,7152,20409,1633.8855
1420,8147,3630,7040,20379,1633.89
1421,8147,3630,6928,20349,1633.8945
1422,8147,3630,6818,20342,1633.899
1423,8147,3630,6690,20310,1633.9035
1424,8147,3630,6584,20282,1633.908
1425,8147,3630,6472,20262,1633.9125
1426,8147,3630,6354,20238,1633.917
1427,8147,3630,6226,20214,1633.9215
1428,8147,3630,6112,20182,1633.926
1429,8147,3630,6016,20156,1633.9305
1430,7959,3503,6352,20430,1633.935
1431,7959,3503,6272,20407,1633.9395
1432,7959,3503,6160,20381,1633.944
1433,7959,3503,6064,20366,1633.9485
1434,7959,3503,5954,20343,1633.953
1435,7959,3503,5842,20317,1633.9575
1436,7959,3503,5736,20280,1633.962
1437,7959,3503,5640,20238,1633.9665
1438,7959,3503,5538,20211,1633.971
1439,7959,3503,5442,20169,1633.9755
1440,7959,3503,5328,20116,1633.98
1441,7959,3503,5232,20063,1633.9845
1442,7771,3376,5552,20286,1633.989
1443,7771,3376,5440,20222,1633.9935
1444,7771,3376,5360,20191,1633.998
1445,7771,3376,5264,20148,1634.0025
1446,7771,3376,5168,20087,1634.007
1447,7771,3376,5074,20039,1634.0115
1448,7771,3376,4978,19981,1634.016
1449,7771,3376,4888,19934,1634.0205
1450,7771,3376,4792,19893,1634.025
1451,7576,3249,5096,20135,1634.0295
1452,7576,3249,5000,20086,1634.034
1453,7576,3249,4936,20054,1634.0385
1454,7576,3249,4840,19997,1634.043
1455,7576,3249,4738,19951,1634.0475
1456,7576,3249,4658,19931,1634.052
1457,7576,3249,4562,19900,1634.0565
1458,7576,3249,4464,19855,1634.061
1459,7576,3249,4386,19821,1634.0655
1460,7576,3249,4306,19781,1634.07
1461,7576,3249,4226,19740,1634.0745
1462,7576,3249,4136,19701,1634.079
1463,7576,3249,4040,19674,1634.0835
1464,7435,3130,4248,19838,1634.088
1465,7435,3130,4184,19814,1634.0925
1466,7435,3130,4104,19756,1634.097
1467,7435,3130,4018,19720,1634.1015
1468,7435,3130,3938,19679,1634.106
1469,7435,3130,3858,19643,1634.1105
1470,7435,3130,3776,19583,1634.115
1471,7435,3130,3696,19550,1634.1195
1472,7435,3130,3618,19502,1634.124
1473,7435,3130,3538,19443,1634.1285
1474,7435,3130,3464,19391,1634.133
1475,7435,3130,3384,19350,1634.1375
1476,7294,3011,3576,19479,1634.142
1477,7294,3011,3512,19444,1634.1465
1478,7294,3011,3432,19402,1634.151
1479,7294,3011,3352,19350,1634.1555
1480,7294,3011,3282,19311,1634.16
1481,7294,3011,3218,19275,1634.1645
1482,7294,3011,3136,19214,1634.169
1483,7294,3011,3056,19182,1634.1735
1484,7153,2892,3232,19358,1634.178
1485,7153,2892,3184,19341,1634.1825
1486,7153,2892,3104,19303,1634.187
1487,7153,2892,3024,19278,1634.1915
1488,7153,2892,2962,19262,1634.196
1489,7153,2892,2898,19252,1634.2005
1490,7153,2892,2824,19215,1634.205
1491,7153,2892,2744,19195,1634.2095
1492,7153,2892,2674,19183,1634.214
1493,7153,2892,2610,19167,1634.2185
1494,7153,2892,2544,19134,1634.223
1495,7012,2773,10898,20359,1634.2275
1496,7012,2773,10712,20327,1634.232
1497,7012,2773,10552,20301,1634.2365
1498,7012,2773,10386,20270,1634.241
1499,7012,2773,10208,20206,1634.2455
1500,7012,2773,10064,20190,1634.25
1501,7012,2773,9906,20158,1634.2545
1502,7012,2773,9730,20107,1634.259
1503,6871,2654,10130,20318,1634.2635
1504,6871,2654,10034,20286,1634.268
1505,6871,2654,9890,20244,1634.2725
1506,6871,2654,9730,20174,1634.277
1507,6871,2654,9576,20135,1634.2815
1508,6871,2654,9416,20079,1634.286
1509,6871,2654,9266,20031,1634.2905
1510,6871,2654,9104,19965,1634.295
1511,6871,2654,8976,19926,1634.2995
1512,6871,2654,8834,19870,1634.304
1513,6871,2654,8674,19820,1634.3085
1514,6871,2654,8536,19771,1634.313
1515,6871,2654,8392,19719,1634.3175
1516,6730,2535,8776,19933,1634.322
1517,6730,2535,8680,19901,1634.3265
1518,6730,2535,8536,19866,1634.331
1519,6730,2535,8392,19816,1634.3355
1520,6730,2535,8258,19767,1634.34
1521,6730,2535,8130,19735,1634.3445
1522,6730,2535,7984,19700,1634.349
1523,6730,2535,7858,19686,1634.3535
1524,6730,2535,7730,19646,1634.358
1525,6730,2535,7592,19608,1634.3625
1526,6730,2535,7464,19566,1634.367
1527,6589,2416,7800,19766,1634.3715
1528,6589,2416,7688,19724,1634.376
1529,6589,2416,7592,19705,1634.3805
1530,6589,2416,7464,19673,1634.385
1531,6589,2416,7346,19639,1634.3895
1532,6589,2416,7218,19574,1634.394
1533,6589,2416,7088,19514,1634.3985
1534,6589,2416,6960,19453,1634.403
1535,6448,2297,7280,19663,1634.4075
1536,6448,2297,7184,19613,1634.412
1537,6448,2297,7072,19567,1634.4165
1538,6448,2297,6944,19508,1634.421
1539,6448,2297,6834,19455,1634.4255
1540,6448,2297,6722,19413,1634.43
1541,6448,2297,6600,19357,1634.4345
1542,6448,2297,6488,19314,1634.439
1543,6448,2297,6370,19263,1634.4435
1544,6448,2297,6258,19222,1634.448
1545,6448,2297,6144,19150,1634.4525
1546,6448,2297,6032,19119,1634.457
1547,6307,2178,6320,19327,1634.4615
1548,6307,2178,6240,19309,1634.466
1549,6307,2178,6144,19261,1634.4705
1550,6307,2178,6032,19255,1634.475
1551,6307,2178,5938,19247,1634.4795
1552,6307,2178,5826,19213,1634.484
1553,6307,2178,5720,19189,1634.4885
1554,6307,2178,5608,19163,1634.493
1555,6307,2178,5506,19142,1634.4975
1556,6307,2178,5410,19130,1634.502
1557,6307,2178,5296,19100,1634.5065
1558,6307,2178,5200,19068,1634.511
1559,43724,38310,8610,36128,1634.5155
1560,43724,38310,8466,36079,1634.52
1561,43724,38310,8338,36027,1634.5245
1562,43724,38310,8162,35951,1634.529
1563,43724,38310,8016,35902,1634.5335
1564,43724,38310,7888,35852,1634.538
1565,43724,38310,7794,35815,1634.5425
1566,43724,38310,7666,35735,1634.547
1567,43724,38310,7544,35663,1634.5515
1568,43724,38310,7416,35581,1634.556
1569,42933,37618,7938,35536,1634.5605
1570,42933,37618,7826,35481,1634.565
1571,42933,37618,7698,35380,1634.5695
1572,42933,37618,7576,35287,1634.574
1573,42933,37618,7464,35197,1634.5785
1574,42933,37618,7346,35130,1634.583
1575,42933,37618,7234,35051,1634.5875
1576,42933,37618,7088,34942,1634.592
1577,42933,37618,6992,34875,1634.5965
1578,42933,37618,6866,34791,1634.601
1579,42933,37618,6770,34731,1634.6055
1580,42142,36926,7200,34651,1634.61
1581,42142,36926,7120,34614,1634.6145
1582,42142,36926,6992,34550,1634.619
1583,42142,36926,6898,34520,1634.6235
1584,42142,36926,6786,34452,1634.628
1585,42142,36926,6674,34391,1634.6325
1586,42142,36926,6568,34334,1634.637
1587,42142,36926,6456,34283,1634.6415
1588,42142,36926,6354,34253,1634.646
1589,42142,36926,6242,34199,1634.6505
1590,42142,36926,6128,34110,1634.655
1591,42142,36926,6016,34031,1634.6595
1592,42142,36926,5938,34000,1634.664
1593,42142,36926,5826,33933,1634.6685
1594,41351,36234,6240,33910,1634.673
1595,41351,36234,6160,33851,1634.6775
1596,41351,36234,6048,33779,1634.682
1597,41351,36234,5954,33711,1634.6865
1598,41351,36234,5874,33635,1634.691
1599,41351,36234,5752,33511,1634.6955
1600,41351,36234,5656,33423,1634.7
1601,41351,36234,5570,33349,1634.7045
1602,41351,36234,5474,33269,1634.709
1603,41351,36234,5376,33171,1634.7135
1604,41351,36234,5280,33098,1634.718
1605,41351,36234,5184,33011,1634.7225
1606,41351,36234,5090,32950,1634.727
1607,41351,36234,5010,32888,1634.7315
1608,40556,35542,5392,32828,1634.736
1609,40556,35542,5296,32762,1634.7405
1610,40556,35542,5216,32713,1634.745
1611,40556,35542,5122,32647,1634.7495
1612,40556,35542,5042,32622,1634.754
1613,40556,35542,4952,32572,1634.7585
1614,40556,35542,4856,32520,1634.763
1615,40556,35542,4770,32507,1634.7675
1616,40556,35542,4690,32495,1634.772
1617,40556,35542,4594,32475,1634.7765
1618,40556,35542,4528,32463,1634.781
1619,40556,35542,4432,32445,1634.7855
1620,40556,35542,4370,32446,1634.79
1621,40556,35542,4274,32442,1634.7945
1622,39961,34962,4514,32382,1634.799
1623,39961,34962,4434,32375,1634.8035
1624,39961,34962,4370,32349,1634.808
1625,39961,34962,4290,32317,1634.8125
1626,39961,34962,4216,32286,1634.817
1627,39961,34962,4120,32252,1634.8215
1628,39961,34962,4056,32248,1634.826
1629,39961,34962,3970,32229,1634.8305
1630,39961,34962,3906,32207,1634.835
1631,39961,34962,3824,32157,1634.8395
1632,39961,34962,3744,32110,1634.844
1633,39366,34382,3968,32006,1634.8485
1634,39366,34382,3904,31987,1634.853
1635,39366,34382,3840,31955,1634.8575
1636,39366,34382,3776,31927,1634.862
1637,39366,34382,3698,31879,1634.8665
1638,39366,34382,3634,31831,1634.871
1639,39366,34382,3554,31771,1634.8755
1640,39366,34382,3480,31738,1634.88
1641,39366,34382,3400,31718,1634.8845
1642,38771,33802,3624,31671,1634.889
1643,38771,33802,3544,31613,1634.8935
1644,38771,33802,3496,31595,1634.898
1645,38771,33802,3432,31559,1634.9025
1646,38771,33802,3362,31543,1634.907
1647,38771,33802,3282,31541,1634.9115
1648,38771,33802,3218,31536,1634.916
1649,38771,33802,3152,31516,1634.9205
1650,38771,33802,3072,31470,1634.925
1651,38771,33802,3010,31471,1634.9295
1652,38771,33802,2946,31454,1634.934
1653,38771,33802,2872,31451,1634.9385
1654,38771,33802,2808,31439,1634.943
1655,38771,33802,2744,31438,1634.9475
1656,38176,33222,2952,31358,1634.952
1657,38176,33222,2888,31325,1634.9565
1658,38176,33222,2824,31275,1634.961
1659,38176,33222,2760,31244,1634.9655
1660,38176,33222,2690,31210,1634.97
1661,38176,33222,2626,31183,1634.9745
1662,38176,33222,2560,31118,1634.979
1663,37581,32642,10128,33726,1634.9835
1664,37581,32642,9970,33630,1634.988
1665,37581,32642,9826,33531,1634.9925
1666,37581,32642,9688,33454,1634.997
1667,37581,32642,9544,33366,1635.0015
1668,37581,32642,9394,33271,1635.006
1669,37581,32642,9234,33180,1635.0105
1670,37581,32642,9104,33108,1635.015
1671,37581,32642,8944,33019,1635.0195
1672,37581,32642,8818,32979,1635.024
1673,37581,32642,8658,32895,1635.0285
1674,37581,32642,8536,32844,1635.033
1675,36986,32062,8994,32807,1635.0375
1676,36986,32062,8898,32759,1635.042
1677,36986,32062,8770,32719,1635.0465
1678,36986,32062,8632,32668,1635.051
1679,36986,32062,8504,32630,1635.0555
1680,36986,32062,8370,32606,1635.06
1681,36986,32062,8242,32571,1635.0645
1682,36986,32062,8096,32541,1635.069
1683,36986,32062,7968,32510,1635.0735
1684,36986,32062,7842,32506,1635.078
1685,36986,32062,7714,32477,1635.0825
1686,36986,32062,7576,32458,1635.087
1687,36986,32062,7464,32438,1635.0915
1688,36391,31482,7896,32456,1635.096
1689,36391,31482,7768,32415,1635.1005
1690,36391,31482,7688,32374,1635.105
1691,36391,31482,7560,32318,1635.1095
1692,36391,31482,7448,32279,1635.114
1693,36391,31482,7330,32239,1635.1185
1694,36391,31482,7202,32190,1635.123
1695,36391,31482,7088,32150,1635.1275
1696,36391,31482,6960,32093,1635.132
1697,36391,31482,6850,32031,1635.1365
1698,36391,31482,6738,31973,1635.141
1699,35796,30902,7122,31950,1635.1455
1700,35796,30902,7010,31886,1635.15
1701,35796,30902,6946,31854,1635.1545
1702,35796,30902,6834,31799,1635.159
1703,35796,30902,6706,31723,1635.1635
1704,35796,30902,6600,31657,1635.168
1705,35796,30902,6488,31599,1635.1725
1706,35796,30902,6370,31559,1635.177
1707,35796,30902,6258,31519,1635.1815
1708,35796,30902,6144,31453,1635.186
1709,35796,30902,6048,31428,1635.1905
1710,35201,30322,6416,31447,1635.195
1711,35201,30322,6320,31405,1635.1995
1712,35201,30322,6240,31356,1635.204
1713,35201,30322,6128,31323,1635.2085
1714,35201,30322,6034,31324,1635.213
1715,35201,30322,5938,31287,1635.2175
1716,35201,30322,5826,31226,1635.222
1717,35201,30322,5736,31192,1635.2265
1718,35201,30322,5624,31134,1635.231
1719,35201,30322,5522,31101,1635.2355
1720,35201,30322,5426,31070,1635.24
1721,35201,30322,5328,31003,1635.2445
1722,35201,30322,5232,30935,1635.249
1723,34605,29739,5618,30967,1635.2535
1724,34605,29739,5522,30903,1635.258
1725,34605,29739,5426,30835,1635.2625
1726,34605,29739,5328,30751,1635.267
1727,34605,29739,5232,30686,1635.2715
1728,34605,29739,5138,30618,1635.276
1729,34605,29739,5042,30526,1635.2805
1730,34605,29739,4968,30447,1635.285
1731,34605,29739,4872,30351,1635.2895
1732,34605,29739,4786,30294,1635.294
1733,34605,29739,4706,30222,1635.2985
1734,34605,29739,4594,30134,1635.303
1735,34605,29739,4512,30069,1635.3075
1736,34605,29739,4432,30013,1635.312
1737,34058,29211,4720,29996,1635.3165
1738,34058,29211,4624,29928,1635.321
1739,34058,29211,4560,29901,1635.3255
1740,34058,29211,4480,29851,1635.33
1741,34058,29211,4402,29821,1635.3345
1742,34058,29211,4322,29787,1635.339
1743,34058,29211,4242,29751,1635.3435
1744,34058,29211,4152,29691,1635.348
1745,34058,29211,4072,29663,1635.3525
1746,34058,29211,3986,29655,1635.357
1747,34058,29211,3922,29648,1635.3615
1748,33511,28683,4162,29661,1635.366
1749,33511,28683,4082,29631,1635.3705
1750,33511,28683,4034,29627,1635.375
1751,33511,28683,3954,29607,1635.3795
1752,33511,28683,3874,29567,1635.384
1753,33511,28683,3808,29541,1635.3885
1754,33511,28683,3728,29518,1635.393
1755,33511,28683,3650,29493,1635.3975
1756,33511,28683,3570,29461,1635.402
1757,33511,28683,3496,29430,1635.4065
1758,33511,28683,3432,29404,1635.411
1759,33511,28683,3368,29366,1635.4155
1760,33511,28683,3298,29342,1635.42
1761,33511,28683,3218,29301,1635.4245
1762,32964,28155,3458,29271,1635.429
1763,32964,28155,3394,29232,1635.4335
1764,32964,28155,3330,29175,1635.438
1765,32964,28155,3266,29149,1635.4425
1766,32964,28155,3186,29118,1635.447
1767,32964,28155,3120,29086,1635.4515
1768,32964,28155,3056,29052,1635.456
1769,32964,28155,2994,29039,1635.4605
1770,32964,28155,2914,29000,1635.465
1771,32964,28155,2856,28983,1635.4695
1772,32964,28155,2776,28983,1635.474
1773,32417,27627,3026,29039,1635.4785
1774,32417,27627,2962,29032,1635.483
1775,32417,27627,2898,29016,1635.4875
1776,32417,27627,2824,28974,1635.492
1777,32417,27627,2760,28953,1635.4965
1778,32417,27627,2706,28952,1635.501
1779,32417,27627,2626,28951,1635.5055
1780,32417,27627,2560,28922,1635.51
1781,31870,27099,10224,31187,1635.5145
1782,31870,27099,10080,31157,1635.519
1783,31870,27099,9954,31129,1635.5235
1784,31870,27099,9810,31086,1635.528
1785,31870,27099,9640,31032,1635.5325
1786,31870,27099,9496,30988,1635.537
1787,31870,27099,9362,30954,1635.5415
1788,31870,27099,9186,30863,1635.546
1789,31870,27099,9040,30780,1635.5505
1790,31870,27099,8896,30695,1635.555
1791,31870,27099,8770,30651,1635.5595
1792,31870,27099,8616,30586,1635.564
1793,31870,27099,8488,30542,1635.5685
1794,31323,26571,9010,30587,1635.573
1795,31323,26571,8914,30526,1635.5775
1796,31323,26571,8786,30445,1635.582
1797,31323,26571,8642,30351,1635.5865
1798,31323,26571,8504,30271,1635.591
1799,31323,26571,8370,30200,1635.5955
1800,31323,26571,8242,30136,1635.6
1801,31323,26571,8112,30072,1635.6045
1802,31323,26571,7984,30027,1635.609
1803,31323,26571,7858,29982,1635.6135
1804,31323,26571,7730,29934,1635.618
1805,31323,26571,7592,29886,1635.6225
1806,31323,26571,7464,29854,1635.627
1807,30776,26043,7938,29902,1635.6315
1808,30776,26043,7842,29884,1635.636
1809,30776,26043,7714,29835,1635.6405
1810,30776,26043,7592,29805,1635.645
1811,30776,26043,7464,29758,1635.6495
1812,30776,26043,7346,29743,1635.654
1813,30776,26043,7218,29691,1635.6585
1814,30776,26043,7104,29655,1635.663
1815,30776,26043,6992,29631,1635.6675
1816,30776,26043,6882,29607,1635.672
1817,30776,26043,6754,29559,1635.6765
1818,30776,26043,6632,29518,1635.681
1819,30776,26043,6520,29478,1635.6855
1820,30229,25515,6962,29567,1635.69
1821,30229,25515,6898,29534,1635.6945
1822,30229,25515,6786,29467,1635.699
1823,30229,25515,6664,29389,1635.7035
1824,30229,25515,6568,29341,1635.708
1825,30229,25515,6450,29292,1635.7125
1826,30229,25515,6338,29230,1635.717
1827,30229,25515,6226,29175,1635.7215
1828,30229,25515,6112,29103,1635.726
1829,30229,25515,6034,29068,1635.7305
1830,30229,25515,5922,29008,1635.735
1831,30229,25515,5810,28952,1635.7395
1832,30229,25515,5704,28904,1635.744
1833,30229,25515,5608,28875,1635.7485
1834,29682,24987,5992,28925,1635.753
1835,29682,24987,5880,28878,1635.7575
1836,29682,24987,5816,28859,1635.762
1837,29682,24987,5720,28823,1635.7665
1838,29682,24987,5608,28783,1635.771
1839,29682,24987,5522,28782,1635.7755
1840,29682,24987,5426,28759,1635.78
1841,29682,24987,5328,28718,1635.7845
1842,29682,24987,5216,28659,1635.789
1843,29682,24987,5138,28639,1635.7935
1844,29682,24987,5042,28632,1635.798
1845,29127,24453,5408,28735,1635.8025
1846,29127,24453,5328,28701,1635.807
1847,29127,24453,5232,28653,1635.8115
1848,29127,24453,5154,28606,1635.816
1849,29127,24453,5058,28543,1635.8205
1850,29127,24453,4978,28518,1635.825
1851,29127,24453,4888,28463,1635.8295
1852,29127,24453,4792,28409,1635.834
1853,29127,24453,4722,28367,1635.8385
1854,29127,24453,4626,28284,1635.843
1855,29127,24453,4528,28206,1635.8475
1856,29127,24453,4448,28137,1635.852
1857,29127,24453,4370,28083,1635.8565
1858,29127,24453,4290,28023,1635.861
1859,28680,24018,4530,28023,1635.8655
1860,28680,24018,4450,27959,1635.87
1861,28680,24018,4386,27894,1635.8745
1862,28680,24018,4306,27828,1635.879
1863,28680,24018,4226,27755,1635.8835
1864,28680,24018,4136,27687,1635.888
1865,28680,24018,4056,27632,1635.8925
1866,28680,24018,3986,27611,1635.897
1867,28680,24018,3906,27565,1635.9015
1868,28680,24018,3824,27511,1635.906
1869,28680,24018,3744,27484,1635.9105
1870,28233,23583,3984,27550,1635.915
1871,28233,23583,3904,27516,1635.9195
1872,28233,23583,3856,27509,1635.924
1873,28233,23583,3776,27479,1635.9285
1874,28233,23583,3696,27451,1635.933
1875,28233,23583,3634,27437,1635.9375
1876,28233,23583,3554,27390,1635.942
1877,28233,23583,3480,27374,1635.9465
1878,28233,23583,3400,27355,1635.951
1879,28233,23583,3330,27326,1635.9555
1880,28233,23583,3266,27318,1635.96
1881,28233,23583,3186,27285,1635.9645
1882,28233,23583,3120,27241,1635.969
1883,28233,23583,3040,27192,1635.9735
1884,27786,23148,3264,27231,1635.978
1885,27786,23148,3200,27196,1635.9825
1886,27786,23148,3152,27181,1635.987
1887,27786,23148,3072,27111,1635.9915
1888,27786,23148,3010,27094,1635.996
1889,27786,23148,2946,27053,1636.0005
1890,27786,23148,2872,27004,1636.005
1891,27786,23148,2808,26971,1636.0095
1892,27786,23148,2744,26940,1636.014
1893,27786,23148,2674,26918,1636.0185
1894,27786,23148,2594,26868,1636.023
1895,27786,23148,2528,26838,1636.0275
1896,27339,22713,10224,28653,1636.032
1897,27339,22713,10064,28631,1636.0365
1898,27339,22713,9906,28619,1636.041
1899,27339,22713,9778,28602,1636.0455
1900,27339,22713,9624,28588,1636.05
1901,27339,22713,9448,28555,1636.0545
1902,27339,22713,9330,28539,1636.059
1903,27339,22713,9170,28519,1636.0635
1904,27339,22713,9024,28502,1636.068
1905,26892,22278,9522,28607,1636.0725
1906,26892,22278,9426,28603,1636.077
1907,26892,22278,9282,28573,1636.0815
1908,26892,22278,9120,28527,1636.086
1909,26892,22278,8992,28507,1636.0905
1910,26892,22278,8850,28508,1636.095
1911,26892,22278,8706,28475,1636.0995
1912,26892,22278,8568,28464,1636.104
1913,26892,22278,8424,28412,1636.1085
1914,26892,22278,8306,28376,1636.113
1915,26892,22278,8162,28303,1636.1175
1916,26445,21843,8642,28414,1636.122
1917,26445,21843,8498,28383,1636.1265
1918,26445,21843,8418,28349,1636.131
1919,26445,21843,8290,28286,1636.1355
1920,26445,21843,8162,28221,1636.14
1921,26445,21843,8032,28142,1636.1445
1922,26445,21843,7904,28075,1636.149
1923,26445,21843,7778,28023,1636.1535
1924,26445,21843,7650,27961,1636.158
1925,26445,21843,7512,27902,1636.1625
1926,26445,21843,7400,27860,1636.167
1927,26445,21843,7282,27797,1636.1715
1928,26445,21843,7138,27709,1636.176
1929,25998,21408,7570,27767,1636.1805
1930,25998,21408,7442,27709,1636.185
1931,25998,21408,7346,27678,1636.1895
1932,25998,21408,7218,27627,1636.194
1933,25998,21408,7104,27577,1636.1985
1934,25998,21408,6992,27550,1636.203
1935,25998,21408,6882,27516,1636.2075
1936,25998,21408,6770,27487,1636.212
1937,25998,21408,6648,27437,1636.2165
1938,25998,21408,6536,27406,1636.221
1939,25998,21408,6418,27374,1636.2255
1940,25998,21408,6306,27328,1636.23
1941,25551,20973,6728,27451,1636.2345
1942,25551,20973,6632,27414,1636.239
1943,25551,20973,6520,27372,1636.2435
1944,25551,20973,6418,27341,1636.248
1945,25551,20973,6306,27293,1636.2525
1946,25551,20973,6192,27225,1636.257
1947,25551,20973,6064,27159,1636.2615
1948,25551,20973,5970,27118,1636.266
1949,25551,20973,5874,27065,1636.2705
1950,25551,20973,5768,27002,1636.275
1951,25551,20973,5672,26955,1636.2795
1952,25104,20538,6050,27035,1636.284
1953,25104,20538,5954,26974,1636.2885
1954,25104,20538,5842,26903,1636.293
1955,25104,20538,5736,26839,1636.2975
1956,25104,20538,5640,26776,1636.302
1957,25104,20538,5554,26747,1636.3065
1958,25104,20538,5442,26698,1636.311
1959,25104,20538,5344,26635,1636.3155
1960,25104,20538,5248,26588,1636.32
1961,25104,20538,5154,26553,1636.3245
1962,25104,20538,5074,26524,1636.329
1963,25104,20538,4978,26491,1636.3335
1964,25104,20538,4872,26459,1636.338
1965,25104,20538,4776,26460,1636.3425
1966,24653,20096,5112,26558,1636.347
1967,24653,20096,5032,26553,1636.3515
1968,24653,20096,4968,26542,1636.356
1969,24653,20096,4872,26510,1636.3605
1970,24653,20096,4792,26493,1636.365
1971,24653,20096,4690,26491,1636.3695
1972,24653,20096,4610,26461,1636.374
1973,24653,20096,4512,26428,1636.3785
1974,24653,20096,4432,26397,1636.383
1975,24653,20096,4338,26361,1636.3875
1976,24653,20096,4274,26350,1636.392
1977,24653,20096,4184,26328,1636.3965
1978,24653,20096,4088,26289,1636.401
1979,24243,19741,4360,26428,1636.4055
1980,24243,19741,4280,26368,1636.41
1981,24243,19741,4216,26328,1636.4145
1982,24243,19741,4136,26271,1636.419
1983,24243,19741,4056,26226,1636.4235
1984,24243,19741,3986,26197,1636.428
1985,24243,19741,3906,26140,1636.4325
1986,24243,19741,3824,26076,1636.437
1987,24243,19741,3744,26019,1636.4415
1988,24243,19741,3666,25975,1636.446
1989,24243,19741,3586,25912,1636.4505
1990,23833,19386,3826,25998,1636.455
1991,23833,19386,3746,25952,1636.4595
1992,23833,19386,3698,25927,1636.464
1993,23833,19386,3618,25868,1636.4685
1994,23833,19386,3538,25822,1636.473
1995,23833,19386,3480,25787,1636.4775
1996,23833,19386,3400,25742,1636.482
1997,23833,19386,3314,25711,1636.4865
1998,23833,19386,3250,25690,1636.491
1999,23833,19386,3168,25638,1636.4955
2000,23833,19386,3088,25593,1636.5
2001,23833,19386,3024,25583,1636.5045
2002,23423,19031,3248,25695,1636.509
2003,23423,19031,3200,25662,1636.5135
2004,23423,19031,3136,25637,1636.518
2005,23423,19031,3056,25590,1636.5225
2006,23423,19031,2994,25578,1636.527
2007,23423,19031,2930,25545,1636.5315
2008,23423,19031,2856,25503,1636.536
2009,23423,19031,2792,25465,1636.5405
2010,23423,19031,2722,25437,1636.545
2011,23423,19031,2658,25405,1636.5495
2012,23423,19031,2578,25356,1636.554
2013,23423,19031,2512,25308,1636.5585
2014,23013,18676,10290,26919,1636.563
2015,23013,18676,10112,26829,1636.5675
2016,23013,18676,9954,26784,1636.572
2017,23013,18676,9810,26741,1636.5765
2018,23013,18676,9656,26684,1636.581
2019,23013,18676,9480,26616,1636.5855
2020,22603,18321,9992,26750,1636.59
2021,22603,18321,9864,26716,1636.5945
2022,22603,18321,9752,26672,1636.599
2023,22603,18321,9592,26619,1636.6035
2024,22603,18321,9448,26591,1636.608
2025,22603,18321,9314,26573,1636.6125
2026,22603,18321,9170,26542,1636.617
2027,22603,18321,9024,26493,1636.6215
2028,22603,18321,8882,26487,1636.626
2029,22603,18321,8754,26471,1636.6305
2030,22603,18321,8600,26445,1636.635
2031,22603,18321,8456,26424,1636.6395
2032,22603,18321,8306,26422,1636.644
2033,22603,18321,8178,26396,1636.6485
2034,22193,17966,8658,26590,1636.653
2035,22193,17966,8530,26575,1636.6575
2036,22193,17966,8434,26558,1636.662
2037,22193,17966,8306,26551,1636.6665
2038,22193,17966,8178,26520,1636.671
2039,22193,17966,8032,26483,1636.6755
2040,22193,17966,7920,26448,1636.68
2041,22193,17966,7794,26422,1636.6845
2042,22193,17966,7650,26367,1636.689
2043,22193,17966,7528,26351,1636.6935
2044,22193,17966,7416,26327,1636.698
2045,22193,17966,7282,26293,1636.7025
2046,22193,17966,7154,26223,1636.707
2047,21783,17611,7602,26351,1636.7115
2048,21783,17611,7490,26296,1636.716
2049,21783,17611,7394,26250,1636.7205
2050,21783,17611,7282,26204,1636.725
2051,21783,17611,7154,26131,1636.7295
2052,21783,17611,7024,26070,1636.734
2053,21783,17611,6928,26014,1636.7385
2054,21783,17611,6818,25975,1636.743
2055,21783,17611,6706,25931,1636.7475
2056,21783,17611,6584,25879,1636.752
2057,21783,17611,6472,25839,1636.7565
2058,21373,17256,6856,25951,1636.761
2059,21373,17256,6760,25911,1636.7655
2060,21373,17256,6664,25850,1636.77
2061,21373,17256,6552,25819,1636.7745
2062,21373,17256,6456,25783,1636.779
2063,21373,17256,6354,25757,1636.7835
2064,21373,17256,6242,25719,1636.788
2065,21373,17256,6112,25659,1636.7925
2066,21373,17256,6016,25622,1636.797
2067,21373,17256,5906,25591,1636.8015
2068,21373,17256,5810,25567,1636.806
2069,21373,17256,5704,25531,1636.8105
2070,21373,17256,5608,25499,1636.815
2071,20963,16901,5976,25628,1636.8195
2072,20963,16901,5880,25567,1636.824
2073,20963,16901,5800,25534,1636.8285
2074,20963,16901,5704,25486,1636.833
2075,20963,16901,5608,25437,1636.8375
2076,20963,16901,5506,25373,1636.842
2077,20963,16901,5410,25331,1636.8465
2078,20963,16901,5296,25268,1636.851
2079,20963,16901,5200,25206,1636.8555
2080,20963,16901,5106,25150,1636.86
2081,20963,16901,5026,25101,1636.8645
2082,20963,16901,4920,25037,1636.869
2083,20963,16901,4824,24983,1636.8735
2084,20552,16540,5186,25082,1636.878
2085,20552,16540,5106,25045,1636.8825
2086,20552,16540,5026,25006,1636.887
2087,20552,16540,4920,24952,1636.8915
2088,20552,16540,4840,24920,1636.896
2089,20552,16540,4738,24887,1636.9005
2090,20552,16540,4658,24862,1636.905
2091,20552,16540,4560,24815,1636.9095
2092,20552,16540,4464,24781,1636.914
2093,20552,16540,4386,24759,1636.9185
2094,20552,16540,4306,24744,1636.923
2095,20552,16540,4226,24719,1636.9275
2096,20224,16253,4450,24831,1636.932
2097,20224,16253,4370,24823,1636.9365
2098,20224,16253,4306,24820,1636.941
2099,20224,16253,4210,24798,1636.9455
2100,20224,16253,4136,24764,1636.95
2101,20224,16253,4056,24746,1636.9545
2102,20224,16253,3970,24729,1636.959
2103,20224,16253,3890,24731,1636.9635
2104,20224,16253,3808,24695,1636.968
2105,20224,16253,3728,24670,1636.9725
2106,19896,15966,3952,24766,1636.977
2107,19896,15966,3888,24735,1636.9815
2108,19896,15966,3824,24700,1636.986
2109,19896,15966,3744,24681,1636.9905
2110,19896,15966,3666,24668,1636.995
2111,19896,15966,3586,24615,1636.9995
2112,19896,15966,3506,24571,1637.004
2113,19896,15966,3432,24523,1637.0085
2114,19896,15966,3368,24479,1637.013
2115,19896,15966,3298,24439,1637.0175
2116,19896,15966,3218,24410,1637.022
2117,19896,15966,3152,24368,1637.0265
2118,19896,15966,3072,24310,1637.031
2119,19568,15679,3280,24395,1637.0355
2120,19568,15679,3200,24343,1637.04
2121,19568,15679,3152,24332,1637.0445
2122,19568,15679,3072,24287,1637.049
2123,19568,15679,3010,24293,1637.0535
2124,19568,15679,2930,24275,1637.058
2125,19568,15679,2866,24252,1637.0625
2126,19568,15679,2808,24220,1637.067
2127,19568,15679,2728,24197,1637.0715
2128,19568,15679,2658,24183,1637.076
2129,19568,15679,2594,24172,1637.0805
2130,19240,15392,2802,24253,1637.085
2131,19240,15392,2738,24243,1637.0895
2132,19240,15392,2674,24214,1637.094
2133,19240,15392,2610,24185,1637.0985
2134,19240,15392,2528,24152,1637.103
2135,18912,15105,10450,25691,1637.1075
2136,18912,15105,10274,25629,1637.112
2137,18912,15105,10096,25572,1637.1165
2138,18912,15105,9954,25530,1637.121
2139,18912,15105,9810,25483,1637.1255
2140,18912,15105,9672,25429,1637.13
2141,18912,15105,9512,25366,1637.1345
2142,18912,15105,9362,25319,1637.139
2143,18912,15105,9202,25263,1637.1435
2144,18912,15105,9056,25203,1637.148
2145,18912,15105,8912,25147,1637.1525
2146,18912,15105,8786,25103,1637.157
2147,18912,15105,8642,25046,1637.1615
2148,18912,15105,8488,24989,1637.166
2149,18912,15105,8344,24943,1637.1705
2150,18584,14818,8808,25071,1637.175
2151,18584,14818,8712,25038,1637.1795
2152,18584,14818,8584,25004,1637.184
2153,18584,14818,8440,24949,1637.1885
2154,18584,14818,8306,24924,1637.193
2155,18584,14818,8162,24890,1637.1975
2156,18584,14818,8032,24878,1637.202
2157,18584,14818,7888,24862,1637.2065
2158,18584,14818,7778,24854,1637.211
2159,18584,14818,7634,24824,1637.2155
2160,18256,14531,8050,24973,1637.22
2161,18256,14531,7938,24949,1637.2245
2162,18256,14531,7842,24955,1637.229
2163,18256,14531,7714,24943,1637.2335
2164,18256,14531,7592,24934,1637.238
2165,18256,14531,7464,24916,1637.2425
2166,18256,14531,7346,24894,1637.247
2167,18256,14531,7218,24860,1637.2515
2168,18256,14531,7088,24826,1637.256
2169,18256,14531,6960,24814,1637.2605
2170,17928,14244,7344,24945,1637.265
2171,17928,14244,7216,24894,1637.2695
2172,17928,14244,7120,24859,1637.274
2173,17928,14244,7024,24820,1637.2785
2174,17928,14244,6898,24784,1637.283
2175,17928,14244,6786,24743,1637.2875
2176,17928,14244,6674,24704,1637.292
2177,17928,14244,6552,24666,1637.2965
2178,17928,14244,6440,24607,1637.301
2179,17928,14244,6322,24559,1637.3055
2180,17928,14244,6226,24522,1637.31
2181,17928,14244,6096,24468,1637.3145
2182,17600,13957,6448,24591,1637.319
2183,17600,13957,6336,24543,1637.3235
2184,17600,13957,6272,24518,1637.328
2185,17600,13957,6160,24485,1637.3325
2186,17600,13957,6064,24462,1637.337
2187,17600,13957,5954,24438,1637.3415
2188,17600,13957,5842,24415,1637.346
2189,17600,13957,5752,24395,1637.3505
2190,17600,13957,5640,24359,1637.355
2191,17600,13957,5538,24334,1637.3595
2192,17600,13957,5442,24304,1637.364
2193,17600,13957,5328,24270,1637.3685
2194,17600,13957,5232,24245,1637.373
2195,17269,13669,5602,24412,1637.3775
2196,17269,13669,5506,24380,1637.382
2197,17269,13669,5410,24349,1637.3865
2198,17269,13669,5296,24299,1637.391
2199,17269,13669,5216,24254,1637.3955
2200,17269,13669,5106,24214,1637.4
2201,17269,13669,5026,24182,1637.4045
2202,17269,13669,4936,24133,1637.409
2203,17269,13669,4840,24078,1637.4135
2204,16970,13379,5112,24126,1637.418
2205,16970,13379,5016,24061,1637.4225
2206,16970,13379,4968,24040,1637.427
2207,16970,13379,4872,23968,1637.4315
2208,16970,13379,4776,23915,1637.436
2209,16970,13379,4690,23863,1637.4405
2210,16970,13379,4594,23794,1637.445
2211,16970,13379,4512,23742,1637.4495
2212,16970,13379,4432,23692,1637.454
2213,16970,13379,4338,23629,1637.4585
2214,16970,13379,4258,23575,1637.463
2215,16970,13379,4168,23519,1637.4675
2216,16970,13379,4088,23483,1637.472
2217,16671,13089,4344,23559,1637.4765
2218,16671,13089,4264,23535,1637.481
2219,16671,13089,4200,23507,1637.4855
2220,16671,13089,4120,23471,1637.49
2221,16671,13089,4040,23449,1637.4945
2222,16671,13089,3970,23439,1637.499
2223,16671,13089,3890,23423,1637.5035
2224,16671,13089,3808,23402,1637.508
2225,16671,13089,3728,23382,1637.5125
2226,16671,13089,3650,23354,1637.517
2227,16671,13089,3570,23342,1637.5215
2228,16671,13089,3496,23338,1637.526
2229,16671,13089,3416,23321,1637.5305
2230,16671,13089,3336,23291,1637.535
2231,16372,12799,3576,23350,1637.5395
2232,16372,12799,3512,23325,1637.544
2233,16372,12799,3448,23294,1637.5485
2234,16372,12799,3368,23279,1637.553
2235,16372,12799,3298,23258,1637.5575
2236,16372,12799,3218,23229,1637.562
2237,16372,12799,3152,23190,1637.5665
2238,16372,12799,3072,23119,1637.571
2239,16372,12799,3010,23099,1637.5755
2240,16372,12799,2930,23054,1637.58
2241,16073,12509,3184,23184,1637.5845
2242,16073,12509,3120,23158,1637.589
2243,16073,12509,3040,23117,1637.5935
2244,16073,12509,2978,23087,1637.598
2245,16073,12509,2914,23039,1637.6025
2246,16073,12509,2840,23004,1637.607
2247,16073,12509,2776,22975,1637.6115
2248,16073,12509,2706,22961,1637.616
2249,16073,12509,2642,22940,1637.6205
2250,16073,12509,2562,22893,1637.625
2251,16073,12509,2496,22870,1637.6295
2252,15774,12219,10546,24267,1637.634
2253,15774,12219,10370,24231,1637.6385
2254,15774,12219,10192,24200,1637.643
2255,15774,12219,10048,24184,1637.6475
2256,15774,12219,9906,24184,1637.652
2257,15774,12219,9746,24157,1637.6565
2258,15774,12219,9592,24123,1637.661
2259,15774,12219,9432,24094,1637.6655
2260,15774,12219,9282,24060,1637.67
2261,15774,12219,9138,24047,1637.6745
2262,15774,12219,8976,24014,1637.679
2263,15774,12219,8850,23991,1637.6835
2264,15774,12219,8690,23935,1637.688
2265,15475,11929,9248,24080,1637.6925
2266,15475,11929,9120,24046,1637.697
2267,15475,11929,8976,24007,1637.7015
2268,15475,11929,8850,23979,1637.706
2269,15475,11929,8706,23910,1637.7105
2270,15475,11929,8568,23855,1637.715
2271,15475,11929,8424,23791,1637.7195
2272,15475,11929,8290,23739,1637.724
2273,15475,11929,8146,23676,1637.7285
2274,15475,11929,8016,23628,1637.733
2275,15475,11929,7888,23576,1637.7375
2276,15475,11929,7746,23527,1637.742
2277,15475,11929,7618,23483,1637.7465
2278,15475,11929,7496,23447,1637.751
2279,15475,11929,7368,23404,1637.7555
2280,15176,11639,7832,23515,1637.76
2281,15176,11639,7704,23479,1637.7645
2282,15176,11639,7624,23465,1637.769
2283,15176,11639,7512,23446,1637.7735
2284,15176,11639,7384,23407,1637.778
2285,15176,11639,7266,23382,1637.7825
2286,15176,11639,7138,23342,1637.787
2287,15176,11639,7008,23319,1637.7915
2288,15176,11639,6898,23310,1637.796
2289,15176,11639,6770,23294,1637.8005
2290,15176,11639,6642,23275,1637.805
2291,14877,11349,7090,23449,1637.8095
2292,14877,11349,6978,23415,1637.814
2293,14877,11349,6898,23402,1637.8185
2294,14877,11349,6770,23382,1637.823
2295,14877,11349,6648,23343,1637.8275
2296,14877,11349,6552,23325,1637.832
2297,14877,11349,6434,23285,1637.8365
2298,14877,11349,6338,23246,1637.841
2299,14877,11349,6210,23189,1637.8455
2300,14877,11349,6096,23149,1637.85
2301,14877,11349,6000,23127,1637.8545
2302,14877,11349,5890,23087,1637.859
2303,14877,11349,5778,23046,1637.8635
2304,14578,11059,6178,23163,1637.868
2305,14578,11059,6066,23119,1637.8725
2306,14578,11059,6002,23094,1637.877
2307,14578,11059,5874,23031,1637.8815
2308,14578,11059,5794,23015,1637.886
2309,14578,11059,5688,22973,1637.8905
2310,14578,11059,5576,22927,1637.895
2311,14578,11059,5490,22894,1637.8995
2312,14578,11059,5394,22845,1637.904
2313,14578,11059,5280,22806,1637.9085
2314,14578,11059,5184,22773,1637.913
2315,14578,11059,5090,22767,1637.9175
2316,14578,11059,4994,22746,1637.922
2317,14272,10767,5346,22879,1637.9265
2318,14272,10767,5250,22843,1637.931
2319,14272,10767,5186,22828,1637.9355
2320,14272,10767,5090,22797,1637.94
2321,14272,10767,4994,22775,1637.9445
2322,14272,10767,4904,22751,1637.949
2323,14272,10767,4808,22718,1637.9535
2324,14272,10767,4722,22694,1637.958
2325,14272,10767,4626,22650,1637.9625
2326,14272,10767,4528,22618,1637.967
2327,14272,10767,4448,22585,1637.9715
2328,14272,10767,4354,22542,1637.976
2329,14272,10767,4274,22512,1637.9805
2330,14038,10538,4514,22624,1637.985
2331,14038,10538,4434,22573,1637.9895
2332,14038,10538,4370,22519,1637.994
2333,14038,10538,4290,22475,1637.9985
2334,14038,10538,4194,22420,1638.003
2335,14038,10538,4120,22366,1638.0075
2336,14038,10538,4040,22315,1638.012
2337,14038,10538,3954,22255,1638.0165
2338,14038,10538,3874,22203,1638.021
2339,14038,10538,3792,22155,1638.0255
2340,14038,10538,3712,22102,1638.03
2341,13804,10309,3920,22168,1638.0345
2342,13804,10309,3856,22127,1638.039
2343,13804,10309,3792,22092,1638.0435
2344,13804,10309,3712,22029,1638.048
2345,13804,10309,3634,21997,1638.0525
2346,13804,10309,3554,21951,1638.057
2347,13804,10309,3480,21927,1638.0615
2348,13804,10309,3400,21911,1638.066
2349,13804,10309,3330,21883,1638.0705
2350,13804,10309,3250,21879,1638.075
2351,13804,10309,3170,21850,1638.0795
2352,13804,10309,3104,21815,1638.084
2353,13804,10309,3024,21790,1638.0885
2354,13570,10080,3232,21882,1638.093
2355,13570,10080,3184,21870,1638.0975
2356,13570,10080,3104,21846,1638.102
2357,13570,10080,3024,21817,1638.1065
2358,13570,10080,2962,21807,1638.111
2359,13570,10080,2898,21788,1638.1155
2360,13570,10080,2824,21751,1638.12
2361,13570,10080,2760,21742,1638.1245
2362,13570,10080,2674,21723,1638.129
2363,13570,10080,2610,21691,1638.1335
2364,13336,9851,2802,21771,1638.138
2365,13336,9851,2754,21743,1638.1425
2366,13336,9851,2690,21704,1638.147
2367,13336,9851,2626,21679,1638.1515
2368,13336,9851,2544,21627,1638.156
2369,13102,9622,10728,22987,1638.1605
2370,13102,9622,10568,22940,1638.165
2371,13102,9622,10402,22891,1638.1695
2372,13102,9622,10224,22815,1638.174
2373,13102,9622,10080,22799,1638.1785
2374,13102,9622,9938,22782,1638.183
2375,13102,9622,9778,22762,1638.1875
2376,13102,9622,9624,22719,1638.192
2377,13102,9622,9480,22683,1638.1965
2378,13102,9622,9330,22652,1638.201
2379,13102,9622,9170,22623,1638.2055
2380,13102,9622,9008,22590,1638.21
2381,13102,9622,8864,22583,1638.2145
2382,13102,9622,8722,22575,1638.219
2383,13102,9622,8584,22552,1638.2235
2384,13102,9622,8424,22521,1638.228
2385,12868,9393,8872,22710,1638.2325
2386,12868,9393,8728,22687,1638.237
2387,12868,9393,8648,22678,1638.2415
2388,12868,9393,8504,22645,1638.246
2389,12868,9393,8376,22611,1638.2505
2390,12868,9393,8226,22556,1638.255
2391,12868,9393,8080,22511,1638.2595
2392,12868,9393,7952,22486,1638.264
2393,12868,9393,7826,22462,1638.2685
2394,12868,9393,7698,22430,1638.273
2395,12868,9393,7576,22391,1638.2775
2396,12868,9393,7448,22346,1638.282
2397,12634,9164,7848,22458,1638.2865
2398,12634,9164,7720,22395,1638.291
2399,12634,9164,7640,22364,1638.2955
2400,12634,9164,7512,22309,1638.3
2401,12634,9164,7384,22247,1638.3045
2402,12634,9164,7266,22196,1638.309
2403,12634,9164,7138,22127,1638.3135
2404,12634,9164,7024,22076,1638.318
2405,12634,9164,6896,22014,1638.3225
2406,12634,9164,6786,21982,1638.327
2407,12634,9164,6658,21934,1638.3315
2408,12634,9164,6536,21895,1638.336
2409,12634,9164,6424,21855,1638.3405
2410,12400,8935,6792,21979,1638.345
2411,12400,8935,6712,21948,1638.3495
2412,12400,8935,6600,21915,1638.354
2413,12400,8935,6488,21880,1638.3585
2414,12400,8935,6386,21855,1638.363
2415,12400,8935,6258,21822,1638.3675
2416,12400,8935,6128,21773,1638.372
2417,12400,8935,6032,21755,1638.3765
2418,12400,8935,5938,21743,1638.381
2419,12400,8935,5842,21726,1638.3855
2420,12166,8706,6178,21871,1638.39
2421,12166,8706,6066,21848,1638.3945
2422,12166,8706,6002,21820,1638.399
2423,12166,8706,5874,21758,1638.4035
2424,12166,8706,5784,21728,1638.408
2425,12166,8706,5672,21683,1638.4125
2426,12166,8706,5576,21646,1638.417
2427,12166,8706,5474,21622,1638.4215
2428,12166,8706,5378,21580,1638.426
2429,12166,8706,5280,21533,1638.4305
2430,12166,8706,5168,21470,1638.435
2431,11930,8477,5504,21646,1638.4395
2432,11930,8477,5408,21598,1638.444
2433,11930,8477,5328,21563,1638.4485
2434,11930,8477,5232,21516,1638.453
2435,11930,8477,5138,21479,1638.4575
2436,11930,8477,5042,21438,1638.462
2437,11930,8477,4952,21399,1638.4665
2438,11930,8477,4856,21355,1638.471
2439,11930,8477,4776,21334,1638.4755
2440,11930,8477,4674,21303,1638.48
2441,11930,8477,4578,21275,1638.4845
2442,11930,8477,4496,21243,1638.489
2443,11930,8477,4400,21215,1638.4935
2444,11930,8477,4322,21193,1638.498
2445,11930,8477,4226,21162,1638.5025
2446,11717,8276,4482,21310,1638.507
2447,11717,8276,4402,21304,1638.5115
2448,11717,8276,4322,21277,1638.516
2449,11717,8276,4242,21255,1638.5205
2450,11717,8276,4152,21227,1638.525
2451,11717,8276,4072,21207,1638.5295
2452,11717,8276,3986,21196,1638.534
2453,11717,8276,3906,21167,1638.5385
2454,11717,8276,3824,21134,1638.543
2455,11717,8276,3728,21087,1638.5475
2456,11504,8075,3968,21199,1638.552
2457,11504,8075,3888,21167,1638.5565
2458,11504,8075,3824,21132,1638.561
2459,11504,8075,3760,21104,1638.5655
2460,11504,8075,3664,21052,1638.57
2461,11504,8075,3602,21017,1638.5745
2462,11504,8075,3522,20959,1638.579
2463,11504,8075,3448,20911,1638.5835
2464,11504,8075,3368,20854,1638.588
2465,11504,8075,3298,20798,1638.5925
2466,11504,8075,3218,20743,1638.597
2467,11291,7874,3442,20874,1638.6015
2468,11291,7874,3362,20822,1638.606
2469,11291,7874,3314,20782,1638.6105
2470,11291,7874,3234,20724,1638.615
2471,11291,7874,3152,20667,1638.6195
2472,11291,7874,3088,20630,1638.624
2473,11291,7874,3010,20599,1638.6285
2474,11291,7874,2946,20574,1638.633
2475,11291,7874,2866,20541,1638.6375
2476,11291,7874,2792,20487,1638.642
2477,11291,7874,2728,20462,1638.6465
2478,11078,7673,2936,20603,1638.651
2479,11078,7673,2888,20590,1638.6555
2480,11078,7673,2808,20557,1638.66
2481,11078,7673,2744,20541,1638.6645
2482,11078,7673,2674,20526,1638.669
2483,11078,7673,2610,20492,1638.6735
2484,11078,7673,2528,20446,1638.678
2485,10865,7472,10792,21786,1638.6825
2486,10865,7472,10616,21742,1638.687
2487,10865,7472,10466,21720,1638.6915
2488,10865,7472,10306,21671,1638.696
2489,10865,7472,10144,21606,1638.7005
2490,10865,7472,9968,21533,1638.705
2491,10865,7472,9826,21496,1638.7095
2492,10865,7472,9682,21466,1638.714
2493,10865,7472,9528,21430,1638.7185
2494,10865,7472,9378,21402,1638.723
2495,10865,7472,9234,21355,1638.7275
2496,10865,7472,9072,21300,1638.732
2497,10865,7472,8928,21237,1638.7365
2498,10865,7472,8802,21211,1638.741
2499,10865,7472,8642,21164,1638.7455
2500,10865,7472,8504,21117,1638.75
2501,10865,7472,8360,21083,1638.7545
2502,10652,7271,8824,21270,1638.759
2503,10652,7271,8712,21230,1638.7635
2504,10652,7271,8600,21214,1638.768
2505,10652,7271,8456,21182,1638.7725
2506,10652,7271,8322,21168,1638.777
2507,10652,7271,8178,21147,1638.7815
2508,10652,7271,8048,21118,1638.786
2509,10652,7271,7920,21107,1638.7905
2510,10652,7271,7794,21098,1638.795
2511,10652,7271,7650,21078,1638.7995
2512,10652,7271,7512,21053,1638.804
2513,10652,7271,7400,21047,1638.8085
2514,10439,7070,7816,21246,1638.813
2515,10439,7070,7688,21215,1638.8175
2516,10439,7070,7608,21211,1638.822
2517,10439,7070,7480,21183,1638.8265
2518,10439,7070,7362,21171,1638.831
2519,10439,7070,7250,21149,1638.8355
2520,10439,7070,7104,21102,1638.84
2521,10439,7070,6992,21078,1638.8445
2522,10439,7070,6866,21023,1638.849
2523,10439,7070,6754,20974,1638.8535
2524,10439,7070,6632,20923,1638.858
2525,10439,7070,6520,20879,1638.8625
2526,10226,6869,6904,21051,1638.867
2527,10226,6869,6776,20989,1638.8715
2528,10226,6869,6712,20969,1638.876
2529,10226,6869,6600,20922,1638.8805
2530,10226,6869,6488,20870,1638.885
2531,10226,6869,6370,20814,1638.8895
2532,10226,6869,6258,20752,1638.894
2533,10226,6869,6128,20686,1638.8985
2534,10226,6869,6032,20654,1638.903
2535,10226,6869,5922,20605,1638.9075
2536,10226,6869,5826,20566,1638.912
2537,10013,6668,6162,20734,1638.9165
2538,10013,6668,6066,20714,1638.921
2539,10013,6668,6002,20694,1638.9255
2540,10013,6668,5890,20646,1638.93
2541,10013,6668,5784,20612,1638.9345
2542,10013,6668,5672,20573,1638.939
2543,10013,6668,5576,20539,1638.9435
2544,10013,6668,5474,20506,1638.948
2545,10013,6668,5362,20462,1638.9525
2546,10013,6668,5264,20431,1638.957
2547,10013,6668,5168,20398,1638.9615
2548,10013,6668,5074,20379,1638.966
2549,10013,6668,4978,20343,1638.9705
2550,9798,6461,5314,20542,1638.975
2551,9798,6461,5218,20494,1638.9795
2552,9798,6461,5138,20461,1638.984
2553,9798,6461,5058,20431,1638.9885
2554,9798,6461,4968,20399,1638.993
2555,9798,6461,4872,20339,1638.9975
2556,9798,6461,4776,20284,1639.002
2557,9798,6461,4690,20230,1639.0065
2558,9798,6461,4594,20182,1639.011
2559,9798,6461,4512,20140,1639.0155
2560,9798,6461,4416,20087,1639.02
2561,9798,6461,4338,20062,1639.0245
2562,9798,6461,4242,20012,1639.029
2563,9606,6287,4482,20154,1639.0335
2564,9606,6287,4418,20123,1639.038
2565,9606,6287,4338,20084,1639.0425
2566,9606,6287,4258,20054,1639.047
2567,9606,6287,4168,20007,1639.0515
2568,9606,6287,4072,19960,1639.056
2569,9606,6287,4002,19944,1639.0605
2570,9606,6287,3922,19925,1639.065
2571,9606,6287,3840,19883,1639.0695
2572,9606,6287,3760,19886,1639.074
2573,9606,6287,3680,19868,1639.0785
2574,9414,6113,3904,20048,1639.083
2575,9414,6113,3856,20031,1639.0875
2576,9414,6113,3760,20007,1639.092
2577,9414,6113,3696,19982,1639.0965
2578,9414,6113,3618,19963,1639.101
2579,9414,6113,3538,19959,1639.1055
2580,9414,6113,3464,19943,1639.11
2581,9414,6113,3384,19919,1639.1145
2582,9414,6113,3314,19894,1639.119
2583,9414,6113,3234,19863,1639.1235
2584,9414,6113,3152,19823,1639.128
2585,9414,6113,3088,19800,1639.1325
2586,9222,5939,3296,19966,1639.137
2587,9222,5939,3232,19935,1639.1415
2588,9222,5939,3168,19901,1639.146
2589,9222,5939,3104,19854,1639.1505
2590,9222,5939,3024,19807,1639.155
2591,9222,5939,2962,19776,1639.1595
2592,9222,5939,2898,19741,1639.164
2593,9222,5939,2808,19672,1639.1685
2594,9222,5939,2744,19631,1639.173
2595,9222,5939,2674,19583,1639.1775
2596,9222,5939,2610,19548,1639.182
2597,9222,5939,2528,19479,1639.1865
2598,9030,5765,10946,20678,1639.191
2599,9030,5765,10744,20603,1639.1955
2600,9030,5765,10584,20574,1639.2
2601,9030,5765,10418,20526,1639.2045
2602,9030,5765,10242,20459,1639.209
2603,9030,5765,10080,20427,1639.2135
2604,9030,5765,9938,20410,1639.218
2605,9030,5765,9778,20381,1639.2225
2606,8838,5591,10274,20605,1639.227
2607,8838,5591,10114,20571,1639.2315
2608,8838,5591,10018,20553,1639.236
2609,8838,5591,9874,20519,1639.2405
2610,8838,5591,9698,20462,1639.245
2611,8838,5591,9544,20435,1639.2495
2612,8838,5591,9394,20409,1639.254
2613,8838,5591,9250,20368,1639.2585
2614,8838,5591,9104,20332,1639.263
2615,8838,5591,8960,20276,1639.2675
2616,8838,5591,8818,20239,1639.272
2617,8838,5591,8658,20189,1639.2765
2618,8838,5591,8536,20151,1639.281
2619,8838,5591,8392,20104,1639.2855
2620,8646,5417,8856,20334,1639.29
2621,8646,5417,8712,20263,1639.2945
2622,8646,5417,8616,20222,1639.299
2623,8646,5417,8472,20166,1639.3035
2624,8646,5417,8338,20115,1639.308
2625,8646,5417,8194,20047,1639.3125
2626,8646,5417,8064,20008,1639.317
2627,8646,5417,7920,19963,1639.3215
2628,8646,5417,7794,19935,1639.326
2629,8646,5417,7666,19886,1639.3305
2630,8646,5417,7528,19838,1639.335
2631,8646,5417,7416,19806,1639.3395
2632,8454,5243,7848,20046,1639.344
2633,8454,5243,7704,19998,1639.3485
2634,8454,5243,7624,19989,1639.353
2635,8454,5243,7496,19952,1639.3575
2636,8454,5243,7378,19934,1639.362
2637,8454,5243,7250,19911,1639.3665
2638,8454,5243,7120,19886,1639.371
2639,8454,5243,7008,19878,1639.3755
2640,8454,5243,6882,19867,1639.38
2641,8454,5243,6770,19838,1639.3845
2642,8454,5243,6632,19806,1639.389
2643,8454,5243,6520,19789,1639.3935
2644,8262,5069,6946,20061,1639.398
2645,8262,5069,6834,20046,1639.4025
2646,8262,5069,6722,20013,1639.407
2647,8262,5069,6600,19974,1639.4115
2648,8262,5069,6488,19947,1639.416
2649,8262,5069,6386,19902,1639.4205
2650,8262,5069,6274,19870,1639.425
2651,8262,5069,6160,19823,1639.4295
2652,8262,5069,6048,19790,1639.434
2653,8262,5069,5938,19757,1639.4385
2654,8262,5069,5826,19695,1639.443
2655,8262,5069,5720,19643,1639.4475
2656,8262,5069,5608,19589,1639.452
2657,8070,4895,5976,19832,1639.4565
2658,8070,4895,5864,19775,1639.461
2659,8070,4895,5800,19755,1639.4655
2660,8070,4895,5688,19692,1639.47
2661,8070,4895,5592,19644,1639.4745
2662,8070,4895,5490,19604,1639.479
2663,8070,4895,5394,19555,1639.4835
2664,8070,4895,5280,19501,1639.488
2665,8070,4895,5184,19448,1639.4925
2666,8070,4895,5090,19423,1639.497
2667,8070,4895,4994,19390,1639.5015
2668,8070,4895,4904,19365,1639.506
2669,8070,4895,4808,19319,1639.5105
2670,7876,4718,5144,19568,1639.515
2671,7876,4718,5048,19541,1639.5195
2672,7876,4718,4984,19514,1639.524
2673,7876,4718,4888,19483,1639.5285
2674,7876,4718,4792,19439,1639.533
2675,7876,4718,4706,19414,1639.5375
2676,7876,4718,4610,19356,1639.542
2677,7876,4718,4528,19321,1639.5465
2678,7876,4718,4432,19288,1639.551
2679,7876,4718,4354,19244,1639.5555
2680,7876,4718,4258,19196,1639.56
2681,7876,4718,4168,19141,1639.5645
2682,7876,4718,4088,19084,1639.569
2683,7705,4588,4312,19278,1639.5735
2684,7705,4588,4232,19213,1639.578
2685,7705,4588,4168,19175,1639.5825
2686,7705,4588,4088,19125,1639.587
2687,7705,4588,4002,19083,1639.5915
2688,7705,4588,3922,19035,1639.596
2689,7705,4588,3824,18940,1639.6005
2690,7705,4588,3760,18904,1639.605
2691,7705,4588,3680,18847,1639.6095
2692,7705,4588,3602,18812,1639.614
2693,7705,4588,3522,18778,1639.6185
2694,7705,4588,3448,18735,1639.623
2695,7705,4588,3368,18683,1639.6275
2696,7534,4458,3576,18879,1639.632
2697,7534,4458,3528,18869,1639.6365
2698,7534,4458,3448,18835,1639.641
2699,7534,4458,3368,18808,1639.6455
2700,7534,4458,3298,18790,1639.65
2701,7534,4458,3218,18763,1639.6545
2702,7534,4458,3136,18713,1639.659
2703,7534,4458,3056,18684,1639.6635
2704,7363,4328,3264,18907,1639.668
2705,7363,4328,3200,18893,1639.6725
2706,7363,4328,3136,18875,1639.677
2707,7363,4328,3056,18846,1639.6815
2708,7363,4328,2994,18839,1639.686
2709,7363,4328,2914,18806,1639.6905
2710,7363,4328,2840,18780,1639.695
2711,7363,4328,2776,18765,1639.6995
2712,7363,4328,2706,18743,1639.704
2713,7363,4328,2642,18718,1639.7085
2714,7363,4328,2562,18662,1639.713
2715,7363,4328,2496,18622,1639.7175
2716,7192,4198,10962,19838,1639.722
2717,7192,4198,10792,19799,1639.7265
2718,7192,4198,10616,19751,1639.731
2719,7192,4198,10434,19701,1639.7355
2720,7192,4198,10274,19653,1639.74
2721,7192,4198,10112,19595,1639.7445
2722,7192,4198,9970,19568,1639.749
2723,7192,4198,9810,19532,1639.7535
2724,7021,4068,10274,19771,1639.758
2725,7021,4068,10130,19742,1639.7625
2726,7021,4068,10018,19705,1639.767
2727,7021,4068,9874,19673,1639.7715
2728,7021,4068,9698,19622,1639.776
2729,7021,4068,9544,19577,1639.7805
2730,7021,4068,9394,19550,1639.785
2731,7021,4068,9250,19511,1639.7895
2732,7021,4068,9104,19475,1639.794
2733,7021,4068,8944,19444,1639.7985
2734,7021,4068,8802,19430,1639.803
2735,7021,4068,8658,19399,1639.8075
2736,7021,4068,8504,19359,1639.812
2737,7021,4068,8360,19325,1639.8165
2738,6850,3938,8808,19596,1639.821
2739,6850,3938,8712,19566,1639.8255
2740,6850,3938,8584,19536,1639.83
2741,6850,3938,8440,19486,1639.8345
2742,6850,3938,8290,19438,1639.839
2743,6850,3938,8162,19398,1639.8435
2744,6850,3938,8016,19359,1639.848
2745,6850,3938,7888,19324,1639.8525
2746,6850,3938,7762,19295,1639.857
2747,6850,3938,7634,19247,1639.8615
2748,6850,3938,7496,19183,1639.866
2749,6679,3808,7896,19390,1639.8705
2750,6679,3808,7768,19341,1639.875
2751,6679,3808,7672,19293,1639.8795
2752,6679,3808,7560,19255,1639.884
2753,6679,3808,7432,19191,1639.8885
2754,6679,3808,7298,19141,1639.893
2755,6679,3808,7170,19070,1639.8975
2756,6679,3808,7056,19035,1639.902
2757,6679,3808,6928,18982,1639.9065
2758,6679,3808,6802,18942,1639.911
2759,6679,3808,6674,18907,1639.9155
2760,6679,3808,6568,18875,1639.92
2761,6679,3808,6456,18837,1639.9245
2762,6508,3678,6824,19086,1639.929
2763,6508,3678,6728,19055,1639.9335
2764,6508,3678,6616,19031,1639.938
2765,6508,3678,6504,19006,1639.9425
2766,6508,3678,6386,18992,1639.947
2767,6508,3678,6274,18950,1639.9515
2768,6508,3678,6160,18919,1639.956
2769,6508,3678,6064,18907,1639.9605
2770,6508,3678,5954,18891,1639.965
2771,6508,3678,5842,18878,1639.9695
2772,6508,3678,5736,18860,1639.974
2773,6508,3678,5624,18813,1639.9785
2774,6337,3548,5960,19063,1639.983
2775,6337,3548,5848,19032,1639.9875
2776,6337,3548,5768,19002,1639.992
2777,6337,3548,5672,18973,1639.9965
2778,6337,3548,5554,18941,1640.001
2779,6337,3548,5458,18911,1640.0055
2780,6337,3548,5362,18871,1640.01
2781,6337,3548,5248,18805,1640.0145
2782,6337,3548,5152,18765,1640.019
2783,6163,3417,5488,19032,1640.0235
2784,6163,3417,5408,18996,1640.028
2785,6163,3417,5296,18940,1640.0325
2786,6163,3417,5200,18903,1640.037
2787,6163,3417,5106,18859,1640.0415
2788,6163,3417,5010,18813,1640.046
2789,6163,3417,4920,18779,1640.0505
2790,6163,3417,4824,18742,1640.055
2791,6163,3417,4738,18710,1640.0595
2792,6163,3417,4642,18675,1640.064
2793,6163,3417,4544,18622,1640.0685
2794,6163,3417,4448,18590,1640.073
2795,6163,3417,4370,18558,1640.0775
2796,6163,3417,4274,18528,1640.082
2797,6037,3294,4482,18687,1640.0865
2798,6037,3294,4418,18678,1640.091
2799,6037,3294,4338,18654,1640.0955
2800,6037,3294,4258,18629,1640.1
2801,6037,3294,4168,18589,1640.1045
2802,6037,3294,4088,18548,1640.109
2803,6037,3294,4002,18526,1640.1135
2804,6037,3294,3906,18488,1640.118
2805,6037,3294,3824,18431,1640.1225
2806,6037,3294,3744,18410,1640.127
2807,5911,3171,3936,18554,1640.1315
2808,5911,3171,3872,18518,1640.136
2809,5911,3171,3792,18462,1640.1405
2810,5911,3171,3712,18411,1640.145
2811,5911,3171,3634,18387,1640.1495
2812,5911,3171,3554,18342,1640.154
2813,5911,3171,3480,18290,1640.1585
2814,5911,3171,3400,18230,1640.163
2815,5785,3048,3576,18333,1640.1675
2816,5785,3048,3528,18299,1640.172
2817,5785,3048,3448,18238,1640.1765
2818,5785,3048,3368,18181,1640.181
2819,5785,3048,3298,18141,1640.1855
2820,5785,3048,3218,18094,1640.19
2821,5785,3048,3152,18035,1640.1945
2822,5785,3048,3072,17966,1640.199
2823,5785,3048,3010,17946,1640.2035
2824,5785,3048,2930,17910,1640.208
2825,5785,3048,2856,17876,1640.2125
2826,5785,3048,2792,17846,1640.217
2827,5659,2925,2952,17999,1640.2215
2828,5659,2925,2888,17968,1640.226
2829,5659,2925,2840,17944,1640.2305
2830,5659,2925,2760,17911,1640.235
2831,5659,2925,2690,17895,1640.2395
2832,5659,2925,2626,17879,1640.244
2833,5659,2925,2544,17846,1640.2485
2834,5533,2802,11280,19099,1640.253
2835,5533,2802,11122,19086,1640.2575
2836,5533,2802,10930,19060,1640.262
2837,5533,2802,10760,19023,1640.2665
2838,5533,2802,10600,19001,1640.271
2839,5533,2802,10418,18958,1640.2755
2840,5533,2802,10258,18909,1640.28
2841,5533,2802,10096,18870,1640.2845
2842,5533,2802,9938,18842,1640.289
2843,5533,2802,9778,18806,1640.2935
2844,5533,2802,9624,18774,1640.298
2845,5533,2802,9464,18733,1640.3025
2846,5533,2802,9298,18686,1640.307
2847,5533,2802,9154,18646,1640.3115
2848,5407,2679,9570,18839,1640.316
2849,5407,2679,9458,18804,1640.3205
2850,5407,2679,9314,18764,1640.325
2851,5407,2679,9154,18711,1640.3295
2852,5407,2679,9008,18670,1640.334
2853,5407,2679,8866,18638,1640.3385
2854,5407,2679,8722,18589,1640.343
2855,5407,2679,8568,18548,1640.3475
2856,5407,2679,8424,18518,1640.352
2857,5407,2679,8274,18491,1640.3565
2858,5407,2679,8146,18457,1640.361
2859,5407,2679,8000,18416,1640.3655
2860,5281,2556,8384,18632,1640.37
2861,5281,2556,8240,18600,1640.3745
2862,5281,2556,8144,18576,1640.379
2863,5281,2556,8016,18551,1640.3835
2864,5281,2556,7888,18536,1640.388
2865,5281,2556,7746,18515,1640.3925
2866,5281,2556,7618,18492,1640.397
2867,5281,2556,7480,18455,1640.4015
2868,5155,2433,7832,18684,1640.406
2869,5155,2433,7704,18648,1640.4105
2870,5155,2433,7608,18621,1640.415
2871,5155,2433,7480,18588,1640.4195
2872,5155,2433,7362,18550,1640.424
2873,5155,2433,7234,18493,1640.4285
2874,5155,2433,7104,18423,1640.433
2875,5155,2433,6992,18389,1640.4375
2876,5155,2433,6866,18334,1640.442
2877,5155,2433,6754,18286,1640.4465
2878,5155,2433,6632,18233,1640.451
2879,5155,2433,6504,18175,1640.4555
2880,5029,2310,6824,18382,1640.46
2881,5029,2310,6728,18330,1640.4645
2882,5029,2310,6632,18274,1640.469
2883,5029,2310,6504,18215,1640.4735
2884,5029,2310,6386,18158,1640.478
2885,5029,2310,6290,18118,1640.4825
2886,5029,2310,6160,18040,1640.487
2887,5029,2310,6064,18007,1640.4915
2888,5029,2310,5954,17966,1640.496
2889,5029,2310,5842,17918,1640.5005
2890,5029,2310,5736,17894,1640.505
2891,5029,2310,5624,17851,1640.5095
2892,38571,40753,8904,33724,1640.514
2893,38571,40753,8728,33646,1640.5185
2894,38571,40753,8616,33595,1640.523
2895,38571,40753,8424,33503,1640.5275
2896,38036,40046,8824,33397,1640.532
2897,38036,40046,8712,33363,1640.5365
2898,38036,40046,8600,33339,1640.541
2899,38036,40046,8456,33279,1640.5455
2900,38036,40046,8344,33260,1640.55
2901,38036,40046,8210,33199,1640.5545
2902,38036,40046,8098,33174,1640.559
2903,38036,40046,7968,33134,1640.5635
2904,38036,40046,7858,33118,1640.568
2905,38036,40046,7746,33070,1640.5725
2906,38036,40046,7618,32989,1640.577
2907,38036,40046,7496,32918,1640.5815
2908,38036,40046,7384,32847,1640.586
2909,37501,39339,7768,32718,1640.5905
2910,37501,39339,7672,32667,1640.595
2911,37501,39339,7576,32631,1640.5995
2912,37501,39339,7448,32565,1640.604
2913,37501,39339,7330,32495,1640.6085
2914,37501,39339,7218,32427,1640.613
2915,37501,39339,7088,32348,1640.6175
2916,37501,39339,6976,32286,1640.622
2917,37501,39339,6866,32248,1640.6265
2918,37501,39339,6754,32204,1640.631
2919,36966,38632,7106,32078,1640.6355
2920,36966,38632,6994,32032,1640.64
2921,36966,38632,6898,31990,1640.6445
2922,36966,38632,6802,31966,1640.649
2923,36966,38632,6690,31942,1640.6535
2924,36966,38632,6584,31920,1640.658
2925,36966,38632,6472,31894,1640.6625
2926,36966,38632,6354,31856,1640.667
2927,36966,38632,6242,31806,1640.6715
2928,36966,38632,6112,31743,1640.676
2929,36966,38632,6016,31735,1640.6805
2930,36431,37925,6368,31711,1640.685
2931,36431,37925,6272,31675,1640.6895
2932,36431,37925,6192,31647,1640.694
2933,36431,37925,6096,31612,1640.6985
2934,36431,37925,6002,31595,1640.703
2935,36431,37925,5890,31531,1640.7075
2936,36431,37925,5784,31478,1640.712
2937,36431,37925,5688,31436,1640.7165
2938,36431,37925,5592,31383,1640.721
2939,36431,37925,5490,31326,1640.7255
2940,36431,37925,5394,31243,1640.73
2941,36431,37925,5296,31159,1640.7345
2942,36431,37925,5200,31083,1640.739
2943,35887,37215,5520,30960,1640.7435
2944,35887,37215,5424,30902,1640.748
2945,35887,37215,5344,30838,1640.7525
2946,35887,37215,5264,30778,1640.757
2947,35887,37215,5170,30703,1640.7615
2948,35887,37215,5090,30639,1640.766
2949,35887,37215,4994,30564,1640.7705
2950,35887,37215,4904,30503,1640.775
2951,35887,37215,4824,30446,1640.7795
2952,35887,37215,4738,30396,1640.784
2953,35887,37215,4642,30349,1640.7885
2954,35329,36570,4914,30287,1640.793
2955,35329,36570,4834,30238,1640.7975
2956,35329,36570,4770,30205,1640.802
2957,35329,36570,4674,30185,1640.8065
2958,35329,36570,4592,30160,1640.811
2959,35329,36570,4512,30139,1640.8155
2960,35329,36570,4418,30107,1640.82
2961,35329,36570,4338,30071,1640.8245
2962,35329,36570,4274,30062,1640.829
2963,35329,36570,4184,30039,1640.8335
2964,35329,36570,4088,30005,1640.838
2965,35329,36570,4018,30007,1640.8425
2966,35329,36570,3938,29980,1640.847
2967,34771,35925,4232,29956,1640.8515
2968,34771,35925,4152,29915,1640.856
2969,34771,35925,4072,29879,1640.8605
2970,34771,35925,4002,29868,1640.865
2971,34771,35925,3906,29822,1640.8695
2972,34771,35925,3824,29782,1640.874
2973,34771,35925,3760,29731,1640.8785
2974,34771,35925,3682,29678,1640.883
2975,34771,35925,3618,29644,1640.8875
2976,34771,35925,3538,29613,1640.892
2977,34771,35925,3464,29566,1640.8965
2978,34771,35925,3384,29543,1640.901
2979,34213,35280,3624,29487,1640.9055
2980,34213,35280,3560,29439,1640.91
2981,34213,35280,3496,29430,1640.9145
2982,34213,35280,3432,29414,1640.919
2983,34213,35280,3368,29399,1640.9235
2984,34213,35280,3282,29383,1640.928
2985,34213,35280,3218,29367,1640.9325
2986,34213,35280,3152,29341,1640.937
2987,34213,35280,3072,29303,1640.9415
2988,34213,35280,3010,29334,1640.946
2989,34213,35280,2930,29356,1640.9505
2990,33655,34635,3170,29390,1640.955
2991,33655,34635,3106,29380,1640.9595
2992,33655,34635,3042,29373,1640.964
2993,33655,34635,2978,29370,1640.9685
2994,33655,34635,2914,29358,1640.973
2995,33655,34635,2840,29342,1640.9775
2996,33655,34635,2776,29343,1640.982
2997,33655,34635,2722,29358,1640.9865
2998,33655,34635,2642,29344,1640.991
2999,33655,34635,2578,29309,1640.9955
3000,33655,34635,2512,29278,1641.0
3001,33097,33990,10192,31645,1641.0045
3002,33097,33990,10048,31581,1641.009
3003,33097,33990,9906,31542,1641.0135
3004,33097,33990,9746,31469,1641.018
3005,33097,33990,9608,31409,1641.0225
3006,33097,33990,9448,31322,1641.027
3007,33097,33990,9314,31227,1641.0315
3008,33097,33990,9170,31142,1641.036
3009,33097,33990,9008,31035,1641.0405
3010,33097,33990,8882,30971,1641.045
3011,33097,33990,8754,30918,1641.0495
3012,32539,33345,9248,30875,1641.054
3013,32539,33345,9152,30816,1641.0585
3014,32539,33345,9008,30731,1641.063
3015,32539,33345,8882,30679,1641.0675
3016,32539,33345,8754,30616,1641.072
3017,32539,33345,8616,30555,1641.0765
3018,32539,33345,8472,30487,1641.081
3019,32539,33345,8338,30430,1641.0855
3020,32539,33345,8210,30373,1641.09
3021,32539,33345,8064,30303,1641.0945
3022,32539,33345,7920,30265,1641.099
3023,31981,32700,8416,30326,1641.1035
3024,31981,32700,8272,30286,1641.108
3025,31981,32700,8176,30238,1641.1125
3026,31981,32700,8048,30197,1641.117
3027,31981,32700,7936,30140,1641.1215
3028,31981,32700,7826,30121,1641.126
3029,31981,32700,7698,30067,1641.1305
3030,31981,32700,7576,30040,1641.135
3031,31981,32700,7448,29991,1641.1395
3032,31981,32700,7330,29935,1641.144
3033,31981,32700,7186,29850,1641.1485
3034,31981,32700,7088,29790,1641.153
3035,31981,32700,6960,29725,1641.1575
3036,31423,32055,7408,29790,1641.162
3037,31423,32055,7264,29695,1641.1665
3038,31423,32055,7200,29669,1641.171
3039,31423,32055,7088,29608,1641.1755
3040,31423,32055,6976,29530,1641.18
3041,31423,32055,6866,29484,1641.1845
3042,31423,32055,6754,29419,1641.189
3043,31423,32055,6632,29357,1641.1935
3044,31423,32055,6536,29304,1641.198
3045,31423,32055,6418,29244,1641.2025
3046,31423,32055,6306,29175,1641.207
3047,31423,32055,6176,29111,1641.2115
3048,31423,32055,6080,29084,1641.216
3049,30865,31410,6498,29180,1641.2205
3050,30865,31410,6418,29164,1641.225
3051,30865,31410,6306,29131,1641.2295
3052,30865,31410,6192,29070,1641.234
3053,30865,31410,6096,29046,1641.2385
3054,30865,31410,6002,29037,1641.243
3055,30865,31410,5890,29007,1641.2475
3056,30865,31410,5784,28990,1641.252
3057,30865,31410,5688,28982,1641.2565
3058,30865,31410,5586,28958,1641.261
3059,30865,31410,5490,28924,1641.2655
3060,30865,31410,5394,28895,1641.27
3061,30865,31410,5296,28860,1641.2745
3062,30865,31410,5200,28830,1641.279
3063,30303,30756,5568,28876,1641.2835
3064,30303,30756,5472,28845,1641.288
3065,30303,30756,5408,28813,1641.2925
3066,30303,30756,5312,28759,1641.297
3067,30303,30756,5216,28685,1641.3015
3068,30303,30756,5122,28614,1641.306
3069,30303,30756,5042,28572,1641.3105
3070,30303,30756,4952,28510,1641.315
3071,30303,30756,4856,28443,1641.3195
3072,30303,30756,4770,28399,1641.324
3073,30303,30756,4690,28346,1641.3285
3074,30303,30756,4592,28263,1641.333
3075,30303,30756,4512,28205,1641.3375
3076,30303,30756,4416,28138,1641.342
3077,29792,30218,4704,28156,1641.3465
3078,29792,30218,4608,28087,1641.351
3079,29792,30218,4544,28054,1641.3555
3080,29792,30218,4464,27999,1641.36
3081,29792,30218,4386,27956,1641.3645
3082,29792,30218,4306,27901,1641.369
3083,29792,30218,4216,27863,1641.3735
3084,29792,30218,4136,27832,1641.378
3085,29792,30218,4050,27806,1641.3825
3086,29792,30218,3986,27773,1641.387
3087,29792,30218,3906,27742,1641.3915
3088,29281,29680,4162,27774,1641.396
3089,29281,29680,4082,27758,1641.4005
3090,29281,29680,4018,27756,1641.405
3091,29281,29680,3954,27727,1641.4095
3092,29281,29680,3874,27690,1641.414
3093,29281,29680,3792,27630,1641.4185
3094,29281,29680,3728,27597,1641.423
3095,29281,29680,3650,27566,1641.4275
3096,29281,29680,3570,27535,1641.432
3097,29281,29680,3496,27515,1641.4365
3098,29281,29680,3432,27495,1641.441
3099,28770,29142,3698,27536,1641.4455
3100,28770,29142,3618,27475,1641.45
3101,28770,29142,3538,27414,1641.4545
3102,28770,29142,3480,27373,1641.459
3103,28770,29142,3400,27325,1641.4635
3104,28770,29142,3330,27280,1641.468
3105,28770,29142,3266,27243,1641.4725
3106,28770,29142,3184,27171,1641.477
3107,28770,29142,3120,27127,1641.4815
3108,28770,29142,3056,27095,1641.486
3109,28770,29142,2978,27083,1641.4905
3110,28770,29142,2914,27063,1641.495
3111,28770,29142,2840,27031,1641.4995
3112,28770,29142,2776,27005,1641.504
3113,28259,28604,3000,27037,1641.5085
3114,28259,28604,2936,27023,1641.513
3115,28259,28604,2888,27022,1641.5175
3116,28259,28604,2824,27006,1641.522
3117,28259,28604,2760,27007,1641.5265
3118,28259,28604,2690,27014,1641.531
3119,28259,28604,2626,27006,1641.5355
3120,28259,28604,2544,26999,1641.54
3121,27748,28066,10434,29117,1641.5445
3122,27748,28066,10256,29085,1641.549
3123,27748,28066,10096,29086,1641.5535
3124,27748,28066,9954,29086,1641.558
3125,27748,28066,9810,29069,1641.5625
3126,27748,28066,9672,29031,1641.567
3127,27748,28066,9512,28983,1641.5715
3128,27748,28066,9378,28955,1641.576
3129,27748,28066,9202,28907,1641.5805
3130,27748,28066,9072,28879,1641.585
3131,27748,28066,8928,28846,1641.5895
3132,27748,28066,8802,28809,1641.594
3133,27748,28066,8658,28750,1641.5985
3134,27748,28066,8488,28662,1641.603
3135,27237,27528,9026,28735,1641.6075
3136,27237,27528,8946,28700,1641.612
3137,27237,27528,8802,28639,1641.6165
3138,27237,27528,8674,28588,1641.621
3139,27237,27528,8536,28526,1641.6255
3140,27237,27528,8392,28454,1641.63
3141,27237,27528,8274,28397,1641.6345
3142,27237,27528,8128,28318,1641.639
3143,27237,27528,8000,28272,1641.6435
3144,27237,27528,7874,28248,1641.648
3145,27237,27528,7746,28200,1641.6525
3146,27237,27528,7608,28143,1641.657
3147,27237,27528,7496,28110,1641.6615
3148,26726,26990,7970,28190,1641.666
3149,26726,26990,7890,28158,1641.6705
3150,26726,26990,7762,28136,1641.675
3151,26726,26990,7640,28103,1641.6795
3152,26726,26990,7528,28076,1641.684
3153,26726,26990,7394,28024,1641.6885
3154,26726,26990,7282,27991,1641.693
3155,26726,26990,7152,27928,1641.6975
3156,26726,26990,7024,27899,1641.702
3157,26726,26990,6930,27888,1641.7065
3158,26726,26990,6818,27853,1641.711
3159,26726,26990,6690,27788,1641.7155
3160,26726,26990,6584,27726,1641.72
3161,26726,26990,6456,27646,1641.7245
3162,26215,26452,6904,27742,1641.729
3163,26215,26452,6792,27694,1641.7335
3164,26215,26452,6712,27644,1641.738
3165,26215,26452,6600,27583,1641.7425
3166,26215,26452,6504,27531,1641.747
3167,26215,26452,6386,27450,1641.7515
3168,26215,26452,6274,27371,1641.756
3169,26215,26452,6160,27299,1641.7605
3170,26215,26452,6048,27246,1641.765
3171,26215,26452,5970,27219,1641.7695
3172,26215,26452,5842,27133,1641.774
3173,26215,26452,5752,27083,1641.7785
3174,26215,26452,5640,27032,1641.783
3175,25704,25914,6050,27119,1641.7875
3176,25704,25914,5970,27100,1641.792
3177,25704,25914,5874,27055,1641.7965
3178,25704,25914,5784,27013,1641.801
3179,25704,25914,5672,26968,1641.8055
3180,25704,25914,5570,26935,1641.81
3181,25704,25914,5474,26911,1641.8145
3182,25704,25914,5360,26877,1641.819
3183,25704,25914,5280,26872,1641.8235
3184,25704,25914,5168,26862,1641.828
3185,25704,25914,5090,26847,1641.8325
3186,25704,25914,4994,26830,1641.837
3187,25704,25914,4904,26814,1641.8415
3188,25704,25914,4808,26799,1641.846
3189,25192,25376,5186,26875,1641.8505
3190,25192,25376,5090,26855,1641.855
3191,25192,25376,5010,26840,1641.8595
3192,25192,25376,4920,26798,1641.864
3193,25192,25376,4824,26748,1641.8685
3194,25192,25376,4754,26731,1641.873
3195,25192,25376,4658,26680,1641.8775
3196,25192,25376,4560,26619,1641.882
3197,25192,25376,4464,26590,1641.8865
3198,25192,25376,4386,26559,1641.891
3199,25192,25376,4306,26524,1641.8955
3200,25192,25376,4226,26470,1641.9
3201,24778,24932,4482,26488,1641.9045
3202,24778,24932,4418,26446,1641.909
3203,24778,24932,4338,26391,1641.9135
3204,24778,24932,4258,26349,1641.918
3205,24778,24932,4168,26298,1641.9225
3206,24778,24932,4088,26245,1641.927
3207,24778,24932,4018,26223,1641.9315
3208,24778,24932,3938,26189,1641.936
3209,24778,24932,3856,26139,1641.9405
3210,24778,24932,3776,26106,1641.945
3211,24778,24932,3696,26087,1641.9495
3212,24364,24488,3936,26107,1641.954
3213,24364,24488,3872,26084,1641.9585
3214,24364,24488,3792,26061,1641.963
3215,24364,24488,3728,26037,1641.9675
3216,24364,24488,3650,26026,1641.972
3217,24364,24488,3570,26008,1641.9765
3218,24364,24488,3496,25998,1641.981
3219,24364,24488,3432,25975,1641.9855
3220,24364,24488,3352,25939,1641.99
3221,24364,24488,3282,25915,1641.9945
3222,24364,24488,3202,25883,1641.999
3223,24364,24488,3120,25852,1642.0035
3224,24364,24488,3056,25824,1642.008
3225,23950,24044,3296,25852,1642.0125
3226,23950,24044,3216,25798,1642.017
3227,23950,24044,3168,25766,1642.0215
3228,23950,24044,3104,25717,1642.026
3229,23950,24044,3026,25687,1642.0305
3230,23950,24044,2962,25655,1642.035
3231,23950,24044,2882,25594,1642.0395
3232,23950,24044,2824,25556,1642.044
3233,23950,24044,2760,25510,1642.0485
3234,23950,24044,2690,25455,1642.053
3235,23950,24044,2610,25406,1642.0575
3236,23950,24044,2544,25359,1642.062
3237,23536,23600,10450,27119,1642.0665
3238,23536,23600,10290,27064,1642.071
3239,23536,23600,10128,26998,1642.0755
3240,23536,23600,9986,26959,1642.08
3241,23536,23600,9826,26939,1642.0845
3242,23536,23600,9672,26922,1642.089
3243,23536,23600,9528,26906,1642.0935
3244,23122,23156,10082,27047,1642.098
3245,23122,23156,9954,27006,1642.1025
3246,23122,23156,9826,26990,1642.107
3247,23122,23156,9672,26958,1642.1115
3248,23122,23156,9528,26942,1642.116
3249,23122,23156,9378,26939,1642.1205
3250,23122,23156,9234,26924,1642.125
3251,23122,23156,9072,26888,1642.1295
3252,23122,23156,8928,26873,1642.134
3253,23122,23156,8802,26871,1642.1385
3254,23122,23156,8642,26845,1642.143
3255,23122,23156,8520,26831,1642.1475
3256,23122,23156,8376,26806,1642.152
3257,22708,22712,8840,26877,1642.1565
3258,22708,22712,8712,26839,1642.161
3259,22708,22712,8632,26811,1642.1655
3260,22708,22712,8488,26747,1642.17
3261,22708,22712,8338,26699,1642.1745
3262,22708,22712,8210,26648,1642.179
3263,22708,22712,8064,26591,1642.1835
3264,22708,22712,7936,26556,1642.188
3265,22708,22712,7826,26538,1642.1925
3266,22708,22712,7682,26462,1642.197
3267,22708,22712,7576,26423,1642.2015
3268,22708,22712,7432,26350,1642.206
3269,22294,22268,7880,26423,1642.2105
3270,22294,22268,7752,26364,1642.215
3271,22294,22268,7672,26334,1642.2195
3272,22294,22268,7544,26297,1642.224
3273,22294,22268,7432,26254,1642.2285
3274,22294,22268,7298,26205,1642.233
3275,22294,22268,7186,26170,1642.2375
3276,22294,22268,7056,26135,1642.242
3277,22294,22268,6944,26102,1642.2465
3278,22294,22268,6834,26088,1642.251
3279,22294,22268,6722,26052,1642.2555
3280,22294,22268,6600,26013,1642.26
3281,22294,22268,6488,25975,1642.2645
3282,21880,21824,6888,26044,1642.269
3283,21880,21824,6776,26011,1642.2735
3284,21880,21824,6696,25981,1642.278
3285,21880,21824,6584,25948,1642.2825
3286,21880,21824,6472,25899,1642.287
3287,21880,21824,6370,25847,1642.2915
3288,21880,21824,6258,25806,1642.296
3289,21880,21824,6128,25743,1642.3005
3290,21880,21824,6032,25710,1642.305
3291,21880,21824,5922,25655,1642.3095
3292,21880,21824,5810,25579,1642.314
3293,21880,21824,5720,25519,1642.3185
3294,21880,21824,5608,25448,1642.323
3295,21466,21380,5992,25501,1642.3275
3296,21466,21380,5896,25448,1642.332
3297,21466,21380,5816,25407,1642.3365
3298,21466,21380,5720,25342,1642.341
3299,21466,21380,5608,25277,1642.3455
3300,21466,21380,5522,25237,1642.35
3301,21466,21380,5426,25183,1642.3545
3302,21466,21380,5328,25118,1642.359
3303,21466,21380,5216,25068,1642.3635
3304,21466,21380,5138,25040,1642.368
3305,21466,21380,5042,25006,1642.3725
3306,21466,21380,4936,24954,1642.377
3307,21466,21380,4856,24926,1642.3815
3308,21044,20933,5202,25031,1642.386
3309,21044,20933,5138,25015,1642.3905
3310,21044,20933,5042,25007,1642.395
3311,21044,20933,4952,24986,1642.3995
3312,21044,20933,4856,24949,1642.404
3313,21044,20933,4770,24942,1642.4085
3314,21044,20933,4690,24927,1642.413
3315,21044,20933,4594,24922,1642.4175
3316,21044,20933,4512,24910,1642.422
3317,21044,20933,4416,24887,1642.4265
3318,21044,20933,4338,24880,1642.431
3319,21044,20933,4258,24862,1642.4355
3320,21044,20933,4168,24825,1642.44
3321,21044,20933,4072,24799,1642.4445
3322,20712,20570,4296,24831,1642.449
3323,20712,20570,4232,24821,1642.4535
3324,20712,20570,4168,24806,1642.458
3325,20712,20570,4088,24758,1642.4625
3326,20712,20570,4002,24719,1642.467
3327,20712,20570,3922,24683,1642.4715
3328,20712,20570,3840,24622,1642.476
3329,20712,20570,3760,24605,1642.4805
3330,20712,20570,3680,24571,1642.485
3331,20380,20207,3904,24603,1642.4895
3332,20380,20207,3856,24574,1642.494
3333,20380,20207,3776,24540,1642.4985
3334,20380,20207,3696,24509,1642.503
3335,20380,20207,3634,24495,1642.5075
3336,20380,20207,3554,24460,1642.512
3337,20380,20207,3480,24432,1642.5165
3338,20380,20207,3400,24413,1642.521
3339,20380,20207,3330,24382,1642.5255
3340,20380,20207,3250,24380,1642.53
3341,20380,20207,3186,24365,1642.5345
3342,20380,20207,3104,24329,1642.539
3343,20380,20207,3024,24319,1642.5435
3344,20048,19844,3248,24383,1642.548
3345,20048,19844,3184,24367,1642.5525
3346,20048,19844,3120,24346,1642.557
3347,20048,19844,3056,24312,1642.5615
3348,20048,19844,2978,24307,1642.566
3349,20048,19844,2914,24295,1642.5705
3350,20048,19844,2840,24277,1642.575
3351,20048,19844,2776,24252,1642.5795
3352,20048,19844,2706,24223,1642.584
3353,20048,19844,2642,24184,1642.5885
3354,19716,19481,2834,24207,1642.593
3355,19716,19481,2770,24177,1642.5975
3356,19716,19481,2722,24151,1642.602
3357,19716,19481,2658,24107,1642.6065
3358,19716,19481,2578,24038,1642.611
3359,19716,19481,2512,23983,1642.6155
3360,19384,19118,10530,25659,1642.62
3361,19384,19118,10354,25583,1642.6245
3362,19384,19118,10176,25509,1642.629
3363,19384,19118,10032,25467,1642.6335
3364,19384,19118,9890,25432,1642.638
3365,19384,19118,9730,25351,1642.6425
3366,19384,19118,9592,25311,1642.647
3367,19384,19118,9432,25263,1642.6515
3368,19384,19118,9298,25230,1642.656
3369,19384,19118,9138,25192,1642.6605
3370,19384,19118,8976,25143,1642.665
3371,19384,19118,8850,25115,1642.6695
3372,19384,19118,8690,25063,1642.674
3373,19384,19118,8552,25039,1642.6785
3374,19384,19118,8408,25021,1642.683
3375,19052,18755,8872,25144,1642.6875
3376,19052,18755,8728,25118,1642.692
3377,19052,18755,8648,25110,1642.6965
3378,19052,18755,8504,25082,1642.701
3379,19052,18755,8370,25071,1642.7055
3380,19052,18755,8226,25038,1642.71
3381,19052,18755,8096,25017,1642.7145
3382,19052,18755,7952,25004,1642.719
3383,19052,18755,7842,25000,1642.7235
3384,19052,18755,7698,24962,1642.728
3385,19052,18755,7576,24943,1642.7325
3386,19052,18755,7432,24892,1642.737
3387,18720,18392,7848,24950,1642.7415
3388,18720,18392,7704,24904,1642.746
3389,18720,18392,7624,24887,1642.7505
3390,18720,18392,7512,24859,1642.755
3391,18720,18392,7384,24813,1642.7595
3392,18720,18392,7250,24763,1642.764
3393,18720,18392,7122,24699,1642.7685
3394,18720,18392,6992,24635,1642.773
3395,18720,18392,6882,24597,1642.7775
3396,18720,18392,6770,24558,1642.782
3397,18388,18029,7200,24670,1642.7865
3398,18388,18029,7088,24637,1642.791
3399,18388,18029,6960,24591,1642.7955
3400,18388,18029,6866,24566,1642.8
3401,18388,18029,6738,24526,1642.8045
3402,18388,18029,6632,24490,1642.809
3403,18388,18029,6520,24461,1642.8135
3404,18388,18029,6402,24432,1642.818
3405,18388,18029,6290,24414,1642.8225
3406,18388,18029,6176,24367,1642.827
3407,18388,18029,6064,24348,1642.8315
3408,18056,17666,6416,24431,1642.836
3409,18056,17666,6304,24414,1642.8405
3410,18056,17666,6240,24403,1642.845
3411,18056,17666,6128,24367,1642.8495
3412,18056,17666,6016,24329,1642.854
3413,18056,17666,5922,24317,1642.8585
3414,18056,17666,5810,24293,1642.863
3415,18056,17666,5704,24251,1642.8675
3416,18056,17666,5608,24220,1642.872
3417,18056,17666,5506,24184,1642.8765
3418,18056,17666,5410,24143,1642.881
3419,18056,17666,5296,24063,1642.8855
3420,18056,17666,5200,24014,1642.89
3421,17721,17300,5552,24094,1642.8945
3422,17721,17300,5456,24054,1642.899
3423,17721,17300,5392,24027,1642.9035
3424,17721,17300,5296,23974,1642.908
3425,17721,17300,5200,23902,1642.9125
3426,17721,17300,5106,23835,1642.917
3427,17721,17300,5010,23774,1642.9215
3428,17721,17300,4920,23727,1642.926
3429,17721,17300,4824,23676,1642.9305
3430,17721,17300,4738,23630,1642.935
3431,17721,17300,4642,23567,1642.9395
3432,17721,17300,4544,23509,1642.944
3433,17721,17300,4464,23472,1642.9485
3434,17418,16972,4720,23514,1642.953
3435,17418,16972,4640,23481,1642.9575
3436,17418,16972,4576,23466,1642.962
3437,17418,16972,4480,23430,1642.9665
3438,17418,16972,4402,23418,1642.971
3439,17418,16972,4322,23387,1642.9755
3440,17418,16972,4226,23350,1642.98
3441,17418,16972,4152,23341,1642.9845
3442,17418,16972,4056,23325,1642.989
3443,17115,16644,4312,23418,1642.9935
3444,17115,16644,4232,23383,1642.998
3445,17115,16644,4168,23356,1643.0025
3446,17115,16644,4072,23323,1643.007
3447,17115,16644,4002,23319,1643.0115
3448,17115,16644,3922,23311,1643.016
3449,17115,16644,3840,23276,1643.0205
3450,17115,16644,3760,23264,1643.025
3451,17115,16644,3680,23229,1643.0295
3452,17115,16644,3618,23208,1643.034
3453,17115,16644,3538,23164,1643.0385
3454,17115,16644,3464,23129,1643.043
3455,17115,16644,3384,23092,1643.0475
3456,16812,16316,3608,23135,1643.052
3457,16812,16316,3544,23118,1643.0565
3458,16812,16316,3480,23096,1643.061
3459,16812,16316,3400,23051,1643.0655
3460,16812,16316,3330,23014,1643.07
3461,16812,16316,3266,22990,1643.0745
3462,16812,16316,3184,22951,1643.079
3463,16812,16316,3120,22927,1643.0835
3464,16812,16316,3040,22899,1643.088
3465,16812,16316,2962,22894,1643.0925
3466,16812,16316,2898,22888,1643.097
3467,16812,16316,2824,22859,1643.1015
3468,16812,16316,2760,22846,1643.106
3469,16509,15988,2968,22912,1643.1105
3470,16509,15988,2904,22911,1643.115
3471,16509,15988,2856,22911,1643.1195
3472,16509,15988,2792,22909,1643.124
3473,16509,15988,2722,22907,1643.1285
3474,16509,15988,2658,22902,1643.133
3475,16509,15988,2578,22894,1643.1375
3476,16509,15988,2512,22879,1643.142
3477,16206,15660,10648,24446,1643.1465
3478,16206,15660,10482,24423,1643.151
3479,16206,15660,10322,24381,1643.1555
3480,16206,15660,10160,24334,1643.16
3481,16206,15660,10000,24301,1643.1645
3482,16206,15660,9858,24284,1643.169
3483,16206,15660,9698,24249,1643.1735
3484,16206,15660,9544,24206,1643.178
3485,16206,15660,9410,24158,1643.1825
3486,16206,15660,9250,24079,1643.187
3487,16206,15660,9104,24015,1643.1915
3488,16206,15660,8944,23957,1643.196
3489,15903,15332,9440,24031,1643.2005
3490,15903,15332,9296,23984,1643.205
3491,15903,15332,9200,23934,1643.2095
3492,15903,15332,9072,23885,1643.214
3493,15903,15332,8912,23805,1643.2185
3494,15903,15332,8802,23771,1643.223
3495,15903,15332,8658,23726,1643.2275
3496,15903,15332,8504,23669,1643.232
3497,15903,15332,8370,23630,1643.2365
3498,15903,15332,8210,23551,1643.241
3499,15903,15332,8096,23515,1643.2455
3500,15903,15332,7952,23477,1643.25
3501,15600,15004,8450,23599,1643.2545
3502,15600,15004,8338,23583,1643.259
3503,15600,15004,8194,23535,1643.2635
3504,15600,15004,8064,23515,1643.268
3505,15600,15004,7936,23481,1643.2725
3506,15600,15004,7826,23479,1643.277
3507,15600,15004,7698,23452,1643.2815
3508,15600,15004,7560,23422,1643.286
3509,15600,15004,7432,23410,1643.2905
3510,15600,15004,7314,23396,1643.295
3511,15600,15004,7186,23350,1643.2995
3512,15600,15004,7056,23294,1643.304
3513,15600,15004,6928,23269,1643.3085
3514,15297,14676,7360,23388,1643.313
3515,15297,14676,7232,23357,1643.3175
3516,15297,14676,7152,23340,1643.322
3517,15297,14676,7040,23294,1643.3265
3518,15297,14676,6928,23268,1643.331
3519,15297,14676,6818,23231,1643.3355
3520,15297,14676,6706,23188,1643.34
3521,15297,14676,6584,23133,1643.3445
3522,15297,14676,6472,23086,1643.349
3523,15297,14676,6354,23038,1643.3535
3524,15297,14676,6242,23006,1643.358
3525,15297,14676,6128,22967,1643.3625
3526,15297,14676,6016,22926,1643.367
3527,14994,14348,6400,23020,1643.3715
3528,14994,14348,6304,23003,1643.376
3529,14994,14348,6224,22984,1643.3805
3530,14994,14348,6112,22956,1643.385
3531,14994,14348,6018,22942,1643.3895
3532,14994,14348,5906,22919,1643.394
3533,14994,14348,5810,22903,1643.3985
3534,14994,14348,5704,22876,1643.403
3535,14994,14348,5592,22862,1643.4075
3536,14994,14348,5490,22847,1643.412
3537,14994,14348,5378,22838,1643.4165
3538,14994,14348,5280,22827,1643.421
3539,14994,14348,5168,22799,1643.4255
3540,14683,14013,5552,22959,1643.43
3541,14683,14013,5456,22941,1643.4345
3542,14683,14013,5392,22923,1643.439
3543,14683,14013,5296,22908,1643.4435
3544,14683,14013,5200,22878,1643.448
3545,14683,14013,5090,22838,1643.4525
3546,14683,14013,5010,22806,1643.457
3547,14683,14013,4920,22764,1643.4615
3548,14683,14013,4824,22727,1643.466
3549,14683,14013,4722,22687,1643.4705
3550,14683,14013,4626,22645,1643.475
3551,14683,14013,4528,22587,1643.4795
3552,14683,14013,4448,22525,1643.484
3553,14408,13719,4736,22575,1643.4885
3554,14408,13719,4640,22518,1643.493
3555,14408,13719,4576,22492,1643.4975
3556,14408,13719,4480,22438,1643.502
3557,14408,13719,4400,22393,1643.5065
3558,14408,13719,4322,22346,1643.511
3559,14408,13719,4242,22299,1643.5155
3560,14408,13719,4136,22238,1643.52
3561,14408,13719,4056,22203,1643.5245
3562,14408,13719,3986,22188,1643.529
3563,14408,13719,3890,22143,1643.5335
3564,14133,13425,4162,22231,1643.538
3565,14133,13425,4066,22174,1643.5425
3566,14133,13425,4018,22165,1643.547
3567,14133,13425,3938,22134,1643.5515
3568,14133,13425,3856,22108,1643.556
3569,14133,13425,3776,22091,1643.5605
3570,14133,13425,3696,22071,1643.565
3571,14133,13425,3618,22043,1643.5695
3572,14133,13425,3538,22012,1643.574
3573,14133,13425,3464,21991,1643.5785
3574,14133,13425,3384,21980,1643.583
3575,13858,13131,3624,22071,1643.5875
3576,13858,13131,3544,22030,1643.592
3577,13858,13131,3496,22007,1643.5965
3578,13858,13131,3432,21978,1643.601
3579,13858,13131,3352,21935,1643.6055
3580,13858,13131,3282,21909,1643.61
3581,13858,13131,3202,21870,1643.6145
3582,13858,13131,3120,21838,1643.619
3583,13858,13131,3056,21803,1643.6235
3584,13858,13131,2978,21767,1643.628
3585,13858,13131,2914,21738,1643.6325
3586,13858,13131,2840,21691,1643.637
3587,13858,13131,2776,21655,1643.6415
3588,13583,12837,3000,21711,1643.646
3589,13583,12837,2936,21678,1643.6505
3590,13583,12837,2872,21656,1643.655
3591,13583,12837,2808,21623,1643.6595
3592,13583,12837,2744,21612,1643.664
3593,13583,12837,2674,21591,1643.6685
3594,13583,12837,2610,21565,1643.673
3595,13583,12837,2528,21530,1643.6775
3596,13308,12543,10856,22934,1643.682
3597,13308,12543,10664,22906,1643.6865
3598,13308,12543,10498,22891,1643.691
3599,13308,12543,10338,22878,1643.6955
3600,13308,12543,10176,22842,1643.7
3601,13308,12543,10016,22830,1643.7045
3602,13308,12543,9874,22839,1643.709
3603,13308,12543,9714,22831,1643.7135
3604,13308,12543,9576,22831,1643.718
3605,13308,12543,9416,22815,1643.7225
3606,13308,12543,9266,22799,1643.727
3607,13308,12543,9104,22774,1643.7315
3608,13308,12543,8976,22763,1643.736
3609,13308,12543,8834,22747,1643.7405
3610,13308,12543,8674,22717,1643.745
3611,13308,12543,8536,22687,1643.7495
3612,13308,12543,8392,22643,1643.754
3613,13033,12249,8978,22811,1643.7585
3614,13033,12249,8850,22772,1643.763
3615,13033,12249,8690,22719,1643.7675
3616,13033,12249,8568,22695,1643.772
3617,13033,12249,8424,22649,1643.7765
3618,13033,12249,8290,22603,1643.781
3619,13033,12249,8130,22522,1643.7855
3620,13033,12249,8016,22486,1643.79
3621,13033,12249,7888,22439,1643.7945
3622,13033,12249,7762,22398,1643.799
3623,13033,12249,7634,22365,1643.8035
3624,13033,12249,7496,22318,1643.808
3625,13033,12249,7368,22266,1643.8125
3626,12758,11955,7848,22384,1643.817
3627,12758,11955,7736,22351,1643.8215
3628,12758,11955,7640,22333,1643.826
3629,12758,11955,7512,22318,1643.8305
3630,12758,11955,7384,22284,1643.835
3631,12758,11955,7266,22251,1643.8395
3632,12758,11955,7154,22204,1643.844
3633,12758,11955,7024,22167,1643.8485
3634,12758,11955,6896,22137,1643.853
3635,12758,11955,6786,22126,1643.8575
3636,12758,11955,6674,22109,1643.862
3637,12758,11955,6552,22076,1643.8665
3638,12758,11955,6424,22031,1643.871
3639,12483,11661,6872,22159,1643.8755
3640,12483,11661,6744,22124,1643.88
3641,12483,11661,6664,22093,1643.8845
3642,12483,11661,6552,22070,1643.889
3643,12483,11661,6440,22023,1643.8935
3644,12483,11661,6338,21982,1643.898
3645,12483,11661,6226,21934,1643.9025
3646,12483,11661,6112,21863,1643.907
3647,12483,11661,6000,21816,1643.9115
3648,12483,11661,5890,21759,1643.916
3649,12483,11661,5778,21739,1643.9205
3650,12483,11661,5688,21694,1643.925
3651,12483,11661,5576,21654,1643.9295
3652,12208,11367,5976,21744,1643.934
3653,12208,11367,5864,21695,1643.9385
3654,12208,11367,5800,21678,1643.943
3655,12208,11367,5688,21622,1643.9475
3656,12208,11367,5592,21573,1643.952
3657,12208,11367,5490,21535,1643.9565
3658,12208,11367,5378,21491,1643.961
3659,12208,11367,5280,21469,1643.9655
3660,12208,11367,5184,21446,1643.97
3661,12208,11367,5090,21438,1643.9745
3662,12208,11367,4994,21423,1643.979
3663,12208,11367,4888,21406,1643.9835
3664,12208,11367,4792,21399,1643.988
3665,11930,11072,5186,21535,1643.9925
3666,11930,11072,5090,21515,1643.997
3667,11930,11072,4994,21494,1644.0015
3668,11930,11072,4904,21485,1644.006
3669,11930,11072,4808,21478,1644.0105
3670,11930,11072,4722,21470,1644.015
3671,11930,11072,4626,21452,1644.0195
3672,11930,11072,4544,21421,1644.024
3673,11930,11072,4448,21400,1644.0285
3674,11930,11072,4370,21387,1644.033
3675,11930,11072,4274,21368,1644.0375
3676,11930,11072,4184,21338,1644.042
3677,11930,11072,4104,21295,1644.0465
3678,11930,11072,4008,21268,1644.051
3679,11717,10840,4264,21342,1644.0555
3680,11717,10840,4200,21303,1644.06
3681,11717,10840,4104,21240,1644.0645
3682,11717,10840,4024,21215,1644.069
3683,11717,10840,3954,21198,1644.0735
3684,11717,10840,3874,21164,1644.078
3685,11717,10840,3792,21115,1644.0825
3686,11717,10840,3696,21051,1644.087
3687,11504,10608,3904,21084,1644.0915
3688,11504,10608,3856,21064,1644.096
3689,11504,10608,3776,21027,1644.1005
3690,11504,10608,3696,20989,1644.105
3691,11504,10608,3618,20971,1644.1095
3692,11504,10608,3538,20928,1644.114
3693,11504,10608,3464,20894,1644.1185
3694,11504,10608,3384,20862,1644.123
3695,11504,10608,3314,20857,1644.1275
3696,11504,10608,3250,20847,1644.132
3697,11504,10608,3168,20815,1644.1365
3698,11504,10608,3088,20781,1644.141
3699,11291,10376,3296,20859,1644.1455
3700,11291,10376,3232,20844,1644.15
3701,11291,10376,3168,20823,1644.1545
3702,11291,10376,3088,20798,1644.159
3703,11291,10376,3026,20792,1644.1635
3704,11291,10376,2962,20766,1644.168
3705,11291,10376,2882,20725,1644.1725
3706,11291,10376,2808,20686,1644.177
3707,11291,10376,2744,20664,1644.1815
3708,11291,10376,2674,20638,1644.186
3709,11291,10376,2594,20597,1644.1905
3710,11291,10376,2528,20543,1644.195
3711,11078,10144,10914,21884,1644.1995
3712,11078,10144,10728,21820,1644.204
3713,11078,10144,10552,21758,1644.2085
3714,11078,10144,10402,21721,1644.213
3715,11078,10144,10226,21663,1644.2175
3716,11078,10144,10064,21622,1644.222
3717,11078,10144,9922,21589,1644.2265
3718,11078,10144,9746,21531,1644.231
3719,10865,9912,10242,21644,1644.2355
3720,10865,9912,10098,21623,1644.24
3721,10865,9912,9986,21595,1644.2445
3722,10865,9912,9842,21566,1644.249
3723,10865,9912,9672,21527,1644.2535
3724,10865,9912,9528,21496,1644.258
3725,10865,9912,9378,21477,1644.2625
3726,10865,9912,9234,21453,1644.267
3727,10865,9912,9072,21433,1644.2715
3728,10865,9912,8928,21422,1644.276
3729,10865,9912,8786,21430,1644.2805
3730,10865,9912,8642,21415,1644.285
3731,10865,9912,8488,21399,1644.2895
3732,10652,9680,8978,21535,1644.294
3733,10652,9680,8850,21526,1644.2985
3734,10652,9680,8690,21494,1644.303
3735,10652,9680,8568,21483,1644.3075
3736,10652,9680,8424,21467,1644.312
3737,10652,9680,8290,21451,1644.3165
3738,10652,9680,8146,21429,1644.321
3739,10652,9680,8016,21399,1644.3255
3740,10652,9680,7888,21370,1644.33
3741,10652,9680,7762,21356,1644.3345
3742,10652,9680,7634,21326,1644.339
3743,10652,9680,7496,21287,1644.3435
3744,10652,9680,7368,21239,1644.348
3745,10439,9448,7784,21344,1644.3525
3746,10439,9448,7688,21303,1644.357
3747,10439,9448,7576,21270,1644.3615
3748,10439,9448,7448,21222,1644.366
3749,10439,9448,7330,21191,1644.3705
3750,10439,9448,7202,21145,1644.375
3751,10439,9448,7072,21094,1644.3795
3752,10439,9448,6944,21048,1644.384
3753,10439,9448,6834,21015,1644.3885
3754,10439,9448,6706,20966,1644.393
3755,10439,9448,6584,20926,1644.3975
3756,10439,9448,6472,20907,1644.402
3757,10226,9216,6840,20983,1644.4065
3758,10226,9216,6728,20955,1644.411
3759,10226,9216,6648,20918,1644.4155
3760,10226,9216,6536,20892,1644.42
3761,10226,9216,6418,20876,1644.4245
3762,10226,9216,6306,20856,1644.429
3763,10226,9216,6192,20826,1644.4335
3764,10226,9216,6064,20783,1644.438
3765,10226,9216,5970,20758,1644.4425
3766,10226,9216,5858,20718,1644.447
3767,10226,9216,5768,20696,1644.4515
3768,10226,9216,5640,20661,1644.456
3769,10013,8984,6050,20846,1644.4605
3770,10013,8984,5938,20807,1644.465
3771,10013,8984,5842,20763,1644.4695
3772,10013,8984,5736,20702,1644.474
3773,10013,8984,5624,20639,1644.4785
3774,10013,8984,5522,20599,1644.483
3775,10013,8984,5426,20563,1644.4875
3776,10013,8984,5328,20507,1644.492
3777,10013,8984,5216,20450,1644.4965
3778,10013,8984,5122,20404,1644.501
3779,10013,8984,5026,20359,1644.5055
3780,9798,8748,5346,20445,1644.51
3781,9798,8748,5250,20396,1644.5145
3782,9798,8748,5186,20365,1644.519
3783,9798,8748,5090,20326,1644.5235
3784,9798,8748,4994,20283,1644.528
3785,9798,8748,4904,20252,1644.5325
3786,9798,8748,4808,20207,1644.537
3787,9798,8748,4722,20186,1644.5415
3788,9798,8748,4626,20150,1644.546
3789,9798,8748,4528,20112,1644.5505
3790,9798,8748,4448,20090,1644.555
3791,9798,8748,4354,20069,1644.5595
3792,9798,8748,4274,20061,1644.564
3793,9637,8543,4498,20154,1644.5685
3794,9637,8543,4418,20138,1644.573
3795,9637,8543,4338,20122,1644.5775
3796,9637,8543,4258,20110,1644.582
3797,9637,8543,4168,20087,1644.5865
3798,9637,8543,4072,20062,1644.591
3799,9637,8543,4002,20055,1644.5955
3800,9637,8543,3906,20029,1644.6
3801,9637,8543,3824,20011,1644.6045
3802,9637,8543,3744,19993,1644.609
3803,9476,8338,3952,20060,1644.6135
3804,9476,8338,3872,20027,1644.618
3805,9476,8338,3808,19997,1644.6225
3806,9476,8338,3728,19959,1644.627
3807,9476,8338,3650,19932,1644.6315
3808,9476,8338,3570,19899,1644.636
3809,9476,8338,3496,19871,1644.6405
3810,9476,8338,3416,19837,1644.645
3811,9476,8338,3330,19790,1644.6495
3812,9476,8338,3266,19758,1644.654
3813,9476,8338,3186,19706,1644.6585
3814,9476,8338,3104,19654,1644.663
3815,9476,8338,3024,19630,1644.6675
3816,9315,8133,3232,19704,1644.672
3817,9315,8133,3168,19675,1644.6765
3818,9315,8133,3104,19640,1644.681
3819,9315,8133,3024,19599,1644.6855
3820,9315,8133,2962,19576,1644.69
3821,9315,8133,2882,19548,1644.6945
3822,9315,8133,2808,19518,1644.699
3823,9315,8133,2744,19515,1644.7035
3824,9154,7928,2920,19581,1644.708
3825,9154,7928,2872,19566,1644.7125
3826,9154,7928,2792,19531,1644.717
3827,9154,7928,2728,19509,1644.7215
3828,9154,7928,2658,19487,1644.726
3829,9154,7928,2594,19471,1644.7305
3830,9154,7928,2512,19444,1644.735
3831,8993,7723,10962,20813,1644.7395
3832,8993,7723,10792,20759,1644.744
3833,8993,7723,10632,20717,1644.7485
3834,8993,7723,10466,20684,1644.753
3835,8993,7723,10290,20640,1644.7575
3836,8993,7723,10144,20589,1644.762
3837,8993,7723,9984,20533,1644.7665
3838,8993,7723,9826,20487,1644.771
3839,8993,7723,9682,20443,1644.7755
3840,8993,7723,9528,20383,1644.78
3841,8993,7723,9378,20335,1644.7845
3842,8993,7723,9218,20271,1644.789
3843,8993,7723,9072,20219,1644.7935
3844,8993,7723,8912,20174,1644.798
3845,8832,7518,9344,20251,1644.8025
3846,8832,7518,9232,20209,1644.807
3847,8832,7518,9088,20158,1644.8115
3848,8832,7518,8944,20120,1644.816
3849,8832,7518,8818,20086,1644.8205
3850,8832,7518,8674,20038,1644.825
3851,8832,7518,8520,19989,1644.8295
3852,8832,7518,8392,19947,1644.834
3853,8832,7518,8242,19916,1644.8385
3854,8832,7518,8096,19880,1644.843
3855,8832,7518,7968,19862,1644.8475
3856,8671,7313,8368,20028,1644.852
3857,8671,7313,8224,19982,1644.8565
3858,8671,7313,8144,19966,1644.861
3859,8671,7313,8016,19960,1644.8655
3860,8671,7313,7888,19943,1644.87
3861,8671,7313,7746,19927,1644.8745
3862,8671,7313,7634,19912,1644.879
3863,8671,7313,7496,19887,1644.8835
3864,8671,7313,7362,19868,1644.888
3865,8671,7313,7250,19839,1644.8925
3866,8671,7313,7104,19802,1644.897
3867,8671,7313,6992,19787,1644.9015
3868,8510,7108,7360,19925,1644.906
3869,8510,7108,7232,19887,1644.9105
3870,8510,7108,7152,19868,1644.915
3871,8510,7108,7024,19834,1644.9195
3872,8510,7108,6898,19798,1644.924
3873,8510,7108,6786,19747,1644.9285
3874,8510,7108,6674,19702,1644.933
3875,8510,7108,6568,19670,1644.9375
3876,8510,7108,6434,19619,1644.942
3877,8510,7108,6322,19575,1644.9465
3878,8510,7108,6208,19515,1644.951
3879,8510,7108,6096,19472,1644.9555
3880,8349,6903,6432,19631,1644.96
3881,8349,6903,6320,19583,1644.9645
3882,8349,6903,6240,19555,1644.969
3883,8349,6903,6128,19511,1644.9735
3884,8349,6903,6032,19485,1644.978
3885,8349,6903,5922,19451,1644.9825
3886,8349,6903,5810,19420,1644.987
3887,8349,6903,5704,19380,1644.9915
3888,8349,6903,5608,19351,1644.996
3889,8349,6903,5490,19326,1645.0005
3890,8349,6903,5394,19310,1645.005
3891,8349,6903,5296,19279,1645.0095
3892,8349,6903,5184,19229,1645.014
3893,8182,6698,5504,19386,1645.0185
3894,8182,6698,5408,19361,1645.023
3895,8182,6698,5328,19341,1645.0275
3896,8182,6698,5232,19311,1645.032
3897,8182,6698,5138,19279,1645.0365
3898,8182,6698,5042,19231,1645.041
3899,8182,6698,4936,19179,1645.0455
3900,8182,6698,4840,19128,1645.05
3901,8182,6698,4754,19100,1645.0545
3902,8182,6698,4658,19054,1645.059
3903,8182,6698,4560,18997,1645.0635
3904,8182,6698,4464,18936,1645.068
3905,7981,6521,4784,19162,1645.0725
3906,7981,6521,4672,19070,1645.077
3907,7981,6521,4608,19029,1645.0815
3908,7981,6521,4528,18990,1645.086
3909,7981,6521,4448,18934,1645.0905
3910,7981,6521,4354,18877,1645.095
3911,7981,6521,4274,18843,1645.0995
3912,7981,6521,4184,18782,1645.104
3913,7981,6521,4088,18716,1645.1085
3914,7981,6521,4002,18679,1645.113
3915,7981,6521,3922,18651,1645.1175
3916,7780,6344,4194,18847,1645.122
3917,7780,6344,4114,18810,1645.1265
3918,7780,6344,4050,18783,1645.131
3919,7780,6344,3970,18747,1645.1355
3920,7780,6344,3890,18729,1645.14
3921,7780,6344,3808,18682,1645.1445
3922,7780,6344,3728,18667,1645.149
3923,7780,6344,3650,18654,1645.1535
3924,7780,6344,3570,18637,1645.158
3925,7780,6344,3496,18618,1645.1625
3926,7780,6344,3416,18591,1645.167
3927,7579,6167,3656,18815,1645.1715
3928,7579,6167,3592,18799,1645.176
3929,7579,6167,3528,18792,1645.1805
3930,7579,6167,3448,18767,1645.185
3931,7579,6167,3384,18743,1645.1895
3932,7579,6167,3298,18710,1645.194
3933,7579,6167,3218,18669,1645.1985
3934,7579,6167,3152,18637,1645.203
3935,7579,6167,3072,18589,1645.2075
3936,7579,6167,3010,18586,1645.212
3937,7579,6167,2930,18551,1645.2165
3938,7579,6167,2856,18509,1645.221
3939,7579,6167,2792,18471,1645.2255
3940,7378,5990,3042,18678,1645.23
3941,7378,5990,2962,18644,1645.2345
3942,7378,5990,2898,18614,1645.239
3943,7378,5990,2824,18567,1645.2435
3944,7378,5990,2760,18542,1645.248
3945,7378,5990,2674,18494,1645.2525
3946,7378,5990,2610,18462,1645.257
3947,7378,5990,2544,18417,1645.2615
3948,7177,5813,11312,19774,1645.266
3949,7177,5813,11136,19739,1645.2705
3950,7177,5813,10978,19725,1645.275
3951,7177,5813,10808,19679,1645.2795
3952,7177,5813,10648,19643,1645.284
3953,7177,5813,10482,19607,1645.2885
3954,7177,5813,10322,19581,1645.293
3955,7177,5813,10144,19559,1645.2975
3956,7177,5813,10000,19549,1645.302
3957,7177,5813,9842,19535,1645.3065
3958,7177,5813,9688,19499,1645.311
3959,7177,5813,9512,19447,1645.3155
3960,7177,5813,9378,19419,1645.32
3961,7177,5813,9202,19382,1645.3245
3962,7177,5813,9056,19354,1645.329
3963,7177,5813,8912,19323,1645.3335
3964,6976,5636,9456,19549,1645.338
3965,6976,5636,9312,19486,1645.3425
3966,6976,5636,9200,19439,1645.347
3967,6976,5636,9056,19390,1645.3515
3968,6976,5636,8928,19357,1645.356
3969,6976,5636,8786,19324,1645.3605
3970,6976,5636,8658,19292,1645.365
3971,6976,5636,8504,19224,1645.3695
3972,6976,5636,8360,19163,1645.374
3973,6976,5636,8226,19099,1645.3785
3974,6976,5636,8096,19038,1645.383
3975,6976,5636,7952,18974,1645.3875
3976,6976,5636,7810,18926,1645.392
3977,6976,5636,7682,18875,1645.3965
3978,6976,5636,7560,18845,1645.401
3979,6976,5636,7416,18800,1645.4055
3980,6775,5459,7954,19096,1645.41
3981,6775,5459,7858,19069,1645.4145
3982,6775,5459,7730,19037,1645.419
3983,6775,5459,7608,19000,1645.4235
3984,6775,5459,7464,18954,1645.428
3985,6775,5459,7346,18926,1645.4325
3986,6775,5459,7218,18894,1645.437
3987,6775,5459,7104,18864,1645.4415
3988,6775,5459,6976,18846,1645.446
3989,6775,5459,6866,18846,1645.4505
3990,6775,5459,6738,18822,1645.455
3991,6775,5459,6616,18795,1645.4595
3992,6775,5459,6504,18774,1645.464
3993,6574,5282,6962,19035,1645.4685
3994,6574,5282,6866,19007,1645.473
3995,6574,5282,6738,18974,1645.4775
3996,6574,5282,6632,18937,1645.482
3997,6574,5282,6520,18911,1645.4865
3998,6574,5282,6386,18871,1645.491
3999,6574,5282,6290,18844,1645.4955
4000,6574,5282,6160,18779,1645.5
4001,6574,5282,6064,18750,1645.5045
4002,6574,5282,5954,18719,1645.509
4003,6574,5282,5842,18686,1645.5135
4004,6574,5282,5736,18654,1645.518
4005,6574,5282,5624,18612,1645.5225
4006,6373,5105,6050,18847,1645.527
4007,6373,5105,5970,18814,1645.5315
4008,6373,5105,5858,18774,1645.536
4009,6373,5105,5752,18734,1645.5405
4010,6373,5105,5656,18700,1645.545
4011,6373,5105,5554,18671,1645.5495
4012,6373,5105,5442,18636,1645.554
4013,6373,5105,5344,18598,1645.5585
4014,6373,5105,5232,18571,1645.563
4015,6373,5105,5138,18556,1645.5675
4016,6373,5105,5042,18551,1645.572
4017,6373,5105,4952,18526,1645.5765
4018,6373,5105,4840,18491,1645.581
4019,6163,4921,5250,18760,1645.5855
4020,6163,4921,5170,18743,1645.59
4021,6163,4921,5074,18716,1645.5945
4022,6163,4921,4978,18688,1645.599
4023,6163,4921,4888,18677,1645.6035
4024,6163,4921,4792,18655,1645.608
4025,6163,4921,4706,18638,1645.6125
4026,6163,4921,4610,18589,1645.617
4027,6163,4921,4512,18552,1645.6215
4028,6163,4921,4432,18527,1645.626
4029,6163,4921,4338,18491,1645.6305
4030,6163,4921,4258,18456,1645.635
4031,6163,4921,4168,18399,1645.6395
4032,6163,4921,4072,18338,1645.644
4033,6037,4771,4296,18447,1645.6485
4034,6037,4771,4232,18411,1645.653
4035,6037,4771,4136,18359,1645.6575
4036,6037,4771,4056,18316,1645.662
4037,6037,4771,3986,18283,1645.6665
4038,6037,4771,3890,18221,1645.671
4039,6037,4771,3808,18158,1645.6755
4040,6037,4771,3728,18110,1645.68
4041,6037,4771,3650,18069,1645.6845
4042,6037,4771,3570,18023,1645.689
4043,6037,4771,3496,17979,1645.6935
4044,6037,4771,3416,17927,1645.698
4045,5911,4621,3608,18025,1645.7025
4046,5911,4621,3528,17982,1645.707
4047,5911,4621,3464,17957,1645.7115
4048,5911,4621,3400,17940,1645.716
4049,5911,4621,3314,17911,1645.7205
4050,5911,4621,3250,17900,1645.725
4051,5911,4621,3168,17856,1645.7295
4052,5911,4621,3088,17823,1645.734
4053,5911,4621,3026,17813,1645.7385
4054,5911,4621,2946,17774,1645.743
4055,5911,4621,2866,17759,1645.7475
4056,5911,4621,2792,17735,1645.752
4057,5911,4621,2728,17723,1645.7565
4058,5785,4471,2920,17854,1645.761
4059,5785,4471,2856,17835,1645.7655
4060,5785,4471,2792,17803,1645.77
4061,5785,4471,2706,17773,1645.7745
4062,5785,4471,2642,17752,1645.779
4063,5785,4471,2578,17717,1645.7835
4064,5785,4471,2512,17679,1645.788
4065,5659,4321,11280,18903,1645.7925
4066,5659,4321,11106,18870,1645.797
4067,5659,4321,10930,18815,1645.8015
4068,5659,4321,10760,18765,1645.806
4069,5659,4321,10584,18731,1645.8105
4070,5659,4321,10418,18686,1645.815
4071,5659,4321,10258,18648,1645.8195
4072,5659,4321,10096,18607,1645.824
4073,5659,4321,9938,18572,1645.8285
4074,5659,4321,9762,18523,1645.833
4075,5533,4171,10210,18687,1645.8375
4076,5533,4171,10082,18678,1645.842
4077,5533,4171,9954,18653,1645.8465
4078,5533,4171,9794,18619,1645.851
4079,5533,4171,9640,18588,1645.8555
4080,5533,4171,9480,18543,1645.86
4081,5533,4171,9330,18530,1645.8645
4082,5533,4171,9170,18520,1645.869
4083,5533,4171,9024,18492,1645.8735
4084,5533,4171,8882,18488,1645.878
4085,5533,4171,8738,18446,1645.8825
4086,5533,4171,8584,18414,1645.887
4087,5533,4171,8440,18390,1645.8915
4088,5407,4021,8856,18601,1645.896
4089,5407,4021,8712,18557,1645.9005
4090,5407,4021,8616,18552,1645.905
4091,5407,4021,8472,18516,1645.9095
4092,5407,4021,8322,18460,1645.914
4093,5407,4021,8178,18415,1645.9185
4094,5407,4021,8048,18382,1645.923
4095,5407,4021,7920,18350,1645.9275
4096,5407,4021,7778,18318,1645.932
4097,5407,4021,7650,18278,1645.9365
4098,5407,4021,7528,18228,1645.941
4099,5407,4021,7384,18157,1645.9455
4100,5281,3871,7768,18301,1645.95
4101,5281,3871,7672,18263,1645.9545
4102,5281,3871,7560,18227,1645.959
4103,5281,3871,7432,18171,1645.9635
4104,5281,3871,7298,18123,1645.968
4105,5281,3871,7170,18046,1645.9725
4106,5281,3871,7056,18011,1645.977
4107,5281,3871,6928,17957,1645.9815
4108,5281,3871,6802,17912,1645.986
4109,5281,3871,6690,17877,1645.9905
4110,5281,3871,6568,17833,1645.995
4111,5281,3871,6456,17788,1645.9995
4112,5155,3721,6792,17966,1646.004
4113,5155,3721,6712,17942,1646.0085
4114,5155,3721,6584,17902,1646.013
4115,5155,3721,6488,17878,1646.0175
4116,5155,3721,6370,17847,1646.022
4117,5155,3721,6242,17812,1646.0265
4118,5155,3721,6128,17767,1646.031
4119,5155,3721,6032,17750,1646.0355
4120,5155,3721,5922,17719,1646.04
4121,5155,3721,5810,17689,1646.0445
4122,5155,3721,5688,17643,1646.049
4123,5155,3721,5592,17619,1646.0535
4124,5029,3571,5912,17816,1646.058
4125,5029,3571,5832,17786,1646.0625
4126,5029,3571,5720,17743,1646.067
4127,5029,3571,5608,17694,1646.0715
4128,5029,3571,5522,17659,1646.076
4129,5029,3571,5410,17615,1646.0805
4130,5029,3571,5296,17563,1646.085
4131,5029,3571,5200,17515,1646.0895
4132,5029,3571,5106,17467,1646.094
4133,5029,3571,5010,17419,1646.0985
4134,5029,3571,4920,17374,1646.103
4135,5029,3571,4824,17335,1646.1075
4136,4896,3417,5112,17519,1646.112
4137,4896,3417,5016,17487,1646.1165
4138,4896,3417,4952,17464,1646.121
4139,4896,3417,4856,17406,1646.1255
4140,4896,3417,4770,17382,1646.13
4141,4896,3417,4674,17338,1646.1345
4142,4896,3417,4576,17297,1646.139
4143,4896,3417,4480,17270,1646.1435
4144,4896,3417,4402,17263,1646.148
4145,4896,3417,4306,17237,1646.1525
4146,4896,3417,4210,17196,1646.157
4147,4896,3417,4120,17147,1646.1615
4148,4896,3417,4040,17135,1646.166
4149,4764,3281,4296,17390,1646.1705
4150,4764,3281,4232,17375,1646.175
4151,4764,3281,4136,17354,1646.1795
4152,4764,3281,4056,17327,1646.184
4153,4764,3281,3970,17292,1646.1885
4154,4764,3281,3890,17270,1646.193
4155,4764,3281,3808,17231,1646.1975
4156,4764,3281,3728,17209,1646.202
4157,4764,3281,3634,17182,1646.2065
4158,4764,3281,3554,17142,1646.211
4159,4764,3281,3480,17107,1646.2155
4160,4764,3281,3400,17053,1646.22
4161,4632,3145,3624,17246,1646.2245
4162,4632,3145,3544,17199,1646.229
4163,4632,3145,3496,17175,1646.2335
4164,4632,3145,3416,17127,1646.238
4165,4632,3145,3330,17062,1646.2425
4166,4632,3145,3250,17006,1646.247
4167,4632,3145,3186,16954,1646.2515
4168,4632,3145,3104,16883,1646.256
4169,4632,3145,3040,16848,1646.2605
4170,4632,3145,2962,16814,1646.265
4171,4632,3145,2882,16756,1646.2695
4172,4632,3145,2808,16695,1646.274
4173,4632,3145,2744,16656,1646.2785
4174,4500,3009,2952,16859,1646.283
4175,4500,3009,2888,16828,1646.2875
4176,4500,3009,2824,16796,1646.292
4177,4500,3009,2760,16762,1646.2965
4178,4500,3009,2690,16727,1646.301
4179,4500,3009,2610,16687,1646.3055
4180,4500,3009,2544,16636,1646.31
4181,4368,2873,11618,18013,1646.3145
4182,4368,2873,11426,17973,1646.319
4183,4368,2873,11232,17914,1646.3235
4184,4368,2873,11058,17900,1646.328
4185,4368,2873,10914,17872,1646.3325
4186,4368,2873,10728,17823,1646.337
4187,4368,2873,10552,17782,1646.3415
4188,4368,2873,10386,17749,1646.346
4189,4368,2873,10224,17690,1646.3505
4190,4368,2873,10064,17653,1646.355
4191,4368,2873,9890,17616,1646.3595
4192,4368,2873,9730,17558,1646.364
4193,4236,2737,10242,17807,1646.3685
4194,4236,2737,10098,17775,1646.373
4195,4236,2737,9986,17734,1646.3775
4196,4236,2737,9826,17692,1646.382
4197,4236,2737,9672,17643,1646.3865
4198,4236,2737,9528,17596,1646.391
4199,4236,2737,9362,17534,1646.3955
4200,4236,2737,9202,17469,1646.4
4201,4236,2737,9056,17421,1646.4045
4202,4236,2737,8912,17384,1646.409
4203,4236,2737,8770,17343,1646.4135
4204,4236,2737,8616,17308,1646.418
4205,4236,2737,8488,17266,1646.4225
4206,4104,2601,8936,17519,1646.427
4207,4104,2601,8776,17469,1646.4315
4208,4104,2601,8680,17447,1646.436
4209,4104,2601,8552,17432,1646.4405
4210,4104,2601,8408,17404,1646.445
4211,4104,2601,8274,17392,1646.4495
4212,4104,2601,8114,17367,1646.454
4213,4104,2601,7984,17327,1646.4585
4214,4104,2601,7842,17309,1646.463
4215,4104,2601,7714,17278,1646.4675
4216,4104,2601,7592,17271,1646.472
4217,4104,2601,7464,17259,1646.4765
4218,3972,2465,7880,17550,1646.481
4219,3972,2465,7752,17518,1646.4855
4220,3972,2465,7656,17487,1646.49
4221,3972,2465,7528,17463,1646.4945
4222,3972,2465,7400,17424,1646.499
4223,3972,2465,7266,17391,1646.5035
4224,3972,2465,7154,17358,1646.508
4225,3972,2465,7024,17310,1646.5125
4226,3972,2465,6898,17269,1646.517
4227,3972,2465,6770,17213,1646.5215
4228,3972,2465,6648,17146,1646.526
4229,3972,2465,6536,17111,1646.5305
4230,3840,2329,6920,17358,1646.535
4231,3840,2329,6792,17308,1646.5395
4232,3840,2329,6712,17269,1646.544
4233,3840,2329,6600,17214,1646.5485
4234,3840,2329,6488,17167,1646.553
4235,3840,2329,6370,17117,1646.5575
4236,3840,2329,6258,17079,1646.562
4237,3840,2329,6144,17006,1646.5665
4238,3840,2329,6032,16972,1646.571
4239,3840,2329,5922,16919,1646.5755
4240,3840,2329,5810,16874,1646.58
4241,3840,2329,5704,16830,1646.5845
4242,3840,2329,5592,16795,1646.589
4243,3708,2193,5928,17083,1646.5935
4244,3708,2193,5832,17054,1646.598
4245,3708,2193,5752,17022,1646.6025
4246,3708,2193,5656,16991,1646.607
4247,3708,2193,5554,16959,1646.6115
4248,3708,2193,5442,16911,1646.616
4249,3708,2193,5328,16871,1646.6205
4250,3708,2193,5232,16830,1646.625
4251,3708,2193,5138,16798,1646.6295
4252,3708,2193,5026,16758,1646.634
4253,3708,2193,4936,16718,1646.6385
4254,3708,2193,4840,16667,1646.643
4255,32899,41225,7864,31214,1646.6475
4256,32899,41225,7720,31140,1646.652
4257,32899,41225,7592,31083,1646.6565
4258,32899,41225,7432,30987,1646.661
4259,32899,41225,7314,30925,1646.6655
4260,32899,41225,7186,30831,1646.67
4261,32899,41225,7056,30735,1646.6745
4262,32899,41225,6960,30678,1646.679
4263,32401,40508,7378,30590,1646.6835
4264,32401,40508,7282,30542,1646.688
4265,32401,40508,7154,30457,1646.6925
4266,32401,40508,7056,30399,1646.697
4267,32401,40508,6944,30342,1646.7015
4268,32401,40508,6834,30311,1646.706
4269,32401,40508,6738,30270,1646.7105
4270,32401,40508,6616,30227,1646.715
4271,32401,40508,6504,30191,1646.7195
4272,32401,40508,6402,30143,1646.724
4273,32401,40508,6306,30124,1646.7285
4274,31903,39791,6658,30046,1646.733
4275,31903,39791,6562,30046,1646.7375
4276,31903,39791,6482,30046,1646.742
4277,31903,39791,6370,30045,1646.7465
4278,31903,39791,6274,30039,1646.751
4279,31903,39791,6160,30010,1646.7555
4280,31903,39791,6064,29999,1646.76
4281,31903,39791,5970,29997,1646.7645
4282,31903,39791,5874,29980,1646.769
4283,31903,39791,5768,29975,1646.7735
4284,31903,39791,5672,29967,1646.778
4285,31903,39791,5570,29943,1646.7825
4286,31903,39791,5474,29917,1646.787
4287,31903,39791,5378,29878,1646.7915
4288,31405,39074,5698,29803,1646.796
4289,31405,39074,5618,29787,1646.8005
4290,31405,39074,5538,29759,1646.805
4291,31405,39074,5458,29735,1646.8095
4292,31405,39074,5344,29655,1646.814
4293,31405,39074,5264,29599,1646.8185
4294,31405,39074,5170,29551,1646.823
4295,31405,39074,5074,29499,1646.8275
4296,31405,39074,4978,29447,1646.832
4297,31405,39074,4904,29415,1646.8365
4298,31405,39074,4808,29367,1646.841
4299,30900,38351,5096,29232,1646.8455
4300,30900,38351,5016,29181,1646.85
4301,30900,38351,4952,29166,1646.8545
4302,30900,38351,4856,29116,1646.859
4303,30900,38351,4786,29110,1646.8635
4304,30900,38351,4690,29081,1646.868
4305,30900,38351,4610,29036,1646.8725
4306,30900,38351,4528,29006,1646.877
4307,30900,38351,4448,28973,1646.8815
4308,30900,38351,4354,28933,1646.886
4309,30900,38351,4274,28926,1646.8905
4310,30900,38351,4200,28918,1646.895
4311,30900,38351,4104,28891,1646.8995
4312,30900,38351,4034,28887,1646.904
4313,30900,38351,3938,28863,1646.9085
4314,30900,38351,3874,28855,1646.913
4315,30384,37695,4130,28767,1646.9175
4316,30384,37695,4050,28735,1646.922
4317,30384,37695,4002,28719,1646.9265
4318,30384,37695,3922,28679,1646.931
4319,30384,37695,3840,28627,1646.9355
4320,30384,37695,3760,28604,1646.94
4321,30384,37695,3680,28559,1646.9445
4322,30384,37695,3618,28532,1646.949
4323,30384,37695,3538,28489,1646.9535
4324,29868,37039,3794,28415,1646.958
4325,29868,37039,3730,28384,1646.9625
4326,29868,37039,3666,28342,1646.967
4327,29868,37039,3602,28279,1646.9715
4328,29868,37039,3512,28205,1646.976
4329,29868,37039,3448,28155,1646.9805
4330,29868,37039,3368,28123,1646.985
4331,29868,37039,3298,28094,1646.9895
4332,29868,37039,3234,28067,1646.994
4333,29868,37039,3152,28014,1646.9985
4334,29868,37039,3088,27978,1647.003
4335,29352,36383,3328,27924,1647.0075
4336,29352,36383,3248,27927,1647.012
4337,29352,36383,3184,27903,1647.0165
4338,29352,36383,3120,27902,1647.021
4339,29352,36383,3056,27890,1647.0255
4340,29352,36383,2994,27888,1647.03
4341,29352,36383,2930,27872,1647.0345
4342,29352,36383,2856,27869,1647.039
4343,29352,36383,2792,27884,1647.0435
4344,29352,36383,2722,27902,1647.048
4345,29352,36383,2658,27927,1647.0525
4346,29352,36383,2594,27918,1647.057
4347,29352,36383,2528,27893,1647.0615
4348,28836,35727,10370,30295,1647.066
4349,28836,35727,10176,30231,1647.0705
4350,28836,35727,10032,30207,1647.075
4351,28836,35727,9890,30199,1647.0795
4352,28836,35727,9746,30150,1647.084
4353,28836,35727,9576,30075,1647.0885
4354,28836,35727,9458,30022,1647.093
4355,28836,35727,9298,29963,1647.0975
4356,28836,35727,9136,29910,1647.102
4357,28836,35727,9008,29878,1647.1065
4358,28320,35071,9538,29839,1647.111
4359,28320,35071,9442,29790,1647.1155
4360,28320,35071,9282,29685,1647.12
4361,28320,35071,9136,29598,1647.1245
4362,28320,35071,9008,29539,1647.129
4363,28320,35071,8882,29495,1647.1335
4364,28320,35071,8722,29421,1647.138
4365,28320,35071,8584,29365,1647.1425
4366,28320,35071,8440,29294,1647.147
4367,28320,35071,8306,29240,1647.1515
4368,28320,35071,8162,29174,1647.156
4369,28320,35071,8048,29148,1647.1605
4370,27804,34415,8562,29182,1647.165
4371,27804,34415,8450,29142,1647.1695
4372,27804,34415,8338,29110,1647.174
4373,27804,34415,8194,29035,1647.1785
4374,27804,34415,8064,28988,1647.183
4375,27804,34415,7936,28949,1647.1875
4376,27804,34415,7826,28939,1647.192
4377,27804,34415,7698,28899,1647.1965
4378,27804,34415,7560,28857,1647.201
4379,27804,34415,7448,28824,1647.2055
4380,27804,34415,7314,28775,1647.21
4381,27804,34415,7186,28718,1647.2145
4382,27804,34415,7056,28663,1647.219
4383,27804,34415,6944,28621,1647.2235
4384,27288,33759,7408,28575,1647.228
4385,27288,33759,7264,28480,1647.2325
4386,27288,33759,7200,28440,1647.237
4387,27288,33759,7088,28382,1647.2415
4388,27288,33759,6960,28318,1647.246
4389,27288,33759,6866,28276,1647.2505
4390,27288,33759,6738,28207,1647.255
4391,27288,33759,6632,28135,1647.2595
4392,27288,33759,6520,28071,1647.264
4393,27288,33759,6402,27996,1647.2685
4394,27288,33759,6290,27933,1647.273
4395,26772,33103,6728,27893,1647.2775
4396,26772,33103,6632,27834,1647.282
4397,26772,33103,6520,27772,1647.2865
4398,26772,33103,6418,27735,1647.291
4399,26772,33103,6322,27695,1647.2955
4400,26772,33103,6208,27627,1647.3
4401,26772,33103,6096,27592,1647.3045
4402,26772,33103,6002,27575,1647.309
4403,26772,33103,5906,27563,1647.3135
4404,26772,33103,5800,27547,1647.318
4405,26772,33103,5688,27517,1647.3225
4406,26256,32447,6066,27511,1647.327
4407,26256,32447,6002,27495,1647.3315
4408,26256,32447,5906,27475,1647.336
4409,26256,32447,5800,27451,1647.3405
4410,26256,32447,5704,27444,1647.345
4411,26256,32447,5602,27448,1647.3495
4412,26256,32447,5506,27439,1647.354
4413,26256,32447,5426,27438,1647.3585
4414,26256,32447,5312,27389,1647.363
4415,26256,32447,5216,27373,1647.3675
4416,26256,32447,5122,27351,1647.372
4417,26256,32447,5042,27355,1647.3765
4418,26256,32447,4952,27325,1647.381
4419,26256,32447,4856,27279,1647.3855
4420,25736,31790,5218,27254,1647.39
4421,25736,31790,5138,27206,1647.3945
4422,25736,31790,5058,27175,1647.399
4423,25736,31790,4968,27150,1647.4035
4424,25736,31790,4872,27123,1647.408
4425,25736,31790,4786,27104,1647.4125
4426,25736,31790,4706,27062,1647.417
4427,25736,31790,4626,27019,1647.4215
4428,25736,31790,4528,26972,1647.426
4429,25736,31790,4448,26935,1647.4305
4430,25736,31790,4370,26919,1647.435
4431,25736,31790,4290,26878,1647.4395
4432,25736,31790,4200,26860,1647.444
4433,25736,31790,4120,26837,1647.4485
4434,25736,31790,4050,26823,1647.453
4435,25736,31790,3954,26815,1647.4575
4436,25736,31790,3874,26814,1647.462
4437,25317,31243,4130,26814,1647.4665
4438,25317,31243,4066,26812,1647.471
4439,25317,31243,4002,26808,1647.4755
4440,25317,31243,3922,26799,1647.48
4441,25317,31243,3840,26764,1647.4845
4442,25317,31243,3760,26766,1647.489
4443,25317,31243,3698,26763,1647.4935
4444,25317,31243,3618,26744,1647.498
4445,25317,31243,3538,26735,1647.5025
4446,25317,31243,3464,26711,1647.507
4447,25317,31243,3400,26686,1647.5115
4448,24898,30696,3624,26607,1647.516
4449,24898,30696,3544,26584,1647.5205
4450,24898,30696,3496,26563,1647.525
4451,24898,30696,3416,26525,1647.5295
4452,24898,30696,3346,26486,1647.534
4453,24898,30696,3282,26443,1647.5385
4454,24898,30696,3202,26363,1647.543
4455,24898,30696,3136,26311,1647.5475
4456,24898,30696,3056,26253,1647.552
4457,24898,30696,2994,26230,1647.5565
4458,24898,30696,2930,26191,1647.561
4459,24898,30696,2856,26141,1647.5655
4460,24898,30696,2792,26095,1647.57
4461,24479,30149,3042,26072,1647.5745
4462,24479,30149,2962,26027,1647.579
4463,24479,30149,2898,25990,1647.5835
4464,24479,30149,2824,25952,1647.588
4465,24479,30149,2760,25934,1647.5925
4466,24479,30149,2690,25904,1647.597
4467,24479,30149,2626,25879,1647.6015
4468,24479,30149,2560,25834,1647.606
4469,24060,29602,10562,27893,1647.6105
4470,24060,29602,10386,27870,1647.615
4471,24060,29602,10208,27834,1647.6195
4472,24060,29602,10064,27824,1647.624
4473,24060,29602,9922,27803,1647.6285
4474,24060,29602,9762,27760,1647.633
4475,24060,29602,9608,27725,1647.6375
4476,24060,29602,9448,27695,1647.642
4477,24060,29602,9298,27691,1647.6465
4478,24060,29602,9136,27645,1647.651
4479,24060,29602,9008,27639,1647.6555
4480,23641,29055,9538,27676,1647.66
4481,23641,29055,9426,27632,1647.6645
4482,23641,29055,9282,27579,1647.669
4483,23641,29055,9120,27534,1647.6735
4484,23641,29055,8992,27503,1647.678
4485,23641,29055,8866,27484,1647.6825
4486,23641,29055,8722,27419,1647.687
4487,23641,29055,8568,27352,1647.6915
4488,23641,29055,8440,27287,1647.696
4489,23641,29055,8290,27230,1647.7005
4490,23641,29055,8162,27188,1647.705
4491,23641,29055,8016,27134,1647.7095
4492,23222,28508,8514,27182,1647.714
4493,23222,28508,8418,27130,1647.7185
4494,23222,28508,8290,27077,1647.723
4495,23222,28508,8146,27032,1647.7275
4496,23222,28508,8016,26991,1647.732
4497,23222,28508,7890,26974,1647.7365
4498,23222,28508,7762,26939,1647.741
4499,23222,28508,7640,26894,1647.7455
4500,23222,28508,7512,26859,1647.75
4501,23222,28508,7394,26830,1647.7545
4502,23222,28508,7266,26810,1647.759
4503,23222,28508,7136,26780,1647.7635
4504,23222,28508,7008,26765,1647.768
4505,22803,27961,7458,26814,1647.7725
4506,22803,27961,7378,26798,1647.777
4507,22803,27961,7250,26748,1647.7815
4508,22803,27961,7136,26709,1647.786
4509,22803,27961,7024,26679,1647.7905
4510,22803,27961,6898,26639,1647.795
4511,22803,27961,6770,26603,1647.7995
4512,22803,27961,6664,26555,1647.804
4513,22803,27961,6552,26509,1647.8085
4514,22803,27961,6450,26463,1647.813
4515,22803,27961,6338,26413,1647.8175
4516,22384,27414,6728,26384,1647.822
4517,22384,27414,6648,26336,1647.8265
4518,22384,27414,6536,26271,1647.831
4519,22384,27414,6434,26206,1647.8355
4520,22384,27414,6322,26135,1647.84
4521,22384,27414,6208,26046,1647.8445
4522,22384,27414,6112,25996,1647.849
4523,22384,27414,6002,25943,1647.8535
4524,22384,27414,5890,25855,1647.858
4525,22384,27414,5800,25819,1647.8625
4526,22384,27414,5704,25767,1647.867
4527,21965,26867,6066,25771,1647.8715
4528,21965,26867,5986,25723,1647.876
4529,21965,26867,5890,25675,1647.8805
4530,21965,26867,5800,25638,1647.885
4531,21965,26867,5688,25591,1647.8895
4532,21965,26867,5602,25566,1647.894
4533,21965,26867,5490,25531,1647.8985
4534,21965,26867,5410,25503,1647.903
4535,21965,26867,5296,25467,1647.9075
4536,21965,26867,5216,25450,1647.912
4537,21965,26867,5106,25436,1647.9165
4538,21965,26867,5026,25435,1647.921
4539,21965,26867,4936,25419,1647.9255
4540,21965,26867,4840,25399,1647.93
4541,21542,26315,5202,25423,1647.9345
4542,21542,26315,5106,25388,1647.939
4543,21542,26315,5026,25368,1647.9435
4544,21542,26315,4936,25341,1647.948
4545,21542,26315,4840,25334,1647.9525
4546,21542,26315,4754,25323,1647.957
4547,21542,26315,4674,25292,1647.9615
4548,21542,26315,4576,25230,1647.966
4549,21542,26315,4480,25179,1647.9705
4550,21542,26315,4402,25163,1647.975
4551,21542,26315,4322,25134,1647.9795
4552,21542,26315,4226,25098,1647.984
4553,21542,26315,4152,25071,1647.9885
4554,21542,26315,4056,25029,1647.993
4555,21206,25863,4296,25008,1647.9975
4556,21206,25863,4232,24980,1648.002
4557,21206,25863,4152,24956,1648.0065
4558,21206,25863,4072,24940,1648.011
4559,21206,25863,4002,24927,1648.0155
4560,21206,25863,3922,24910,1648.02
4561,21206,25863,3840,24859,1648.0245
4562,21206,25863,3760,24860,1648.029
4563,21206,25863,3682,24860,1648.0335
4564,21206,25863,3602,24856,1648.038
4565,21206,25863,3538,24862,1648.0425
4566,21206,25863,3448,24855,1648.047
4567,21206,25863,3384,24853,1648.0515
4568,20870,25411,3592,24830,1648.056
4569,20870,25411,3528,24831,1648.0605
4570,20870,25411,3464,24839,1648.065
4571,20870,25411,3400,24847,1648.0695
4572,20870,25411,3314,24838,1648.074
4573,20870,25411,3250,24831,1648.0785
4574,20870,25411,3168,24812,1648.083
4575,20870,25411,3104,24793,1648.0875
4576,20870,25411,3026,24788,1648.092
4577,20870,25411,2962,24766,1648.0965
4578,20870,25411,2898,24759,1648.101
4579,20534,24959,3090,24701,1648.1055
4580,20534,24959,3042,24671,1648.11
4581,20534,24959,2978,24631,1648.1145
4582,20534,24959,2898,24569,1648.119
4583,20534,24959,2840,24533,1648.1235
4584,20534,24959,2776,24502,1648.128
4585,20534,24959,2706,24461,1648.1325
4586,20534,24959,2642,24422,1648.137
4587,20534,24959,2560,24336,1648.1415
4588,20198,24507,10664,26167,1648.146
4589,20198,24507,10482,26091,1648.1505
4590,20198,24507,10338,26039,1648.155
4591,20198,24507,10176,25966,1648.1595
4592,20198,24507,10032,25932,1648.164
4593,20198,24507,9874,25883,1648.1685
4594,20198,24507,9714,25822,1648.173
4595,20198,24507,9560,25774,1648.1775
4596,19862,24055,10082,25823,1648.182
4597,19862,24055,9954,25799,1648.1865
4598,19862,24055,9810,25775,1648.191
4599,19862,24055,9656,25739,1648.1955
4600,19862,24055,9512,25708,1648.2
4601,19862,24055,9362,25662,1648.2045
4602,19862,24055,9202,25613,1648.209
4603,19862,24055,9056,25592,1648.2135
4604,19862,24055,8912,25578,1648.218
4605,19862,24055,8786,25565,1648.2225
4606,19862,24055,8642,25531,1648.227
4607,19862,24055,8504,25492,1648.2315
4608,19862,24055,8354,25448,1648.236
4609,19862,24055,8210,25404,1648.2405
4610,19526,23603,8674,25462,1648.245
4611,19526,23603,8530,25439,1648.2495
4612,19526,23603,8434,25400,1648.254
4613,19526,23603,8306,25355,1648.2585
4614,19526,23603,8178,25299,1648.263
4615,19526,23603,8048,25246,1648.2675
4616,19526,23603,7920,25192,1648.272
4617,19526,23603,7794,25149,1648.2765
4618,19526,23603,7650,25093,1648.281
4619,19526,23603,7512,25054,1648.2855
4620,19526,23603,7384,25015,1648.29
4621,19190,23151,7816,25040,1648.2945
4622,19190,23151,7688,24990,1648.299
4623,19190,23151,7608,24974,1648.3035
4624,19190,23151,7496,24943,1648.308
4625,19190,23151,7362,24911,1648.3125
4626,19190,23151,7250,24888,1648.317
4627,19190,23151,7104,24822,1648.3215
4628,19190,23151,6992,24811,1648.326
4629,19190,23151,6882,24793,1648.3305
4630,19190,23151,6770,24780,1648.335
4631,19190,23151,6648,24758,1648.3395
4632,19190,23151,6536,24750,1648.344
4633,18854,22699,6920,24814,1648.3485
4634,18854,22699,6808,24799,1648.353
4635,18854,22699,6728,24783,1648.3575
4636,18854,22699,6616,24766,1648.362
4637,18854,22699,6504,24759,1648.3665
4638,18854,22699,6386,24731,1648.371
4639,18854,22699,6290,24700,1648.3755
4640,18854,22699,6160,24651,1648.38
4641,18854,22699,6064,24627,1648.3845
4642,18854,22699,5954,24597,1648.389
4643,18854,22699,5858,24566,1648.3935
4644,18854,22699,5752,24535,1648.398
4645,18854,22699,5640,24492,1648.4025
4646,18518,22247,5992,24503,1648.407
4647,18518,22247,5896,24444,1648.4115
4648,18518,22247,5816,24406,1648.416
4649,18518,22247,5720,24348,1648.4205
4650,18518,22247,5608,24279,1648.425
4651,18518,22247,5522,24243,1648.4295
4652,18518,22247,5426,24190,1648.434
4653,18518,22247,5328,24144,1648.4385
4654,18518,22247,5216,24075,1648.443
4655,18518,22247,5122,24024,1648.4475
4656,18518,22247,5042,23995,1648.452
4657,18518,22247,4936,23947,1648.4565
4658,18518,22247,4840,23913,1648.461
4659,18178,21788,5202,23928,1648.4655
4660,18178,21788,5106,23886,1648.47
4661,18178,21788,5010,23856,1648.4745
4662,18178,21788,4920,23815,1648.479
4663,18178,21788,4824,23790,1648.4835
4664,18178,21788,4738,23766,1648.488
4665,18178,21788,4658,23759,1648.4925
4666,18178,21788,4560,23738,1648.497
4667,18178,21788,4464,23723,1648.5015
4668,18178,21788,4386,23701,1648.506
4669,18178,21788,4290,23664,1648.5105
4670,17871,21378,4562,23711,1648.515
4671,17871,21378,4482,23702,1648.5195
4672,17871,21378,4402,23680,1648.524
4673,17871,21378,4322,23660,1648.5285
4674,17871,21378,4242,23616,1648.533
4675,17871,21378,4152,23555,1648.5375
4676,17871,21378,4072,23526,1648.542
4677,17871,21378,3986,23512,1648.5465
4678,17871,21378,3906,23488,1648.551
4679,17871,21378,3824,23462,1648.5555
4680,17871,21378,3744,23421,1648.56
4681,17564,20968,4000,23422,1648.5645
4682,17564,20968,3920,23383,1648.569
4683,17564,20968,3856,23344,1648.5735
4684,17564,20968,3792,23318,1648.578
4685,17564,20968,3696,23278,1648.5825
4686,17564,20968,3634,23263,1648.587
4687,17564,20968,3554,23229,1648.5915
4688,17564,20968,3480,23198,1648.596
4689,17564,20968,3400,23164,1648.6005
4690,17564,20968,3330,23148,1648.605
4691,17564,20968,3250,23151,1648.6095
4692,17564,20968,3184,23134,1648.614
4693,17564,20968,3104,23115,1648.6185
4694,17257,20558,3344,23156,1648.623
4695,17257,20558,3264,23134,1648.6275
4696,17257,20558,3200,23119,1648.632
4697,17257,20558,3136,23128,1648.6365
4698,17257,20558,3056,23133,1648.641
4699,17257,20558,2994,23148,1648.6455
4700,17257,20558,2930,23136,1648.65
4701,17257,20558,2856,23128,1648.6545
4702,17257,20558,2792,23118,1648.659
4703,17257,20558,2722,23111,1648.6635
4704,17257,20558,2642,23099,1648.668
4705,17257,20558,2578,23083,1648.6725
4706,17257,20558,2512,23047,1648.677
4707,16950,20148,10664,24702,1648.6815
4708,16950,20148,10482,24660,1648.686
4709,16950,20148,10306,24600,1648.6905
4710,16950,20148,10128,24551,1648.695
4711,16950,20148,10000,24519,1648.6995
4712,16950,20148,9842,24487,1648.704
4713,16950,20148,9682,24431,1648.7085
4714,16643,19738,10210,24446,1648.713
4715,16643,19738,10082,24411,1648.7175
4716,16643,19738,9970,24366,1648.722
4717,16643,19738,9826,24307,1648.7265
4718,16643,19738,9672,24246,1648.731
4719,16643,19738,9512,24184,1648.7355
4720,16643,19738,9378,24133,1648.74
4721,16643,19738,9202,24058,1648.7445
4722,16643,19738,9072,24024,1648.749
4723,16643,19738,8928,23979,1648.7535
4724,16643,19738,8802,23947,1648.758
4725,16643,19738,8658,23911,1648.7625
4726,16643,19738,8504,23866,1648.767
4727,16336,19328,8994,23915,1648.7715
4728,16336,19328,8898,23877,1648.776
4729,16336,19328,8754,23827,1648.7805
4730,16336,19328,8616,23785,1648.785
4731,16336,19328,8472,23758,1648.7895
4732,16336,19328,8338,23742,1648.794
4733,16336,19328,8194,23703,1648.7985
4734,16336,19328,8048,23674,1648.803
4735,16336,19328,7920,23632,1648.8075
4736,16336,19328,7794,23595,1648.812
4737,16336,19328,7666,23543,1648.8165
4738,16336,19328,7544,23515,1648.821
4739,16336,19328,7416,23479,1648.8255
4740,16029,18918,7896,23582,1648.83
4741,16029,18918,7784,23536,1648.8345
4742,16029,18918,7688,23487,1648.839
4743,16029,18918,7576,23451,1648.8435
4744,16029,18918,7448,23397,1648.848
4745,16029,18918,7314,23356,1648.8525
4746,16029,18918,7202,23310,1648.857
4747,16029,18918,7072,23255,1648.8615
4748,16029,18918,6960,23207,1648.866
4749,16029,18918,6850,23158,1648.8705
4750,16029,18918,6722,23099,1648.875
4751,16029,18918,6600,23046,1648.8795
4752,16029,18918,6488,23020,1648.884
4753,15722,18508,6904,23071,1648.8885
4754,15722,18508,6792,23036,1648.893
4755,15722,18508,6712,23020,1648.8975
4756,15722,18508,6600,22991,1648.902
4757,15722,18508,6488,22972,1648.9065
4758,15722,18508,6370,22959,1648.911
4759,15722,18508,6258,22940,1648.9155
4760,15722,18508,6128,22895,1648.92
4761,15722,18508,6032,22887,1648.9245
4762,15722,18508,5938,22875,1648.929
4763,15722,18508,5810,22848,1648.9335
4764,15722,18508,5720,22843,1648.938
4765,15722,18508,5608,22830,1648.9425
4766,15415,18098,6008,22942,1648.947
4767,15415,18098,5896,22912,1648.9515
4768,15415,18098,5832,22908,1648.956
4769,15415,18098,5720,22888,1648.9605
4770,15415,18098,5608,22846,1648.965
4771,15415,18098,5522,22839,1648.9695
4772,15415,18098,5426,22808,1648.974
4773,15415,18098,5296,22747,1648.9785
4774,15415,18098,5216,22708,1648.983
4775,15415,18098,5106,22654,1648.9875
4776,15415,18098,5026,22636,1648.992
4777,15415,18098,4920,22587,1648.9965
4778,15415,18098,4824,22550,1649.001
4779,15099,17687,5202,22621,1649.0055
4780,15099,17687,5106,22557,1649.01
4781,15099,17687,5026,22511,1649.0145
4782,15099,17687,4936,22457,1649.019
4783,15099,17687,4840,22398,1649.0235
4784,15099,17687,4754,22363,1649.028
4785,15099,17687,4674,22319,1649.0325
4786,15099,17687,4576,22263,1649.037
4787,15099,17687,4480,22222,1649.0415
4788,15099,17687,4402,22204,1649.046
4789,15099,17687,4306,22168,1649.0505
4790,15099,17687,4226,22127,1649.055
4791,15099,17687,4136,22103,1649.0595
4792,15099,17687,4040,22077,1649.064
4793,14820,17355,4312,22143,1649.0685
4794,14820,17355,4232,22112,1649.073
4795,14820,17355,4168,22094,1649.0775
4796,14820,17355,4088,22053,1649.082
4797,14820,17355,4002,22036,1649.0865
4798,14820,17355,3922,22012,1649.091
4799,14820,17355,3840,21983,1649.0955
4800,14820,17355,3760,21983,1649.1
4801,14820,17355,3682,21973,1649.1045
4802,14820,17355,3602,21943,1649.109
4803,14820,17355,3538,21918,1649.1135
4804,14541,17023,3778,21951,1649.118
4805,14541,17023,3714,21927,1649.1225
4806,14541,17023,3650,21903,1649.127
4807,14541,17023,3570,21867,1649.1315
4808,14541,17023,3496,21824,1649.136
4809,14541,17023,3416,21773,1649.1405
4810,14541,17023,3346,21734,1649.145
4811,14541,17023,3266,21694,1649.1495
4812,14541,17023,3186,21664,1649.154
4813,14541,17023,3120,21629,1649.1585
4814,14541,17023,3040,21594,1649.163
4815,14262,16691,3280,21653,1649.1675
4816,14262,16691,3200,21599,1649.172
4817,14262,16691,3152,21591,1649.1765
4818,14262,16691,3072,21543,1649.181
4819,14262,16691,3010,21543,1649.1855
4820,14262,16691,2930,21528,1649.19
4821,14262,16691,2856,21501,1649.1945
4822,14262,16691,2792,21491,1649.199
4823,14262,16691,2728,21487,1649.2035
4824,14262,16691,2658,21486,1649.208
4825,14262,16691,2578,21488,1649.2125
4826,14262,16691,2512,21494,1649.217
4827,13983,16359,10808,23112,1649.2215
4828,13983,16359,10616,23084,1649.226
4829,13983,16359,10466,23062,1649.2305
4830,13983,16359,10274,23029,1649.235
4831,13983,16359,10112,23006,1649.2395
4832,13983,16359,9954,23019,1649.244
4833,13983,16359,9810,23007,1649.2485
4834,13704,16027,10368,23135,1649.253
4835,13704,16027,10224,23103,1649.2575
4836,13704,16027,10096,23086,1649.262
4837,13704,16027,9954,23061,1649.2665
4838,13704,16027,9794,23023,1649.271
4839,13704,16027,9640,22998,1649.2755
4840,13704,16027,9496,22958,1649.28
4841,13704,16027,9346,22902,1649.2845
4842,13704,16027,9186,22846,1649.289
4843,13704,16027,9040,22795,1649.2935
4844,13704,16027,8912,22750,1649.298
4845,13704,16027,8770,22703,1649.3025
4846,13704,16027,8600,22646,1649.307
4847,13704,16027,8472,22603,1649.3115
4848,13425,15695,8994,22712,1649.316
4849,13425,15695,8882,22666,1649.3205
4850,13425,15695,8754,22615,1649.325
4851,13425,15695,8584,22543,1649.3295
4852,13425,15695,8456,22502,1649.334
4853,13425,15695,8322,22463,1649.3385
4854,13425,15695,8178,22427,1649.343
4855,13425,15695,8048,22390,1649.3475
4856,13425,15695,7920,22358,1649.352
4857,13425,15695,7794,22334,1649.3565
4858,13425,15695,7650,22302,1649.361
4859,13425,15695,7512,22272,1649.3655
4860,13425,15695,7400,22256,1649.37
4861,13146,15363,7864,22352,1649.3745
4862,13146,15363,7720,22303,1649.379
4863,13146,15363,7640,22270,1649.3835
4864,13146,15363,7512,22252,1649.388
4865,13146,15363,7394,22222,1649.3925
4866,13146,15363,7266,22191,1649.397
4867,13146,15363,7120,22142,1649.4015
4868,13146,15363,7024,22124,1649.406
4869,13146,15363,6898,22076,1649.4105
4870,13146,15363,6770,22013,1649.415
4871,13146,15363,6648,21950,1649.4195
4872,13146,15363,6536,21918,1649.424
4873,12867,15031,6962,22016,1649.4285
4874,12867,15031,6882,21995,1649.433
4875,12867,15031,6770,21944,1649.4375
4876,12867,15031,6664,21877,1649.442
4877,12867,15031,6536,21814,1649.4465
4878,12867,15031,6434,21767,1649.451
4879,12867,15031,6322,21736,1649.4555
4880,12867,15031,6208,21684,1649.46
4881,12867,15031,6096,21646,1649.4645
4882,12867,15031,5986,21610,1649.469
4883,12867,15031,5874,21562,1649.4735
4884,12867,15031,5768,21519,1649.478
4885,12867,15031,5656,21493,1649.4825
4886,12588,14699,6050,21614,1649.487
4887,12588,14699,5970,21599,1649.4915
4888,12588,14699,5874,21575,1649.496
4889,12588,14699,5768,21549,1649.5005
4890,12588,14699,5656,21515,1649.505
4891,12588,14699,5554,21503,1649.5095
4892,12588,14699,5458,21504,1649.514
4893,12588,14699,5360,21500,1649.5185
4894,12588,14699,5248,21487,1649.523
4895,12588,14699,5154,21484,1649.5275
4896,12588,14699,5058,21462,1649.532
4897,12588,14699,4952,21446,1649.5365
4898,12588,14699,4856,21431,1649.541
4899,12306,14361,5202,21519,1649.5455
4900,12306,14361,5138,21500,1649.55
4901,12306,14361,5058,21483,1649.5545
4902,12306,14361,4952,21454,1649.559
4903,12306,14361,4856,21414,1649.5635
4904,12306,14361,4770,21399,1649.568
4905,12306,14361,4674,21366,1649.5725
4906,12306,14361,4594,21339,1649.577
4907,12306,14361,4496,21294,1649.5815
4908,12306,14361,4400,21239,1649.586
4909,12306,14361,4322,21211,1649.5905
4910,12306,14361,4242,21176,1649.595
4911,12306,14361,4152,21132,1649.5995
4912,12306,14361,4056,21096,1649.604
4913,12090,14064,4312,21128,1649.6085
4914,12090,14064,4232,21086,1649.613
4915,12090,14064,4168,21053,1649.6175
4916,12090,14064,4088,21015,1649.622
4917,12090,14064,4002,20989,1649.6265
4918,12090,14064,3922,20974,1649.631
4919,12090,14064,3824,20940,1649.6355
4920,12090,14064,3760,20921,1649.64
4921,11874,13767,4000,20975,1649.6445
4922,11874,13767,3904,20951,1649.649
4923,11874,13767,3856,20942,1649.6535
4924,11874,13767,3776,20917,1649.658
4925,11874,13767,3696,20903,1649.6625
4926,11874,13767,3618,20891,1649.667
4927,11874,13767,3538,20870,1649.6715
4928,11874,13767,3464,20846,1649.676
4929,11874,13767,3400,20827,1649.6805
4930,11874,13767,3314,20795,1649.685
4931,11874,13767,3234,20767,1649.6895
4932,11874,13767,3168,20728,1649.694
4933,11874,13767,3088,20699,1649.6985
4934,11658,13470,3312,20752,1649.703
4935,11658,13470,3232,20718,1649.7075
4936,11658,13470,3184,20687,1649.712
4937,11658,13470,3120,20636,1649.7165
4938,11658,13470,3040,20575,1649.721
4939,11658,13470,2978,20542,1649.7255
4940,11658,13470,2898,20495,1649.73
4941,11658,13470,2824,20451,1649.7345
4942,11658,13470,2760,20419,1649.739
4943,11658,13470,2690,20379,1649.7435
4944,11658,13470,2626,20335,1649.748
4945,11658,13470,2544,20279,1649.7525
4946,11442,13173,11042,21688,1649.757
4947,11442,13173,10850,21647,1649.7615
4948,11442,13173,10680,21606,1649.766
4949,11442,13173,10514,21567,1649.7705
4950,11442,13173,10338,21515,1649.775
4951,11442,13173,10160,21470,1649.7795
4952,11442,13173,10016,21460,1649.784
4953,11442,13173,9858,21451,1649.7885
4954,11442,13173,9698,21439,1649.793
4955,11226,12876,10210,21550,1649.7975
4956,11226,12876,10082,21535,1649.802
4957,11226,12876,9954,21519,1649.8065
4958,11226,12876,9794,21500,1649.811
4959,11226,12876,9640,21494,1649.8155
4960,11226,12876,9496,21485,1649.82
4961,11226,12876,9330,21470,1649.8245
4962,11226,12876,9186,21454,1649.829
4963,11226,12876,9040,21436,1649.8335
4964,11226,12876,8880,21417,1649.838
4965,11226,12876,8738,21399,1649.8425
4966,11226,12876,8600,21375,1649.847
4967,11226,12876,8456,21355,1649.8515
4968,11010,12579,8920,21440,1649.856
4969,11010,12579,8792,21406,1649.8605
4970,11010,12579,8680,21366,1649.865
4971,11010,12579,8552,21335,1649.8695
4972,11010,12579,8408,21302,1649.874
4973,11010,12579,8274,21271,1649.8785
4974,11010,12579,8146,21231,1649.883
4975,11010,12579,8000,21176,1649.8875
4976,11010,12579,7874,21142,1649.892
4977,11010,12579,7730,21095,1649.8965
4978,11010,12579,7608,21055,1649.901
4979,11010,12579,7464,21019,1649.9055
4980,10794,12282,7938,21116,1649.91
4981,10794,12282,7826,21102,1649.9145
4982,10794,12282,7698,21054,1649.919
4983,10794,12282,7576,21018,1649.9235
4984,10794,12282,7448,20975,1649.928
4985,10794,12282,7314,20955,1649.9325
4986,10794,12282,7186,20924,1649.937
4987,10794,12282,7072,20909,1649.9415
4988,10794,12282,6944,20888,1649.946
4989,10794,12282,6834,20877,1649.9505
4990,10794,12282,6706,20844,1649.955
4991,10794,12282,6584,20798,1649.9595
4992,10794,12282,6472,20775,1649.964
4993,10578,11985,6888,20909,1649.9685
4994,10578,11985,6760,20872,1649.973
4995,10578,11985,6680,20847,1649.9775
4996,10578,11985,6568,20814,1649.982
4997,10578,11985,6450,20775,1649.9865
4998,10578,11985,6338,20726,1649.991
