IDX,FM DAC,BM DAC,PH DAC,SOA DAC,WL Target
0,16569,10268,4120,23858,1632.0
1,16569,10268,4099,23846,1632.00112498125
2,16569,10268,4079,23834,1632.0022499625
3,16569,10268,4059,23822,1632.00337494375
4,16569,10268,4038,23810,1632.004499925
5,16569,10268,4018,23798,1632.00562490625
6,16569,10268,3997,23787,1632.0067498875
7,16569,10268,3977,23775,1632.00787486875
8,16569,10268,3956,23763,1632.00899985
9,16569,10268,3936,23751,1632.01012483125
10,16569,10268,3915,23739,1632.0112498125
11,16569,10268,3895,23728,1632.01237479375
12,16569,10268,3874,23716,1632.0134997750001
13,16569,10268,3854,23704,1632.01462475625
14,16569,10268,3834,23692,1632.0157497375
15,16569,10268,3813,23680,1632.01687471875
16,16569,10268,3793,23668,1632.0179997
17,16569,10268,3772,23657,1632.01912468125
18,16569,10268,3752,23645,1632.0202496625
19,16569,10268,3731,23633,1632.02137464375
20,16569,10268,3711,23621,1632.022499625
21,16569,10268,3690,23609,1632.02362460625
22,16569,10268,3670,23597,1632.0247495875
23,16569,10268,3649,23586,1632.02587456875
24,16314,10070,3931,23712,1632.027
25,16314,10070,3912,23707,1632.0281249897728
26,16314,10070,3894,23701,1632.0292499795455
27,16314,10070,3875,23696,1632.0303749693182
28,16314,10070,3856,23691,1632.031499959091
29,16314,10070,3837,23685,1632.0326249488637
30,16314,10070,3819,23680,1632.0337499386364
31,16314,10070,3800,23675,1632.0348749284092
32,16314,10070,3781,23670,1632.035999918182
33,16314,10070,3762,23664,1632.0371249079546
34,16314,10070,3744,23659,1632.0382498977274
35,16314,10070,3725,23654,1632.0393748875
36,16314,10070,3706,23648,1632.0404998772726
37,16314,10070,3687,23643,1632.0416248670454
38,16314,10070,3668,23638,1632.042749856818
39,16314,10070,3650,23632,1632.0438748465908
40,16314,10070,3631,23627,1632.0449998363636
41,16314,10070,3612,23622,1632.0461248261363
42,16314,10070,3593,23616,1632.047249815909
43,16314,10070,3575,23611,1632.0483748056818
44,16314,10070,3556,23606,1632.0494997954545
45,16314,10070,3537,23601,1632.0506247852272
46,16314,10070,3518,23595,1632.051749775
47,16314,10070,3500,23590,1632.0528747647727
48,16314,10070,3481,23585,1632.0539997545454
49,16314,10070,3462,23579,1632.0551247443182
50,16314,10070,3443,23574,1632.056249734091
51,16314,10070,3424,23569,1632.0573747238636
52,16314,10070,3406,23563,1632.0584997136364
53,16314,10070,3387,23558,1632.059624703409
54,16314,10070,3368,23553,1632.0607496931818
55,16314,10070,3349,23547,1632.0618746829546
56,16314,10070,3331,23542,1632.0629996727273
57,16314,10070,3312,23537,1632.0641246625
58,16314,10070,3293,23531,1632.0652496522725
59,16314,10070,3274,23526,1632.0663746420453
60,16314,10070,3256,23521,1632.067499631818
61,16314,10070,3237,23516,1632.0686246215907
62,16314,10070,3218,23510,1632.0697496113635
63,16314,10070,3199,23505,1632.0708746011362
64,16314,10070,3180,23500,1632.071999590909
65,16314,10070,3162,23494,1632.0731245806817
66,16314,10070,3143,23489,1632.0742495704544
67,16314,10070,3124,23484,1632.0753745602271
68,16059,9872,3301,23641,1632.0765
69,16059,9872,3289,23637,1632.0776249933822
70,16059,9872,3278,23633,1632.0787499867647
71,16059,9872,3266,23628,1632.079874980147
72,16059,9872,3254,23624,1632.0809999735293
73,16059,9872,3242,23620,1632.0821249669116
74,16059,9872,3230,23616,1632.083249960294
75,16059,9872,3218,23612,1632.0843749536764
76,16059,9872,3206,23608,1632.0854999470587
77,16059,9872,3195,23604,1632.0866249404412
78,16059,9872,3183,23600,1632.0877499338235
79,16059,9872,3171,23596,1632.0888749272058
80,16059,9872,3159,23592,1632.089999920588
81,16059,9872,3147,23588,1632.0911249139706
82,16059,9872,3135,23583,1632.0922499073529
83,16059,9872,3124,23579,1632.0933749007352
84,16059,9872,3112,23575,1632.0944998941175
85,16059,9872,3100,23571,1632.0956248875
86,16059,9872,3088,23567,1632.0967498808823
87,16059,9872,3076,23563,1632.0978748742646
88,16059,9872,3064,23559,1632.098999867647
89,16059,9872,3053,23555,1632.1001248610294
90,16059,9872,3041,23551,1632.1012498544117
91,16059,9872,3029,23547,1632.102374847794
92,16059,9872,3017,23543,1632.1034998411765
93,16059,9872,3005,23538,1632.1046248345588
94,16059,9872,2993,23534,1632.105749827941
95,16059,9872,2981,23530,1632.1068748213236
96,16059,9872,2970,23526,1632.1079998147059
97,16059,9872,2958,23522,1632.1091248080882
98,16059,9872,2946,23518,1632.1102498014704
99,16059,9872,2934,23514,1632.111374794853
100,16059,9872,2922,23510,1632.1124997882353
101,16059,9872,2910,23506,1632.1136247816175
102,16059,9872,2899,23502,1632.1147497749998
103,16059,9872,2887,23497,1632.1158747683824
104,16059,9872,2875,23493,1632.1169997617646
105,16059,9872,2863,23489,1632.118124755147
106,16059,9872,2851,23485,1632.1192497485295
107,16059,9872,2839,23481,1632.1203747419117
108,15804,9674,2828,23477,1632.121499735294
109,15804,9674,2816,23473,1632.1226247286763
110,15804,9674,2804,23469,1632.1237497220588
111,15804,9674,2792,23465,1632.1248747154411
112,15804,9674,2780,23461,1632.1259997088234
113,15804,9674,2768,23457,1632.127124702206
114,15804,9674,2756,23452,1632.1282496955882
115,15804,9674,2745,23448,1632.1293746889705
116,15804,9674,2733,23444,1632.1304996823528
117,15804,9674,2721,23440,1632.1316246757353
118,15804,9674,2709,23436,1632.1327496691176
119,15804,9674,2697,23432,1632.1338746625
120,15804,9674,2685,23428,1632.1349996558824
121,15804,9674,2674,23424,1632.1361246492647
122,15804,9674,2662,23420,1632.137249642647
123,15804,9674,2650,23416,1632.1383746360293
124,15804,9674,2638,23412,1632.1394996294118
125,15804,9674,2626,23407,1632.1406246227941
126,15804,9674,2614,23403,1632.1417496161764
127,15804,9674,2602,23399,1632.1428746095587
128,15804,9674,2591,23395,1632.1439996029412
129,15804,9674,2579,23391,1632.1451245963235
130,15804,9674,2567,23387,1632.1462495897058
131,15804,9674,2555,23383,1632.1473745830883
132,15804,9674,2543,23379,1632.1484995764706
133,15804,9674,2531,23375,1632.149624569853
134,15804,9674,2520,23371,1632.1507495632352
135,15804,9674,2508,23367,1632.1518745566177
136,15549,9476,10329,24561,1632.153
137,15549,9476,10291,24552,1632.154124990625
138,15549,9476,10253,24543,1632.15524998125
139,15549,9476,10216,24533,1632.156374971875
140,15549,9476,10178,24524,1632.1574999625
141,15549,9476,10140,24515,1632.1586249531251
142,15549,9476,10103,24506,1632.15974994375
143,15549,9476,10065,24497,1632.160874934375
144,15549,9476,10027,24487,1632.1619999250001
145,15549,9476,9990,24478,1632.163124915625
146,15549,9476,9952,24469,1632.16424990625
147,15549,9476,9914,24460,1632.165374896875
148,15549,9476,9877,24451,1632.1664998875
149,15549,9476,9839,24441,1632.167624878125
150,15549,9476,9801,24432,1632.16874986875
151,15549,9476,9764,24423,1632.169874859375
152,15549,9476,9726,24414,1632.17099985
153,15549,9476,9688,24405,1632.172124840625
154,15549,9476,9651,24395,1632.1732498312501
155,15549,9476,9613,24386,1632.174374821875
156,15549,9476,9575,24377,1632.1754998125
157,15549,9476,9538,24368,1632.1766248031252
158,15549,9476,9500,24359,1632.17774979375
159,15549,9476,9462,24349,1632.178874784375
160,15549,9476,9424,24340,1632.179999775
161,15549,9476,9387,24331,1632.181124765625
162,15549,9476,9349,24322,1632.18224975625
163,15549,9476,9311,24313,1632.183374746875
164,15549,9476,9274,24303,1632.1844997375001
165,15549,9476,9236,24294,1632.185624728125
166,15549,9476,9198,24285,1632.18674971875
167,15549,9476,9161,24276,1632.1878747093751
168,15549,9476,9123,24267,1632.1889997
169,15549,9476,9085,24257,1632.190124690625
170,15549,9476,9048,24248,1632.1912496812502
171,15549,9476,9010,24239,1632.192374671875
172,15549,9476,8972,24230,1632.1934996625
173,15549,9476,8935,24221,1632.1946246531252
174,15549,9476,8897,24212,1632.19574964375
175,15549,9476,8859,24202,1632.196874634375
176,15549,9476,8822,24193,1632.1979996250002
177,15549,9476,8784,24184,1632.1991246156251
178,15549,9476,8746,24175,1632.20024960625
179,15549,9476,8709,24166,1632.201374596875
180,15549,9476,8671,24156,1632.2024995875001
181,15549,9476,8633,24147,1632.203624578125
182,15549,9476,8596,24138,1632.20474956875
183,15549,9476,8558,24129,1632.2058745593752
184,15294,9278,9115,24322,1632.207
185,15294,9278,9081,24313,1632.2081249887501
186,15294,9278,9046,24305,1632.2092499775001
187,15294,9278,9012,24296,1632.2103749662501
188,15294,9278,8978,24287,1632.2114999550001
189,15294,9278,8944,24279,1632.2126249437501
190,15294,9278,8910,24270,1632.2137499325001
191,15294,9278,8875,24262,1632.2148749212502
192,15294,9278,8841,24253,1632.2159999100002
193,15294,9278,8807,24244,1632.2171248987502
194,15294,9278,8773,24236,1632.2182498875
195,15294,9278,8738,24227,1632.21937487625
196,15294,9278,8704,24218,1632.220499865
197,15294,9278,8670,24210,1632.22162485375
198,15294,9278,8636,24201,1632.2227498425
199,15294,9278,8601,24192,1632.22387483125
200,15294,9278,8567,24184,1632.22499982
201,15294,9278,8533,24175,1632.22612480875
202,15294,9278,8499,24167,1632.2272497975
203,15294,9278,8465,24158,1632.22837478625
204,15294,9278,8430,24149,1632.229499775
205,15294,9278,8396,24141,1632.23062476375
206,15294,9278,8362,24132,1632.2317497525
207,15294,9278,8328,24123,1632.23287474125
208,15294,9278,8293,24115,1632.23399973
209,15294,9278,8259,24106,1632.23512471875
210,15294,9278,8225,24097,1632.2362497075
211,15294,9278,8191,24089,1632.23737469625
212,15294,9278,8157,24080,1632.238499685
213,15294,9278,8122,24071,1632.23962467375
214,15294,9278,8088,24063,1632.2407496625
215,15294,9278,8054,24054,1632.2418746512499
216,15294,9278,8020,24046,1632.2429996399999
217,15294,9278,7985,24037,1632.24412462875
218,15294,9278,7951,24028,1632.2452496175
219,15294,9278,7917,24020,1632.24637460625
220,15294,9278,7883,24011,1632.247499595
221,15294,9278,7848,24002,1632.24862458375
222,15294,9278,7814,23994,1632.2497495725
223,15294,9278,7780,23985,1632.25087456125
224,15039,9080,8291,24147,1632.252
225,15039,9080,8259,24134,1632.2531249906249
226,15039,9080,8228,24121,1632.25424998125
227,15039,9080,8196,24108,1632.255374971875
228,15039,9080,8165,24095,1632.2564999625
229,15039,9080,8134,24082,1632.257624953125
230,15039,9080,8102,24069,1632.25874994375
231,15039,9080,8071,24056,1632.259874934375
232,15039,9080,8039,24043,1632.2609999249999
233,15039,9080,8008,24030,1632.262124915625
234,15039,9080,7976,24017,1632.26324990625
235,15039,9080,7945,24004,1632.2643748968749
236,15039,9080,7914,23991,1632.2654998875
237,15039,9080,7882,23978,1632.266624878125
238,15039,9080,7851,23965,1632.26774986875
239,15039,9080,7819,23952,1632.268874859375
240,15039,9080,7788,23939,1632.26999985
241,15039,9080,7756,23926,1632.271124840625
242,15039,9080,7725,23913,1632.27224983125
243,15039,9080,7694,23900,1632.273374821875
244,15039,9080,7662,23887,1632.2744998125
245,15039,9080,7631,23874,1632.275624803125
246,15039,9080,7599,23861,1632.27674979375
247,15039,9080,7568,23848,1632.277874784375
248,15039,9080,7536,23835,1632.278999775
249,15039,9080,7505,23822,1632.280124765625
250,15039,9080,7474,23809,1632.28124975625
251,15039,9080,7442,23796,1632.282374746875
252,15039,9080,7411,23783,1632.2834997375
253,15039,9080,7379,23770,1632.284624728125
254,15039,9080,7348,23757,1632.28574971875
255,15039,9080,7317,23744,1632.286874709375
256,15039,9080,7285,23732,1632.2879997
257,15039,9080,7254,23719,1632.289124690625
258,15039,9080,7222,23706,1632.29024968125
259,15039,9080,7191,23693,1632.291374671875
260,15039,9080,7159,23680,1632.2924996625
261,15039,9080,7128,23667,1632.293624653125
262,15039,9080,7097,23654,1632.29474964375
263,15039,9080,7065,23641,1632.295874634375
264,15039,9080,7034,23628,1632.296999625
265,15039,9080,7002,23615,1632.298124615625
266,15039,9080,6971,23602,1632.29924960625
267,15039,9080,6939,23589,1632.300374596875
268,15039,9080,6908,23576,1632.3014995875
269,15039,9080,6877,23563,1632.302624578125
270,15039,9080,6845,23550,1632.30374956875
271,15039,9080,6814,23537,1632.304874559375
272,14784,8882,7297,23686,1632.306
273,14784,8882,7268,23679,1632.30712498875
274,14784,8882,7239,23672,1632.3082499775
275,14784,8882,7210,23666,1632.30937496625
276,14784,8882,7181,23659,1632.310499955
277,14784,8882,7152,23652,1632.31162494375
278,14784,8882,7124,23645,1632.3127499325
279,14784,8882,7095,23638,1632.31387492125
280,14784,8882,7066,23631,1632.31499991
281,14784,8882,7037,23624,1632.31612489875
282,14784,8882,7008,23618,1632.3172498875
283,14784,8882,6979,23611,1632.3183748762501
284,14784,8882,6950,23604,1632.3194998650001
285,14784,8882,6921,23597,1632.3206248537501
286,14784,8882,6892,23590,1632.3217498425001
287,14784,8882,6863,23583,1632.3228748312501
288,14784,8882,6835,23576,1632.3239998200002
289,14784,8882,6806,23570,1632.3251248087502
290,14784,8882,6777,23563,1632.3262497975002
291,14784,8882,6748,23556,1632.3273747862502
292,14784,8882,6719,23549,1632.3284997750002
293,14784,8882,6690,23542,1632.32962476375
294,14784,8882,6661,23535,1632.3307497525
295,14784,8882,6632,23528,1632.33187474125
296,14784,8882,6603,23522,1632.33299973
297,14784,8882,6575,23515,1632.33412471875
298,14784,8882,6546,23508,1632.3352497075
299,14784,8882,6517,23501,1632.33637469625
300,14784,8882,6488,23494,1632.337499685
301,14784,8882,6459,23487,1632.33862467375
302,14784,8882,6430,23480,1632.3397496625
303,14784,8882,6401,23474,1632.34087465125
304,14784,8882,6372,23467,1632.34199964
305,14784,8882,6343,23460,1632.34312462875
306,14784,8882,6314,23453,1632.3442496175
307,14784,8882,6286,23446,1632.34537460625
308,14784,8882,6257,23439,1632.346499595
309,14784,8882,6228,23432,1632.34762458375
310,14784,8882,6199,23426,1632.3487495725
311,14784,8882,6170,23419,1632.34987456125
312,14529,8684,6604,23610,1632.351
313,14529,8684,6578,23605,1632.3521249887501
314,14529,8684,6551,23600,1632.3532499775001
315,14529,8684,6524,23596,1632.3543749662501
316,14529,8684,6498,23591,1632.3554999550001
317,14529,8684,6471,23586,1632.3566249437501
318,14529,8684,6444,23582,1632.3577499325002
319,14529,8684,6418,23577,1632.3588749212502
320,14529,8684,6391,23572,1632.3599999100002
321,14529,8684,6364,23567,1632.3611248987502
322,14529,8684,6338,23563,1632.3622498875002
323,14529,8684,6311,23558,1632.36337487625
324,14529,8684,6284,23553,1632.364499865
325,14529,8684,6258,23548,1632.36562485375
326,14529,8684,6231,23544,1632.3667498425
327,14529,8684,6204,23539,1632.36787483125
328,14529,8684,6178,23534,1632.36899982
329,14529,8684,6151,23530,1632.37012480875
330,14529,8684,6124,23525,1632.3712497975
331,14529,8684,6098,23520,1632.37237478625
332,14529,8684,6071,23515,1632.373499775
333,14529,8684,6044,23511,1632.37462476375
334,14529,8684,6018,23506,1632.3757497525
335,14529,8684,5991,23501,1632.37687474125
336,14529,8684,5964,23496,1632.37799973
337,14529,8684,5938,23492,1632.37912471875
338,14529,8684,5911,23487,1632.3802497075
339,14529,8684,5884,23482,1632.38137469625
340,14529,8684,5858,23477,1632.382499685
341,14529,8684,5831,23473,1632.38362467375
342,14529,8684,5804,23468,1632.3847496624999
343,14529,8684,5778,23463,1632.3858746512499
344,14529,8684,5751,23459,1632.3869996399999
345,14529,8684,5724,23454,1632.38812462875
346,14529,8684,5698,23449,1632.3892496175
347,14529,8684,5671,23444,1632.39037460625
348,14529,8684,5644,23440,1632.391499595
349,14529,8684,5618,23435,1632.39262458375
350,14529,8684,5591,23430,1632.3937495725
351,14529,8684,5564,23425,1632.39487456125
352,14272,8477,5963,23596,1632.396
353,14272,8477,5939,23586,1632.3971249913461
354,14272,8477,5914,23575,1632.3982499826923
355,14272,8477,5890,23565,1632.3993749740384
356,14272,8477,5866,23554,1632.4004999653846
357,14272,8477,5842,23544,1632.4016249567308
358,14272,8477,5818,23534,1632.402749948077
359,14272,8477,5793,23523,1632.403874939423
360,14272,8477,5769,23513,1632.4049999307692
361,14272,8477,5745,23502,1632.4061249221154
362,14272,8477,5721,23492,1632.4072499134616
363,14272,8477,5697,23482,1632.4083749048077
364,14272,8477,5672,23471,1632.4094998961539
365,14272,8477,5648,23461,1632.4106248875
366,14272,8477,5624,23451,1632.4117498788462
367,14272,8477,5600,23440,1632.4128748701924
368,14272,8477,5576,23430,1632.4139998615385
369,14272,8477,5552,23419,1632.4151248528847
370,14272,8477,5527,23409,1632.4162498442308
371,14272,8477,5503,23399,1632.417374835577
372,14272,8477,5479,23388,1632.4184998269232
373,14272,8477,5455,23378,1632.4196248182693
374,14272,8477,5431,23367,1632.4207498096155
375,14272,8477,5406,23357,1632.4218748009616
376,14272,8477,5382,23347,1632.4229997923078
377,14272,8477,5358,23336,1632.424124783654
378,14272,8477,5334,23326,1632.4252497749999
379,14272,8477,5310,23315,1632.426374766346
380,14272,8477,5285,23305,1632.4274997576922
381,14272,8477,5261,23295,1632.4286247490384
382,14272,8477,5237,23284,1632.4297497403845
383,14272,8477,5213,23274,1632.4308747317307
384,14272,8477,5189,23263,1632.4319997230768
385,14272,8477,5164,23253,1632.433124714423
386,14272,8477,5140,23243,1632.4342497057692
387,14272,8477,5116,23232,1632.4353746971153
388,14272,8477,5092,23222,1632.4364996884615
389,14272,8477,5068,23212,1632.4376246798076
390,14272,8477,5043,23201,1632.4387496711538
391,14272,8477,5019,23191,1632.4398746625
392,14272,8477,4995,23180,1632.4409996538461
393,14272,8477,4971,23170,1632.4421246451923
394,14272,8477,4947,23160,1632.4432496365384
395,14272,8477,4923,23149,1632.4443746278846
396,14272,8477,4898,23139,1632.4454996192308
397,14272,8477,4874,23128,1632.446624610577
398,14272,8477,4850,23118,1632.447749601923
399,14272,8477,4826,23108,1632.4488745932692
400,14272,8477,4802,23097,1632.4499995846154
401,14272,8477,4777,23087,1632.4511245759616
402,14272,8477,4753,23076,1632.4522495673077
403,14272,8477,4729,23066,1632.4533745586539
404,14001,8253,5133,23259,1632.4545
405,14001,8253,5111,23252,1632.4556249897728
406,14001,8253,5089,23244,1632.4567499795455
407,14001,8253,5067,23236,1632.4578749693183
408,14001,8253,5045,23228,1632.458999959091
409,14001,8253,5023,23221,1632.4601249488637
410,14001,8253,5001,23213,1632.4612499386365
411,14001,8253,4979,23205,1632.4623749284092
412,14001,8253,4957,23197,1632.463499918182
413,14001,8253,4935,23190,1632.4646249079547
414,14001,8253,4913,23182,1632.4657498977274
415,14001,8253,4891,23174,1632.4668748875
416,14001,8253,4869,23166,1632.4679998772726
417,14001,8253,4847,23159,1632.4691248670454
418,14001,8253,4825,23151,1632.470249856818
419,14001,8253,4804,23143,1632.4713748465908
420,14001,8253,4782,23135,1632.4724998363636
421,14001,8253,4760,23128,1632.4736248261363
422,14001,8253,4738,23120,1632.474749815909
423,14001,8253,4716,23112,1632.4758748056818
424,14001,8253,4694,23104,1632.4769997954545
425,14001,8253,4672,23097,1632.4781247852272
426,14001,8253,4650,23089,1632.479249775
427,14001,8253,4628,23081,1632.4803747647727
428,14001,8253,4606,23073,1632.4814997545454
429,14001,8253,4584,23066,1632.4826247443182
430,14001,8253,4562,23058,1632.483749734091
431,14001,8253,4540,23050,1632.4848747238636
432,14001,8253,4518,23042,1632.4859997136364
433,14001,8253,4496,23035,1632.487124703409
434,14001,8253,4474,23027,1632.4882496931818
435,14001,8253,4453,23019,1632.4893746829546
436,14001,8253,4431,23011,1632.4904996727273
437,14001,8253,4409,23004,1632.4916246624998
438,14001,8253,4387,22996,1632.4927496522726
439,14001,8253,4365,22988,1632.4938746420453
440,14001,8253,4343,22980,1632.494999631818
441,14001,8253,4321,22973,1632.4961246215908
442,14001,8253,4299,22965,1632.4972496113635
443,14001,8253,4277,22957,1632.4983746011362
444,14001,8253,4255,22949,1632.499499590909
445,14001,8253,4233,22942,1632.5006245806817
446,14001,8253,4211,22934,1632.5017495704544
447,14001,8253,4189,22926,1632.5028745602272
448,13730,8029,4552,23167,1632.504
449,13730,8029,4532,23155,1632.5051249919643
450,13730,8029,4512,23143,1632.5062499839285
451,13730,8029,4491,23132,1632.5073749758928
452,13730,8029,4471,23120,1632.508499967857
453,13730,8029,4451,23109,1632.5096249598214
454,13730,8029,4431,23097,1632.5107499517856
455,13730,8029,4411,23086,1632.51187494375
456,13730,8029,4391,23074,1632.512999935714
457,13730,8029,4370,23062,1632.5141249276785
458,13730,8029,4350,23051,1632.5152499196429
459,13730,8029,4330,23039,1632.516374911607
460,13730,8029,4310,23028,1632.5174999035714
461,13730,8029,4290,23016,1632.5186248955356
462,13730,8029,4270,23004,1632.5197498875
463,13730,8029,4249,22993,1632.5208748794641
464,13730,8029,4229,22981,1632.5219998714285
465,13730,8029,4209,22970,1632.5231248633927
466,13730,8029,4189,22958,1632.524249855357
467,13730,8029,4169,22946,1632.5253748473215
468,13730,8029,4149,22935,1632.5264998392856
469,13730,8029,4128,22923,1632.52762483125
470,13730,8029,4108,22912,1632.5287498232142
471,13730,8029,4088,22900,1632.5298748151786
472,13730,8029,4068,22889,1632.5309998071427
473,13730,8029,4048,22877,1632.5321247991071
474,13730,8029,4028,22865,1632.5332497910713
475,13730,8029,4007,22854,1632.5343747830357
476,13730,8029,3987,22842,1632.535499775
477,13730,8029,3967,22831,1632.5366247669642
478,13730,8029,3947,22819,1632.5377497589286
479,13730,8029,3927,22807,1632.5388747508928
480,13730,8029,3907,22796,1632.5399997428572
481,13730,8029,3886,22784,1632.5411247348213
482,13730,8029,3866,22773,1632.5422497267857
483,13730,8029,3846,22761,1632.5433747187499
484,13730,8029,3826,22749,1632.5444997107143
485,13730,8029,3806,22738,1632.5456247026784
486,13730,8029,3786,22726,1632.5467496946428
487,13730,8029,3765,22715,1632.5478746866072
488,13730,8029,3745,22703,1632.5489996785714
489,13730,8029,3725,22692,1632.5501246705358
490,13730,8029,3705,22680,1632.5512496625
491,13730,8029,3685,22668,1632.5523746544643
492,13730,8029,3665,22657,1632.5534996464285
493,13730,8029,3644,22645,1632.5546246383929
494,13730,8029,3624,22634,1632.555749630357
495,13730,8029,3604,22622,1632.5568746223214
496,13730,8029,3584,22610,1632.5579996142858
497,13730,8029,3564,22599,1632.55912460625
498,13730,8029,3544,22587,1632.5602495982143
499,13730,8029,3523,22576,1632.5613745901785
500,13730,8029,3503,22564,1632.562499582143
501,13730,8029,3483,22552,1632.563624574107
502,13730,8029,3463,22541,1632.5647495660714
503,13730,8029,3443,22529,1632.5658745580356
504,13459,7805,3783,22654,1632.567
505,13459,7805,3764,22643,1632.5681249913462
506,13459,7805,3746,22632,1632.5692499826923
507,13459,7805,3728,22621,1632.5703749740385
508,13459,7805,3710,22610,1632.5714999653846
509,13459,7805,3692,22599,1632.5726249567308
510,13459,7805,3673,22588,1632.573749948077
511,13459,7805,3655,22577,1632.5748749394231
512,13459,7805,3637,22566,1632.5759999307693
513,13459,7805,3619,22555,1632.5771249221154
514,13459,7805,3601,22544,1632.5782499134616
515,13459,7805,3582,22533,1632.5793749048078
516,13459,7805,3564,22522,1632.580499896154
517,13459,7805,3546,22511,1632.5816248875
518,13459,7805,3528,22500,1632.5827498788462
519,13459,7805,3510,22489,1632.5838748701924
520,13459,7805,3491,22478,1632.5849998615386
521,13459,7805,3473,22467,1632.5861248528847
522,13459,7805,3455,22456,1632.5872498442309
523,13459,7805,3437,22445,1632.588374835577
524,13459,7805,3419,22434,1632.5894998269232
525,13459,7805,3400,22423,1632.5906248182694
526,13459,7805,3382,22412,1632.5917498096155
527,13459,7805,3364,22401,1632.5928748009617
528,13459,7805,3346,22390,1632.5939997923078
529,13459,7805,3328,22379,1632.595124783654
530,13459,7805,3309,22368,1632.5962497750002
531,13459,7805,3291,22357,1632.597374766346
532,13459,7805,3273,22346,1632.5984997576923
533,13459,7805,3255,22335,1632.5996247490384
534,13459,7805,3237,22324,1632.6007497403846
535,13459,7805,3218,22313,1632.6018747317307
536,13459,7805,3200,22302,1632.602999723077
537,13459,7805,3182,22291,1632.604124714423
538,13459,7805,3164,22280,1632.6052497057692
539,13459,7805,3146,22269,1632.6063746971154
540,13459,7805,3127,22258,1632.6074996884615
541,13459,7805,3109,22247,1632.6086246798077
542,13459,7805,3091,22236,1632.6097496711538
543,13459,7805,3073,22225,1632.6108746625
544,13459,7805,3055,22214,1632.6119996538462
545,13459,7805,3036,22203,1632.6131246451923
546,13459,7805,3018,22192,1632.6142496365385
547,13459,7805,3000,22181,1632.6153746278846
548,13459,7805,2982,22170,1632.6164996192308
549,13459,7805,2964,22159,1632.617624610577
550,13459,7805,2946,22148,1632.6187496019231
551,13459,7805,2927,22137,1632.6198745932693
552,13459,7805,2909,22126,1632.6209995846154
553,13459,7805,2891,22115,1632.6221245759616
554,13459,7805,2873,22104,1632.6232495673078
555,13459,7805,2855,22093,1632.624374558654
556,13188,7581,3167,22322,1632.6255
557,13188,7581,3150,22317,1632.62662498875
558,13188,7581,3133,22312,1632.6277499775001
559,13188,7581,3115,22306,1632.6288749662501
560,13188,7581,3098,22301,1632.6299999550001
561,13188,7581,3081,22296,1632.6311249437501
562,13188,7581,3064,22290,1632.6322499325001
563,13188,7581,3047,22285,1632.6333749212502
564,13188,7581,3029,22279,1632.6344999100002
565,13188,7581,3012,22274,1632.6356248987502
566,13188,7581,2995,22269,1632.6367498875002
567,13188,7581,2978,22263,1632.63787487625
568,13188,7581,2961,22258,1632.638999865
569,13188,7581,2943,22253,1632.64012485375
570,13188,7581,2926,22247,1632.6412498425
571,13188,7581,2909,22242,1632.64237483125
572,13188,7581,2892,22236,1632.64349982
573,13188,7581,2875,22231,1632.64462480875
574,13188,7581,2857,22226,1632.6457497975
575,13188,7581,2840,22220,1632.64687478625
576,13188,7581,2823,22215,1632.647999775
577,13188,7581,2806,22210,1632.64912476375
578,13188,7581,2789,22204,1632.6502497525
579,13188,7581,2771,22199,1632.65137474125
580,13188,7581,2754,22193,1632.65249973
581,13188,7581,2737,22188,1632.65362471875
582,13188,7581,2720,22183,1632.6547497075
583,13188,7581,2703,22177,1632.65587469625
584,13188,7581,2685,22172,1632.656999685
585,13188,7581,2668,22167,1632.65812467375
586,13188,7581,2651,22161,1632.6592496624999
587,13188,7581,2634,22156,1632.6603746512499
588,13188,7581,2617,22150,1632.6614996399999
589,13188,7581,2599,22145,1632.6626246287499
590,13188,7581,2582,22140,1632.6637496175
591,13188,7581,2565,22134,1632.66487460625
592,13188,7581,2548,22129,1632.665999595
593,13188,7581,2531,22124,1632.66712458375
594,13188,7581,2513,22118,1632.6682495725
595,13188,7581,2496,22113,1632.66937456125
596,12917,7357,10621,23417,1632.6705
597,12917,7357,10583,23407,1632.6716249929686
598,12917,7357,10545,23396,1632.6727499859373
599,12917,7357,10507,23385,1632.6738749789063
600,12917,7357,10469,23374,1632.674999971875
601,12917,7357,10431,23364,1632.6761249648437
602,12917,7357,10393,23353,1632.6772499578124
603,12917,7357,10355,23342,1632.6783749507813
604,12917,7357,10317,23332,1632.67949994375
605,12917,7357,10279,23321,1632.6806249367187
606,12917,7357,10241,23310,1632.6817499296874
607,12917,7357,10203,23299,1632.6828749226563
608,12917,7357,10165,23289,1632.683999915625
609,12917,7357,10127,23278,1632.6851249085937
610,12917,7357,10089,23267,1632.6862499015624
611,12917,7357,10051,23256,1632.6873748945313
612,12917,7357,10013,23246,1632.6884998875
613,12917,7357,9975,23235,1632.6896248804687
614,12917,7357,9937,23224,1632.6907498734374
615,12917,7357,9899,23213,1632.6918748664061
616,12917,7357,9861,23203,1632.692999859375
617,12917,7357,9823,23192,1632.6941248523437
618,12917,7357,9785,23181,1632.6952498453124
619,12917,7357,9747,23171,1632.6963748382811
620,12917,7357,9709,23160,1632.69749983125
621,12917,7357,9671,23149,1632.6986248242188
622,12917,7357,9633,23138,1632.6997498171875
623,12917,7357,9595,23128,1632.7008748101562
624,12917,7357,9557,23117,1632.701999803125
625,12917,7357,9519,23106,1632.7031247960938
626,12917,7357,9481,23095,1632.7042497890625
627,12917,7357,9443,23085,1632.7053747820312
628,12917,7357,9405,23074,1632.7064997749999
629,12917,7357,9367,23063,1632.7076247679688
630,12917,7357,9329,23053,1632.7087497609375
631,12917,7357,9291,23042,1632.7098747539062
632,12917,7357,9253,23031,1632.710999746875
633,12917,7357,9215,23020,1632.7121247398438
634,12917,7357,9177,23010,1632.7132497328125
635,12917,7357,9139,22999,1632.7143747257812
636,12917,7357,9101,22988,1632.71549971875
637,12917,7357,9063,22977,1632.7166247117189
638,12917,7357,9025,22967,1632.7177497046875
639,12917,7357,8987,22956,1632.7188746976562
640,12917,7357,8949,22945,1632.719999690625
641,12917,7357,8911,22934,1632.7211246835939
642,12917,7357,8873,22924,1632.7222496765626
643,12917,7357,8835,22913,1632.7233746695313
644,12917,7357,8797,22902,1632.7244996625
645,12917,7357,8759,22892,1632.7256246554687
646,12917,7357,8721,22881,1632.7267496484376
647,12917,7357,8683,22870,1632.7278746414063
648,12917,7357,8645,22859,1632.728999634375
649,12917,7357,8607,22849,1632.7301246273437
650,12917,7357,8569,22838,1632.7312496203126
651,12917,7357,8531,22827,1632.7323746132813
652,12917,7357,8493,22816,1632.73349960625
653,12917,7357,8455,22806,1632.7346245992187
654,12917,7357,8417,22795,1632.7357495921876
655,12917,7357,8379,22784,1632.7368745851563
656,12917,7357,8341,22774,1632.737999578125
657,12917,7357,8303,22763,1632.7391245710937
658,12917,7357,8265,22752,1632.7402495640627
659,12917,7357,8227,22741,1632.7413745570313
660,12646,7133,8931,22969,1632.7425
661,12646,7133,8898,22962,1632.743624990625
662,12646,7133,8865,22956,1632.7447499812502
663,12646,7133,8832,22949,1632.745874971875
664,12646,7133,8799,22943,1632.7469999625
665,12646,7133,8766,22936,1632.748124953125
666,12646,7133,8733,22930,1632.74924994375
667,12646,7133,8700,22924,1632.750374934375
668,12646,7133,8667,22917,1632.751499925
669,12646,7133,8634,22911,1632.7526249156251
670,12646,7133,8601,22904,1632.75374990625
671,12646,7133,8568,22898,1632.754874896875
672,12646,7133,8535,22891,1632.7559998875
673,12646,7133,8502,22885,1632.757124878125
674,12646,7133,8469,22878,1632.75824986875
675,12646,7133,8436,22872,1632.759374859375
676,12646,7133,8403,22865,1632.76049985
677,12646,7133,8370,22859,1632.761624840625
678,12646,7133,8337,22852,1632.76274983125
679,12646,7133,8304,22846,1632.763874821875
680,12646,7133,8271,22839,1632.7649998125
681,12646,7133,8238,22833,1632.766124803125
682,12646,7133,8205,22826,1632.76724979375
683,12646,7133,8172,22820,1632.768374784375
684,12646,7133,8139,22813,1632.769499775
685,12646,7133,8106,22807,1632.770624765625
686,12646,7133,8073,22800,1632.77174975625
687,12646,7133,8039,22794,1632.772874746875
688,12646,7133,8006,22787,1632.7739997375
689,12646,7133,7973,22781,1632.7751247281249
690,12646,7133,7940,22774,1632.77624971875
691,12646,7133,7907,22768,1632.777374709375
692,12646,7133,7874,22761,1632.7784996999999
693,12646,7133,7841,22755,1632.779624690625
694,12646,7133,7808,22748,1632.78074968125
695,12646,7133,7775,22742,1632.781874671875
696,12646,7133,7742,22735,1632.7829996625
697,12646,7133,7709,22729,1632.784124653125
698,12646,7133,7676,22722,1632.78524964375
699,12646,7133,7643,22716,1632.7863746343749
700,12646,7133,7610,22709,1632.787499625
701,12646,7133,7577,22703,1632.788624615625
702,12646,7133,7544,22696,1632.7897496062499
703,12646,7133,7511,22690,1632.790874596875
704,12646,7133,7478,22683,1632.7919995875
705,12646,7133,7445,22677,1632.793124578125
706,12646,7133,7412,22670,1632.7942495687498
707,12646,7133,7379,22664,1632.795374559375
708,12375,6909,7998,22955,1632.7965
709,12375,6909,7968,22943,1632.7976249919643
710,12375,6909,7938,22931,1632.7987499839285
711,12375,6909,7908,22920,1632.7998749758929
712,12375,6909,7878,22908,1632.800999967857
713,12375,6909,7848,22896,1632.8021249598214
714,12375,6909,7818,22885,1632.8032499517856
715,12375,6909,7788,22873,1632.80437494375
716,12375,6909,7758,22861,1632.8054999357141
717,12375,6909,7728,22850,1632.8066249276785
718,12375,6909,7698,22838,1632.807749919643
719,12375,6909,7668,22826,1632.808874911607
720,12375,6909,7638,22815,1632.8099999035715
721,12375,6909,7608,22803,1632.8111248955356
722,12375,6909,7578,22791,1632.8122498875
723,12375,6909,7548,22780,1632.8133748794642
724,12375,6909,7518,22768,1632.8144998714286
725,12375,6909,7488,22756,1632.8156248633927
726,12375,6909,7458,22745,1632.816749855357
727,12375,6909,7428,22733,1632.8178748473215
728,12375,6909,7398,22721,1632.8189998392857
729,12375,6909,7368,22710,1632.82012483125
730,12375,6909,7338,22698,1632.8212498232142
731,12375,6909,7308,22686,1632.8223748151786
732,12375,6909,7278,22675,1632.8234998071428
733,12375,6909,7248,22663,1632.8246247991071
734,12375,6909,7218,22652,1632.8257497910713
735,12375,6909,7188,22640,1632.8268747830357
736,12375,6909,7158,22628,1632.827999775
737,12375,6909,7128,22617,1632.8291247669642
738,12375,6909,7098,22605,1632.8302497589286
739,12375,6909,7068,22593,1632.8313747508928
740,12375,6909,7038,22582,1632.8324997428572
741,12375,6909,7008,22570,1632.8336247348213
742,12375,6909,6978,22558,1632.8347497267857
743,12375,6909,6948,22547,1632.83587471875
744,12375,6909,6918,22535,1632.8369997107143
745,12375,6909,6888,22523,1632.8381247026784
746,12375,6909,6858,22512,1632.8392496946428
747,12375,6909,6828,22500,1632.8403746866072
748,12375,6909,6798,22488,1632.8414996785714
749,12375,6909,6768,22477,1632.8426246705358
750,12375,6909,6738,22465,1632.8437496625
751,12375,6909,6708,22453,1632.8448746544643
752,12375,6909,6678,22442,1632.8459996464285
753,12375,6909,6648,22430,1632.8471246383929
754,12375,6909,6618,22418,1632.848249630357
755,12375,6909,6588,22407,1632.8493746223214
756,12375,6909,6558,22395,1632.8504996142858
757,12375,6909,6528,22383,1632.85162460625
758,12375,6909,6498,22372,1632.8527495982144
759,12375,6909,6468,22360,1632.8538745901785
760,12375,6909,6438,22348,1632.854999582143
761,12375,6909,6408,22337,1632.856124574107
762,12375,6909,6378,22325,1632.8572495660715
763,12375,6909,6348,22313,1632.8583745580356
764,12104,6685,6901,22492,1632.8595
765,12104,6685,6875,22481,1632.8606249913462
766,12104,6685,6848,22471,1632.8617499826923
767,12104,6685,6822,22460,1632.8628749740385
768,12104,6685,6795,22449,1632.8639999653847
769,12104,6685,6769,22438,1632.8651249567308
770,12104,6685,6742,22428,1632.866249948077
771,12104,6685,6715,22417,1632.8673749394231
772,12104,6685,6689,22406,1632.8684999307693
773,12104,6685,6662,22395,1632.8696249221155
774,12104,6685,6636,22384,1632.8707499134616
775,12104,6685,6609,22374,1632.8718749048078
776,12104,6685,6582,22363,1632.872999896154
777,12104,6685,6556,22352,1632.8741248875
778,12104,6685,6529,22341,1632.8752498788463
779,12104,6685,6503,22330,1632.8763748701924
780,12104,6685,6476,22320,1632.8774998615386
781,12104,6685,6450,22309,1632.8786248528847
782,12104,6685,6423,22298,1632.879749844231
783,12104,6685,6396,22287,1632.880874835577
784,12104,6685,6370,22277,1632.8819998269232
785,12104,6685,6343,22266,1632.8831248182694
786,12104,6685,6317,22255,1632.8842498096155
787,12104,6685,6290,22244,1632.8853748009617
788,12104,6685,6263,22233,1632.8864997923079
789,12104,6685,6237,22223,1632.887624783654
790,12104,6685,6210,22212,1632.8887497750002
791,12104,6685,6184,22201,1632.889874766346
792,12104,6685,6157,22190,1632.8909997576923
793,12104,6685,6130,22179,1632.8921247490384
794,12104,6685,6104,22169,1632.8932497403846
795,12104,6685,6077,22158,1632.8943747317307
796,12104,6685,6051,22147,1632.895499723077
797,12104,6685,6024,22136,1632.896624714423
798,12104,6685,5998,22126,1632.8977497057692
799,12104,6685,5971,22115,1632.8988746971154
800,12104,6685,5944,22104,1632.8999996884615
801,12104,6685,5918,22093,1632.9011246798077
802,12104,6685,5891,22082,1632.9022496711539
803,12104,6685,5865,22072,1632.9033746625
804,12104,6685,5838,22061,1632.9044996538462
805,12104,6685,5811,22050,1632.9056246451923
806,12104,6685,5785,22039,1632.9067496365385
807,12104,6685,5758,22028,1632.9078746278847
808,12104,6685,5732,22018,1632.9089996192308
809,12104,6685,5705,22007,1632.910124610577
810,12104,6685,5678,21996,1632.9112496019231
811,12104,6685,5652,21985,1632.9123745932693
812,12104,6685,5625,21975,1632.9134995846155
813,12104,6685,5599,21964,1632.9146245759616
814,12104,6685,5572,21953,1632.9157495673078
815,12104,6685,5546,21942,1632.916874558654
816,11833,6461,6049,22277,1632.918
817,11833,6461,6025,22270,1632.9191249919643
818,11833,6461,6000,22262,1632.9202499839284
819,11833,6461,5976,22255,1632.9213749758928
820,11833,6461,5952,22248,1632.922499967857
821,11833,6461,5927,22240,1632.9236249598214
822,11833,6461,5903,22233,1632.9247499517855
823,11833,6461,5879,22225,1632.92587494375
824,11833,6461,5854,22218,1632.926999935714
825,11833,6461,5830,22210,1632.9281249276785
826,11833,6461,5806,22203,1632.9292499196429
827,11833,6461,5781,22196,1632.930374911607
828,11833,6461,5757,22188,1632.9314999035714
829,11833,6461,5733,22181,1632.9326248955356
830,11833,6461,5708,22173,1632.9337498875
831,11833,6461,5684,22166,1632.9348748794641
832,11833,6461,5659,22158,1632.9359998714285
833,11833,6461,5635,22151,1632.9371248633927
834,11833,6461,5611,22144,1632.938249855357
835,11833,6461,5586,22136,1632.9393748473215
836,11833,6461,5562,22129,1632.9404998392856
837,11833,6461,5538,22121,1632.94162483125
838,11833,6461,5513,22114,1632.9427498232142
839,11833,6461,5489,22106,1632.9438748151786
840,11833,6461,5465,22099,1632.9449998071427
841,11833,6461,5440,22092,1632.946124799107
842,11833,6461,5416,22084,1632.9472497910713
843,11833,6461,5392,22077,1632.9483747830357
844,11833,6461,5367,22069,1632.9494997749998
845,11833,6461,5343,22062,1632.9506247669642
846,11833,6461,5318,22054,1632.9517497589286
847,11833,6461,5294,22047,1632.9528747508928
848,11833,6461,5270,22039,1632.9539997428571
849,11833,6461,5245,22032,1632.9551247348213
850,11833,6461,5221,22025,1632.9562497267857
851,11833,6461,5197,22017,1632.9573747187499
852,11833,6461,5172,22010,1632.9584997107142
853,11833,6461,5148,22002,1632.9596247026784
854,11833,6461,5124,21995,1632.9607496946428
855,11833,6461,5099,21987,1632.9618746866072
856,11833,6461,5075,21980,1632.9629996785714
857,11833,6461,5051,21973,1632.9641246705357
858,11833,6461,5026,21965,1632.9652496625
859,11833,6461,5002,21958,1632.9663746544643
860,11833,6461,4977,21950,1632.9674996464285
861,11833,6461,4953,21943,1632.9686246383928
862,11833,6461,4929,21935,1632.969749630357
863,11833,6461,4904,21928,1632.9708746223214
864,11833,6461,4880,21921,1632.9719996142858
865,11833,6461,4856,21913,1632.97312460625
866,11833,6461,4831,21906,1632.9742495982143
867,11833,6461,4807,21898,1632.9753745901785
868,11833,6461,4783,21891,1632.9764995821429
869,11833,6461,4758,21883,1632.977624574107
870,11833,6461,4734,21876,1632.9787495660714
871,11833,6461,4710,21869,1632.9798745580356
872,11560,6228,5184,22097,1632.981
873,11560,6228,5162,22086,1632.9821249929687
874,11560,6228,5140,22076,1632.9832499859374
875,11560,6228,5118,22066,1632.9843749789063
876,11560,6228,5096,22056,1632.985499971875
877,11560,6228,5074,22045,1632.9866249648437
878,11560,6228,5052,22035,1632.9877499578124
879,11560,6228,5030,22025,1632.9888749507813
880,11560,6228,5008,22014,1632.98999994375
881,11560,6228,4986,22004,1632.9911249367187
882,11560,6228,4964,21994,1632.9922499296874
883,11560,6228,4942,21983,1632.9933749226564
884,11560,6228,4920,21973,1632.994499915625
885,11560,6228,4898,21963,1632.9956249085938
886,11560,6228,4876,21953,1632.9967499015625
887,11560,6228,4854,21942,1632.9978748945314
888,11560,6228,4832,21932,1632.9989998875
889,11560,6228,4810,21922,1633.0001248804688
890,11560,6228,4788,21911,1633.0012498734375
891,11560,6228,4766,21901,1633.0023748664062
892,11560,6228,4744,21891,1633.003499859375
893,11560,6228,4722,21881,1633.0046248523438
894,11560,6228,4700,21870,1633.0057498453125
895,11560,6228,4678,21860,1633.0068748382812
896,11560,6228,4655,21850,1633.0079998312501
897,11560,6228,4633,21839,1633.0091248242188
898,11560,6228,4611,21829,1633.0102498171875
899,11560,6228,4589,21819,1633.0113748101562
900,11560,6228,4567,21808,1633.0124998031251
901,11560,6228,4545,21798,1633.0136247960938
902,11560,6228,4523,21788,1633.0147497890625
903,11560,6228,4501,21778,1633.0158747820312
904,11560,6228,4479,21767,1633.016999775
905,11560,6228,4457,21757,1633.0181247679689
906,11560,6228,4435,21747,1633.0192497609376
907,11560,6228,4413,21736,1633.0203747539063
908,11560,6228,4391,21726,1633.021499746875
909,11560,6228,4369,21716,1633.0226247398439
910,11560,6228,4347,21705,1633.0237497328126
911,11560,6228,4325,21695,1633.0248747257813
912,11560,6228,4303,21685,1633.02599971875
913,11560,6228,4281,21675,1633.027124711719
914,11560,6228,4259,21664,1633.0282497046876
915,11560,6228,4237,21654,1633.0293746976563
916,11560,6228,4215,21644,1633.030499690625
917,11560,6228,4193,21633,1633.031624683594
918,11560,6228,4171,21623,1633.0327496765626
919,11560,6228,4149,21613,1633.0338746695313
920,11560,6228,4127,21602,1633.0349996625
921,11560,6228,4105,21592,1633.0361246554687
922,11560,6228,4082,21582,1633.0372496484376
923,11560,6228,4060,21572,1633.0383746414063
924,11560,6228,4038,21561,1633.039499634375
925,11560,6228,4016,21551,1633.0406246273437
926,11560,6228,3994,21541,1633.0417496203127
927,11560,6228,3972,21530,1633.0428746132814
928,11560,6228,3950,21520,1633.04399960625
929,11560,6228,3928,21510,1633.0451245992188
930,11560,6228,3906,21499,1633.0462495921877
931,11560,6228,3884,21489,1633.0473745851564
932,11560,6228,3862,21479,1633.048499578125
933,11560,6228,3840,21469,1633.0496245710938
934,11560,6228,3818,21458,1633.0507495640627
935,11560,6228,3796,21448,1633.0518745570314
936,11351,6058,4122,21720,1633.053
937,11351,6058,4103,21714,1633.0541249897728
938,11351,6058,4084,21707,1633.0552499795456
939,11351,6058,4064,21700,1633.0563749693183
940,11351,6058,4045,21693,1633.057499959091
941,11351,6058,4026,21686,1633.0586249488638
942,11351,6058,4007,21680,1633.0597499386365
943,11351,6058,3987,21673,1633.0608749284092
944,11351,6058,3968,21666,1633.061999918182
945,11351,6058,3949,21659,1633.0631249079547
946,11351,6058,3929,21652,1633.0642498977274
947,11351,6058,3910,21645,1633.0653748875
948,11351,6058,3891,21639,1633.0664998772727
949,11351,6058,3872,21632,1633.0676248670454
950,11351,6058,3852,21625,1633.0687498568182
951,11351,6058,3833,21618,1633.069874846591
952,11351,6058,3814,21611,1633.0709998363636
953,11351,6058,3794,21605,1633.0721248261364
954,11351,6058,3775,21598,1633.073249815909
955,11351,6058,3756,21591,1633.0743748056818
956,11351,6058,3737,21584,1633.0754997954546
957,11351,6058,3717,21577,1633.0766247852273
958,11351,6058,3698,21570,1633.077749775
959,11351,6058,3679,21564,1633.0788747647728
960,11351,6058,3659,21557,1633.0799997545455
961,11351,6058,3640,21550,1633.0811247443182
962,11351,6058,3621,21543,1633.082249734091
963,11351,6058,3602,21536,1633.0833747238637
964,11351,6058,3582,21530,1633.0844997136364
965,11351,6058,3563,21523,1633.0856247034092
966,11351,6058,3544,21516,1633.086749693182
967,11351,6058,3524,21509,1633.0878746829546
968,11351,6058,3505,21502,1633.0889996727274
969,11351,6058,3486,21495,1633.0901246624999
970,11351,6058,3466,21489,1633.0912496522726
971,11351,6058,3447,21482,1633.0923746420453
972,11351,6058,3428,21475,1633.093499631818
973,11351,6058,3409,21468,1633.0946246215908
974,11351,6058,3389,21461,1633.0957496113635
975,11351,6058,3370,21455,1633.0968746011363
976,11351,6058,3351,21448,1633.097999590909
977,11351,6058,3331,21441,1633.0991245806817
978,11351,6058,3312,21434,1633.1002495704545
979,11351,6058,3293,21427,1633.1013745602272
980,11142,5888,3565,21594,1633.1025
981,11142,5888,3548,21581,1633.1036249913461
982,11142,5888,3530,21568,1633.1047499826923
983,11142,5888,3512,21555,1633.1058749740384
984,11142,5888,3494,21542,1633.1069999653846
985,11142,5888,3476,21529,1633.1081249567308
986,11142,5888,3458,21516,1633.109249948077
987,11142,5888,3440,21503,1633.110374939423
988,11142,5888,3422,21490,1633.1114999307692
989,11142,5888,3404,21477,1633.1126249221154
990,11142,5888,3387,21465,1633.1137499134616
991,11142,5888,3369,21452,1633.1148749048077
992,11142,5888,3351,21439,1633.1159998961539
993,11142,5888,3333,21426,1633.1171248875
994,11142,5888,3315,21413,1633.1182498788462
995,11142,5888,3297,21400,1633.1193748701924
996,11142,5888,3279,21387,1633.1204998615385
997,11142,5888,3261,21374,1633.1216248528847
998,11142,5888,3243,21361,1633.1227498442308
999,11142,5888,3225,21348,1633.123874835577
1000,11142,5888,3208,21335,1633.1249998269232
1001,11142,5888,3190,21322,1633.1261248182693
1002,11142,5888,3172,21309,1633.1272498096155
1003,11142,5888,3154,21296,1633.1283748009616
1004,11142,5888,3136,21283,1633.1294997923078
1005,11142,5888,3118,21270,1633.130624783654
1006,11142,5888,3100,21257,1633.1317497750001
1007,11142,5888,3082,21244,1633.132874766346
1008,11142,5888,3064,21232,1633.1339997576922
1009,11142,5888,3047,21219,1633.1351247490384
1010,11142,5888,3029,21206,1633.1362497403845
1011,11142,5888,3011,21193,1633.1373747317307
1012,11142,5888,2993,21180,1633.1384997230768
1013,11142,5888,2975,21167,1633.139624714423
1014,11142,5888,2957,21154,1633.1407497057692
1015,11142,5888,2939,21141,1633.1418746971153
1016,11142,5888,2921,21128,1633.1429996884615
1017,11142,5888,2903,21115,1633.1441246798076
1018,11142,5888,2885,21102,1633.1452496711538
1019,11142,5888,2868,21089,1633.1463746625
1020,11142,5888,2850,21076,1633.1474996538461
1021,11142,5888,2832,21063,1633.1486246451923
1022,11142,5888,2814,21050,1633.1497496365384
1023,11142,5888,2796,21037,1633.1508746278846
1024,11142,5888,2778,21024,1633.1519996192308
1025,11142,5888,2760,21011,1633.153124610577
1026,11142,5888,2742,20999,1633.154249601923
1027,11142,5888,2724,20986,1633.1553745932692
1028,11142,5888,2707,20973,1633.1564995846154
1029,11142,5888,2689,20960,1633.1576245759616
1030,11142,5888,2671,20947,1633.1587495673077
1031,11142,5888,2653,20934,1633.1598745586539
1032,10933,5718,2942,21157,1633.161
1033,10933,5718,2925,21145,1633.1621249839286
1034,10933,5718,2907,21133,1633.1632499678572
1035,10933,5718,2890,21121,1633.1643749517857
1036,10933,5718,2873,21110,1633.1654999357143
1037,10933,5718,2856,21098,1633.166624919643
1038,10933,5718,2839,21086,1633.1677499035716
1039,10933,5718,2822,21075,1633.1688748875001
1040,10933,5718,2805,21063,1633.1699998714287
1041,10933,5718,2788,21051,1633.1711248553572
1042,10933,5718,2771,21040,1633.1722498392858
1043,10933,5718,2754,21028,1633.1733748232143
1044,10933,5718,2737,21016,1633.1744998071429
1045,10933,5718,2719,21004,1633.1756247910714
1046,10933,5718,2702,20993,1633.1767497750002
1047,10933,5718,2685,20981,1633.1778747589287
1048,10933,5718,2668,20969,1633.1789997428573
1049,10933,5718,2651,20958,1633.1801247267858
1050,10933,5718,2634,20946,1633.1812497107144
1051,10933,5718,2617,20934,1633.182374694643
1052,10933,5718,2600,20923,1633.1834996785715
1053,10933,5718,2583,20911,1633.1846246625
1054,10933,5718,2566,20899,1633.1857496464286
1055,10933,5718,2549,20887,1633.1868746303571
1056,10933,5718,2532,20876,1633.187999614286
1057,10933,5718,2514,20864,1633.1891245982144
1058,10933,5718,2497,20852,1633.190249582143
1059,10933,5718,2480,20841,1633.1913745660715
1060,10724,5548,10599,22043,1633.1925
1061,10724,5548,10561,22035,1633.1936249925002
1062,10724,5548,10522,22026,1633.194749985
1063,10724,5548,10484,22018,1633.1958749775001
1064,10724,5548,10446,22010,1633.1969999700002
1065,10724,5548,10408,22002,1633.1981249625
1066,10724,5548,10370,21994,1633.1992499550001
1067,10724,5548,10331,21985,1633.2003749475
1068,10724,5548,10293,21977,1633.20149994
1069,10724,5548,10255,21969,1633.2026249325002
1070,10724,5548,10217,21961,1633.203749925
1071,10724,5548,10179,21953,1633.2048749175
1072,10724,5548,10141,21945,1633.2059999100002
1073,10724,5548,10102,21936,1633.2071249025
1074,10724,5548,10064,21928,1633.208249895
1075,10724,5548,10026,21920,1633.2093748875
1076,10724,5548,9988,21912,1633.21049988
1077,10724,5548,9950,21904,1633.2116248725001
1078,10724,5548,9911,21896,1633.212749865
1079,10724,5548,9873,21887,1633.2138748575
1080,10724,5548,9835,21879,1633.2149998500001
1081,10724,5548,9797,21871,1633.2161248425
1082,10724,5548,9759,21863,1633.217249835
1083,10724,5548,9720,21855,1633.2183748275002
1084,10724,5548,9682,21846,1633.21949982
1085,10724,5548,9644,21838,1633.2206248125
1086,10724,5548,9606,21830,1633.221749805
1087,10724,5548,9568,21822,1633.2228747975
1088,10724,5548,9529,21814,1633.22399979
1089,10724,5548,9491,21806,1633.2251247825
1090,10724,5548,9453,21797,1633.226249775
1091,10724,5548,9415,21789,1633.2273747675001
1092,10724,5548,9377,21781,1633.22849976
1093,10724,5548,9339,21773,1633.2296247525
1094,10724,5548,9300,21765,1633.2307497450001
1095,10724,5548,9262,21756,1633.2318747375
1096,10724,5548,9224,21748,1633.23299973
1097,10724,5548,9186,21740,1633.2341247225
1098,10724,5548,9148,21732,1633.235249715
1099,10724,5548,9109,21724,1633.2363747075
1100,10724,5548,9071,21716,1633.2374997
1101,10724,5548,9033,21707,1633.2386246925
1102,10724,5548,8995,21699,1633.239749685
1103,10724,5548,8957,21691,1633.2408746775
1104,10724,5548,8918,21683,1633.24199967
1105,10724,5548,8880,21675,1633.2431246625001
1106,10724,5548,8842,21667,1633.244249655
1107,10724,5548,8804,21658,1633.2453746475
1108,10724,5548,8766,21650,1633.24649964
1109,10724,5548,8727,21642,1633.2476246325
1110,10724,5548,8689,21634,1633.248749625
1111,10724,5548,8651,21626,1633.2498746175
1112,10724,5548,8613,21617,1633.25099961
1113,10724,5548,8575,21609,1633.2521246025
1114,10724,5548,8537,21601,1633.253249595
1115,10724,5548,8498,21593,1633.2543745875
1116,10724,5548,8460,21585,1633.2554995799999
1117,10724,5548,8422,21577,1633.2566245725
1118,10724,5548,8384,21568,1633.257749565
1119,10724,5548,8346,21560,1633.2588745575
1120,10515,5378,8972,21789,1633.26
1121,10515,5378,8938,21778,1633.2611249913462
1122,10515,5378,8904,21768,1633.2622499826923
1123,10515,5378,8870,21757,1633.2633749740385
1124,10515,5378,8837,21747,1633.2644999653846
1125,10515,5378,8803,21736,1633.2656249567308
1126,10515,5378,8769,21726,1633.266749948077
1127,10515,5378,8735,21715,1633.267874939423
1128,10515,5378,8702,21705,1633.2689999307693
1129,10515,5378,8668,21694,1633.2701249221154
1130,10515,5378,8634,21684,1633.2712499134616
1131,10515,5378,8601,21673,1633.2723749048077
1132,10515,5378,8567,21663,1633.273499896154
1133,10515,5378,8533,21652,1633.2746248875
1134,10515,5378,8499,21642,1633.2757498788462
1135,10515,5378,8466,21631,1633.2768748701924
1136,10515,5378,8432,21621,1633.2779998615385
1137,10515,5378,8398,21610,1633.2791248528847
1138,10515,5378,8365,21600,1633.2802498442309
1139,10515,5378,8331,21589,1633.281374835577
1140,10515,5378,8297,21579,1633.2824998269232
1141,10515,5378,8263,21568,1633.2836248182693
1142,10515,5378,8230,21558,1633.2847498096155
1143,10515,5378,8196,21547,1633.2858748009617
1144,10515,5378,8162,21536,1633.2869997923078
1145,10515,5378,8129,21526,1633.288124783654
1146,10515,5378,8095,21515,1633.289249775
1147,10515,5378,8061,21505,1633.290374766346
1148,10515,5378,8027,21494,1633.2914997576922
1149,10515,5378,7994,21484,1633.2926247490384
1150,10515,5378,7960,21473,1633.2937497403846
1151,10515,5378,7926,21463,1633.2948747317307
1152,10515,5378,7893,21452,1633.2959997230769
1153,10515,5378,7859,21442,1633.297124714423
1154,10515,5378,7825,21431,1633.2982497057692
1155,10515,5378,7791,21421,1633.2993746971154
1156,10515,5378,7758,21410,1633.3004996884615
1157,10515,5378,7724,21400,1633.3016246798077
1158,10515,5378,7690,21389,1633.3027496711538
1159,10515,5378,7657,21379,1633.3038746625
1160,10515,5378,7623,21368,1633.3049996538462
1161,10515,5378,7589,21358,1633.3061246451923
1162,10515,5378,7555,21347,1633.3072496365385
1163,10515,5378,7522,21337,1633.3083746278846
1164,10515,5378,7488,21326,1633.3094996192308
1165,10515,5378,7454,21316,1633.310624610577
1166,10515,5378,7421,21305,1633.311749601923
1167,10515,5378,7387,21295,1633.3128745932693
1168,10515,5378,7353,21284,1633.3139995846154
1169,10515,5378,7319,21273,1633.3151245759616
1170,10515,5378,7286,21263,1633.3162495673078
1171,10515,5378,7252,21252,1633.317374558654
1172,10306,5208,7802,21499,1633.3185
1173,10306,5208,7772,21494,1633.319624990625
1174,10306,5208,7742,21489,1633.3207499812502
1175,10306,5208,7712,21484,1633.321874971875
1176,10306,5208,7682,21478,1633.3229999625
1177,10306,5208,7652,21473,1633.324124953125
1178,10306,5208,7622,21468,1633.3252499437501
1179,10306,5208,7592,21463,1633.326374934375
1180,10306,5208,7562,21458,1633.327499925
1181,10306,5208,7532,21453,1633.3286249156251
1182,10306,5208,7502,21448,1633.32974990625
1183,10306,5208,7472,21443,1633.330874896875
1184,10306,5208,7442,21438,1633.3319998875
1185,10306,5208,7412,21433,1633.333124878125
1186,10306,5208,7382,21427,1633.33424986875
1187,10306,5208,7352,21422,1633.335374859375
1188,10306,5208,7322,21417,1633.33649985
1189,10306,5208,7292,21412,1633.337624840625
1190,10306,5208,7262,21407,1633.33874983125
1191,10306,5208,7232,21402,1633.3398748218751
1192,10306,5208,7202,21397,1633.3409998125
1193,10306,5208,7172,21392,1633.342124803125
1194,10306,5208,7142,21387,1633.34324979375
1195,10306,5208,7112,21381,1633.344374784375
1196,10306,5208,7082,21376,1633.345499775
1197,10306,5208,7052,21371,1633.346624765625
1198,10306,5208,7022,21366,1633.34774975625
1199,10306,5208,6992,21361,1633.348874746875
1200,10306,5208,6962,21356,1633.3499997375
1201,10306,5208,6932,21351,1633.351124728125
1202,10306,5208,6902,21346,1633.35224971875
1203,10306,5208,6872,21341,1633.353374709375
1204,10306,5208,6842,21336,1633.3544997
1205,10306,5208,6812,21330,1633.355624690625
1206,10306,5208,6782,21325,1633.35674968125
1207,10306,5208,6752,21320,1633.357874671875
1208,10306,5208,6722,21315,1633.3589996625
1209,10306,5208,6692,21310,1633.360124653125
1210,10306,5208,6662,21305,1633.36124964375
1211,10306,5208,6632,21300,1633.3623746343749
1212,10306,5208,6602,21295,1633.363499625
1213,10306,5208,6572,21290,1633.364624615625
1214,10306,5208,6542,21284,1633.36574960625
1215,10306,5208,6512,21279,1633.366874596875
1216,10306,5208,6482,21274,1633.3679995875
1217,10306,5208,6452,21269,1633.369124578125
1218,10306,5208,6422,21264,1633.3702495687498
1219,10306,5208,6392,21259,1633.371374559375
1220,10097,5038,6882,21530,1633.3725
1221,10097,5038,6855,21520,1633.3736249897727
1222,10097,5038,6828,21510,1633.3747499795454
1223,10097,5038,6801,21500,1633.3758749693181
1224,10097,5038,6774,21489,1633.3769999590909
1225,10097,5038,6747,21479,1633.3781249488636
1226,10097,5038,6720,21469,1633.3792499386363
1227,10097,5038,6693,21459,1633.380374928409
1228,10097,5038,6666,21449,1633.3814999181818
1229,10097,5038,6639,21439,1633.3826249079546
1230,10097,5038,6612,21428,1633.3837498977273
1231,10097,5038,6586,21418,1633.3848748875
1232,10097,5038,6559,21408,1633.3859998772728
1233,10097,5038,6532,21398,1633.3871248670455
1234,10097,5038,6505,21388,1633.3882498568182
1235,10097,5038,6478,21378,1633.389374846591
1236,10097,5038,6451,21367,1633.3904998363637
1237,10097,5038,6424,21357,1633.3916248261364
1238,10097,5038,6397,21347,1633.3927498159092
1239,10097,5038,6370,21337,1633.393874805682
1240,10097,5038,6343,21327,1633.3949997954546
1241,10097,5038,6316,21317,1633.3961247852274
1242,10097,5038,6289,21306,1633.397249775
1243,10097,5038,6263,21296,1633.3983747647726
1244,10097,5038,6236,21286,1633.3994997545453
1245,10097,5038,6209,21276,1633.400624744318
1246,10097,5038,6182,21266,1633.4017497340908
1247,10097,5038,6155,21256,1633.4028747238635
1248,10097,5038,6128,21245,1633.4039997136363
1249,10097,5038,6101,21235,1633.405124703409
1250,10097,5038,6074,21225,1633.4062496931817
1251,10097,5038,6047,21215,1633.4073746829545
1252,10097,5038,6020,21205,1633.4084996727272
1253,10097,5038,5993,21195,1633.4096246625
1254,10097,5038,5966,21184,1633.4107496522727
1255,10097,5038,5940,21174,1633.4118746420454
1256,10097,5038,5913,21164,1633.4129996318181
1257,10097,5038,5886,21154,1633.4141246215909
1258,10097,5038,5859,21144,1633.4152496113636
1259,10097,5038,5832,21134,1633.4163746011363
1260,10097,5038,5805,21123,1633.417499590909
1261,10097,5038,5778,21113,1633.4186245806818
1262,10097,5038,5751,21103,1633.4197495704545
1263,10097,5038,5724,21093,1633.4208745602273
1264,9888,4868,6156,21269,1633.422
1265,9888,4868,6132,21256,1633.4231249913462
1266,9888,4868,6107,21243,1633.4242499826923
1267,9888,4868,6083,21230,1633.4253749740385
1268,9888,4868,6058,21218,1633.4264999653847
1269,9888,4868,6033,21205,1633.4276249567308
1270,9888,4868,6009,21192,1633.428749948077
1271,9888,4868,5984,21180,1633.4298749394231
1272,9888,4868,5960,21167,1633.4309999307693
1273,9888,4868,5935,21154,1633.4321249221155
1274,9888,4868,5910,21141,1633.4332499134616
1275,9888,4868,5886,21129,1633.4343749048078
1276,9888,4868,5861,21116,1633.435499896154
1277,9888,4868,5836,21103,1633.4366248875
1278,9888,4868,5812,21090,1633.4377498788463
1279,9888,4868,5787,21078,1633.4388748701924
1280,9888,4868,5763,21065,1633.4399998615386
1281,9888,4868,5738,21052,1633.4411248528847
1282,9888,4868,5713,21039,1633.442249844231
1283,9888,4868,5689,21027,1633.443374835577
1284,9888,4868,5664,21014,1633.4444998269232
1285,9888,4868,5640,21001,1633.4456248182694
1286,9888,4868,5615,20989,1633.4467498096155
1287,9888,4868,5590,20976,1633.4478748009617
1288,9888,4868,5566,20963,1633.4489997923079
1289,9888,4868,5541,20950,1633.450124783654
1290,9888,4868,5516,20938,1633.4512497750002
1291,9888,4868,5492,20925,1633.452374766346
1292,9888,4868,5467,20912,1633.4534997576923
1293,9888,4868,5443,20899,1633.4546247490384
1294,9888,4868,5418,20887,1633.4557497403846
1295,9888,4868,5393,20874,1633.4568747317307
1296,9888,4868,5369,20861,1633.457999723077
1297,9888,4868,5344,20848,1633.459124714423
1298,9888,4868,5320,20836,1633.4602497057692
1299,9888,4868,5295,20823,1633.4613746971154
1300,9888,4868,5270,20810,1633.4624996884615
1301,9888,4868,5246,20798,1633.4636246798077
1302,9888,4868,5221,20785,1633.4647496711539
1303,9888,4868,5196,20772,1633.4658746625
1304,9888,4868,5172,20759,1633.4669996538462
1305,9888,4868,5147,20747,1633.4681246451923
1306,9888,4868,5123,20734,1633.4692496365385
1307,9888,4868,5098,20721,1633.4703746278847
1308,9888,4868,5073,20708,1633.4714996192308
1309,9888,4868,5049,20696,1633.472624610577
1310,9888,4868,5024,20683,1633.4737496019231
1311,9888,4868,5000,20670,1633.4748745932693
1312,9888,4868,4975,20657,1633.4759995846155
1313,9888,4868,4950,20645,1633.4771245759616
1314,9888,4868,4926,20632,1633.4782495673078
1315,9888,4868,4901,20619,1633.479374558654
1316,9679,4698,5319,20931,1633.4805
1317,9679,4698,5296,20922,1633.481624991346
1318,9679,4698,5273,20913,1633.4827499826922
1319,9679,4698,5250,20904,1633.4838749740384
1320,9679,4698,5227,20894,1633.4849999653845
1321,9679,4698,5205,20885,1633.4861249567307
1322,9679,4698,5182,20876,1633.4872499480769
1323,9679,4698,5159,20867,1633.488374939423
1324,9679,4698,5136,20857,1633.4894999307692
1325,9679,4698,5113,20848,1633.4906249221153
1326,9679,4698,5090,20839,1633.4917499134615
1327,9679,4698,5068,20830,1633.4928749048076
1328,9679,4698,5045,20821,1633.4939998961538
1329,9679,4698,5022,20811,1633.4951248875
1330,9679,4698,4999,20802,1633.4962498788461
1331,9679,4698,4976,20793,1633.4973748701923
1332,9679,4698,4954,20784,1633.4984998615384
1333,9679,4698,4931,20774,1633.4996248528846
1334,9679,4698,4908,20765,1633.5007498442308
1335,9679,4698,4885,20756,1633.501874835577
1336,9679,4698,4862,20747,1633.502999826923
1337,9679,4698,4840,20738,1633.5041248182692
1338,9679,4698,4817,20728,1633.5052498096154
1339,9679,4698,4794,20719,1633.5063748009616
1340,9679,4698,4771,20710,1633.5074997923077
1341,9679,4698,4748,20701,1633.5086247836539
1342,9679,4698,4725,20691,1633.5097497749998
1343,9679,4698,4703,20682,1633.510874766346
1344,9679,4698,4680,20673,1633.5119997576921
1345,9679,4698,4657,20664,1633.5131247490383
1346,9679,4698,4634,20655,1633.5142497403845
1347,9679,4698,4611,20645,1633.5153747317306
1348,9679,4698,4589,20636,1633.5164997230768
1349,9679,4698,4566,20627,1633.517624714423
1350,9679,4698,4543,20618,1633.518749705769
1351,9679,4698,4520,20609,1633.5198746971153
1352,9679,4698,4497,20599,1633.5209996884614
1353,9679,4698,4475,20590,1633.5221246798076
1354,9679,4698,4452,20581,1633.5232496711537
1355,9679,4698,4429,20572,1633.5243746625
1356,9679,4698,4406,20562,1633.525499653846
1357,9679,4698,4383,20553,1633.5266246451922
1358,9679,4698,4360,20544,1633.5277496365384
1359,9679,4698,4338,20535,1633.5288746278845
1360,9679,4698,4315,20526,1633.5299996192307
1361,9679,4698,4292,20516,1633.5311246105769
1362,9679,4698,4269,20507,1633.532249601923
1363,9679,4698,4246,20498,1633.5333745932692
1364,9679,4698,4224,20489,1633.5344995846153
1365,9679,4698,4201,20479,1633.5356245759615
1366,9679,4698,4178,20470,1633.5367495673077
1367,9679,4698,4155,20461,1633.5378745586538
1368,9463,4519,4553,20732,1633.539
1369,9463,4519,4532,20720,1633.5401249897727
1370,9463,4519,4512,20708,1633.5412499795455
1371,9463,4519,4491,20695,1633.5423749693182
1372,9463,4519,4470,20683,1633.543499959091
1373,9463,4519,4450,20671,1633.5446249488637
1374,9463,4519,4429,20659,1633.5457499386364
1375,9463,4519,4408,20646,1633.5468749284091
1376,9463,4519,4388,20634,1633.5479999181819
1377,9463,4519,4367,20622,1633.5491249079546
1378,9463,4519,4346,20610,1633.5502498977273
1379,9463,4519,4326,20597,1633.5513748875
1380,9463,4519,4305,20585,1633.5524998772728
1381,9463,4519,4284,20573,1633.5536248670455
1382,9463,4519,4264,20561,1633.5547498568183
1383,9463,4519,4243,20548,1633.555874846591
1384,9463,4519,4222,20536,1633.5569998363637
1385,9463,4519,4202,20524,1633.5581248261365
1386,9463,4519,4181,20512,1633.5592498159092
1387,9463,4519,4160,20499,1633.560374805682
1388,9463,4519,4139,20487,1633.5614997954547
1389,9463,4519,4119,20475,1633.5626247852274
1390,9463,4519,4098,20463,1633.563749775
1391,9463,4519,4077,20450,1633.5648747647726
1392,9463,4519,4057,20438,1633.5659997545454
1393,9463,4519,4036,20426,1633.567124744318
1394,9463,4519,4015,20414,1633.5682497340908
1395,9463,4519,3995,20401,1633.5693747238636
1396,9463,4519,3974,20389,1633.5704997136363
1397,9463,4519,3953,20377,1633.571624703409
1398,9463,4519,3933,20365,1633.5727496931818
1399,9463,4519,3912,20352,1633.5738746829545
1400,9463,4519,3891,20340,1633.5749996727272
1401,9463,4519,3871,20328,1633.5761246625
1402,9463,4519,3850,20316,1633.5772496522727
1403,9463,4519,3829,20303,1633.5783746420454
1404,9463,4519,3809,20291,1633.5794996318182
1405,9463,4519,3788,20279,1633.580624621591
1406,9463,4519,3767,20267,1633.5817496113636
1407,9463,4519,3747,20254,1633.5828746011364
1408,9463,4519,3726,20242,1633.5839995909091
1409,9463,4519,3705,20230,1633.5851245806818
1410,9463,4519,3684,20218,1633.5862495704546
1411,9463,4519,3664,20205,1633.5873745602273
1412,9275,4392,3945,20419,1633.5885
1413,9275,4392,3927,20412,1633.5896249913462
1414,9275,4392,3908,20405,1633.5907499826924
1415,9275,4392,3889,20398,1633.5918749740385
1416,9275,4392,3870,20391,1633.5929999653847
1417,9275,4392,3851,20384,1633.5941249567309
1418,9275,4392,3832,20377,1633.595249948077
1419,9275,4392,3813,20370,1633.5963749394232
1420,9275,4392,3795,20363,1633.5974999307693
1421,9275,4392,3776,20356,1633.5986249221155
1422,9275,4392,3757,20349,1633.5997499134617
1423,9275,4392,3738,20342,1633.6008749048078
1424,9275,4392,3719,20335,1633.601999896154
1425,9275,4392,3700,20328,1633.6031248875001
1426,9275,4392,3681,20321,1633.604249878846
1427,9275,4392,3663,20314,1633.6053748701922
1428,9275,4392,3644,20307,1633.6064998615384
1429,9275,4392,3625,20300,1633.6076248528846
1430,9275,4392,3606,20293,1633.6087498442307
1431,9275,4392,3587,20286,1633.6098748355769
1432,9275,4392,3568,20279,1633.610999826923
1433,9275,4392,3549,20272,1633.6121248182692
1434,9275,4392,3531,20265,1633.6132498096154
1435,9275,4392,3512,20258,1633.6143748009615
1436,9275,4392,3493,20251,1633.6154997923077
1437,9275,4392,3474,20244,1633.6166247836538
1438,9275,4392,3455,20237,1633.617749775
1439,9275,4392,3436,20230,1633.6188747663462
1440,9275,4392,3417,20223,1633.6199997576923
1441,9275,4392,3399,20216,1633.6211247490385
1442,9275,4392,3380,20209,1633.6222497403846
1443,9275,4392,3361,20202,1633.6233747317308
1444,9275,4392,3342,20195,1633.624499723077
1445,9275,4392,3323,20189,1633.625624714423
1446,9275,4392,3304,20182,1633.6267497057693
1447,9275,4392,3285,20175,1633.6278746971154
1448,9275,4392,3267,20168,1633.6289996884616
1449,9275,4392,3248,20161,1633.6301246798077
1450,9275,4392,3229,20154,1633.631249671154
1451,9275,4392,3210,20147,1633.6323746624998
1452,9275,4392,3191,20140,1633.633499653846
1453,9275,4392,3172,20133,1633.6346246451922
1454,9275,4392,3154,20126,1633.6357496365383
1455,9275,4392,3135,20119,1633.6368746278845
1456,9275,4392,3116,20112,1633.6379996192306
1457,9275,4392,3097,20105,1633.6391246105768
1458,9275,4392,3078,20098,1633.640249601923
1459,9275,4392,3059,20091,1633.6413745932691
1460,9275,4392,3040,20084,1633.6424995846153
1461,9275,4392,3022,20077,1633.6436245759614
1462,9275,4392,3003,20070,1633.6447495673076
1463,9275,4392,2984,20063,1633.6458745586538
1464,9087,4265,3245,20320,1633.647
1465,9087,4265,3228,20312,1633.64812498875
1466,9087,4265,3210,20304,1633.6492499775
1467,9087,4265,3192,20297,1633.65037496625
1468,9087,4265,3175,20289,1633.651499955
1469,9087,4265,3157,20282,1633.65262494375
1470,9087,4265,3140,20274,1633.6537499325
1471,9087,4265,3122,20267,1633.65487492125
1472,9087,4265,3105,20259,1633.65599991
1473,9087,4265,3087,20252,1633.65712489875
1474,9087,4265,3069,20244,1633.6582498875
1475,9087,4265,3052,20237,1633.65937487625
1476,9087,4265,3034,20229,1633.660499865
1477,9087,4265,3017,20221,1633.66162485375
1478,9087,4265,2999,20214,1633.6627498425
1479,9087,4265,2982,20206,1633.66387483125
1480,9087,4265,2964,20199,1633.66499982
1481,9087,4265,2946,20191,1633.66612480875
1482,9087,4265,2929,20184,1633.6672497975
1483,9087,4265,2911,20176,1633.66837478625
1484,9087,4265,2894,20169,1633.669499775
1485,9087,4265,2876,20161,1633.6706247637499
1486,9087,4265,2859,20154,1633.6717497524999
1487,9087,4265,2841,20146,1633.6728747412499
1488,9087,4265,2823,20138,1633.6739997299999
1489,9087,4265,2806,20131,1633.6751247187499
1490,9087,4265,2788,20123,1633.6762497075
1491,9087,4265,2771,20116,1633.67737469625
1492,9087,4265,2753,20108,1633.678499685
1493,9087,4265,2735,20101,1633.67962467375
1494,9087,4265,2718,20093,1633.6807496625
1495,9087,4265,2700,20086,1633.68187465125
1496,9087,4265,2683,20078,1633.68299964
1497,9087,4265,2665,20070,1633.68412462875
1498,9087,4265,2648,20063,1633.6852496175
1499,9087,4265,2630,20055,1633.68637460625
1500,9087,4265,2612,20048,1633.687499595
1501,9087,4265,2595,20040,1633.68862458375
1502,9087,4265,2577,20033,1633.6897495725
1503,9087,4265,2560,20025,1633.69087456125
1504,8899,4138,2802,20218,1633.692
1505,8899,4138,2786,20207,1633.6931249775
1506,8899,4138,2770,20196,1633.694249955
1507,8899,4138,2754,20185,1633.6953749325
1508,8899,4138,2738,20174,1633.69649991
1509,8899,4138,2722,20163,1633.6976248875
1510,8899,4138,2706,20151,1633.698749865
1511,8899,4138,2690,20140,1633.6998748425
1512,8899,4138,2674,20129,1633.70099982
1513,8899,4138,2658,20118,1633.7021247975001
1514,8899,4138,2641,20107,1633.7032497750001
1515,8899,4138,2625,20096,1633.7043747525
1516,8899,4138,2609,20085,1633.70549973
1517,8899,4138,2593,20074,1633.7066247075
1518,8899,4138,2577,20063,1633.707749685
1519,8899,4138,2561,20052,1633.7088746625
1520,8899,4138,2545,20040,1633.70999964
1521,8899,4138,2529,20029,1633.7111246175
1522,8899,4138,2513,20018,1633.712249595
1523,8899,4138,2497,20007,1633.7133745725
1524,8711,4011,10725,21229,1633.7145
1525,8711,4011,10686,21217,1633.7156249929687
1526,8711,4011,10648,21205,1633.7167499859374
1527,8711,4011,10610,21192,1633.7178749789064
1528,8711,4011,10571,21180,1633.718999971875
1529,8711,4011,10533,21168,1633.7201249648438
1530,8711,4011,10495,21156,1633.7212499578125
1531,8711,4011,10456,21144,1633.7223749507814
1532,8711,4011,10418,21131,1633.72349994375
1533,8711,4011,10380,21119,1633.7246249367188
1534,8711,4011,10341,21107,1633.7257499296875
1535,8711,4011,10303,21095,1633.7268749226562
1536,8711,4011,10265,21083,1633.727999915625
1537,8711,4011,10226,21071,1633.7291249085938
1538,8711,4011,10188,21058,1633.7302499015625
1539,8711,4011,10150,21046,1633.7313748945312
1540,8711,4011,10112,21034,1633.7324998875001
1541,8711,4011,10073,21022,1633.7336248804688
1542,8711,4011,10035,21010,1633.7347498734375
1543,8711,4011,9997,20997,1633.7358748664062
1544,8711,4011,9958,20985,1633.736999859375
1545,8711,4011,9920,20973,1633.7381248523438
1546,8711,4011,9882,20961,1633.7392498453125
1547,8711,4011,9843,20949,1633.7403748382812
1548,8711,4011,9805,20936,1633.74149983125
1549,8711,4011,9767,20924,1633.7426248242186
1550,8711,4011,9728,20912,1633.7437498171876
1551,8711,4011,9690,20900,1633.7448748101563
1552,8711,4011,9652,20888,1633.745999803125
1553,8711,4011,9613,20875,1633.7471247960937
1554,8711,4011,9575,20863,1633.7482497890626
1555,8711,4011,9537,20851,1633.7493747820313
1556,8711,4011,9498,20839,1633.750499775
1557,8711,4011,9460,20827,1633.7516247679687
1558,8711,4011,9422,20814,1633.7527497609374
1559,8711,4011,9383,20802,1633.7538747539063
1560,8711,4011,9345,20790,1633.754999746875
1561,8711,4011,9307,20778,1633.7561247398437
1562,8711,4011,9268,20766,1633.7572497328124
1563,8711,4011,9230,20753,1633.7583747257813
1564,8711,4011,9192,20741,1633.75949971875
1565,8711,4011,9153,20729,1633.7606247117187
1566,8711,4011,9115,20717,1633.7617497046874
1567,8711,4011,9077,20705,1633.7628746976561
1568,8711,4011,9038,20692,1633.763999690625
1569,8711,4011,9000,20680,1633.7651246835937
1570,8711,4011,8962,20668,1633.7662496765624
1571,8711,4011,8923,20656,1633.7673746695311
1572,8711,4011,8885,20644,1633.7684996624998
1573,8711,4011,8847,20631,1633.7696246554688
1574,8711,4011,8808,20619,1633.7707496484375
1575,8711,4011,8770,20607,1633.7718746414062
1576,8711,4011,8732,20595,1633.7729996343749
1577,8711,4011,8693,20583,1633.7741246273438
1578,8711,4011,8655,20570,1633.7752496203125
1579,8711,4011,8617,20558,1633.7763746132812
1580,8711,4011,8578,20546,1633.7774996062499
1581,8711,4011,8540,20534,1633.7786245992186
1582,8711,4011,8502,20522,1633.7797495921875
1583,8711,4011,8463,20509,1633.7808745851562
1584,8711,4011,8425,20497,1633.781999578125
1585,8711,4011,8387,20485,1633.7831245710936
1586,8711,4011,8348,20473,1633.7842495640625
1587,8711,4011,8310,20461,1633.7853745570312
1588,8523,3884,8898,20812,1633.7865
1589,8523,3884,8865,20802,1633.78762498875
1590,8523,3884,8832,20792,1633.7887499775
1591,8523,3884,8798,20782,1633.78987496625
1592,8523,3884,8765,20772,1633.790999955
1593,8523,3884,8732,20762,1633.79212494375
1594,8523,3884,8698,20752,1633.7932499325
1595,8523,3884,8665,20742,1633.79437492125
1596,8523,3884,8631,20733,1633.79549991
1597,8523,3884,8598,20723,1633.79662489875
1598,8523,3884,8565,20713,1633.7977498875
1599,8523,3884,8531,20703,1633.79887487625
1600,8523,3884,8498,20693,1633.799999865
1601,8523,3884,8465,20683,1633.80112485375
1602,8523,3884,8431,20673,1633.8022498425
1603,8523,3884,8398,20663,1633.80337483125
1604,8523,3884,8364,20653,1633.80449982
1605,8523,3884,8331,20643,1633.80562480875
1606,8523,3884,8298,20634,1633.8067497975
1607,8523,3884,8264,20624,1633.80787478625
1608,8523,3884,8231,20614,1633.8089997749998
1609,8523,3884,8197,20604,1633.8101247637499
1610,8523,3884,8164,20594,1633.8112497524999
1611,8523,3884,8131,20584,1633.8123747412499
1612,8523,3884,8097,20574,1633.8134997299999
1613,8523,3884,8064,20564,1633.8146247187499
1614,8523,3884,8031,20554,1633.8157497075
1615,8523,3884,7997,20544,1633.81687469625
1616,8523,3884,7964,20534,1633.817999685
1617,8523,3884,7930,20525,1633.81912467375
1618,8523,3884,7897,20515,1633.8202496625
1619,8523,3884,7864,20505,1633.82137465125
1620,8523,3884,7830,20495,1633.82249964
1621,8523,3884,7797,20485,1633.82362462875
1622,8523,3884,7764,20475,1633.8247496175
1623,8523,3884,7730,20465,1633.82587460625
1624,8523,3884,7697,20455,1633.826999595
1625,8523,3884,7663,20445,1633.82812458375
1626,8523,3884,7630,20435,1633.8292495725
1627,8523,3884,7597,20426,1633.83037456125
1628,8335,3757,8118,20687,1633.8315
1629,8335,3757,8087,20675,1633.83262498875
1630,8335,3757,8056,20663,1633.8337499775
1631,8335,3757,8025,20651,1633.83487496625
1632,8335,3757,7994,20639,1633.835999955
1633,8335,3757,7963,20627,1633.83712494375
1634,8335,3757,7933,20616,1633.8382499325
1635,8335,3757,7902,20604,1633.83937492125
1636,8335,3757,7871,20592,1633.84049991
1637,8335,3757,7840,20580,1633.84162489875
1638,8335,3757,7809,20568,1633.8427498875
1639,8335,3757,7778,20556,1633.84387487625
1640,8335,3757,7747,20544,1633.844999865
1641,8335,3757,7716,20532,1633.84612485375
1642,8335,3757,7685,20520,1633.8472498425
1643,8335,3757,7654,20508,1633.84837483125
1644,8335,3757,7623,20497,1633.8494998200001
1645,8335,3757,7592,20485,1633.8506248087501
1646,8335,3757,7561,20473,1633.8517497975001
1647,8335,3757,7530,20461,1633.8528747862501
1648,8335,3757,7499,20449,1633.853999775
1649,8335,3757,7468,20437,1633.85512476375
1650,8335,3757,7437,20425,1633.8562497525
1651,8335,3757,7406,20413,1633.85737474125
1652,8335,3757,7376,20401,1633.85849973
1653,8335,3757,7345,20389,1633.85962471875
1654,8335,3757,7314,20377,1633.8607497075
1655,8335,3757,7283,20366,1633.86187469625
1656,8335,3757,7252,20354,1633.862999685
1657,8335,3757,7221,20342,1633.86412467375
1658,8335,3757,7190,20330,1633.8652496625
1659,8335,3757,7159,20318,1633.86637465125
1660,8335,3757,7128,20306,1633.86749964
1661,8335,3757,7097,20294,1633.86862462875
1662,8335,3757,7066,20282,1633.8697496175
1663,8335,3757,7035,20270,1633.87087460625
1664,8335,3757,7004,20258,1633.871999595
1665,8335,3757,6973,20247,1633.87312458375
1666,8335,3757,6942,20235,1633.8742495725
1667,8335,3757,6911,20223,1633.87537456125
1668,8147,3630,7373,20464,1633.8765
1669,8147,3630,7345,20457,1633.8776249913462
1670,8147,3630,7316,20451,1633.8787499826924
1671,8147,3630,7288,20444,1633.8798749740386
1672,8147,3630,7260,20438,1633.8809999653847
1673,8147,3630,7231,20432,1633.8821249567309
1674,8147,3630,7203,20425,1633.883249948077
1675,8147,3630,7175,20419,1633.8843749394232
1676,8147,3630,7146,20413,1633.8854999307694
1677,8147,3630,7118,20406,1633.8866249221155
1678,8147,3630,7089,20400,1633.8877499134617
1679,8147,3630,7061,20393,1633.8888749048078
1680,8147,3630,7033,20387,1633.889999896154
1681,8147,3630,7004,20381,1633.8911248875002
1682,8147,3630,6976,20374,1633.892249878846
1683,8147,3630,6948,20368,1633.8933748701922
1684,8147,3630,6919,20362,1633.8944998615384
1685,8147,3630,6891,20355,1633.8956248528846
1686,8147,3630,6863,20349,1633.8967498442307
1687,8147,3630,6834,20342,1633.8978748355769
1688,8147,3630,6806,20336,1633.898999826923
1689,8147,3630,6777,20330,1633.9001248182692
1690,8147,3630,6749,20323,1633.9012498096154
1691,8147,3630,6721,20317,1633.9023748009615
1692,8147,3630,6692,20311,1633.9034997923077
1693,8147,3630,6664,20304,1633.9046247836538
1694,8147,3630,6636,20298,1633.905749775
1695,8147,3630,6607,20292,1633.9068747663462
1696,8147,3630,6579,20285,1633.9079997576923
1697,8147,3630,6550,20279,1633.9091247490385
1698,8147,3630,6522,20272,1633.9102497403846
1699,8147,3630,6494,20266,1633.9113747317308
1700,8147,3630,6465,20260,1633.912499723077
1701,8147,3630,6437,20253,1633.9136247144231
1702,8147,3630,6409,20247,1633.9147497057693
1703,8147,3630,6380,20241,1633.9158746971154
1704,8147,3630,6352,20234,1633.9169996884616
1705,8147,3630,6324,20228,1633.9181246798078
1706,8147,3630,6295,20221,1633.919249671154
1707,8147,3630,6267,20215,1633.9203746624999
1708,8147,3630,6238,20209,1633.921499653846
1709,8147,3630,6210,20202,1633.9226246451922
1710,8147,3630,6182,20196,1633.9237496365383
1711,8147,3630,6153,20190,1633.9248746278845
1712,8147,3630,6125,20183,1633.9259996192307
1713,8147,3630,6097,20177,1633.9271246105768
1714,8147,3630,6068,20170,1633.928249601923
1715,8147,3630,6040,20164,1633.9293745932691
1716,8147,3630,6011,20158,1633.9304995846153
1717,8147,3630,5983,20151,1633.9316245759615
1718,8147,3630,5955,20145,1633.9327495673076
1719,8147,3630,5926,20139,1633.9338745586538
1720,7959,3503,6364,20455,1633.935
1721,7959,3503,6339,20447,1633.9361249906249
1722,7959,3503,6313,20439,1633.93724998125
1723,7959,3503,6287,20431,1633.938374971875
1724,7959,3503,6261,20423,1633.9394999625
1725,7959,3503,6235,20414,1633.940624953125
1726,7959,3503,6210,20406,1633.94174994375
1727,7959,3503,6184,20398,1633.942874934375
1728,7959,3503,6158,20390,1633.9439999249998
1729,7959,3503,6132,20382,1633.945124915625
1730,7959,3503,6106,20374,1633.94624990625
1731,7959,3503,6081,20366,1633.9473748968749
1732,7959,3503,6055,20358,1633.9484998875
1733,7959,3503,6029,20350,1633.949624878125
1734,7959,3503,6003,20342,1633.9507498687499
1735,7959,3503,5977,20333,1633.951874859375
1736,7959,3503,5951,20325,1633.95299985
1737,7959,3503,5926,20317,1633.954124840625
1738,7959,3503,5900,20309,1633.95524983125
1739,7959,3503,5874,20301,1633.956374821875
1740,7959,3503,5848,20293,1633.9574998125
1741,7959,3503,5822,20285,1633.958624803125
1742,7959,3503,5797,20277,1633.95974979375
1743,7959,3503,5771,20269,1633.960874784375
1744,7959,3503,5745,20261,1633.961999775
1745,7959,3503,5719,20252,1633.963124765625
1746,7959,3503,5693,20244,1633.96424975625
1747,7959,3503,5668,20236,1633.9653747468749
1748,7959,3503,5642,20228,1633.9664997375
1749,7959,3503,5616,20220,1633.967624728125
1750,7959,3503,5590,20212,1633.96874971875
1751,7959,3503,5564,20204,1633.969874709375
1752,7959,3503,5539,20196,1633.9709997
1753,7959,3503,5513,20188,1633.972124690625
1754,7959,3503,5487,20180,1633.97324968125
1755,7959,3503,5461,20171,1633.974374671875
1756,7959,3503,5435,20163,1633.9754996625
1757,7959,3503,5410,20155,1633.976624653125
1758,7959,3503,5384,20147,1633.97774964375
1759,7959,3503,5358,20139,1633.978874634375
1760,7959,3503,5332,20131,1633.979999625
1761,7959,3503,5306,20123,1633.981124615625
1762,7959,3503,5281,20115,1633.98224960625
1763,7959,3503,5255,20107,1633.983374596875
1764,7959,3503,5229,20099,1633.9844995875
1765,7959,3503,5203,20090,1633.985624578125
1766,7959,3503,5177,20082,1633.98674956875
1767,7959,3503,5152,20074,1633.987874559375
1768,7771,3376,5545,20284,1633.989
1769,7771,3376,5522,20272,1633.9901249875
1770,7771,3376,5498,20260,1633.991249975
1771,7771,3376,5474,20247,1633.9923749625
1772,7771,3376,5451,20235,1633.9934999500001
1773,7771,3376,5427,20223,1633.9946249375
1774,7771,3376,5404,20210,1633.995749925
1775,7771,3376,5380,20198,1633.9968749125
1776,7771,3376,5357,20186,1633.9979999
1777,7771,3376,5333,20173,1633.9991248875
1778,7771,3376,5310,20161,1634.000249875
1779,7771,3376,5286,20149,1634.0013748625001
1780,7771,3376,5263,20136,1634.00249985
1781,7771,3376,5239,20124,1634.0036248375
1782,7771,3376,5216,20111,1634.004749825
1783,7771,3376,5192,20099,1634.0058748125
1784,7771,3376,5168,20087,1634.0069998000001
1785,7771,3376,5145,20074,1634.0081247875
1786,7771,3376,5121,20062,1634.0092497750002
1787,7771,3376,5098,20050,1634.0103747625
1788,7771,3376,5074,20037,1634.01149975
1789,7771,3376,5051,20025,1634.0126247375001
1790,7771,3376,5027,20013,1634.013749725
1791,7771,3376,5004,20000,1634.0148747125002
1792,7771,3376,4980,19988,1634.0159997
1793,7771,3376,4957,19976,1634.0171246875
1794,7771,3376,4933,19963,1634.018249675
1795,7771,3376,4909,19951,1634.0193746625
1796,7771,3376,4886,19939,1634.0204996500001
1797,7771,3376,4862,19926,1634.0216246375
1798,7771,3376,4839,19914,1634.022749625
1799,7771,3376,4815,19901,1634.0238746125
1800,7771,3376,4792,19889,1634.0249996
1801,7771,3376,4768,19877,1634.0261245875001
1802,7771,3376,4745,19864,1634.027249575
1803,7771,3376,4721,19852,1634.0283745625002
1804,7576,3249,5096,20123,1634.0295
1805,7576,3249,5074,20113,1634.0306249913463
1806,7576,3249,5052,20104,1634.0317499826924
1807,7576,3249,5030,20094,1634.0328749740386
1808,7576,3249,5008,20085,1634.0339999653847
1809,7576,3249,4986,20075,1634.035124956731
1810,7576,3249,4964,20066,1634.036249948077
1811,7576,3249,4942,20056,1634.0373749394232
1812,7576,3249,4920,20047,1634.0384999307694
1813,7576,3249,4898,20037,1634.0396249221155
1814,7576,3249,4876,20028,1634.0407499134617
1815,7576,3249,4854,20018,1634.0418749048079
1816,7576,3249,4832,20009,1634.042999896154
1817,7576,3249,4810,19999,1634.0441248875
1818,7576,3249,4788,19990,1634.045249878846
1819,7576,3249,4766,19980,1634.0463748701923
1820,7576,3249,4744,19970,1634.0474998615384
1821,7576,3249,4722,19961,1634.0486248528846
1822,7576,3249,4700,19951,1634.0497498442307
1823,7576,3249,4678,19942,1634.050874835577
1824,7576,3249,4656,19932,1634.051999826923
1825,7576,3249,4634,19923,1634.0531248182692
1826,7576,3249,4612,19913,1634.0542498096154
1827,7576,3249,4590,19904,1634.0553748009615
1828,7576,3249,4568,19894,1634.0564997923077
1829,7576,3249,4546,19885,1634.0576247836539
1830,7576,3249,4524,19875,1634.058749775
1831,7576,3249,4502,19866,1634.0598747663462
1832,7576,3249,4480,19856,1634.0609997576923
1833,7576,3249,4458,19847,1634.0621247490385
1834,7576,3249,4436,19837,1634.0632497403847
1835,7576,3249,4415,19828,1634.0643747317308
1836,7576,3249,4393,19818,1634.065499723077
1837,7576,3249,4371,19809,1634.0666247144231
1838,7576,3249,4349,19799,1634.0677497057693
1839,7576,3249,4327,19790,1634.0688746971155
1840,7576,3249,4305,19780,1634.0699996884616
1841,7576,3249,4283,19771,1634.0711246798078
1842,7576,3249,4261,19761,1634.072249671154
1843,7576,3249,4239,19752,1634.0733746625
1844,7576,3249,4217,19742,1634.074499653846
1845,7576,3249,4195,19732,1634.0756246451922
1846,7576,3249,4173,19723,1634.0767496365384
1847,7576,3249,4151,19713,1634.0778746278845
1848,7576,3249,4129,19704,1634.0789996192307
1849,7576,3249,4107,19694,1634.0801246105768
1850,7576,3249,4085,19685,1634.081249601923
1851,7576,3249,4063,19675,1634.0823745932692
1852,7576,3249,4041,19666,1634.0834995846153
1853,7576,3249,4019,19656,1634.0846245759615
1854,7576,3249,3997,19647,1634.0857495673076
1855,7576,3249,3975,19637,1634.0868745586538
1856,7435,3130,4256,19854,1634.088
1857,7435,3130,4237,19843,1634.089124990625
1858,7435,3130,4217,19831,1634.09024998125
1859,7435,3130,4197,19820,1634.091374971875
1860,7435,3130,4177,19809,1634.0924999625
1861,7435,3130,4157,19797,1634.093624953125
1862,7435,3130,4137,19786,1634.09474994375
1863,7435,3130,4117,19775,1634.095874934375
1864,7435,3130,4097,19764,1634.096999925
1865,7435,3130,4077,19752,1634.098124915625
1866,7435,3130,4058,19741,1634.09924990625
1867,7435,3130,4038,19730,1634.1003748968749
1868,7435,3130,4018,19719,1634.1014998875
1869,7435,3130,3998,19707,1634.102624878125
1870,7435,3130,3978,19696,1634.10374986875
1871,7435,3130,3958,19685,1634.104874859375
1872,7435,3130,3938,19673,1634.10599985
1873,7435,3130,3918,19662,1634.107124840625
1874,7435,3130,3898,19651,1634.10824983125
1875,7435,3130,3879,19640,1634.109374821875
1876,7435,3130,3859,19628,1634.1104998125
1877,7435,3130,3839,19617,1634.111624803125
1878,7435,3130,3819,19606,1634.11274979375
1879,7435,3130,3799,19594,1634.113874784375
1880,7435,3130,3779,19583,1634.114999775
1881,7435,3130,3759,19572,1634.116124765625
1882,7435,3130,3739,19561,1634.11724975625
1883,7435,3130,3719,19549,1634.118374746875
1884,7435,3130,3699,19538,1634.1194997375
1885,7435,3130,3680,19527,1634.120624728125
1886,7435,3130,3660,19516,1634.12174971875
1887,7435,3130,3640,19504,1634.122874709375
1888,7435,3130,3620,19493,1634.1239997
1889,7435,3130,3600,19482,1634.125124690625
1890,7435,3130,3580,19470,1634.12624968125
1891,7435,3130,3560,19459,1634.127374671875
1892,7435,3130,3540,19448,1634.1284996625
1893,7435,3130,3520,19437,1634.1296246531251
1894,7435,3130,3501,19425,1634.13074964375
1895,7435,3130,3481,19414,1634.131874634375
1896,7435,3130,3461,19403,1634.1329996250001
1897,7435,3130,3441,19391,1634.134124615625
1898,7435,3130,3421,19380,1634.13524960625
1899,7435,3130,3401,19369,1634.136374596875
1900,7435,3130,3381,19358,1634.1374995875
1901,7435,3130,3361,19346,1634.138624578125
1902,7435,3130,3341,19335,1634.13974956875
1903,7435,3130,3322,19324,1634.140874559375
1904,7294,3011,3541,19484,1634.142
1905,7294,3011,3528,19473,1634.1431249859374
1906,7294,3011,3515,19462,1634.144249971875
1907,7294,3011,3502,19452,1634.1453749578125
1908,7294,3011,3489,19441,1634.14649994375
1909,7294,3011,3476,19430,1634.1476249296875
1910,7294,3011,3463,19419,1634.148749915625
1911,7294,3011,3450,19408,1634.1498749015625
1912,7294,3011,3437,19397,1634.1509998875001
1913,7294,3011,3424,19386,1634.1521248734375
1914,7294,3011,3411,19376,1634.1532498593751
1915,7294,3011,3398,19365,1634.1543748453125
1916,7294,3011,3385,19354,1634.1554998312502
1917,7294,3011,3372,19343,1634.1566248171875
1918,7294,3011,3359,19332,1634.1577498031252
1919,7294,3011,3346,19321,1634.1588747890626
1920,7294,3011,3333,19310,1634.159999775
1921,7294,3011,3320,19300,1634.1611247609376
1922,7294,3011,3307,19289,1634.162249746875
1923,7294,3011,3294,19278,1634.1633747328126
1924,7294,3011,3281,19267,1634.16449971875
1925,7294,3011,3267,19256,1634.1656247046876
1926,7294,3011,3254,19245,1634.166749690625
1927,7294,3011,3241,19234,1634.1678746765626
1928,7294,3011,3228,19224,1634.1689996625
1929,7294,3011,3215,19213,1634.1701246484376
1930,7294,3011,3202,19202,1634.171249634375
1931,7294,3011,3189,19191,1634.1723746203127
1932,7294,3011,3176,19180,1634.17349960625
1933,7294,3011,3163,19169,1634.1746245921877
1934,7294,3011,3150,19158,1634.175749578125
1935,7294,3011,3137,19148,1634.1768745640627
1936,7153,2892,3124,19353,1634.178
1937,7153,2892,3111,19348,1634.1791249897728
1938,7153,2892,3098,19342,1634.1802499795456
1939,7153,2892,3085,19337,1634.1813749693183
1940,7153,2892,3072,19331,1634.182499959091
1941,7153,2892,3059,19326,1634.1836249488638
1942,7153,2892,3046,19320,1634.1847499386365
1943,7153,2892,3033,19315,1634.1858749284092
1944,7153,2892,3020,19310,1634.186999918182
1945,7153,2892,3007,19304,1634.1881249079547
1946,7153,2892,2994,19299,1634.1892498977274
1947,7153,2892,2980,19293,1634.1903748875
1948,7153,2892,2967,19288,1634.1914998772727
1949,7153,2892,2954,19282,1634.1926248670454
1950,7153,2892,2941,19277,1634.1937498568182
1951,7153,2892,2928,19272,1634.194874846591
1952,7153,2892,2915,19266,1634.1959998363636
1953,7153,2892,2902,19261,1634.1971248261364
1954,7153,2892,2889,19255,1634.198249815909
1955,7153,2892,2876,19250,1634.1993748056818
1956,7153,2892,2863,19244,1634.2004997954546
1957,7153,2892,2850,19239,1634.2016247852273
1958,7153,2892,2837,19234,1634.202749775
1959,7153,2892,2824,19228,1634.2038747647728
1960,7153,2892,2811,19223,1634.2049997545455
1961,7153,2892,2798,19217,1634.2061247443182
1962,7153,2892,2785,19212,1634.207249734091
1963,7153,2892,2772,19206,1634.2083747238637
1964,7153,2892,2759,19201,1634.2094997136364
1965,7153,2892,2746,19195,1634.2106247034092
1966,7153,2892,2733,19190,1634.211749693182
1967,7153,2892,2720,19185,1634.2128746829546
1968,7153,2892,2707,19179,1634.2139996727274
1969,7153,2892,2693,19174,1634.2151246624999
1970,7153,2892,2680,19168,1634.2162496522726
1971,7153,2892,2667,19163,1634.2173746420453
1972,7153,2892,2654,19157,1634.218499631818
1973,7153,2892,2641,19152,1634.2196246215908
1974,7153,2892,2628,19147,1634.2207496113635
1975,7153,2892,2615,19141,1634.2218746011363
1976,7153,2892,2602,19136,1634.222999590909
1977,7153,2892,2589,19130,1634.2241245806817
1978,7153,2892,2576,19125,1634.2252495704545
1979,7153,2892,2563,19119,1634.2263745602272
1980,7012,2773,10884,20365,1634.2275
1981,7012,2773,10843,20356,1634.2286249859374
1982,7012,2773,10802,20347,1634.229749971875
1983,7012,2773,10760,20338,1634.2308749578124
1984,7012,2773,10719,20329,1634.23199994375
1985,7012,2773,10678,20320,1634.2331249296874
1986,7012,2773,10637,20311,1634.234249915625
1987,7012,2773,10596,20302,1634.2353749015624
1988,7012,2773,10554,20293,1634.2364998875
1989,7012,2773,10513,20284,1634.2376248734374
1990,7012,2773,10472,20276,1634.238749859375
1991,7012,2773,10431,20267,1634.2398748453124
1992,7012,2773,10389,20258,1634.24099983125
1993,7012,2773,10348,20249,1634.2421248171875
1994,7012,2773,10307,20240,1634.243249803125
1995,7012,2773,10266,20231,1634.2443747890625
1996,7012,2773,10225,20222,1634.245499775
1997,7012,2773,10183,20213,1634.2466247609375
1998,7012,2773,10142,20204,1634.247749746875
1999,7012,2773,10101,20195,1634.2488747328125
2000,7012,2773,10060,20186,1634.24999971875
2001,7012,2773,10019,20177,1634.2511247046875
2002,7012,2773,9977,20168,1634.252249690625
2003,7012,2773,9936,20159,1634.2533746765625
2004,7012,2773,9895,20150,1634.2544996625
2005,7012,2773,9854,20141,1634.2556246484376
2006,7012,2773,9812,20132,1634.256749634375
2007,7012,2773,9771,20123,1634.2578746203126
2008,7012,2773,9730,20115,1634.25899960625
2009,7012,2773,9689,20106,1634.2601245921876
2010,7012,2773,9648,20097,1634.261249578125
2011,7012,2773,9606,20088,1634.2623745640626
2012,6871,2654,10163,20333,1634.2635
2013,6871,2654,10126,20320,1634.2646249913462
2014,6871,2654,10089,20307,1634.2657499826923
2015,6871,2654,10052,20295,1634.2668749740385
2016,6871,2654,10015,20282,1634.2679999653847
2017,6871,2654,9978,20269,1634.2691249567308
2018,6871,2654,9941,20256,1634.270249948077
2019,6871,2654,9904,20243,1634.2713749394231
2020,6871,2654,9867,20231,1634.2724999307693
2021,6871,2654,9830,20218,1634.2736249221155
2022,6871,2654,9793,20205,1634.2747499134616
2023,6871,2654,9756,20192,1634.2758749048078
2024,6871,2654,9718,20179,1634.276999896154
2025,6871,2654,9681,20167,1634.2781248875
2026,6871,2654,9644,20154,1634.2792498788463
2027,6871,2654,9607,20141,1634.2803748701924
2028,6871,2654,9570,20128,1634.2814998615386
2029,6871,2654,9533,20116,1634.2826248528847
2030,6871,2654,9496,20103,1634.283749844231
2031,6871,2654,9459,20090,1634.284874835577
2032,6871,2654,9422,20077,1634.2859998269232
2033,6871,2654,9385,20064,1634.2871248182694
2034,6871,2654,9348,20052,1634.2882498096155
2035,6871,2654,9311,20039,1634.2893748009617
2036,6871,2654,9274,20026,1634.2904997923079
2037,6871,2654,9237,20013,1634.291624783654
2038,6871,2654,9200,20000,1634.2927497750002
2039,6871,2654,9163,19988,1634.293874766346
2040,6871,2654,9125,19975,1634.2949997576923
2041,6871,2654,9088,19962,1634.2961247490384
2042,6871,2654,9051,19949,1634.2972497403846
2043,6871,2654,9014,19936,1634.2983747317307
2044,6871,2654,8977,19924,1634.299499723077
2045,6871,2654,8940,19911,1634.300624714423
2046,6871,2654,8903,19898,1634.3017497057692
2047,6871,2654,8866,19885,1634.3028746971154
2048,6871,2654,8829,19873,1634.3039996884615
2049,6871,2654,8792,19860,1634.3051246798077
2050,6871,2654,8755,19847,1634.3062496711539
2051,6871,2654,8718,19834,1634.3073746625
2052,6871,2654,8681,19821,1634.3084996538462
2053,6871,2654,8644,19809,1634.3096246451923
2054,6871,2654,8607,19796,1634.3107496365385
2055,6871,2654,8570,19783,1634.3118746278847
2056,6871,2654,8532,19770,1634.3129996192308
2057,6871,2654,8495,19757,1634.314124610577
2058,6871,2654,8458,19745,1634.3152496019231
2059,6871,2654,8421,19732,1634.3163745932693
2060,6871,2654,8384,19719,1634.3174995846155
2061,6871,2654,8347,19706,1634.3186245759616
2062,6871,2654,8310,19694,1634.3197495673078
2063,6871,2654,8273,19681,1634.320874558654
2064,6730,2535,8794,19929,1634.322
2065,6730,2535,8761,19920,1634.3231249897726
2066,6730,2535,8727,19911,1634.3242499795454
2067,6730,2535,8694,19902,1634.325374969318
2068,6730,2535,8661,19893,1634.3264999590908
2069,6730,2535,8627,19884,1634.3276249488636
2070,6730,2535,8594,19875,1634.3287499386363
2071,6730,2535,8561,19866,1634.329874928409
2072,6730,2535,8527,19857,1634.3309999181818
2073,6730,2535,8494,19847,1634.3321249079545
2074,6730,2535,8461,19838,1634.3332498977272
2075,6730,2535,8427,19829,1634.3343748875
2076,6730,2535,8394,19820,1634.3354998772727
2077,6730,2535,8361,19811,1634.3366248670454
2078,6730,2535,8327,19802,1634.3377498568182
2079,6730,2535,8294,19793,1634.338874846591
2080,6730,2535,8261,19784,1634.3399998363636
2081,6730,2535,8227,19775,1634.3411248261364
2082,6730,2535,8194,19766,1634.342249815909
2083,6730,2535,8161,19757,1634.3433748056818
2084,6730,2535,8127,19748,1634.3444997954546
2085,6730,2535,8094,19739,1634.3456247852273
2086,6730,2535,8061,19729,1634.3467497749998
2087,6730,2535,8027,19720,1634.3478747647725
2088,6730,2535,7994,19711,1634.3489997545453
2089,6730,2535,7961,19702,1634.350124744318
2090,6730,2535,7927,19693,1634.3512497340907
2091,6730,2535,7894,19684,1634.3523747238635
2092,6730,2535,7861,19675,1634.3534997136362
2093,6730,2535,7827,19666,1634.354624703409
2094,6730,2535,7794,19657,1634.3557496931817
2095,6730,2535,7760,19648,1634.3568746829544
2096,6730,2535,7727,19639,1634.3579996727271
2097,6730,2535,7694,19630,1634.3591246624999
2098,6730,2535,7660,19621,1634.3602496522726
2099,6730,2535,7627,19611,1634.3613746420453
2100,6730,2535,7594,19602,1634.362499631818
2101,6730,2535,7560,19593,1634.3636246215908
2102,6730,2535,7527,19584,1634.3647496113635
2103,6730,2535,7494,19575,1634.3658746011363
2104,6730,2535,7460,19566,1634.366999590909
2105,6730,2535,7427,19557,1634.3681245806818
2106,6730,2535,7394,19548,1634.3692495704545
2107,6730,2535,7360,19539,1634.3703745602272
2108,6589,2416,7816,19784,1634.3715
2109,6589,2416,7786,19773,1634.3726249859374
2110,6589,2416,7756,19762,1634.373749971875
2111,6589,2416,7726,19751,1634.3748749578124
2112,6589,2416,7696,19740,1634.37599994375
2113,6589,2416,7666,19729,1634.3771249296874
2114,6589,2416,7635,19718,1634.378249915625
2115,6589,2416,7605,19707,1634.3793749015624
2116,6589,2416,7575,19697,1634.3804998875
2117,6589,2416,7545,19686,1634.3816248734374
2118,6589,2416,7515,19675,1634.382749859375
2119,6589,2416,7485,19664,1634.3838748453124
2120,6589,2416,7455,19653,1634.38499983125
2121,6589,2416,7425,19642,1634.3861248171875
2122,6589,2416,7395,19631,1634.387249803125
2123,6589,2416,7364,19620,1634.3883747890625
2124,6589,2416,7334,19609,1634.3894997749999
2125,6589,2416,7304,19598,1634.3906247609375
2126,6589,2416,7274,19587,1634.391749746875
2127,6589,2416,7244,19576,1634.3928747328125
2128,6589,2416,7214,19566,1634.39399971875
2129,6589,2416,7184,19555,1634.3951247046875
2130,6589,2416,7154,19544,1634.396249690625
2131,6589,2416,7123,19533,1634.3973746765625
2132,6589,2416,7093,19522,1634.3984996625
2133,6589,2416,7063,19511,1634.3996246484376
2134,6589,2416,7033,19500,1634.400749634375
2135,6589,2416,7003,19489,1634.4018746203126
2136,6589,2416,6973,19478,1634.40299960625
2137,6589,2416,6943,19467,1634.4041245921876
2138,6589,2416,6913,19456,1634.405249578125
2139,6589,2416,6882,19445,1634.4063745640626
2140,6448,2297,7292,19661,1634.4075
2141,6448,2297,7263,19649,1634.408624990625
2142,6448,2297,7234,19636,1634.4097499812501
2143,6448,2297,7206,19624,1634.410874971875
2144,6448,2297,7177,19612,1634.4119999625
2145,6448,2297,7148,19599,1634.4131249531251
2146,6448,2297,7120,19587,1634.41424994375
2147,6448,2297,7091,19574,1634.415374934375
2148,6448,2297,7062,19562,1634.4164999250002
2149,6448,2297,7034,19549,1634.417624915625
2150,6448,2297,7005,19537,1634.41874990625
2151,6448,2297,6976,19524,1634.419874896875
2152,6448,2297,6948,19512,1634.4209998875
2153,6448,2297,6919,19499,1634.422124878125
2154,6448,2297,6890,19487,1634.42324986875
2155,6448,2297,6861,19474,1634.4243748593751
2156,6448,2297,6833,19462,1634.42549985
2157,6448,2297,6804,19449,1634.426624840625
2158,6448,2297,6775,19437,1634.4277498312501
2159,6448,2297,6747,19424,1634.428874821875
2160,6448,2297,6718,19412,1634.4299998125
2161,6448,2297,6689,19399,1634.4311248031252
2162,6448,2297,6661,19387,1634.43224979375
2163,6448,2297,6632,19375,1634.433374784375
2164,6448,2297,6603,19362,1634.434499775
2165,6448,2297,6575,19350,1634.435624765625
2166,6448,2297,6546,19337,1634.43674975625
2167,6448,2297,6517,19325,1634.437874746875
2168,6448,2297,6489,19312,1634.4389997375001
2169,6448,2297,6460,19300,1634.440124728125
2170,6448,2297,6431,19287,1634.44124971875
2171,6448,2297,6403,19275,1634.4423747093751
2172,6448,2297,6374,19262,1634.4434997
2173,6448,2297,6345,19250,1634.444624690625
2174,6448,2297,6316,19237,1634.4457496812502
2175,6448,2297,6288,19225,1634.446874671875
2176,6448,2297,6259,19212,1634.4479996625
2177,6448,2297,6230,19200,1634.4491246531252
2178,6448,2297,6202,19187,1634.45024964375
2179,6448,2297,6173,19175,1634.451374634375
2180,6448,2297,6144,19162,1634.4524996250002
2181,6448,2297,6116,19150,1634.4536246156251
2182,6448,2297,6087,19138,1634.45474960625
2183,6448,2297,6058,19125,1634.455874596875
2184,6448,2297,6030,19113,1634.4569995875001
2185,6448,2297,6001,19100,1634.458124578125
2186,6448,2297,5972,19088,1634.45924956875
2187,6448,2297,5944,19075,1634.4603745593752
2188,6307,2178,6341,19325,1634.4615
2189,6307,2178,6315,19319,1634.4626249906248
2190,6307,2178,6289,19314,1634.46374998125
2191,6307,2178,6263,19308,1634.464874971875
2192,6307,2178,6237,19302,1634.4659999624998
2193,6307,2178,6211,19297,1634.467124953125
2194,6307,2178,6185,19291,1634.46824994375
2195,6307,2178,6159,19285,1634.4693749343749
2196,6307,2178,6133,19280,1634.4704999249998
2197,6307,2178,6107,19274,1634.471624915625
2198,6307,2178,6081,19268,1634.4727499062499
2199,6307,2178,6055,19263,1634.4738748968748
2200,6307,2178,6029,19257,1634.4749998875
2201,6307,2178,6003,19251,1634.476124878125
2202,6307,2178,5978,19246,1634.4772498687498
2203,6307,2178,5952,19240,1634.478374859375
2204,6307,2178,5926,19234,1634.47949985
2205,6307,2178,5900,19229,1634.4806248406248
2206,6307,2178,5874,19223,1634.48174983125
2207,6307,2178,5848,19217,1634.482874821875
2208,6307,2178,5822,19212,1634.4839998124999
2209,6307,2178,5796,19206,1634.485124803125
2210,6307,2178,5770,19200,1634.48624979375
2211,6307,2178,5744,19195,1634.4873747843749
2212,6307,2178,5718,19189,1634.488499775
2213,6307,2178,5692,19183,1634.489624765625
2214,6307,2178,5666,19178,1634.49074975625
2215,6307,2178,5640,19172,1634.4918747468748
2216,6307,2178,5614,19166,1634.4929997375
2217,6307,2178,5588,19161,1634.494124728125
2218,6307,2178,5562,19155,1634.4952497187498
2219,6307,2178,5537,19149,1634.496374709375
2220,6307,2178,5511,19144,1634.4974997
2221,6307,2178,5485,19138,1634.4986246906249
2222,6307,2178,5459,19132,1634.49974968125
2223,6307,2178,5433,19127,1634.500874671875
2224,6307,2178,5407,19121,1634.5019996624999
2225,6307,2178,5381,19115,1634.503124653125
2226,6307,2178,5355,19110,1634.50424964375
2227,6307,2178,5329,19104,1634.505374634375
2228,6307,2178,5303,19098,1634.5064996249998
2229,6307,2178,5277,19093,1634.507624615625
2230,6307,2178,5251,19087,1634.50874960625
2231,6307,2178,5225,19081,1634.5098745968749
2232,6307,2178,5199,19076,1634.5109995875
2233,6307,2178,5173,19070,1634.512124578125
2234,6307,2178,5147,19064,1634.5132495687499
2235,6307,2178,5121,19059,1634.514374559375
2236,43724,38310,8584,36141,1634.5155
2237,43724,38310,8551,36126,1634.516624990625
2238,43724,38310,8518,36112,1634.51774998125
2239,43724,38310,8485,36097,1634.518874971875
2240,43724,38310,8452,36082,1634.5199999625
2241,43724,38310,8419,36067,1634.521124953125
2242,43724,38310,8386,36052,1634.52224994375
2243,43724,38310,8353,36037,1634.523374934375
2244,43724,38310,8320,36022,1634.5244999249999
2245,43724,38310,8287,36007,1634.525624915625
2246,43724,38310,8254,35992,1634.52674990625
2247,43724,38310,8221,35977,1634.527874896875
2248,43724,38310,8188,35962,1634.5289998875
2249,43724,38310,8155,35947,1634.530124878125
2250,43724,38310,8122,35932,1634.53124986875
2251,43724,38310,8089,35917,1634.532374859375
2252,43724,38310,8056,35902,1634.53349985
2253,43724,38310,8023,35887,1634.534624840625
2254,43724,38310,7990,35872,1634.53574983125
2255,43724,38310,7957,35857,1634.536874821875
2256,43724,38310,7924,35842,1634.5379998125
2257,43724,38310,7891,35827,1634.539124803125
2258,43724,38310,7858,35813,1634.54024979375
2259,43724,38310,7825,35798,1634.541374784375
2260,43724,38310,7792,35783,1634.5424997750001
2261,43724,38310,7759,35768,1634.543624765625
2262,43724,38310,7726,35753,1634.54474975625
2263,43724,38310,7693,35738,1634.545874746875
2264,43724,38310,7660,35723,1634.5469997375
2265,43724,38310,7627,35708,1634.548124728125
2266,43724,38310,7594,35693,1634.54924971875
2267,43724,38310,7561,35678,1634.550374709375
2268,43724,38310,7528,35663,1634.5514997
2269,43724,38310,7495,35648,1634.552624690625
2270,43724,38310,7462,35633,1634.55374968125
2271,43724,38310,7429,35618,1634.554874671875
2272,43724,38310,7396,35603,1634.5559996625
2273,43724,38310,7363,35588,1634.5571246531251
2274,43724,38310,7330,35573,1634.55824964375
2275,43724,38310,7297,35558,1634.559374634375
2276,42933,37618,7936,35543,1634.560499625
2277,42933,37618,7907,35528,1634.561624615625
2278,42933,37618,7877,35513,1634.56274960625
2279,42933,37618,7848,35499,1634.563874596875
2280,42933,37618,7818,35484,1634.5649995875
2281,42933,37618,7789,35469,1634.566124578125
2282,42933,37618,7759,35454,1634.56724956875
2283,42933,37618,7729,35439,1634.5683745593751
2284,42933,37618,7700,35372,1634.5695
2285,42933,37618,7670,35352,1634.5706249775
2286,42933,37618,7641,35331,1634.571749955
2287,42933,37618,7611,35311,1634.5728749325
2288,42933,37618,7582,35291,1634.57399991
2289,42933,37618,7552,35270,1634.5751248875001
2290,42933,37618,7523,35250,1634.5762498650001
2291,42933,37618,7493,35229,1634.5773748425001
2292,42933,37618,7463,35209,1634.5784998200002
2293,42933,37618,7434,35189,1634.5796247975002
2294,42933,37618,7404,35168,1634.5807497750002
2295,42933,37618,7375,35148,1634.5818747525
2296,42933,37618,7345,35128,1634.58299973
2297,42933,37618,7316,35107,1634.5841247075
2298,42933,37618,7286,35087,1634.585249685
2299,42933,37618,7257,35066,1634.5863746625
2300,42933,37618,7227,35046,1634.58749964
2301,42933,37618,7198,35026,1634.5886246175
2302,42933,37618,7168,35005,1634.589749595
2303,42933,37618,7138,34985,1634.5908745725
2304,42933,37618,7109,34911,1634.592
2305,42933,37618,7079,34897,1634.5931249951088
2306,42933,37618,7050,34883,1634.5942499902176
2307,42933,37618,7020,34868,1634.595374985326
2308,42933,37618,6991,34854,1634.5964999804348
2309,42933,37618,6961,34840,1634.5976249755436
2310,42933,37618,6932,34826,1634.5987499706523
2311,42933,37618,6902,34811,1634.599874965761
2312,42933,37618,6872,34797,1634.6009999608696
2313,42933,37618,6843,34783,1634.6021249559783
2314,42933,37618,6813,34769,1634.603249951087
2315,42933,37618,6784,34754,1634.6043749461958
2316,42933,37618,6754,34740,1634.6054999413045
2317,42933,37618,6725,34726,1634.606624936413
2318,42933,37618,6695,34712,1634.6077499315218
2319,42933,37618,6666,34698,1634.6088749266305
2320,42142,36926,7212,34683,1634.6099999217392
2321,42142,36926,7185,34669,1634.611124916848
2322,42142,36926,7158,34655,1634.6122499119565
2323,42142,36926,7131,34641,1634.6133749070652
2324,42142,36926,7104,34626,1634.614499902174
2325,42142,36926,7078,34612,1634.6156248972827
2326,42142,36926,7051,34598,1634.6167498923915
2327,42142,36926,7024,34584,1634.6178748875
2328,42142,36926,6997,34569,1634.6189998826087
2329,42142,36926,6970,34555,1634.6201248777174
2330,42142,36926,6943,34541,1634.6212498728262
2331,42142,36926,6917,34527,1634.622374867935
2332,42142,36926,6890,34512,1634.6234998630437
2333,42142,36926,6863,34498,1634.6246248581522
2334,42142,36926,6836,34484,1634.625749853261
2335,42142,36926,6809,34470,1634.6268748483697
2336,42142,36926,6782,34455,1634.6279998434784
2337,42142,36926,6756,34441,1634.6291248385871
2338,42142,36926,6729,34427,1634.6302498336956
2339,42142,36926,6702,34413,1634.6313748288044
2340,42142,36926,6675,34399,1634.6324998239131
2341,42142,36926,6648,34384,1634.6336248190219
2342,42142,36926,6621,34370,1634.6347498141306
2343,42142,36926,6595,34356,1634.635874809239
2344,42142,36926,6568,34342,1634.6369998043479
2345,42142,36926,6541,34327,1634.6381247994566
2346,42142,36926,6514,34313,1634.6392497945653
2347,42142,36926,6487,34299,1634.640374789674
2348,42142,36926,6460,34285,1634.6414997847826
2349,42142,36926,6434,34270,1634.6426247798913
2350,42142,36926,6407,34256,1634.643749775
2351,42142,36926,6380,34242,1634.6448747701088
2352,42142,36926,6353,34228,1634.6459997652175
2353,42142,36926,6326,34213,1634.647124760326
2354,42142,36926,6300,34199,1634.6482497554348
2355,42142,36926,6273,34185,1634.6493747505435
2356,42142,36926,6246,34171,1634.6504997456523
2357,42142,36926,6219,34156,1634.651624740761
2358,42142,36926,6192,34142,1634.6527497358695
2359,42142,36926,6165,34128,1634.6538747309783
2360,42142,36926,6139,34114,1634.654999726087
2361,42142,36926,6112,34100,1634.6561247211957
2362,42142,36926,6085,34085,1634.6572497163045
2363,42142,36926,6058,34071,1634.658374711413
2364,42142,36926,6031,34057,1634.6594997065217
2365,42142,36926,6004,34043,1634.6606247016305
2366,42142,36926,5978,34028,1634.6617496967392
2367,42142,36926,5951,34014,1634.662874691848
2368,42142,36926,5924,34000,1634.6639996869565
2369,42142,36926,5897,33986,1634.6651246820652
2370,42142,36926,5870,33971,1634.666249677174
2371,42142,36926,5843,33957,1634.6673746722827
2372,42142,36926,5817,33943,1634.6684996673914
2373,42142,36926,5790,33929,1634.6696246625002
2374,42142,36926,5763,33914,1634.6707496576087
2375,42142,36926,5736,33900,1634.6718746527174
2376,41351,36234,6243,33886,1634.6729996478261
2377,41351,36234,6219,33872,1634.6741246429349
2378,41351,36234,6195,33857,1634.6752496380436
2379,41351,36234,6171,33843,1634.6763746331521
2380,41351,36234,6147,33829,1634.6774996282609
2381,41351,36234,6123,33815,1634.6786246233696
2382,41351,36234,6099,33801,1634.6797496184784
2383,41351,36234,6075,33786,1634.680874613587
2384,41351,36234,6051,33772,1634.6819996086956
2385,41351,36234,6027,33758,1634.6831246038043
2386,41351,36234,6003,33744,1634.684249598913
2387,41351,36234,5979,33729,1634.6853745940218
2388,41351,36234,5955,33715,1634.6864995891306
2389,41351,36234,5931,33701,1634.687624584239
2390,41351,36234,5907,33687,1634.6887495793478
2391,41351,36234,5883,33672,1634.6898745744566
2392,41351,36234,5859,33658,1634.6909995695653
2393,41351,36234,5835,33644,1634.692124564674
2394,41351,36234,5811,33630,1634.6932495597825
2395,41351,36234,5787,33615,1634.6943745548913
2396,41351,36234,5763,33248,1634.6955
2397,41351,36234,5739,33239,1634.6966249966913
2398,41351,36234,5715,33230,1634.6977499933823
2399,41351,36234,5691,33220,1634.6988749900736
2400,41351,36234,5667,33211,1634.6999999867649
2401,41351,36234,5643,33202,1634.7011249834559
2402,41351,36234,5619,33192,1634.7022499801471
2403,41351,36234,5595,33183,1634.7033749768382
2404,41351,36234,5571,33174,1634.7044999735294
2405,41351,36234,5547,33164,1634.7056249702207
2406,41351,36234,5523,33155,1634.7067499669117
2407,41351,36234,5499,33146,1634.707874963603
2408,41351,36234,5475,33136,1634.7089999602942
2409,41351,36234,5451,33127,1634.7101249569853
2410,41351,36234,5427,33118,1634.7112499536765
2411,41351,36234,5403,33108,1634.7123749503676
2412,41351,36234,5379,33099,1634.7134999470588
2413,41351,36234,5355,33090,1634.71462494375
2414,41351,36234,5331,33080,1634.7157499404411
2415,41351,36234,5307,33071,1634.7168749371324
2416,41351,36234,5283,33062,1634.7179999338236
2417,41351,36234,5259,33052,1634.7191249305147
2418,41351,36234,5235,33043,1634.720249927206
2419,41351,36234,5211,33034,1634.7213749238972
2420,41351,36234,5187,33024,1634.7224999205882
2421,41351,36234,5163,33015,1634.7236249172795
2422,41351,36234,5139,33006,1634.7247499139705
2423,41351,36234,5115,32997,1634.7258749106618
2424,41351,36234,5091,32987,1634.726999907353
2425,41351,36234,5067,32978,1634.728124904044
2426,41351,36234,5043,32969,1634.7292499007353
2427,41351,36234,5019,32959,1634.7303748974266
2428,41351,36234,4995,32950,1634.7314998941176
2429,41351,36234,4971,32941,1634.732624890809
2430,41351,36234,4947,32931,1634.7337498875
2431,41351,36234,4923,32922,1634.7348748841912
2432,40556,35542,5382,32913,1634.7359998808824
2433,40556,35542,5360,32903,1634.7371248775735
2434,40556,35542,5339,32894,1634.7382498742647
2435,40556,35542,5317,32885,1634.739374870956
2436,40556,35542,5296,32875,1634.740499867647
2437,40556,35542,5274,32866,1634.7416248643383
2438,40556,35542,5253,32857,1634.7427498610296
2439,40556,35542,5231,32847,1634.7438748577206
2440,40556,35542,5210,32838,1634.7449998544118
2441,40556,35542,5189,32829,1634.7461248511029
2442,40556,35542,5167,32819,1634.7472498477941
2443,40556,35542,5146,32810,1634.7483748444854
2444,40556,35542,5124,32801,1634.7494998411764
2445,40556,35542,5103,32791,1634.7506248378677
2446,40556,35542,5081,32782,1634.751749834559
2447,40556,35542,5060,32773,1634.75287483125
2448,40556,35542,5038,32763,1634.7539998279412
2449,40556,35542,5017,32754,1634.7551248246325
2450,40556,35542,4995,32745,1634.7562498213235
2451,40556,35542,4974,32735,1634.7573748180148
2452,40556,35542,4953,32726,1634.7584998147058
2453,40556,35542,4931,32717,1634.759624811397
2454,40556,35542,4910,32707,1634.7607498080883
2455,40556,35542,4888,32698,1634.7618748047794
2456,40556,35542,4867,32689,1634.7629998014706
2457,40556,35542,4845,32680,1634.764124798162
2458,40556,35542,4824,32670,1634.765249794853
2459,40556,35542,4802,32661,1634.7663747915442
2460,40556,35542,4781,32652,1634.7674997882352
2461,40556,35542,4760,32642,1634.7686247849265
2462,40556,35542,4738,32633,1634.7697497816177
2463,40556,35542,4717,32624,1634.7708747783088
2464,40556,35542,4695,32614,1634.771999775
2465,40556,35542,4674,32605,1634.7731247716913
2466,40556,35542,4652,32596,1634.7742497683823
2467,40556,35542,4631,32586,1634.7753747650736
2468,40556,35542,4609,32577,1634.7764997617649
2469,40556,35542,4588,32568,1634.7776247584559
2470,40556,35542,4566,32558,1634.7787497551471
2471,40556,35542,4545,32549,1634.7798747518382
2472,40556,35542,4524,32540,1634.7809997485294
2473,40556,35542,4502,32530,1634.7821247452207
2474,40556,35542,4481,32521,1634.7832497419117
2475,40556,35542,4459,32512,1634.784374738603
2476,40556,35542,4438,32502,1634.7854997352943
2477,40556,35542,4416,32493,1634.7866247319853
2478,40556,35542,4395,32484,1634.7877497286765
2479,40556,35542,4373,32474,1634.7888747253676
2480,40556,35542,4352,32465,1634.7899997220588
2481,40556,35542,4330,32456,1634.79112471875
2482,40556,35542,4309,32446,1634.7922497154411
2483,40556,35542,4288,32437,1634.7933747121324
2484,40556,35542,4266,32428,1634.7944997088237
2485,40556,35542,4245,32418,1634.7956247055147
2486,40556,35542,4223,32409,1634.796749702206
2487,40556,35542,4202,32400,1634.7978746988972
2488,39961,34962,4517,32391,1634.7989996955882
2489,39961,34962,4498,32381,1634.8001246922795
2490,39961,34962,4478,32372,1634.8012496889705
2491,39961,34962,4459,32363,1634.8023746856618
2492,39961,34962,4440,32353,1634.803499682353
2493,39961,34962,4420,32344,1634.804624679044
2494,39961,34962,4401,32335,1634.8057496757353
2495,39961,34962,4382,32325,1634.8068746724266
2496,39961,34962,4363,32316,1634.8079996691176
2497,39961,34962,4343,32307,1634.809124665809
2498,39961,34962,4324,32297,1634.8102496625002
2499,39961,34962,4305,32288,1634.8113746591912
2500,39961,34962,4285,32279,1634.8124996558824
2501,39961,34962,4266,32269,1634.8136246525735
2502,39961,34962,4247,32260,1634.8147496492647
2503,39961,34962,4228,32251,1634.815874645956
2504,39961,34962,4208,32241,1634.816999642647
2505,39961,34962,4189,32232,1634.8181246393383
2506,39961,34962,4170,32223,1634.8192496360296
2507,39961,34962,4151,32213,1634.8203746327206
2508,39961,34962,4131,32204,1634.8214996294118
2509,39961,34962,4112,32195,1634.8226246261029
2510,39961,34962,4093,32185,1634.8237496227941
2511,39961,34962,4073,32176,1634.8248746194854
2512,39961,34962,4054,32167,1634.8259996161764
2513,39961,34962,4035,32157,1634.8271246128677
2514,39961,34962,4016,32148,1634.828249609559
2515,39961,34962,3996,32139,1634.82937460625
2516,39961,34962,3977,32129,1634.8304996029412
2517,39961,34962,3958,32120,1634.8316245996325
2518,39961,34962,3939,32111,1634.8327495963235
2519,39961,34962,3919,32101,1634.8338745930148
2520,39961,34962,3900,32092,1634.8349995897058
2521,39961,34962,3881,32083,1634.836124586397
2522,39961,34962,3861,32074,1634.8372495830884
2523,39961,34962,3842,32064,1634.8383745797794
2524,39961,34962,3823,32055,1634.8394995764706
2525,39961,34962,3804,32046,1634.840624573162
2526,39961,34962,3784,32036,1634.841749569853
2527,39961,34962,3765,32027,1634.8428745665442
2528,39961,34962,3746,32018,1634.8439995632352
2529,39961,34962,3726,32008,1634.8451245599265
2530,39961,34962,3707,31999,1634.8462495566177
2531,39961,34962,3688,31990,1634.8473745533088
2532,39366,34382,3979,31962,1634.8485
2533,39366,34382,3961,31955,1634.84962499625
2534,39366,34382,3943,31948,1634.8507499925001
2535,39366,34382,3926,31942,1634.85187498875
2536,39366,34382,3908,31935,1634.852999985
2537,39366,34382,3890,31928,1634.8541249812502
2538,39366,34382,3872,31921,1634.8552499775
2539,39366,34382,3855,31914,1634.85637497375
2540,39366,34382,3837,31907,1634.8574999700002
2541,39366,34382,3819,31900,1634.85862496625
2542,39366,34382,3801,31893,1634.8597499625
2543,39366,34382,3784,31886,1634.86087495875
2544,39366,34382,3766,31879,1634.861999955
2545,39366,34382,3748,31872,1634.86312495125
2546,39366,34382,3730,31865,1634.8642499475
2547,39366,34382,3713,31858,1634.86537494375
2548,39366,34382,3695,31852,1634.86649994
2549,39366,34382,3677,31845,1634.86762493625
2550,39366,34382,3659,31838,1634.8687499325001
2551,39366,34382,3642,31831,1634.86987492875
2552,39366,34382,3624,31824,1634.870999925
2553,39366,34382,3606,31817,1634.8721249212501
2554,39366,34382,3588,31810,1634.8732499175
2555,39366,34382,3571,31803,1634.87437491375
2556,39366,34382,3553,31796,1634.8754999100001
2557,39366,34382,3535,31789,1634.87662490625
2558,39366,34382,3517,31782,1634.8777499025
2559,39366,34382,3500,31775,1634.8788748987502
2560,39366,34382,3482,31768,1634.879999895
2561,39366,34382,3464,31762,1634.88112489125
2562,39366,34382,3447,31755,1634.8822498875002
2563,39366,34382,3429,31748,1634.88337488375
2564,39366,34382,3411,31741,1634.88449988
2565,39366,34382,3393,31734,1634.88562487625
2566,39366,34382,3376,31727,1634.8867498725
2567,39366,34382,3358,31720,1634.88787486875
2568,38771,33802,3626,31713,1634.888999865
2569,38771,33802,3609,31706,1634.8901248612501
2570,38771,33802,3592,31699,1634.8912498575
2571,38771,33802,3575,31692,1634.89237485375
2572,38771,33802,3558,31685,1634.8934998500001
2573,38771,33802,3541,31678,1634.89462484625
2574,38771,33802,3524,31672,1634.8957498425
2575,38771,33802,3507,31665,1634.8968748387501
2576,38771,33802,3490,31658,1634.897999835
2577,38771,33802,3473,31651,1634.89912483125
2578,38771,33802,3456,31644,1634.9002498275001
2579,38771,33802,3439,31637,1634.90137482375
2580,38771,33802,3422,31630,1634.90249982
2581,38771,33802,3405,31623,1634.9036248162502
2582,38771,33802,3387,31616,1634.9047498125
2583,38771,33802,3370,31609,1634.90587480875
2584,38771,33802,3353,31602,1634.906999805
2585,38771,33802,3336,31595,1634.90812480125
2586,38771,33802,3319,31588,1634.9092497975
2587,38771,33802,3302,31582,1634.91037479375
2588,38771,33802,3285,31575,1634.91149979
2589,38771,33802,3268,31568,1634.91262478625
2590,38771,33802,3251,31561,1634.9137497825
2591,38771,33802,3234,31554,1634.9148747787501
2592,38771,33802,3217,31547,1634.915999775
2593,38771,33802,3200,31540,1634.91712477125
2594,38771,33802,3183,31533,1634.9182497675001
2595,38771,33802,3166,31526,1634.91937476375
2596,38771,33802,3149,31519,1634.92049976
2597,38771,33802,3132,31512,1634.9216247562501
2598,38771,33802,3115,31505,1634.9227497525
2599,38771,33802,3098,31498,1634.92387474875
2600,38771,33802,3081,31491,1634.9249997450002
2601,38771,33802,3064,31485,1634.92612474125
2602,38771,33802,3047,31478,1634.9272497375
2603,38771,33802,3030,31471,1634.92837473375
2604,38771,33802,3013,31464,1634.92949973
2605,38771,33802,2996,31457,1634.93062472625
2606,38771,33802,2979,31450,1634.9317497225
2607,38771,33802,2962,31443,1634.93287471875
2608,38771,33802,2944,31436,1634.933999715
2609,38771,33802,2927,31429,1634.93512471125
2610,38771,33802,2910,31422,1634.9362497075
2611,38771,33802,2893,31415,1634.93737470375
2612,38771,33802,2876,31408,1634.9384997
2613,38771,33802,2859,31401,1634.9396246962501
2614,38771,33802,2842,31395,1634.9407496925
2615,38771,33802,2825,31388,1634.94187468875
2616,38771,33802,2808,31381,1634.9429996850001
2617,38771,33802,2791,31374,1634.94412468125
2618,38771,33802,2774,31367,1634.9452496775
2619,38771,33802,2757,31360,1634.9463746737501
2620,38771,33802,2740,31353,1634.94749967
2621,38771,33802,2723,31346,1634.94862466625
2622,38771,33802,2706,31339,1634.9497496625
2623,38771,33802,2689,31332,1634.95087465875
2624,38176,33222,2954,31325,1634.951999655
2625,38176,33222,2937,31318,1634.95312465125
2626,38176,33222,2921,31311,1634.9542496475
2627,38176,33222,2905,31305,1634.95537464375
2628,38176,33222,2888,31298,1634.95649964
2629,38176,33222,2872,31291,1634.95762463625
2630,38176,33222,2855,31284,1634.9587496325
2631,38176,33222,2839,31277,1634.95987462875
2632,38176,33222,2823,31270,1634.960999625
2633,38176,33222,2806,31263,1634.96212462125
2634,38176,33222,2790,31256,1634.9632496175
2635,38176,33222,2774,31249,1634.9643746137501
2636,38176,33222,2757,31242,1634.96549961
2637,38176,33222,2741,31235,1634.96662460625
2638,38176,33222,2724,31228,1634.9677496025001
2639,38176,33222,2708,31221,1634.96887459875
2640,38176,33222,2692,31215,1634.969999595
2641,38176,33222,2675,31208,1634.9711245912501
2642,38176,33222,2659,31201,1634.9722495875
2643,38176,33222,2643,31194,1634.97337458375
2644,38176,33222,2626,31187,1634.97449958
2645,38176,33222,2610,31180,1634.97562457625
2646,38176,33222,2593,31173,1634.9767495725
2647,38176,33222,2577,31166,1634.97787456875
2648,38176,33222,2561,31159,1634.978999565
2649,38176,33222,2544,31152,1634.98012456125
2650,38176,33222,2528,31145,1634.9812495575
2651,38176,33222,2512,31138,1634.98237455375
2652,37581,32642,10120,33388,1634.9835
2653,37581,32642,10084,33378,1634.9846249990467
2654,37581,32642,10047,33368,1634.9857499980933
2655,37581,32642,10011,33357,1634.98687499714
2656,37581,32642,9975,33347,1634.9879999961865
2657,37581,32642,9938,33336,1634.9891249952332
2658,37581,32642,9902,33326,1634.9902499942798
2659,37581,32642,9865,33315,1634.9913749933264
2660,37581,32642,9829,33305,1634.992499992373
2661,37581,32642,9793,33294,1634.9936249914194
2662,37581,32642,9756,33284,1634.994749990466
2663,37581,32642,9720,33273,1634.9958749895127
2664,37581,32642,9684,33263,1634.9969999885593
2665,37581,32642,9647,33252,1634.998124987606
2666,37581,32642,9611,33242,1634.9992499866526
2667,37581,32642,9575,33231,1635.0003749856992
2668,37581,32642,9538,33221,1635.0014999847458
2669,37581,32642,9502,33211,1635.0026249837924
2670,37581,32642,9466,33200,1635.003749982839
2671,37581,32642,9429,33190,1635.0048749818857
2672,37581,32642,9393,33179,1635.0059999809323
2673,37581,32642,9357,33169,1635.007124979979
2674,37581,32642,9320,33158,1635.0082499790255
2675,37581,32642,9284,33148,1635.0093749780722
2676,37581,32642,9248,33137,1635.0104999771188
2677,37581,32642,9211,33127,1635.0116249761652
2678,37581,32642,9175,33116,1635.0127499752118
2679,37581,32642,9139,33106,1635.0138749742584
2680,37581,32642,9102,33095,1635.014999973305
2681,37581,32642,9066,33085,1635.0161249723517
2682,37581,32642,9030,33074,1635.0172499713983
2683,37581,32642,8993,33064,1635.018374970445
2684,37581,32642,8957,33054,1635.0194999694916
2685,37581,32642,8921,33043,1635.0206249685382
2686,37581,32642,8884,33033,1635.0217499675848
2687,37581,32642,8848,33022,1635.0228749666314
2688,37581,32642,8812,33012,1635.023999965678
2689,37581,32642,8775,33001,1635.0251249647247
2690,37581,32642,8739,32991,1635.0262499637713
2691,37581,32642,8703,32980,1635.027374962818
2692,37581,32642,8666,32970,1635.0284999618646
2693,37581,32642,8630,32959,1635.029624960911
2694,37581,32642,8593,32949,1635.0307499599576
2695,37581,32642,8557,32938,1635.0318749590042
2696,37581,32642,8521,32928,1635.0329999580508
2697,37581,32642,8484,32917,1635.0341249570974
2698,37581,32642,8448,32907,1635.035249956144
2699,37581,32642,8412,32897,1635.0363749551907
2700,36986,32062,9018,32886,1635.0374999542373
2701,36986,32062,8986,32876,1635.038624953284
2702,36986,32062,8953,32865,1635.0397499523306
2703,36986,32062,8921,32855,1635.0408749513772
2704,36986,32062,8888,32844,1635.0419999504238
2705,36986,32062,8855,32834,1635.0431249494704
2706,36986,32062,8823,32823,1635.044249948517
2707,36986,32062,8790,32813,1635.0453749475637
2708,36986,32062,8758,32802,1635.0464999466103
2709,36986,32062,8725,32792,1635.0476249456567
2710,36986,32062,8693,32781,1635.0487499447033
2711,36986,32062,8660,32771,1635.04987494375
2712,36986,32062,8627,32760,1635.0509999427966
2713,36986,32062,8595,32750,1635.0521249418432
2714,36986,32062,8562,32740,1635.0532499408898
2715,36986,32062,8530,32729,1635.0543749399365
2716,36986,32062,8497,32719,1635.055499938983
2717,36986,32062,8464,32708,1635.0566249380297
2718,36986,32062,8432,32698,1635.0577499370763
2719,36986,32062,8399,32687,1635.058874936123
2720,36986,32062,8367,32677,1635.0599999351696
2721,36986,32062,8334,32666,1635.0611249342162
2722,36986,32062,8301,32656,1635.0622499332628
2723,36986,32062,8269,32645,1635.0633749323094
2724,36986,32062,8236,32635,1635.064499931356
2725,36986,32062,8204,32624,1635.0656249304027
2726,36986,32062,8171,32614,1635.066749929449
2727,36986,32062,8138,32603,1635.0678749284957
2728,36986,32062,8106,32593,1635.0689999275423
2729,36986,32062,8073,32583,1635.070124926589
2730,36986,32062,8041,32572,1635.0712499256356
2731,36986,32062,8008,32562,1635.0723749246822
2732,36986,32062,7975,32551,1635.0734999237288
2733,36986,32062,7943,32541,1635.0746249227755
2734,36986,32062,7910,32530,1635.075749921822
2735,36986,32062,7878,32520,1635.0768749208687
2736,36986,32062,7845,32509,1635.0779999199153
2737,36986,32062,7812,32499,1635.079124918962
2738,36986,32062,7780,32488,1635.0802499180086
2739,36986,32062,7747,32478,1635.0813749170552
2740,36986,32062,7715,32467,1635.0824999161018
2741,36986,32062,7682,32457,1635.0836249151484
2742,36986,32062,7649,32446,1635.0847499141948
2743,36986,32062,7617,32436,1635.0858749132415
2744,36986,32062,7584,32426,1635.086999912288
2745,36986,32062,7552,32415,1635.0881249113347
2746,36986,32062,7519,32405,1635.0892499103813
2747,36986,32062,7486,32394,1635.090374909428
2748,36986,32062,7454,32384,1635.0914999084746
2749,36986,32062,7421,32373,1635.0926249075212
2750,36986,32062,7389,32363,1635.0937499065678
2751,36986,32062,7356,32352,1635.0948749056145
2752,36391,31482,7904,32342,1635.095999904661
2753,36391,31482,7875,32331,1635.0971249037077
2754,36391,31482,7846,32321,1635.0982499027543
2755,36391,31482,7817,32310,1635.099374901801
2756,36391,31482,7787,32300,1635.1004999008476
2757,36391,31482,7758,32289,1635.1016248998942
2758,36391,31482,7729,32279,1635.1027498989406
2759,36391,31482,7700,32269,1635.1038748979872
2760,36391,31482,7671,32258,1635.1049998970338
2761,36391,31482,7642,32248,1635.1061248960805
2762,36391,31482,7612,32237,1635.107249895127
2763,36391,31482,7583,32227,1635.1083748941737
2764,36391,31482,7554,32216,1635.1094998932203
2765,36391,31482,7525,32206,1635.110624892267
2766,36391,31482,7496,32195,1635.1117498913136
2767,36391,31482,7467,32185,1635.1128748903602
2768,36391,31482,7437,32174,1635.1139998894068
2769,36391,31482,7408,32164,1635.1151248884535
2770,36391,31482,7379,32153,1635.1162498875
2771,36391,31482,7350,32143,1635.1173748865467
2772,36391,31482,7321,32132,1635.1184998855933
2773,36391,31482,7292,32122,1635.11962488464
2774,36391,31482,7262,32111,1635.1207498836866
2775,36391,31482,7233,32101,1635.121874882733
2776,36391,31482,7204,32091,1635.1229998817796
2777,36391,31482,7175,32080,1635.1241248808262
2778,36391,31482,7146,32070,1635.1252498798729
2779,36391,31482,7117,32059,1635.1263748789195
2780,36391,31482,7087,32049,1635.127499877966
2781,36391,31482,7058,32038,1635.1286248770127
2782,36391,31482,7029,32028,1635.1297498760593
2783,36391,31482,7000,32017,1635.130874875106
2784,36391,31482,6971,32007,1635.1319998741526
2785,36391,31482,6941,31996,1635.1331248731992
2786,36391,31482,6912,31986,1635.1342498722458
2787,36391,31482,6883,31975,1635.1353748712925
2788,36391,31482,6854,31965,1635.136499870339
2789,36391,31482,6825,31954,1635.1376248693857
2790,36391,31482,6796,31944,1635.1387498684323
2791,36391,31482,6766,31934,1635.1398748674787
2792,36391,31482,6737,31923,1635.1409998665254
2793,36391,31482,6708,31913,1635.142124865572
2794,36391,31482,6679,31902,1635.1432498646186
2795,36391,31482,6650,31892,1635.1443748636652
2796,35796,30902,7141,31881,1635.1454998627119
2797,35796,30902,7113,31871,1635.1466248617585
2798,35796,30902,7086,31860,1635.147749860805
2799,35796,30902,7059,31850,1635.1488748598517
2800,35796,30902,7031,31839,1635.1499998588984
2801,35796,30902,7004,31829,1635.151124857945
2802,35796,30902,6976,31818,1635.1522498569916
2803,35796,30902,6949,31808,1635.1533748560382
2804,35796,30902,6922,31797,1635.1544998550849
2805,35796,30902,6894,31787,1635.1556248541315
2806,35796,30902,6867,31777,1635.156749853178
2807,35796,30902,6840,31766,1635.1578748522245
2808,35796,30902,6812,31756,1635.1589998512711
2809,35796,30902,6785,31745,1635.1601248503177
2810,35796,30902,6758,31735,1635.1612498493644
2811,35796,30902,6730,31724,1635.162374848411
2812,35796,30902,6703,31714,1635.1634998474576
2813,35796,30902,6675,31703,1635.1646248465042
2814,35796,30902,6648,31693,1635.1657498455509
2815,35796,30902,6621,31682,1635.1668748445975
2816,35796,30902,6593,31672,1635.167999843644
2817,35796,30902,6566,31661,1635.1691248426907
2818,35796,30902,6539,31651,1635.1702498417374
2819,35796,30902,6511,31640,1635.171374840784
2820,35796,30902,6484,31630,1635.1724998398306
2821,35796,30902,6456,31620,1635.1736248388772
2822,35796,30902,6429,31609,1635.1747498379239
2823,35796,30902,6402,31599,1635.1758748369703
2824,35796,30902,6374,31588,1635.1769998360169
2825,35796,30902,6347,31578,1635.1781248350635
2826,35796,30902,6320,31567,1635.1792498341101
2827,35796,30902,6292,31557,1635.1803748331567
2828,35796,30902,6265,31546,1635.1814998322034
2829,35796,30902,6237,31536,1635.18262483125
2830,35796,30902,6210,31525,1635.1837498302966
2831,35796,30902,6183,31515,1635.1848748293432
2832,35796,30902,6155,31504,1635.1859998283899
2833,35796,30902,6128,31494,1635.1871248274365
2834,35796,30902,6101,31483,1635.1882498264831
2835,35796,30902,6073,31473,1635.1893748255297
2836,35796,30902,6046,31463,1635.1904998245764
2837,35796,30902,6018,31452,1635.191624823623
2838,35796,30902,5991,31442,1635.1927498226696
2839,35796,30902,5964,31431,1635.1938748217162
2840,35201,30322,6427,31421,1635.1949998207626
2841,35201,30322,6402,31410,1635.1961248198093
2842,35201,30322,6377,31400,1635.1972498188559
2843,35201,30322,6352,31389,1635.1983748179025
2844,35201,30322,6327,31379,1635.1994998169491
2845,35201,30322,6302,31368,1635.2006248159958
2846,35201,30322,6277,31358,1635.2017498150424
2847,35201,30322,6253,31347,1635.202874814089
2848,35201,30322,6228,31337,1635.2039998131356
2849,35201,30322,6203,31326,1635.2051248121822
2850,35201,30322,6178,31316,1635.2062498112289
2851,35201,30322,6153,31306,1635.2073748102755
2852,35201,30322,6128,31295,1635.2084998093221
2853,35201,30322,6103,31285,1635.2096248083687
2854,35201,30322,6078,31274,1635.2107498074154
2855,35201,30322,6053,31264,1635.211874806462
2856,35201,30322,6028,31253,1635.2129998055084
2857,35201,30322,6003,31243,1635.214124804555
2858,35201,30322,5978,31232,1635.2152498036016
2859,35201,30322,5953,31222,1635.2163748026483
2860,35201,30322,5928,31211,1635.2174998016949
2861,35201,30322,5903,31201,1635.2186248007415
2862,35201,30322,5878,31190,1635.2197497997881
2863,35201,30322,5853,31180,1635.2208747988348
2864,35201,30322,5828,31169,1635.2219997978814
2865,35201,30322,5804,31159,1635.223124796928
2866,35201,30322,5779,31149,1635.2242497959746
2867,35201,30322,5754,31138,1635.2253747950213
2868,35201,30322,5729,31128,1635.2264997940679
2869,35201,30322,5704,31117,1635.2276247931145
2870,35201,30322,5679,31107,1635.2287497921611
2871,35201,30322,5654,31096,1635.2298747912077
2872,35201,30322,5629,31086,1635.2309997902541
2873,35201,30322,5604,31075,1635.2321247893008
2874,35201,30322,5579,31065,1635.2332497883474
2875,35201,30322,5554,31054,1635.234374787394
2876,35201,30322,5529,31044,1635.2354997864406
2877,35201,30322,5504,31033,1635.2366247854873
2878,35201,30322,5479,31023,1635.237749784534
2879,35201,30322,5454,31012,1635.2388747835805
2880,35201,30322,5429,31002,1635.2399997826271
2881,35201,30322,5404,30992,1635.2411247816738
2882,35201,30322,5379,30981,1635.2422497807204
2883,35201,30322,5355,30971,1635.243374779767
2884,35201,30322,5330,30960,1635.2444997788136
2885,35201,30322,5305,30950,1635.2456247778603
2886,35201,30322,5280,30939,1635.2467497769069
2887,35201,30322,5255,30929,1635.2478747759535
2888,35201,30322,5230,30918,1635.248999775
2889,35201,30322,5205,30908,1635.2501247740465
2890,35201,30322,5180,30897,1635.2512497730931
2891,35201,30322,5155,30887,1635.2523747721398
2892,34605,29739,5605,30876,1635.2534997711864
2893,34605,29739,5582,30866,1635.254624770233
2894,34605,29739,5559,30855,1635.2557497692796
2895,34605,29739,5537,30845,1635.2568747683263
2896,34605,29739,5514,30835,1635.257999767373
2897,34605,29739,5491,30824,1635.2591247664195
2898,34605,29739,5468,30814,1635.2602497654661
2899,34605,29739,5446,30803,1635.2613747645128
2900,34605,29739,5423,30793,1635.2624997635594
2901,34605,29739,5400,30782,1635.263624762606
2902,34605,29739,5377,30772,1635.2647497616526
2903,34605,29739,5354,30761,1635.2658747606993
2904,34605,29739,5332,30751,1635.2669997597459
2905,34605,29739,5309,30740,1635.2681247587923
2906,34605,29739,5286,30730,1635.269249757839
2907,34605,29739,5263,30719,1635.2703747568855
2908,34605,29739,5240,30709,1635.2714997559322
2909,34605,29739,5218,30698,1635.2726247549788
2910,34605,29739,5195,30688,1635.2737497540254
2911,34605,29739,5172,30678,1635.274874753072
2912,34605,29739,5149,30667,1635.2759997521187
2913,34605,29739,5127,30657,1635.2771247511653
2914,34605,29739,5104,30646,1635.278249750212
2915,34605,29739,5081,30636,1635.2793747492585
2916,34605,29739,5058,30625,1635.2804997483051
2917,34605,29739,5035,30615,1635.2816247473518
2918,34605,29739,5013,30604,1635.2827497463984
2919,34605,29739,4990,30594,1635.283874745445
2920,34605,29739,4967,30583,1635.2849997444916
2921,34605,29739,4944,30573,1635.286124743538
2922,34605,29739,4921,30562,1635.2872497425847
2923,34605,29739,4899,30552,1635.2883747416313
2924,34605,29739,4876,30541,1635.289499740678
2925,34605,29739,4853,30531,1635.2906247397245
2926,34605,29739,4830,30521,1635.2917497387712
2927,34605,29739,4807,30510,1635.2928747378178
2928,34605,29739,4785,30500,1635.2939997368644
2929,34605,29739,4762,30489,1635.295124735911
2930,34605,29739,4739,30479,1635.2962497349577
2931,34605,29739,4716,30468,1635.2973747340043
2932,34605,29739,4694,30458,1635.298499733051
2933,34605,29739,4671,30447,1635.2996247320975
2934,34605,29739,4648,30437,1635.3007497311442
2935,34605,29739,4625,30426,1635.3018747301908
2936,34605,29739,4602,30416,1635.3029997292374
2937,34605,29739,4580,30405,1635.3041247282838
2938,34605,29739,4557,30395,1635.3052497273304
2939,34605,29739,4534,30384,1635.306374726377
2940,34605,29739,4511,30374,1635.3074997254237
2941,34605,29739,4488,30364,1635.3086247244703
2942,34605,29739,4466,30353,1635.309749723517
2943,34605,29739,4443,30343,1635.3108747225635
2944,34605,29739,4420,30332,1635.3119997216102
2945,34605,29739,4397,30322,1635.3131247206568
2946,34605,29739,4375,30311,1635.3142497197034
2947,34605,29739,4352,30301,1635.31537471875
2948,34058,29211,4718,30290,1635.3164997177967
2949,34058,29211,4697,30280,1635.3176247168433
2950,34058,29211,4677,30269,1635.31874971589
2951,34058,29211,4657,30259,1635.3198747149365
2952,34058,29211,4637,30248,1635.3209997139832
2953,34058,29211,4617,30238,1635.3221247130298
2954,34058,29211,4597,30227,1635.3232497120762
2955,34058,29211,4577,30217,1635.3243747111228
2956,34058,29211,4557,30207,1635.3254997101694
2957,34058,29211,4537,30196,1635.326624709216
2958,34058,29211,4517,30186,1635.3277497082627
2959,34058,29211,4497,30175,1635.3288747073093
2960,34058,29211,4477,30165,1635.329999706356
2961,34058,29211,4457,30154,1635.3311247054025
2962,34058,29211,4437,30144,1635.3322497044492
2963,34058,29211,4417,30133,1635.3333747034958
2964,34058,29211,4397,30123,1635.3344997025424
2965,34058,29211,4377,30112,1635.335624701589
2966,34058,29211,4357,30102,1635.3367497006357
2967,34058,29211,4337,30091,1635.3378746996823
2968,34058,29211,4317,30081,1635.338999698729
2969,34058,29211,4296,30070,1635.3401246977755
2970,34058,29211,4276,30060,1635.341249696822
2971,34058,29211,4256,30050,1635.3423746958686
2972,34058,29211,4236,30039,1635.3434996949152
2973,34058,29211,4216,30029,1635.3446246939618
2974,34058,29211,4196,30018,1635.3457496930084
2975,34058,29211,4176,30008,1635.346874692055
2976,34058,29211,4156,29997,1635.3479996911017
2977,34058,29211,4136,29987,1635.3491246901483
2978,34058,29211,4116,29976,1635.350249689195
2979,34058,29211,4096,29966,1635.3513746882415
2980,34058,29211,4076,29955,1635.3524996872882
2981,34058,29211,4056,29945,1635.3536246863348
2982,34058,29211,4036,29934,1635.3547496853814
2983,34058,29211,4016,29924,1635.355874684428
2984,34058,29211,3996,29913,1635.3569996834747
2985,34058,29211,3976,29903,1635.3581246825213
2986,34058,29211,3956,29893,1635.3592496815677
2987,34058,29211,3936,29882,1635.3603746806143
2988,34058,29211,3916,29872,1635.361499679661
2989,34058,29211,3896,29861,1635.3626246787076
2990,34058,29211,3875,29851,1635.3637496777542
2991,34058,29211,3855,29840,1635.3648746768008
2992,33511,28683,4166,29830,1635.3659996758474
2993,33511,28683,4147,29819,1635.367124674894
2994,33511,28683,4129,29809,1635.3682496739407
2995,33511,28683,4111,29798,1635.3693746729873
2996,33511,28683,4093,29788,1635.370499672034
2997,33511,28683,4074,29777,1635.3716246710806
2998,33511,28683,4056,29767,1635.3727496701272
2999,33511,28683,4038,29756,1635.3738746691738
3000,33511,28683,4020,29746,1635.3749996682204
3001,33511,28683,4001,29735,1635.376124667267
3002,33511,28683,3983,29725,1635.3772496663134
3003,33511,28683,3965,29715,1635.37837466536
3004,33511,28683,3947,29704,1635.3794996644067
3005,33511,28683,3928,29694,1635.3806246634533
3006,33511,28683,3910,29683,1635.3817496625
3007,33511,28683,3892,29673,1635.3828746615466
3008,33511,28683,3874,29662,1635.3839996605932
3009,33511,28683,3855,29652,1635.3851246596398
3010,33511,28683,3837,29641,1635.3862496586864
3011,33511,28683,3819,29631,1635.387374657733
3012,33511,28683,3801,29620,1635.3884996567797
3013,33511,28683,3782,29610,1635.3896246558263
3014,33511,28683,3764,29599,1635.390749654873
3015,33511,28683,3746,29589,1635.3918746539196
3016,33511,28683,3728,29578,1635.3929996529662
3017,33511,28683,3709,29568,1635.3941246520128
3018,33511,28683,3691,29558,1635.3952496510594
3019,33511,28683,3673,29547,1635.3963746501058
3020,33511,28683,3654,29537,1635.3974996491525
3021,33511,28683,3636,29526,1635.398624648199
3022,33511,28683,3618,29516,1635.3997496472457
3023,33511,28683,3600,29505,1635.4008746462923
3024,33511,28683,3581,29495,1635.401999645339
3025,33511,28683,3563,29484,1635.4031246443856
3026,33511,28683,3545,29474,1635.4042496434322
3027,33511,28683,3527,29463,1635.4053746424788
3028,33511,28683,3508,29453,1635.4064996415254
3029,33511,28683,3490,29442,1635.407624640572
3030,33511,28683,3472,29432,1635.4087496396187
3031,33511,28683,3454,29421,1635.4098746386653
3032,33511,28683,3435,29411,1635.410999637712
3033,33511,28683,3417,29401,1635.4121246367586
3034,33511,28683,3399,29390,1635.4132496358052
3035,33511,28683,3381,29380,1635.4143746348516
3036,33511,28683,3362,29369,1635.4154996338982
3037,33511,28683,3344,29359,1635.4166246329448
3038,33511,28683,3326,29348,1635.4177496319915
3039,33511,28683,3308,29338,1635.418874631038
3040,33511,28683,3289,29327,1635.4199996300847
3041,33511,28683,3271,29317,1635.4211246291313
3042,33511,28683,3253,29306,1635.422249628178
3043,33511,28683,3235,29296,1635.4233746272246
3044,33511,28683,3216,29285,1635.4244996262712
3045,33511,28683,3198,29275,1635.4256246253178
3046,33511,28683,3180,29264,1635.4267496243644
3047,33511,28683,3162,29254,1635.427874623411
3048,32964,28155,3463,29244,1635.4289996224577
3049,32964,28155,3446,29233,1635.4301246215043
3050,32964,28155,3429,29223,1635.431249620551
3051,32964,28155,3412,29212,1635.4323746195973
3052,32964,28155,3395,29202,1635.433499618644
3053,32964,28155,3378,29191,1635.4346246176906
3054,32964,28155,3361,29181,1635.4357496167372
3055,32964,28155,3344,29170,1635.4368746157838
3056,32964,28155,3327,29160,1635.4379996148305
3057,32964,28155,3310,29149,1635.439124613877
3058,32964,28155,3293,29139,1635.4402496129237
3059,32964,28155,3276,29128,1635.4413746119703
3060,32964,28155,3259,29118,1635.442499611017
3061,32964,28155,3242,29107,1635.4436246100636
3062,32964,28155,3225,29097,1635.4447496091102
3063,32964,28155,3208,29087,1635.4458746081568
3064,32964,28155,3191,29076,1635.4469996072035
3065,32964,28155,3174,29066,1635.44812460625
3066,32964,28155,3157,29055,1635.4492496052967
3067,32964,28155,3140,29045,1635.4503746043433
3068,32964,28155,3123,29034,1635.4514996033897
3069,32964,28155,3106,29024,1635.4526246024363
3070,32964,28155,3089,29013,1635.453749601483
3071,32964,28155,3072,29003,1635.4548746005296
3072,32964,28155,3055,28992,1635.4559995995762
3073,32964,28155,3038,28982,1635.4571245986228
3074,32964,28155,3021,28971,1635.4582495976695
3075,32964,28155,3004,28961,1635.459374596716
3076,32964,28155,2987,28950,1635.4604995957627
3077,32964,28155,2970,28940,1635.4616245948093
3078,32964,28155,2953,28930,1635.462749593856
3079,32964,28155,2936,28919,1635.4638745929026
3080,32964,28155,2919,28909,1635.4649995919492
3081,32964,28155,2902,28898,1635.4661245909958
3082,32964,28155,2885,28888,1635.4672495900425
3083,32964,28155,2868,28877,1635.468374589089
3084,32964,28155,2851,28867,1635.4694995881355
3085,32964,28155,2834,28856,1635.470624587182
3086,32964,28155,2817,28846,1635.4717495862287
3087,32964,28155,2800,28835,1635.4728745852753
3088,32964,28155,2783,28825,1635.473999584322
3089,32964,28155,2766,28814,1635.4751245833686
3090,32964,28155,2749,28804,1635.4762495824152
3091,32964,28155,2732,28793,1635.4773745814618
3092,32417,27627,3028,28783,1635.4784995805085
3093,32417,27627,3011,28773,1635.479624579555
3094,32417,27627,2995,28762,1635.4807495786017
3095,32417,27627,2978,28752,1635.4818745776483
3096,32417,27627,2961,28741,1635.482999576695
3097,32417,27627,2945,28731,1635.4841245757416
3098,32417,27627,2928,28720,1635.4852495747882
3099,32417,27627,2912,28710,1635.4863745738348
3100,32417,27627,2895,28699,1635.4874995728812
3101,32417,27627,2878,28689,1635.4886245719279
3102,32417,27627,2862,28678,1635.4897495709745
3103,32417,27627,2845,28668,1635.490874570021
3104,32417,27627,2828,28657,1635.4919995690677
3105,32417,27627,2812,28647,1635.4931245681144
3106,32417,27627,2795,28636,1635.494249567161
3107,32417,27627,2779,28626,1635.4953745662076
3108,32417,27627,2762,28616,1635.4964995652542
3109,32417,27627,2745,28605,1635.4976245643008
3110,32417,27627,2729,28595,1635.4987495633475
3111,32417,27627,2712,28584,1635.499874562394
3112,32417,27627,2696,28574,1635.5009995614407
3113,32417,27627,2679,28563,1635.5021245604873
3114,32417,27627,2662,28553,1635.503249559534
3115,32417,27627,2646,28542,1635.5043745585806
3116,32417,27627,2629,28532,1635.505499557627
3117,32417,27627,2613,28521,1635.5066245566736
3118,32417,27627,2596,28511,1635.5077495557202
3119,32417,27627,2579,28500,1635.5088745547669
3120,32417,27627,2563,28490,1635.5099995538135
3121,32417,27627,2546,28479,1635.51112455286
3122,32417,27627,2529,28469,1635.5122495519067
3123,32417,27627,2513,28459,1635.5133745509534
3124,31870,27099,10232,31049,1635.5145
3125,31870,27099,10195,31038,1635.5156249982422
3126,31870,27099,10159,31028,1635.5167499964844
3127,31870,27099,10122,31018,1635.5178749947265
3128,31870,27099,10085,31008,1635.5189999929687
3129,31870,27099,10048,30998,1635.5201249912109
3130,31870,27099,10012,30988,1635.521249989453
3131,31870,27099,9975,30978,1635.5223749876952
3132,31870,27099,9938,30967,1635.5234999859374
3133,31870,27099,9902,30957,1635.5246249841796
3134,31870,27099,9865,30947,1635.525749982422
3135,31870,27099,9828,30937,1635.5268749806642
3136,31870,27099,9791,30927,1635.5279999789063
3137,31870,27099,9755,30917,1635.5291249771485
3138,31870,27099,9718,30907,1635.5302499753907
3139,31870,27099,9681,30896,1635.5313749736329
3140,31870,27099,9645,30886,1635.532499971875
3141,31870,27099,9608,30876,1635.5336249701172
3142,31870,27099,9571,30866,1635.5347499683594
3143,31870,27099,9534,30856,1635.5358749666016
3144,31870,27099,9498,30846,1635.5369999648437
3145,31870,27099,9461,30836,1635.538124963086
3146,31870,27099,9424,30826,1635.539249961328
3147,31870,27099,9388,30815,1635.5403749595703
3148,31870,27099,9351,30805,1635.5414999578124
3149,31870,27099,9314,30795,1635.5426249560546
3150,31870,27099,9278,30785,1635.5437499542968
3151,31870,27099,9241,30775,1635.544874952539
3152,31870,27099,9204,30765,1635.5459999507812
3153,31870,27099,9167,30755,1635.5471249490233
3154,31870,27099,9131,30744,1635.5482499472657
3155,31870,27099,9094,30734,1635.549374945508
3156,31870,27099,9057,30724,1635.55049994375
3157,31870,27099,9021,30714,1635.5516249419923
3158,31870,27099,8984,30704,1635.5527499402344
3159,31870,27099,8947,30694,1635.5538749384766
3160,31870,27099,8910,30684,1635.5549999367188
3161,31870,27099,8874,30673,1635.556124934961
3162,31870,27099,8837,30663,1635.5572499332031
3163,31870,27099,8800,30653,1635.5583749314453
3164,31870,27099,8764,30643,1635.5594999296875
3165,31870,27099,8727,30633,1635.5606249279297
3166,31870,27099,8690,30623,1635.5617499261718
3167,31870,27099,8653,30613,1635.562874924414
3168,31870,27099,8617,30602,1635.5639999226562
3169,31870,27099,8580,30592,1635.5651249208984
3170,31870,27099,8543,30582,1635.5662499191405
3171,31870,27099,8507,30572,1635.5673749173827
3172,31870,27099,8470,30562,1635.568499915625
3173,31870,27099,8433,30552,1635.569624913867
3174,31870,27099,8397,30542,1635.5707499121095
3175,31870,27099,8360,30531,1635.5718749103517
3176,31323,26571,9030,30521,1635.5729999085938
3177,31323,26571,8997,30511,1635.574124906836
3178,31323,26571,8965,30501,1635.5752499050782
3179,31323,26571,8932,30491,1635.5763749033204
3180,31323,26571,8900,30481,1635.5774999015625
3181,31323,26571,8867,30471,1635.5786248998047
3182,31323,26571,8834,30461,1635.5797498980469
3183,31323,26571,8802,30450,1635.580874896289
3184,31323,26571,8769,30440,1635.5819998945312
3185,31323,26571,8736,30430,1635.5831248927734
3186,31323,26571,8704,30420,1635.5842498910156
3187,31323,26571,8671,30410,1635.5853748892578
3188,31323,26571,8638,30400,1635.5864998875
3189,31323,26571,8606,30390,1635.5876248857421
3190,31323,26571,8573,30379,1635.5887498839843
3191,31323,26571,8541,30369,1635.5898748822265
3192,31323,26571,8508,30359,1635.5909998804686
3193,31323,26571,8475,30349,1635.592124878711
3194,31323,26571,8443,30339,1635.5932498769532
3195,31323,26571,8410,30329,1635.5943748751954
3196,31323,26571,8377,30319,1635.5954998734376
3197,31323,26571,8345,30308,1635.5966248716798
3198,31323,26571,8312,30298,1635.597749869922
3199,31323,26571,8279,30288,1635.598874868164
3200,31323,26571,8247,30278,1635.5999998664063
3201,31323,26571,8214,30268,1635.6011248646485
3202,31323,26571,8182,30258,1635.6022498628906
3203,31323,26571,8149,30248,1635.6033748611328
3204,31323,26571,8116,30237,1635.604499859375
3205,31323,26571,8084,30227,1635.6056248576172
3206,31323,26571,8051,30217,1635.6067498558593
3207,31323,26571,8018,30207,1635.6078748541015
3208,31323,26571,7986,30197,1635.6089998523437
3209,31323,26571,7953,30187,1635.6101248505859
3210,31323,26571,7920,30177,1635.611249848828
3211,31323,26571,7888,30166,1635.6123748470702
3212,31323,26571,7855,30156,1635.6134998453124
3213,31323,26571,7822,30146,1635.6146248435548
3214,31323,26571,7790,30136,1635.615749841797
3215,31323,26571,7757,30126,1635.6168748400391
3216,31323,26571,7725,30116,1635.6179998382813
3217,31323,26571,7692,30106,1635.6191248365235
3218,31323,26571,7659,30096,1635.6202498347657
3219,31323,26571,7627,30085,1635.6213748330078
3220,31323,26571,7594,30075,1635.62249983125
3221,31323,26571,7561,30065,1635.6236248294922
3222,31323,26571,7529,30055,1635.6247498277344
3223,31323,26571,7496,30045,1635.6258748259766
3224,31323,26571,7463,30035,1635.6269998242187
3225,31323,26571,7431,30025,1635.628124822461
3226,31323,26571,7398,30014,1635.629249820703
3227,31323,26571,7366,30004,1635.6303748189453
3228,30776,26043,7946,29994,1635.6314998171874
3229,30776,26043,7917,29984,1635.6326248154296
3230,30776,26043,7887,29974,1635.6337498136718
3231,30776,26043,7857,29964,1635.634874811914
3232,30776,26043,7827,29954,1635.6359998101561
3233,30776,26043,7797,29943,1635.6371248083985
3234,30776,26043,7768,29933,1635.6382498066407
3235,30776,26043,7738,29923,1635.639374804883
3236,30776,26043,7708,29913,1635.640499803125
3237,30776,26043,7678,29903,1635.6416248013672
3238,30776,26043,7648,29893,1635.6427497996094
3239,30776,26043,7618,29883,1635.6438747978516
3240,30776,26043,7589,29872,1635.6449997960938
3241,30776,26043,7559,29862,1635.646124794336
3242,30776,26043,7529,29852,1635.6472497925781
3243,30776,26043,7499,29842,1635.6483747908203
3244,30776,26043,7469,29832,1635.6494997890625
3245,30776,26043,7439,29822,1635.6506247873047
3246,30776,26043,7410,29812,1635.6517497855468
3247,30776,26043,7380,29801,1635.652874783789
3248,30776,26043,7350,29791,1635.6539997820312
3249,30776,26043,7320,29781,1635.6551247802734
3250,30776,26043,7290,29771,1635.6562497785155
3251,30776,26043,7260,29761,1635.6573747767577
3252,30776,26043,7231,29751,1635.658499775
3253,30776,26043,7201,29741,1635.6596247732423
3254,30776,26043,7171,29731,1635.6607497714845
3255,30776,26043,7141,29720,1635.6618747697266
3256,30776,26043,7111,29710,1635.6629997679688
3257,30776,26043,7081,29700,1635.664124766211
3258,30776,26043,7052,29690,1635.6652497644532
3259,30776,26043,7022,29680,1635.6663747626953
3260,30776,26043,6992,29670,1635.6674997609375
3261,30776,26043,6962,29660,1635.6686247591797
3262,30776,26043,6932,29649,1635.6697497574219
3263,30776,26043,6903,29639,1635.670874755664
3264,30776,26043,6873,29629,1635.6719997539062
3265,30776,26043,6843,29619,1635.6731247521484
3266,30776,26043,6813,29609,1635.6742497503906
3267,30776,26043,6783,29599,1635.6753747486327
3268,30776,26043,6753,29589,1635.676499746875
3269,30776,26043,6724,29578,1635.677624745117
3270,30776,26043,6694,29568,1635.6787497433593
3271,30776,26043,6664,29558,1635.6798747416015
3272,30776,26043,6634,29548,1635.6809997398439
3273,30776,26043,6604,29538,1635.682124738086
3274,30776,26043,6574,29528,1635.6832497363282
3275,30776,26043,6545,29518,1635.6843747345704
3276,30776,26043,6515,29507,1635.6854997328126
3277,30776,26043,6485,29497,1635.6866247310547
3278,30776,26043,6455,29487,1635.687749729297
3279,30776,26043,6425,29477,1635.688874727539
3280,30229,25515,6985,29467,1635.6899997257813
3281,30229,25515,6958,29457,1635.6911247240234
3282,30229,25515,6931,29447,1635.6922497222656
3283,30229,25515,6905,29436,1635.6933747205078
3284,30229,25515,6878,29426,1635.69449971875
3285,30229,25515,6851,29416,1635.6956247169921
3286,30229,25515,6825,29406,1635.6967497152343
3287,30229,25515,6798,29396,1635.6978747134765
3288,30229,25515,6771,29386,1635.6989997117187
3289,30229,25515,6745,29376,1635.7001247099608
3290,30229,25515,6718,29366,1635.701249708203
3291,30229,25515,6691,29355,1635.7023747064452
3292,30229,25515,6665,29345,1635.7034997046876
3293,30229,25515,6638,29335,1635.7046247029298
3294,30229,25515,6611,29325,1635.705749701172
3295,30229,25515,6585,29315,1635.7068746994141
3296,30229,25515,6558,29305,1635.7079996976563
3297,30229,25515,6531,29295,1635.7091246958985
3298,30229,25515,6505,29284,1635.7102496941407
3299,30229,25515,6478,29274,1635.7113746923828
3300,30229,25515,6451,29264,1635.712499690625
3301,30229,25515,6425,29254,1635.7136246888672
3302,30229,25515,6398,29244,1635.7147496871094
3303,30229,25515,6372,29234,1635.7158746853515
3304,30229,25515,6345,29224,1635.7169996835937
3305,30229,25515,6318,29213,1635.718124681836
3306,30229,25515,6292,29203,1635.719249680078
3307,30229,25515,6265,29193,1635.7203746783202
3308,30229,25515,6238,29183,1635.7214996765624
3309,30229,25515,6212,29173,1635.7226246748046
3310,30229,25515,6185,29163,1635.7237496730468
3311,30229,25515,6158,29153,1635.724874671289
3312,30229,25515,6132,29142,1635.7259996695313
3313,30229,25515,6105,29132,1635.7271246677735
3314,30229,25515,6078,29122,1635.7282496660157
3315,30229,25515,6052,29112,1635.7293746642579
3316,30229,25515,6025,29102,1635.7304996625
3317,30229,25515,5998,29092,1635.7316246607422
3318,30229,25515,5972,29082,1635.7327496589844
3319,30229,25515,5945,29072,1635.7338746572266
3320,30229,25515,5918,29061,1635.7349996554688
3321,30229,25515,5892,29051,1635.736124653711
3322,30229,25515,5865,29041,1635.737249651953
3323,30229,25515,5838,29031,1635.7383746501953
3324,30229,25515,5812,29021,1635.7394996484375
3325,30229,25515,5785,29011,1635.7406246466796
3326,30229,25515,5759,29001,1635.7417496449218
3327,30229,25515,5732,28990,1635.742874643164
3328,30229,25515,5705,28980,1635.7439996414062
3329,30229,25515,5679,28970,1635.7451246396483
3330,30229,25515,5652,28960,1635.7462496378905
3331,30229,25515,5625,28950,1635.747374636133
3332,30229,25515,5599,28940,1635.748499634375
3333,30229,25515,5572,28930,1635.7496246326173
3334,30229,25515,5545,28919,1635.7507496308594
3335,30229,25515,5519,28909,1635.7518746291016
3336,29682,24987,5994,28899,1635.7529996273438
3337,29682,24987,5970,28889,1635.754124625586
3338,29682,24987,5946,28879,1635.7552496238281
3339,29682,24987,5922,28869,1635.7563746220703
3340,29682,24987,5898,28859,1635.7574996203125
3341,29682,24987,5875,28848,1635.7586246185547
3342,29682,24987,5851,28838,1635.7597496167969
3343,29682,24987,5827,28828,1635.760874615039
3344,29682,24987,5803,28818,1635.7619996132812
3345,29682,24987,5779,28808,1635.7631246115234
3346,29682,24987,5755,28798,1635.7642496097656
3347,29682,24987,5732,28788,1635.7653746080077
3348,29682,24987,5708,28777,1635.76649960625
3349,29682,24987,5684,28767,1635.767624604492
3350,29682,24987,5660,28757,1635.7687496027343
3351,29682,24987,5636,28747,1635.7698746009767
3352,29682,24987,5612,28737,1635.7709995992188
3353,29682,24987,5589,28727,1635.772124597461
3354,29682,24987,5565,28717,1635.7732495957032
3355,29682,24987,5541,28707,1635.7743745939454
3356,29682,24987,5517,28696,1635.7754995921875
3357,29682,24987,5493,28686,1635.7766245904297
3358,29682,24987,5469,28676,1635.777749588672
3359,29682,24987,5446,28666,1635.778874586914
3360,29682,24987,5422,28656,1635.7799995851562
3361,29682,24987,5398,28646,1635.7811245833984
3362,29682,24987,5374,28636,1635.7822495816406
3363,29682,24987,5350,28625,1635.7833745798828
3364,29682,24987,5326,28615,1635.784499578125
3365,29682,24987,5303,28605,1635.7856245763671
3366,29682,24987,5279,28595,1635.7867495746093
3367,29682,24987,5255,28585,1635.7878745728515
3368,29682,24987,5231,28575,1635.7889995710937
3369,29682,24987,5207,28565,1635.7901245693358
3370,29682,24987,5184,28554,1635.791249567578
3371,29682,24987,5160,28544,1635.7923745658204
3372,29682,24987,5136,28534,1635.7934995640626
3373,29682,24987,5112,28524,1635.7946245623048
3374,29682,24987,5088,28514,1635.795749560547
3375,29682,24987,5064,28504,1635.796874558789
3376,29682,24987,5041,28494,1635.7979995570313
3377,29682,24987,5017,28483,1635.7991245552735
3378,29682,24987,4993,28473,1635.8002495535156
3379,29682,24987,4969,28463,1635.8013745517578
3380,29127,24453,5409,28560,1635.8025
3381,29127,24453,5387,28551,1635.803624997794
3382,29127,24453,5366,28542,1635.8047499955883
3383,29127,24453,5344,28533,1635.8058749933823
3384,29127,24453,5322,28524,1635.8069999911766
3385,29127,24453,5301,28515,1635.8081249889706
3386,29127,24453,5279,28506,1635.8092499867648
3387,29127,24453,5257,28497,1635.8103749845588
3388,29127,24453,5235,28488,1635.8114999823529
3389,29127,24453,5214,28479,1635.8126249801471
3390,29127,24453,5192,28470,1635.8137499779411
3391,29127,24453,5170,28461,1635.8148749757354
3392,29127,24453,5149,28452,1635.8159999735294
3393,29127,24453,5127,28443,1635.8171249713234
3394,29127,24453,5105,28434,1635.8182499691177
3395,29127,24453,5083,28425,1635.8193749669117
3396,29127,24453,5062,28416,1635.820499964706
3397,29127,24453,5040,28407,1635.8216249625
3398,29127,24453,5018,28398,1635.822749960294
3399,29127,24453,4996,28389,1635.8238749580883
3400,29127,24453,4975,28380,1635.8249999558823
3401,29127,24453,4953,28371,1635.8261249536765
3402,29127,24453,4931,28362,1635.8272499514705
3403,29127,24453,4910,28352,1635.8283749492648
3404,29127,24453,4888,28343,1635.8294999470588
3405,29127,24453,4866,28334,1635.8306249448528
3406,29127,24453,4844,28325,1635.831749942647
3407,29127,24453,4823,28316,1635.8328749404411
3408,29127,24453,4801,28307,1635.8339999382354
3409,29127,24453,4779,28298,1635.8351249360294
3410,29127,24453,4758,28289,1635.8362499338236
3411,29127,24453,4736,28280,1635.8373749316177
3412,29127,24453,4714,28271,1635.8384999294117
3413,29127,24453,4692,28262,1635.839624927206
3414,29127,24453,4671,28253,1635.840749925
3415,29127,24453,4649,28244,1635.8418749227942
3416,29127,24453,4627,28235,1635.8429999205882
3417,29127,24453,4605,28226,1635.8441249183822
3418,29127,24453,4584,28217,1635.8452499161765
3419,29127,24453,4562,28208,1635.8463749139705
3420,29127,24453,4540,28199,1635.8474999117648
3421,29127,24453,4519,28190,1635.8486249095588
3422,29127,24453,4497,28181,1635.8497499073528
3423,29127,24453,4475,28172,1635.850874905147
3424,29127,24453,4453,28163,1635.851999902941
3425,29127,24453,4432,28154,1635.8531249007353
3426,29127,24453,4410,28145,1635.8542498985294
3427,29127,24453,4388,28136,1635.8553748963236
3428,29127,24453,4367,28127,1635.8564998941176
3429,29127,24453,4345,28118,1635.8576248919117
3430,29127,24453,4323,28109,1635.858749889706
3431,29127,24453,4301,28100,1635.8598748875
3432,29127,24453,4280,28091,1635.8609998852942
3433,29127,24453,4258,28081,1635.8621248830882
3434,29127,24453,4236,28072,1635.8632498808824
3435,29127,24453,4215,28063,1635.8643748786765
3436,28680,24018,4536,28054,1635.8654998764705
3437,28680,24018,4516,28045,1635.8666248742647
3438,28680,24018,4496,28036,1635.8677498720588
3439,28680,24018,4476,28027,1635.868874869853
3440,28680,24018,4457,28018,1635.869999867647
3441,28680,24018,4437,28009,1635.871124865441
3442,28680,24018,4417,28000,1635.8722498632353
3443,28680,24018,4397,27991,1635.8733748610293
3444,28680,24018,4378,27982,1635.8744998588236
3445,28680,24018,4358,27973,1635.8756248566176
3446,28680,24018,4338,27964,1635.8767498544116
3447,28680,24018,4319,27955,1635.8778748522059
3448,28680,24018,4299,27946,1635.87899985
3449,28680,24018,4279,27937,1635.8801248477941
3450,28680,24018,4259,27928,1635.8812498455882
3451,28680,24018,4240,27919,1635.8823748433824
3452,28680,24018,4220,27910,1635.8834998411764
3453,28680,24018,4200,27901,1635.8846248389705
3454,28680,24018,4180,27892,1635.8857498367647
3455,28680,24018,4161,27883,1635.8868748345587
3456,28680,24018,4141,27874,1635.887999832353
3457,28680,24018,4121,27865,1635.889124830147
3458,28680,24018,4101,27856,1635.8902498279413
3459,28680,24018,4082,27847,1635.8913748257353
3460,28680,24018,4062,27838,1635.8924998235293
3461,28680,24018,4042,27829,1635.8936248213236
3462,28680,24018,4022,27820,1635.8947498191176
3463,28680,24018,4003,27811,1635.8958748169118
3464,28680,24018,3983,27801,1635.8969998147059
3465,28680,24018,3963,27792,1635.8981248124999
3466,28680,24018,3944,27783,1635.8992498102941
3467,28680,24018,3924,27774,1635.9003748080881
3468,28680,24018,3904,27765,1635.9014998058824
3469,28680,24018,3884,27756,1635.9026248036764
3470,28680,24018,3865,27747,1635.9037498014704
3471,28680,24018,3845,27738,1635.9048747992647
3472,28680,24018,3825,27729,1635.9059997970587
3473,28680,24018,3805,27720,1635.907124794853
3474,28680,24018,3786,27711,1635.908249792647
3475,28680,24018,3766,27702,1635.9093747904412
3476,28680,24018,3746,27693,1635.9104997882353
3477,28680,24018,3726,27684,1635.9116247860293
3478,28680,24018,3707,27675,1635.9127497838235
3479,28680,24018,3687,27666,1635.9138747816176
3480,28233,23583,3989,27657,1635.9149997794118
3481,28233,23583,3971,27648,1635.9161247772058
3482,28233,23583,3953,27639,1635.917249775
3483,28233,23583,3934,27630,1635.918374772794
3484,28233,23583,3916,27621,1635.9194997705881
3485,28233,23583,3898,27612,1635.9206247683824
3486,28233,23583,3880,27603,1635.9217497661764
3487,28233,23583,3862,27594,1635.9228747639706
3488,28233,23583,3844,27585,1635.9239997617647
3489,28233,23583,3825,27576,1635.9251247595587
3490,28233,23583,3807,27567,1635.926249757353
3491,28233,23583,3789,27558,1635.927374755147
3492,28233,23583,3771,27549,1635.9284997529412
3493,28233,23583,3753,27540,1635.9296247507352
3494,28233,23583,3734,27531,1635.9307497485293
3495,28233,23583,3716,27521,1635.9318747463235
3496,28233,23583,3698,27512,1635.9329997441175
3497,28233,23583,3680,27503,1635.9341247419118
3498,28233,23583,3662,27494,1635.9352497397058
3499,28233,23583,3643,27485,1635.9363747375
3500,28233,23583,3625,27476,1635.937499735294
3501,28233,23583,3607,27467,1635.938624733088
3502,28233,23583,3589,27458,1635.9397497308823
3503,28233,23583,3571,27449,1635.9408747286764
3504,28233,23583,3553,27440,1635.9419997264706
3505,28233,23583,3534,27431,1635.9431247242646
3506,28233,23583,3516,27422,1635.9442497220589
3507,28233,23583,3498,27413,1635.945374719853
3508,28233,23583,3480,27404,1635.946499717647
3509,28233,23583,3462,27395,1635.9476247154412
3510,28233,23583,3443,27386,1635.9487497132352
3511,28233,23583,3425,27377,1635.9498747110295
3512,28233,23583,3407,27368,1635.9509997088235
3513,28233,23583,3389,27359,1635.9521247066175
3514,28233,23583,3371,27350,1635.9532497044117
3515,28233,23583,3352,27341,1635.9543747022058
3516,28233,23583,3334,27332,1635.9554997
3517,28233,23583,3316,27323,1635.956624697794
3518,28233,23583,3298,27314,1635.957749695588
3519,28233,23583,3280,27305,1635.9588746933823
3520,28233,23583,3262,27296,1635.9599996911763
3521,28233,23583,3243,27287,1635.9611246889706
3522,28233,23583,3225,27278,1635.9622496867646
3523,28233,23583,3207,27269,1635.9633746845589
3524,28233,23583,3189,27260,1635.9644996823529
3525,28233,23583,3171,27250,1635.965624680147
3526,28233,23583,3152,27241,1635.9667496779412
3527,28233,23583,3134,27232,1635.9678746757352
3528,28233,23583,3116,27223,1635.9689996735294
3529,28233,23583,3098,27214,1635.9701246713234
3530,28233,23583,3080,27205,1635.9712496691177
3531,28233,23583,3061,27196,1635.9723746669117
3532,28233,23583,3043,27187,1635.9734996647057
3533,28233,23583,3025,27178,1635.9746246625
3534,28233,23583,3007,27169,1635.975749660294
3535,28233,23583,2989,27160,1635.9768746580883
3536,27786,23148,3275,27151,1635.9779996558823
3537,27786,23148,3258,27142,1635.9791246536763
3538,27786,23148,3241,27133,1635.9802496514706
3539,27786,23148,3224,27124,1635.9813746492646
3540,27786,23148,3208,27115,1635.9824996470588
3541,27786,23148,3191,27106,1635.9836246448529
3542,27786,23148,3174,27097,1635.9847496426469
3543,27786,23148,3157,27088,1635.9858746404411
3544,27786,23148,3140,27079,1635.9869996382351
3545,27786,23148,3124,27070,1635.9881246360294
3546,27786,23148,3107,27061,1635.9892496338234
3547,27786,23148,3090,27052,1635.9903746316177
3548,27786,23148,3073,27043,1635.9914996294117
3549,27786,23148,3057,27034,1635.9926246272057
3550,27786,23148,3040,27025,1635.993749625
3551,27786,23148,3023,27016,1635.994874622794
3552,27786,23148,3006,27007,1635.9959996205882
3553,27786,23148,2989,26998,1635.9971246183823
3554,27786,23148,2973,26989,1635.9982496161765
3555,27786,23148,2956,26980,1635.9993746139705
3556,27786,23148,2939,26970,1636.0004996117646
3557,27786,23148,2922,26961,1636.0016246095588
3558,27786,23148,2905,26952,1636.0027496073528
3559,27786,23148,2889,26943,1636.003874605147
3560,27786,23148,2872,26934,1636.004999602941
3561,27786,23148,2855,26925,1636.0061246007351
3562,27786,23148,2838,26916,1636.0072495985294
3563,27786,23148,2821,26907,1636.0083745963234
3564,27786,23148,2805,26898,1636.0094995941176
3565,27786,23148,2788,26889,1636.0106245919117
3566,27786,23148,2771,26880,1636.0117495897057
3567,27786,23148,2754,26871,1636.0128745875
3568,27786,23148,2737,26862,1636.013999585294
3569,27786,23148,2721,26853,1636.0151245830882
3570,27786,23148,2704,26844,1636.0162495808822
3571,27786,23148,2687,26835,1636.0173745786765
3572,27786,23148,2670,26826,1636.0184995764705
3573,27786,23148,2653,26817,1636.0196245742645
3574,27786,23148,2637,26808,1636.0207495720588
3575,27786,23148,2620,26799,1636.0218745698528
3576,27786,23148,2603,26790,1636.022999567647
3577,27786,23148,2586,26781,1636.024124565441
3578,27786,23148,2569,26772,1636.0252495632353
3579,27786,23148,2553,26763,1636.0263745610293
3580,27786,23148,2536,26754,1636.0274995588234
3581,27786,23148,2519,26745,1636.0286245566176
3582,27786,23148,2502,26736,1636.0297495544116
3583,27786,23148,2485,26727,1636.030874552206
3584,27339,22713,10216,28655,1636.032
3585,27339,22713,10179,28650,1636.0331249874998
3586,27339,22713,10142,28646,1636.034249975
3587,27339,22713,10104,28641,1636.0353749624999
3588,27339,22713,10067,28636,1636.03649995
3589,27339,22713,10030,28631,1636.0376249375
3590,27339,22713,9992,28626,1636.038749925
3591,27339,22713,9955,28622,1636.0398749125
3592,27339,22713,9917,28617,1636.0409998999999
3593,27339,22713,9880,28612,1636.0421248875
3594,27339,22713,9843,28607,1636.043249875
3595,27339,22713,9805,28603,1636.0443748625
3596,27339,22713,9768,28598,1636.04549985
3597,27339,22713,9731,28593,1636.0466248374998
3598,27339,22713,9693,28588,1636.047749825
3599,27339,22713,9656,28583,1636.0488748125
3600,27339,22713,9619,28579,1636.0499998
3601,27339,22713,9581,28574,1636.0511247875
3602,27339,22713,9544,28569,1636.0522497749998
3603,27339,22713,9507,28564,1636.0533747625
3604,27339,22713,9469,28560,1636.0544997499999
3605,27339,22713,9432,28555,1636.0556247375
3606,27339,22713,9395,28550,1636.056749725
3607,27339,22713,9357,28545,1636.0578747125
3608,27339,22713,9320,28540,1636.0589997
3609,27339,22713,9283,28536,1636.0601246874999
3610,27339,22713,9245,28531,1636.061249675
3611,27339,22713,9208,28526,1636.0623746625
3612,27339,22713,9170,28521,1636.06349965
3613,27339,22713,9133,28517,1636.0646246375
3614,27339,22713,9096,28512,1636.065749625
3615,27339,22713,9058,28507,1636.0668746125
3616,27339,22713,9021,28502,1636.0679996
3617,27339,22713,8984,28497,1636.0691245875
3618,27339,22713,8946,28493,1636.070249575
3619,27339,22713,8909,28488,1636.0713745625
3620,26892,22278,9544,28626,1636.0725
3621,26892,22278,9509,28619,1636.0736249897727
3622,26892,22278,9474,28612,1636.0747499795455
3623,26892,22278,9440,28605,1636.0758749693182
3624,26892,22278,9405,28598,1636.076999959091
3625,26892,22278,9370,28591,1636.0781249488637
3626,26892,22278,9336,28584,1636.0792499386364
3627,26892,22278,9301,28577,1636.0803749284091
3628,26892,22278,9266,28571,1636.0814999181819
3629,26892,22278,9232,28564,1636.0826249079546
3630,26892,22278,9197,28557,1636.0837498977273
3631,26892,22278,9163,28550,1636.0848748875
3632,26892,22278,9128,28543,1636.0859998772728
3633,26892,22278,9093,28536,1636.0871248670455
3634,26892,22278,9059,28529,1636.0882498568183
3635,26892,22278,9024,28522,1636.089374846591
3636,26892,22278,8989,28515,1636.0904998363637
3637,26892,22278,8955,28508,1636.0916248261365
3638,26892,22278,8920,28501,1636.0927498159092
3639,26892,22278,8885,28494,1636.093874805682
3640,26892,22278,8851,28487,1636.0949997954547
3641,26892,22278,8816,28480,1636.0961247852274
3642,26892,22278,8781,28473,1636.097249775
3643,26892,22278,8747,28466,1636.0983747647726
3644,26892,22278,8712,28459,1636.0994997545454
3645,26892,22278,8678,28452,1636.100624744318
3646,26892,22278,8643,28445,1636.1017497340908
3647,26892,22278,8608,28438,1636.1028747238636
3648,26892,22278,8574,28431,1636.1039997136363
3649,26892,22278,8539,28424,1636.105124703409
3650,26892,22278,8504,28417,1636.1062496931818
3651,26892,22278,8470,28410,1636.1073746829545
3652,26892,22278,8435,28403,1636.1084996727272
3653,26892,22278,8400,28396,1636.1096246625
3654,26892,22278,8366,28389,1636.1107496522727
3655,26892,22278,8331,28382,1636.1118746420454
3656,26892,22278,8296,28375,1636.1129996318182
3657,26892,22278,8262,28368,1636.114124621591
3658,26892,22278,8227,28361,1636.1152496113637
3659,26892,22278,8192,28354,1636.1163746011364
3660,26892,22278,8158,28347,1636.1174995909091
3661,26892,22278,8123,28340,1636.1186245806819
3662,26892,22278,8089,28333,1636.1197495704546
3663,26892,22278,8054,28326,1636.1208745602273
3664,26445,21843,8652,28369,1636.122
3665,26445,21843,8620,28358,1636.1231249955001
3666,26445,21843,8589,28347,1636.1242499910002
3667,26445,21843,8558,28335,1636.1253749865
3668,26445,21843,8527,28324,1636.126499982
3669,26445,21843,8495,28312,1636.1276249775
3670,26445,21843,8464,28301,1636.1287499730001
3671,26445,21843,8433,28290,1636.1298749685
3672,26445,21843,8401,28278,1636.130999964
3673,26445,21843,8370,28267,1636.1321249595
3674,26445,21843,8339,28256,1636.133249955
3675,26445,21843,8307,28244,1636.1343749505002
3676,26445,21843,8276,28233,1636.135499946
3677,26445,21843,8245,28221,1636.1366249415
3678,26445,21843,8213,28210,1636.137749937
3679,26445,21843,8182,28199,1636.1388749325001
3680,26445,21843,8151,28187,1636.139999928
3681,26445,21843,8120,28176,1636.1411249235
3682,26445,21843,8088,28165,1636.142249919
3683,26445,21843,8057,28153,1636.1433749145
3684,26445,21843,8026,28142,1636.1444999100001
3685,26445,21843,7994,28130,1636.1456249055
3686,26445,21843,7963,28119,1636.146749901
3687,26445,21843,7932,28108,1636.1478748965
3688,26445,21843,7900,28096,1636.1489998920001
3689,26445,21843,7869,28085,1636.1501248875002
3690,26445,21843,7838,28073,1636.151249883
3691,26445,21843,7807,28062,1636.1523748785
3692,26445,21843,7775,28051,1636.153499874
3693,26445,21843,7744,28039,1636.1546248695001
3694,26445,21843,7713,28028,1636.155749865
3695,26445,21843,7681,28017,1636.1568748605
3696,26445,21843,7650,28005,1636.157999856
3697,26445,21843,7619,27994,1636.1591248515
3698,26445,21843,7587,27982,1636.1602498470002
3699,26445,21843,7556,27971,1636.1613748425
3700,26445,21843,7525,27960,1636.162499838
3701,26445,21843,7494,27948,1636.1636248335
3702,26445,21843,7462,27937,1636.1647498290001
3703,26445,21843,7431,27926,1636.1658748245
3704,26445,21843,7400,27914,1636.16699982
3705,26445,21843,7368,27903,1636.1681248155
3706,26445,21843,7337,27891,1636.169249811
3707,26445,21843,7306,27880,1636.1703748065001
3708,26445,21843,7274,27869,1636.171499802
3709,26445,21843,7243,27857,1636.1726247975
3710,26445,21843,7212,27846,1636.173749793
3711,26445,21843,7181,27835,1636.1748747885001
3712,26445,21843,7149,27823,1636.175999784
3713,26445,21843,7118,27812,1636.1771247795
3714,26445,21843,7087,27800,1636.178249775
3715,26445,21843,7055,27789,1636.1793747705
3716,25998,21408,7566,27778,1636.1804997660001
3717,25998,21408,7537,27766,1636.1816247615
3718,25998,21408,7509,27755,1636.182749757
3719,25998,21408,7480,27743,1636.1838747525
3720,25998,21408,7451,27732,1636.184999748
3721,25998,21408,7423,27721,1636.1861247435
3722,25998,21408,7394,27709,1636.187249739
3723,25998,21408,7365,27698,1636.1883747345
3724,25998,21408,7337,27687,1636.18949973
3725,25998,21408,7308,27675,1636.1906247255001
3726,25998,21408,7280,27664,1636.191749721
3727,25998,21408,7251,27652,1636.1928747165
3728,25998,21408,7222,27641,1636.193999712
3729,25998,21408,7194,27630,1636.1951247075
3730,25998,21408,7165,27618,1636.196249703
3731,25998,21408,7136,27607,1636.1973746985
3732,25998,21408,7108,27596,1636.198499694
3733,25998,21408,7079,27584,1636.1996246895
3734,25998,21408,7051,27573,1636.2007496850001
3735,25998,21408,7022,27561,1636.2018746805
3736,25998,21408,6993,27550,1636.202999676
3737,25998,21408,6965,27539,1636.2041246715
3738,25998,21408,6936,27527,1636.205249667
3739,25998,21408,6907,27516,1636.2063746625
3740,25998,21408,6879,27504,1636.207499658
3741,25998,21408,6850,27493,1636.2086246535
3742,25998,21408,6821,27482,1636.209749649
3743,25998,21408,6793,27470,1636.2108746445
3744,25998,21408,6764,27459,1636.21199964
3745,25998,21408,6736,27448,1636.2131246355
3746,25998,21408,6707,27436,1636.214249631
3747,25998,21408,6678,27425,1636.2153746265
3748,25998,21408,6650,27413,1636.2164996220001
3749,25998,21408,6621,27402,1636.2176246175
3750,25998,21408,6592,27391,1636.218749613
3751,25998,21408,6564,27379,1636.2198746085
3752,25998,21408,6535,27368,1636.220999604
3753,25998,21408,6507,27357,1636.2221245995
3754,25998,21408,6478,27345,1636.223249595
3755,25998,21408,6449,27334,1636.2243745905
3756,25998,21408,6421,27322,1636.225499586
3757,25998,21408,6392,27311,1636.2266245815001
3758,25998,21408,6363,27300,1636.227749577
3759,25998,21408,6335,27288,1636.2288745725
3760,25998,21408,6306,27277,1636.229999568
3761,25998,21408,6278,27266,1636.2311245635
3762,25998,21408,6249,27254,1636.232249559
3763,25998,21408,6220,27243,1636.2333745545
3764,25551,20973,6732,27285,1636.2345
3765,25551,20973,6705,27278,1636.2356249980933
3766,25551,20973,6678,27271,1636.2367499961865
3767,25551,20973,6651,27264,1636.2378749942798
3768,25551,20973,6624,27257,1636.238999992373
3769,25551,20973,6598,27250,1636.240124990466
3770,25551,20973,6571,27244,1636.2412499885593
3771,25551,20973,6544,27237,1636.2423749866525
3772,25551,20973,6517,27230,1636.2434999847458
3773,25551,20973,6490,27223,1636.244624982839
3774,25551,20973,6463,27216,1636.2457499809323
3775,25551,20973,6437,27209,1636.2468749790255
3776,25551,20973,6410,27203,1636.2479999771188
3777,25551,20973,6383,27196,1636.249124975212
3778,25551,20973,6356,27189,1636.250249973305
3779,25551,20973,6329,27182,1636.2513749713983
3780,25551,20973,6302,27175,1636.2524999694915
3781,25551,20973,6275,27168,1636.2536249675848
3782,25551,20973,6249,27161,1636.254749965678
3783,25551,20973,6222,27155,1636.2558749637712
3784,25551,20973,6195,27148,1636.2569999618645
3785,25551,20973,6168,27141,1636.2581249599577
3786,25551,20973,6141,27134,1636.2592499580508
3787,25551,20973,6114,27127,1636.260374956144
3788,25551,20973,6088,27120,1636.2614999542373
3789,25551,20973,6061,27113,1636.2626249523305
3790,25551,20973,6034,27107,1636.2637499504237
3791,25551,20973,6007,27100,1636.264874948517
3792,25551,20973,5980,27093,1636.2659999466102
3793,25551,20973,5953,27086,1636.2671249447035
3794,25551,20973,5926,27079,1636.2682499427967
3795,25551,20973,5900,27072,1636.2693749408897
3796,25551,20973,5873,27066,1636.270499938983
3797,25551,20973,5846,27059,1636.2716249370762
3798,25551,20973,5819,27052,1636.2727499351695
3799,25551,20973,5792,27045,1636.2738749332627
3800,25551,20973,5765,27038,1636.274999931356
3801,25551,20973,5739,27031,1636.2761249294492
3802,25551,20973,5712,27024,1636.2772499275425
3803,25551,20973,5685,27018,1636.2783749256357
3804,25551,20973,5658,27011,1636.2794999237287
3805,25551,20973,5631,27004,1636.280624921822
3806,25551,20973,5604,26997,1636.2817499199152
3807,25551,20973,5577,26990,1636.2828749180085
3808,25104,20538,6038,26983,1636.2839999161017
3809,25104,20538,6013,26976,1636.285124914195
3810,25104,20538,5989,26970,1636.2862499122882
3811,25104,20538,5965,26963,1636.2873749103815
3812,25104,20538,5940,26956,1636.2884999084747
3813,25104,20538,5916,26949,1636.2896249065677
3814,25104,20538,5892,26942,1636.290749904661
3815,25104,20538,5867,26935,1636.2918749027542
3816,25104,20538,5843,26928,1636.2929999008475
3817,25104,20538,5819,26922,1636.2941248989407
3818,25104,20538,5794,26915,1636.295249897034
3819,25104,20538,5770,26908,1636.2963748951272
3820,25104,20538,5745,26901,1636.2974998932204
3821,25104,20538,5721,26894,1636.2986248913135
3822,25104,20538,5697,26887,1636.2997498894067
3823,25104,20538,5672,26881,1636.3008748875
3824,25104,20538,5648,26874,1636.3019998855932
3825,25104,20538,5624,26867,1636.3031248836865
3826,25104,20538,5599,26860,1636.3042498817797
3827,25104,20538,5575,26853,1636.305374879873
3828,25104,20538,5551,26846,1636.3064998779662
3829,25104,20538,5526,26839,1636.3076248760594
3830,25104,20538,5502,26833,1636.3087498741525
3831,25104,20538,5478,26826,1636.3098748722457
3832,25104,20538,5453,26819,1636.310999870339
3833,25104,20538,5429,26812,1636.3121248684322
3834,25104,20538,5405,26805,1636.3132498665254
3835,25104,20538,5380,26798,1636.3143748646187
3836,25104,20538,5356,26791,1636.315499862712
3837,25104,20538,5332,26785,1636.3166248608052
3838,25104,20538,5307,26778,1636.3177498588984
3839,25104,20538,5283,26771,1636.3188748569914
3840,25104,20538,5258,26764,1636.3199998550847
3841,25104,20538,5234,26757,1636.321124853178
3842,25104,20538,5210,26750,1636.3222498512712
3843,25104,20538,5185,26744,1636.3233748493644
3844,25104,20538,5161,26737,1636.3244998474577
3845,25104,20538,5137,26730,1636.325624845551
3846,25104,20538,5112,26723,1636.3267498436442
3847,25104,20538,5088,26716,1636.3278748417374
3848,25104,20538,5064,26709,1636.3289998398304
3849,25104,20538,5039,26702,1636.3301248379237
3850,25104,20538,5015,26696,1636.331249836017
3851,25104,20538,4991,26689,1636.3323748341102
3852,25104,20538,4966,26682,1636.3334998322034
3853,25104,20538,4942,26675,1636.3346248302967
3854,25104,20538,4918,26668,1636.33574982839
3855,25104,20538,4893,26661,1636.3368748264832
3856,25104,20538,4869,26654,1636.3379998245762
3857,25104,20538,4844,26648,1636.3391248226694
3858,25104,20538,4820,26641,1636.3402498207627
3859,25104,20538,4796,26634,1636.341374818856
3860,25104,20538,4771,26627,1636.3424998169492
3861,25104,20538,4747,26620,1636.3436248150424
3862,25104,20538,4723,26613,1636.3447498131356
3863,25104,20538,4698,26607,1636.345874811229
3864,24653,20096,5124,26600,1636.3469998093221
3865,24653,20096,5103,26593,1636.3481248074152
3866,24653,20096,5081,26586,1636.3492498055084
3867,24653,20096,5060,26579,1636.3503748036017
3868,24653,20096,5038,26572,1636.351499801695
3869,24653,20096,5017,26565,1636.3526247997881
3870,24653,20096,4995,26559,1636.3537497978814
3871,24653,20096,4974,26552,1636.3548747959746
3872,24653,20096,4952,26545,1636.3559997940679
3873,24653,20096,4931,26538,1636.3571247921611
3874,24653,20096,4909,26531,1636.3582497902541
3875,24653,20096,4888,26524,1636.3593747883474
3876,24653,20096,4866,26517,1636.3604997864406
3877,24653,20096,4845,26511,1636.361624784534
3878,24653,20096,4823,26504,1636.3627497826271
3879,24653,20096,4802,26497,1636.3638747807204
3880,24653,20096,4780,26490,1636.3649997788136
3881,24653,20096,4759,26483,1636.3661247769069
3882,24653,20096,4737,26476,1636.367249775
3883,24653,20096,4716,26470,1636.3683747730931
3884,24653,20096,4694,26463,1636.3694997711864
3885,24653,20096,4673,26456,1636.3706247692796
3886,24653,20096,4651,26449,1636.3717497673729
3887,24653,20096,4630,26442,1636.3728747654661
3888,24653,20096,4608,26435,1636.3739997635594
3889,24653,20096,4586,26428,1636.3751247616526
3890,24653,20096,4565,26422,1636.3762497597459
3891,24653,20096,4543,26415,1636.3773747578389
3892,24653,20096,4522,26408,1636.3784997559321
3893,24653,20096,4500,26401,1636.3796247540254
3894,24653,20096,4479,26394,1636.3807497521186
3895,24653,20096,4457,26387,1636.3818747502119
3896,24653,20096,4436,26380,1636.382999748305
3897,24653,20096,4414,26374,1636.3841247463984
3898,24653,20096,4393,26367,1636.3852497444916
3899,24653,20096,4371,26360,1636.3863747425848
3900,24653,20096,4350,26353,1636.3874997406779
3901,24653,20096,4328,26346,1636.3886247387711
3902,24653,20096,4307,26339,1636.3897497368644
3903,24653,20096,4285,26332,1636.3908747349576
3904,24653,20096,4264,26326,1636.3919997330509
3905,24653,20096,4242,26319,1636.393124731144
3906,24653,20096,4221,26312,1636.3942497292373
3907,24653,20096,4199,26305,1636.3953747273306
3908,24653,20096,4178,26298,1636.3964997254238
3909,24653,20096,4156,26291,1636.3976247235169
3910,24653,20096,4135,26285,1636.39874972161
3911,24653,20096,4113,26278,1636.3998747197033
3912,24653,20096,4092,26271,1636.4009997177966
3913,24653,20096,4070,26264,1636.4021247158898
3914,24653,20096,4049,26257,1636.403249713983
3915,24653,20096,4027,26250,1636.4043747120763
3916,24341,19826,4280,26243,1636.4054997101696
3917,24333,19819,4267,26237,1636.4066247082626
3918,24326,19813,4253,26230,1636.4077497063558
3919,24319,19807,4240,26223,1636.408874704449
3920,24311,19800,4227,26216,1636.4099997025423
3921,24304,19794,4214,26209,1636.4111247006356
3922,24297,19787,4201,26202,1636.4122496987288
3923,24289,19781,4187,26195,1636.413374696822
3924,24282,19775,4174,26189,1636.4144996949153
3925,24275,19768,4161,26182,1636.4156246930086
3926,24267,19762,4148,26175,1636.4167496911016
3927,24260,19756,4135,26168,1636.4178746891948
3928,24253,19749,4122,26161,1636.418999687288
3929,24245,19743,4108,26154,1636.4201246853813
3930,24238,19737,4095,26148,1636.4212496834746
3931,24231,19730,4082,26141,1636.4223746815678
3932,24223,19724,4069,26134,1636.423499679661
3933,24216,19718,4056,26127,1636.4246246777543
3934,24209,19711,4042,26120,1636.4257496758476
3935,24202,19705,4029,26113,1636.4268746739406
3936,24194,19699,4016,26106,1636.4279996720338
3937,24187,19692,4003,26100,1636.429124670127
3938,24180,19686,3990,26093,1636.4302496682203
3939,24172,19680,3976,26086,1636.4313746663136
3940,24165,19673,3963,26079,1636.4324996644068
3941,24158,19667,3950,26072,1636.4336246625
3942,24150,19661,3937,26065,1636.4347496605933
3943,24143,19654,3924,26058,1636.4358746586865
3944,24136,19648,3911,26052,1636.4369996567796
3945,24128,19642,3897,26045,1636.4381246548728
3946,24121,19635,3884,26038,1636.439249652966
3947,24114,19629,3871,26031,1636.4403746510593
3948,24106,19623,3858,26024,1636.4414996491525
3949,24099,19616,3845,26017,1636.4426246472458
3950,24092,19610,3831,26011,1636.443749645339
3951,24084,19604,3818,26004,1636.4448746434323
3952,24077,19597,3805,25997,1636.4459996415253
3953,24070,19591,3792,25990,1636.4471246396186
3954,24062,19585,3779,25983,1636.4482496377118
3955,24055,19578,3765,25976,1636.449374635805
3956,24048,19572,3752,25969,1636.4504996338983
3957,24040,19566,3739,25963,1636.4516246319915
3958,24033,19559,3726,25956,1636.4527496300848
3959,24026,19553,3713,25949,1636.453874628178
3960,24018,19547,3700,25942,1636.4549996262713
3961,24011,19540,3686,25935,1636.4561246243643
3962,24004,19534,3673,25928,1636.4572496224575
3963,23997,19528,3660,25921,1636.4583746205508
3964,23989,19521,3647,25915,1636.459499618644
3965,23982,19515,3634,25908,1636.4606246167373
3966,23975,19509,3620,25901,1636.4617496148305
3967,23967,19502,3607,25894,1636.4628746129238
3968,23960,19496,3594,25887,1636.463999611017
3969,23953,19490,3581,25880,1636.4651246091103
3970,23945,19483,3568,25873,1636.4662496072033
3971,23938,19477,3554,25867,1636.4673746052965
3972,23931,19471,3541,25860,1636.4684996033898
3973,23923,19464,3528,25853,1636.469624601483
3974,23916,19458,3515,25846,1636.4707495995763
3975,23909,19452,3502,25839,1636.4718745976695
3976,23901,19445,3489,25832,1636.4729995957628
3977,23894,19439,3475,25826,1636.474124593856
3978,23887,19432,3462,25819,1636.4752495919493
3979,23879,19426,3449,25812,1636.4763745900423
3980,23872,19420,3436,25805,1636.4774995881355
3981,23865,19413,3423,25798,1636.4786245862288
3982,23857,19407,3409,25791,1636.479749584322
3983,23850,19401,3396,25784,1636.4808745824153
3984,23843,19394,3383,25778,1636.4819995805085
3985,23835,19388,3370,25771,1636.4831245786017
3986,23828,19382,3357,25764,1636.484249576695
3987,23821,19375,3343,25757,1636.485374574788
3988,23813,19369,3330,25750,1636.4864995728813
3989,23806,19363,3317,25743,1636.4876245709745
3990,23799,19356,3304,25736,1636.4887495690677
3991,23792,19350,3291,25730,1636.489874567161
3992,23784,19344,3278,25723,1636.4909995652542
3993,23777,19337,3264,25716,1636.4921245633475
3994,23770,19331,3251,25709,1636.4932495614407
3995,23762,19325,3238,25702,1636.494374559534
3996,23755,19318,3225,25695,1636.495499557627
3997,23748,19312,3212,25689,1636.4966245557202
3998,23740,19306,3198,25682,1636.4977495538135
3999,23733,19299,3185,25675,1636.4988745519067
