IDX,FM DAC,BM DAC,PH DAC,SOA DAC,WL Target
0,29987,21132,6960,29918,1630.2
1,29507,20787,7328,29984,1630.2045
2,29507,20787,7200,29950,1630.209
3,29507,20787,7120,29950,1630.2135
4,29507,20787,7008,29943,1630.218
5,29507,20787,6898,29934,1630.2225
6,29507,20787,6786,29902,1630.227
7,29507,20787,6664,29868,1630.2315
8,29507,20787,6552,29867,1630.236
9,29507,20787,6450,29855,1630.2405
10,29507,20787,6322,29822,1630.245
11,29507,20787,6210,29790,1630.2495
12,29027,20442,6546,29852,1630.254
13,29027,20442,6466,29811,1630.2585
14,29027,20442,6370,29775,1630.263
15,29027,20442,6258,29727,1630.2675
16,29027,20442,6128,29662,1630.272
17,29027,20442,6032,29629,1630.2765
18,29027,20442,5938,29609,1630.281
19,29027,20442,5842,29559,1630.2855
20,29027,20442,5736,29499,1630.29
21,29027,20442,5608,29429,1630.2945
22,28547,20096,5928,29469,1630.299
23,28547,20096,5832,29422,1630.3035
24,28547,20096,5752,29387,1630.308
25,28547,20096,5656,29339,1630.3125
26,28547,20096,5554,29296,1630.317
27,28547,20096,5458,29262,1630.3215
28,28547,20096,5360,29211,1630.326
29,28547,20096,5264,29179,1630.3305
30,28547,20096,5168,29147,1630.335
31,28547,20096,5074,29119,1630.3395
32,28547,20096,4978,29094,1630.344
33,28105,19703,5298,29179,1630.3485
34,28105,19703,5202,29160,1630.353
35,28105,19703,5138,29134,1630.3575
36,28105,19703,5042,29115,1630.362
37,28105,19703,4952,29084,1630.3665
38,28105,19703,4856,29037,1630.371
39,28105,19703,4786,29021,1630.3755
40,28105,19703,4690,28975,1630.38
41,28105,19703,4594,28920,1630.3845
42,28105,19703,4496,28880,1630.389
43,28105,19703,4416,28839,1630.3935
44,28105,19703,4338,28796,1630.398
45,28105,19703,4242,28730,1630.4025
46,27663,19310,4514,28718,1630.407
47,27663,19310,4434,28655,1630.4115
48,27663,19310,4386,28623,1630.416
49,27663,19310,4290,28558,1630.4205
50,27663,19310,4210,28503,1630.425
51,27663,19310,4120,28407,1630.4295
52,27663,19310,4040,28343,1630.434
53,27663,19310,3970,28278,1630.4385
54,27663,19310,3890,28221,1630.443
55,27663,19310,3808,28155,1630.4475
56,27663,19310,3728,28120,1630.452
57,27221,18917,4000,28152,1630.4565
58,27221,18917,3920,28094,1630.461
59,27221,18917,3872,28062,1630.4655
60,27221,18917,3792,28014,1630.47
61,27221,18917,3712,27965,1630.4745
62,27221,18917,3634,27958,1630.479
63,27221,18917,3554,27909,1630.4835
64,27221,18917,3496,27892,1630.488
65,27221,18917,3416,27866,1630.4925
66,27221,18917,3346,27837,1630.497
67,27221,18917,3266,27821,1630.5015
68,27221,18917,3186,27803,1630.506
69,27221,18917,3120,27772,1630.5105
70,27221,18917,3056,27758,1630.515
71,26779,18524,3296,27790,1630.5195
72,26779,18524,3216,27759,1630.524
73,26779,18524,3168,27741,1630.5285
74,26779,18524,3088,27702,1630.533
75,26779,18524,3026,27699,1630.5375
76,26779,18524,2962,27670,1630.542
77,26779,18524,2882,27613,1630.5465
78,26779,18524,2824,27583,1630.551
79,26779,18524,2760,27564,1630.5555
80,26779,18524,2690,27520,1630.56
81,26779,18524,2626,27502,1630.5645
82,26779,18524,2544,27451,1630.569
83,26337,18131,10208,29133,1630.5735
84,26337,18131,10064,29094,1630.578
85,26337,18131,9906,29047,1630.5825
86,26337,18131,9746,29007,1630.587
87,26337,18131,9592,28971,1630.5915
88,26337,18131,9432,28925,1630.596
89,26337,18131,9282,28902,1630.6005
90,26337,18131,9138,28871,1630.605
91,26337,18131,8976,28828,1630.6095
92,26337,18131,8818,28798,1630.614
93,26337,18131,8690,28783,1630.6185
94,25895,17738,9248,28893,1630.623
95,25895,17738,9136,28891,1630.6275
96,25895,17738,8992,28859,1630.632
97,25895,17738,8866,28855,1630.6365
98,25895,17738,8706,28795,1630.641
99,25895,17738,8584,28789,1630.6455
100,25895,17738,8424,28766,1630.65
101,25895,17738,8290,28766,1630.6545
102,25895,17738,8146,28735,1630.659
103,25895,17738,8016,28717,1630.6635
104,25895,17738,7872,28663,1630.668
105,25895,17738,7746,28647,1630.6725
106,25895,17738,7618,28619,1630.677
107,25453,17345,8098,28662,1630.6815
108,25453,17345,7986,28631,1630.686
109,25453,17345,7906,28599,1630.6905
110,25453,17345,7762,28539,1630.695
111,25453,17345,7634,28473,1630.6995
112,25453,17345,7512,28399,1630.704
113,25453,17345,7400,28347,1630.7085
114,25453,17345,7282,28295,1630.713
115,25453,17345,7154,28232,1630.7175
116,25453,17345,7024,28156,1630.722
117,25453,17345,6896,28090,1630.7265
118,25453,17345,6802,28046,1630.731
119,25453,17345,6690,27983,1630.7355
120,25011,16952,7122,28048,1630.74
121,25011,16952,7026,28011,1630.7445
122,25011,16952,6946,27974,1630.749
123,25011,16952,6834,27925,1630.7535
124,25011,16952,6706,27862,1630.758
125,25011,16952,6600,27814,1630.7625
126,25011,16952,6488,27771,1630.767
127,25011,16952,6354,27744,1630.7715
128,25011,16952,6258,27707,1630.776
129,25011,16952,6128,27639,1630.7805
130,25011,16952,6032,27628,1630.785
131,25011,16952,5938,27614,1630.7895
132,25011,16952,5826,27582,1630.794
133,24569,16559,6256,27692,1630.7985
134,24569,16559,6144,27630,1630.803
135,24569,16559,6048,27615,1630.8075
136,24569,16559,5954,27598,1630.812
137,24569,16559,5858,27563,1630.8165
138,24569,16559,5752,27511,1630.821
139,24569,16559,5656,27483,1630.8255
140,24569,16559,5554,27455,1630.83
141,24569,16559,5458,27422,1630.8345
142,24569,16559,5344,27352,1630.839
143,24569,16559,5248,27291,1630.8435
144,24120,16166,5634,27421,1630.848
145,24120,16166,5570,27388,1630.8525
146,24120,16166,5474,27357,1630.857
147,24120,16166,5376,27288,1630.8615
148,24120,16166,5280,27246,1630.866
149,24120,16166,5184,27179,1630.8705
150,24120,16166,5090,27127,1630.875
151,24120,16166,4994,27086,1630.8795
152,24120,16166,4904,27054,1630.884
153,24120,16166,4808,27006,1630.8885
154,24120,16166,4722,26990,1630.893
155,24120,16166,4626,26955,1630.8975
156,24120,16166,4528,26920,1630.902
157,24120,16166,4448,26878,1630.9065
158,23715,15849,4736,27035,1630.911
159,23715,15849,4656,27007,1630.9155
160,23715,15849,4592,26992,1630.92
161,23715,15849,4496,26975,1630.9245
162,23715,15849,4416,26942,1630.929
163,23715,15849,4338,26937,1630.9335
164,23715,15849,4242,26907,1630.938
165,23715,15849,4152,26862,1630.9425
166,23715,15849,4072,26844,1630.947
167,23715,15849,4002,26830,1630.9515
168,23715,15849,3922,26808,1630.956
169,23310,15532,4178,26911,1630.9605
170,23310,15532,4098,26845,1630.965
171,23310,15532,4034,26814,1630.9695
172,23310,15532,3954,26775,1630.974
173,23310,15532,3874,26717,1630.9785
174,23310,15532,3808,26653,1630.983
175,23310,15532,3728,26598,1630.9875
176,23310,15532,3650,26541,1630.992
177,23310,15532,3570,26480,1630.9965
178,23310,15532,3512,26437,1631.001
179,23310,15532,3432,26372,1631.0055
180,23310,15532,3352,26328,1631.01
181,23310,15532,3282,26286,1631.0145
182,23310,15532,3202,26211,1631.019
183,22905,15215,3458,26280,1631.0235
184,22905,15215,3394,26223,1631.028
185,22905,15215,3330,26171,1631.0325
186,22905,15215,3250,26142,1631.037
187,22905,15215,3186,26102,1631.0415
188,22905,15215,3104,26046,1631.046
189,22905,15215,3040,26012,1631.0505
190,22905,15215,2978,25981,1631.055
191,22905,15215,2914,25959,1631.0595
192,22905,15215,2840,25928,1631.064
193,22905,15215,2760,25910,1631.0685
194,22500,14898,3000,26008,1631.073
195,22500,14898,2920,25975,1631.0775
196,22500,14898,2872,25950,1631.082
197,22500,14898,2808,25916,1631.0865
198,22500,14898,2744,25899,1631.091
199,22500,14898,2674,25866,1631.0955
200,22500,14898,2610,25847,1631.1
201,22500,14898,2528,25791,1631.1045
202,22095,14581,10272,27384,1631.109
203,22095,14581,10112,27326,1631.1135
204,22095,14581,9970,27295,1631.118
205,22095,14581,9810,27255,1631.1225
206,22095,14581,9656,27196,1631.127
207,22095,14581,9512,27134,1631.1315
208,22095,14581,9378,27094,1631.136
209,22095,14581,9202,27005,1631.1405
210,22095,14581,9072,26974,1631.145
211,22095,14581,8928,26934,1631.1495
212,22095,14581,8786,26902,1631.154
213,22095,14581,8642,26847,1631.1585
214,22095,14581,8504,26806,1631.163
215,22095,14581,8360,26747,1631.1675
216,22095,14581,8210,26702,1631.172
217,21690,14264,8712,26853,1631.1765
218,21690,14264,8632,26846,1631.181
219,21690,14264,8504,26824,1631.1855
220,21690,14264,8370,26799,1631.19
221,21690,14264,8226,26758,1631.1945
222,21690,14264,8096,26732,1631.199
223,21690,14264,7968,26716,1631.2035
224,21690,14264,7842,26719,1631.208
225,21690,14264,7714,26709,1631.2125
226,21690,14264,7592,26686,1631.217
227,21690,14264,7464,26676,1631.2215
228,21690,14264,7346,26654,1631.226
229,21690,14264,7202,26614,1631.2305
230,21285,13947,7688,26814,1631.235
231,21285,13947,7608,26811,1631.2395
232,21285,13947,7496,26796,1631.244
233,21285,13947,7362,26748,1631.2485
234,21285,13947,7250,26717,1631.253
235,21285,13947,7120,26652,1631.2575
236,21285,13947,7008,26600,1631.262
237,21285,13947,6882,26554,1631.2665
238,21285,13947,6770,26510,1631.271
239,21285,13947,6658,26454,1631.2755
240,21285,13947,6552,26422,1631.28
241,21285,13947,6424,26357,1631.2845
242,21285,13947,6306,26299,1631.289
243,21285,13947,6194,26235,1631.2935
244,20880,13630,6626,26334,1631.298
245,20880,13630,6514,26287,1631.3025
246,20880,13630,6434,26238,1631.307
247,20880,13630,6322,26199,1631.3115
248,20880,13630,6192,26106,1631.316
249,20880,13630,6096,26063,1631.3205
250,20880,13630,6002,26030,1631.325
251,20880,13630,5874,25974,1631.3295
252,20880,13630,5778,25949,1631.334
253,20880,13630,5688,25917,1631.3385
254,20880,13630,5576,25887,1631.343
255,20475,13313,5960,26015,1631.3475
256,20475,13313,5848,25976,1631.352
257,20475,13313,5784,25956,1631.3565
258,20475,13313,5688,25916,1631.361
259,20475,13313,5576,25886,1631.3655
260,20475,13313,5474,25849,1631.37
261,20475,13313,5394,25818,1631.3745
262,20475,13313,5280,25754,1631.379
263,20475,13313,5184,25711,1631.3835
264,20475,13313,5090,25693,1631.388
265,20475,13313,4994,25654,1631.3925
266,20475,13313,4904,25615,1631.397
267,20475,13313,4808,25564,1631.4015
268,20065,12994,5202,25758,1631.406
269,20065,12994,5122,25691,1631.4105
270,20065,12994,5026,25647,1631.415
271,20065,12994,4936,25591,1631.4195
272,20065,12994,4840,25547,1631.424
273,20065,12994,4754,25500,1631.4285
274,20065,12994,4674,25438,1631.433
275,20065,12994,4578,25371,1631.4375
276,20065,12994,4496,25322,1631.442
277,20065,12994,4400,25277,1631.4465
278,20065,12994,4322,25257,1631.451
279,20065,12994,4226,25206,1631.4555
280,20065,12994,4152,25175,1631.46
281,20065,12994,4056,25116,1631.4645
282,19741,12742,4312,25247,1631.469
283,19741,12742,4232,25211,1631.4735
284,19741,12742,4168,25198,1631.478
285,19741,12742,4072,25179,1631.4825
286,19741,12742,4002,25174,1631.487
287,19741,12742,3922,25150,1631.4915
288,19741,12742,3840,25110,1631.496
289,19741,12742,3760,25103,1631.5005
290,19741,12742,3680,25082,1631.505
291,19741,12742,3602,25075,1631.5095
292,19741,12742,3538,25070,1631.514
293,19417,12490,3762,25191,1631.5185
294,19417,12490,3698,25163,1631.523
295,19417,12490,3634,25135,1631.5275
296,19417,12490,3554,25083,1631.532
297,19417,12490,3480,25069,1631.5365
298,19417,12490,3400,25037,1631.541
299,19417,12490,3330,24998,1631.5455
300,19417,12490,3266,24959,1631.55
301,19417,12490,3186,24910,1631.5545
302,19417,12490,3104,24827,1631.559
303,19417,12490,3040,24795,1631.5635
304,19093,12238,3248,24886,1631.568
305,19093,12238,3184,24828,1631.5725
306,19093,12238,3120,24783,1631.577
307,19093,12238,3056,24727,1631.5815
308,19093,12238,2994,24696,1631.586
309,19093,12238,2914,24638,1631.5905
310,19093,12238,2856,24597,1631.595
311,19093,12238,2776,24549,1631.5995
312,19093,12238,2722,24525,1631.604
313,19093,12238,2642,24479,1631.6085
314,19093,12238,2578,24438,1631.613
315,19093,12238,2512,24397,1631.6175
316,18769,11986,10224,25807,1631.622
317,18769,11986,10080,25786,1631.6265
318,18769,11986,9922,25772,1631.631
319,18769,11986,9762,25726,1631.6355
320,18769,11986,9608,25695,1631.64
321,18769,11986,9448,25654,1631.6445
322,18769,11986,9298,25627,1631.649
323,18769,11986,9138,25594,1631.6535
324,18769,11986,8992,25565,1631.658
325,18445,11734,9522,25727,1631.6625
326,18445,11734,9394,25696,1631.667
327,18445,11734,9234,25627,1631.6715
328,18445,11734,9088,25564,1631.676
329,18445,11734,8944,25531,1631.6805
330,18445,11734,8818,25512,1631.685
331,18445,11734,8658,25463,1631.6895
332,18445,11734,8520,25419,1631.694
333,18445,11734,8376,25359,1631.6985
334,18445,11734,8242,25307,1631.703
335,18445,11734,8098,25255,1631.7075
336,18445,11734,7968,25200,1631.712
337,18121,11482,8450,25350,1631.7165
338,18121,11482,8338,25326,1631.721
339,18121,11482,8194,25260,1631.7255
340,18121,11482,8064,25205,1631.73
341,18121,11482,7952,25178,1631.7345
342,18121,11482,7810,25141,1631.739
343,18121,11482,7682,25101,1631.7435
344,18121,11482,7560,25079,1631.748
345,18121,11482,7416,25046,1631.7525
346,18121,11482,7314,25034,1631.757
347,18121,11482,7186,25005,1631.7615
348,17797,11230,7602,25181,1631.766
349,17797,11230,7474,25159,1631.7705
350,17797,11230,7394,25145,1631.775
351,17797,11230,7266,25126,1631.7795
352,17797,11230,7138,25085,1631.784
353,17797,11230,7008,25075,1631.7885
354,17797,11230,6896,25069,1631.793
355,17797,11230,6786,25054,1631.7975
356,17797,11230,6674,25047,1631.802
357,17797,11230,6552,25022,1631.8065
358,17797,11230,6440,25005,1631.811
359,17797,11230,6322,24976,1631.8155
360,17797,11230,6210,24936,1631.82
361,17473,10978,6594,25080,1631.8245
362,17473,10978,6498,25055,1631.829
363,17473,10978,6402,25019,1631.8335
364,17473,10978,6290,24990,1631.838
365,17473,10978,6176,24926,1631.8425
366,17473,10978,6080,24876,1631.847
367,17473,10978,5970,24824,1631.8515
368,17473,10978,5858,24764,1631.856
369,17473,10978,5768,24716,1631.8605
370,17473,10978,5656,24665,1631.865
371,17149,10726,6034,24829,1631.8695
372,17149,10726,5938,24796,1631.874
373,17149,10726,5842,24742,1631.8785
374,17149,10726,5736,24669,1631.883
375,17149,10726,5624,24597,1631.8875
376,17149,10726,5538,24567,1631.892
377,17149,10726,5442,24535,1631.8965
378,17149,10726,5344,24495,1631.901
379,17149,10726,5232,24445,1631.9055
380,17149,10726,5154,24415,1631.91
381,17149,10726,5042,24367,1631.9145
382,17149,10726,4962,24335,1631.919
383,17149,10726,4856,24299,1631.9235
384,17149,10726,4760,24284,1631.928
385,16824,10466,5096,24424,1631.9325
386,16824,10466,5000,24381,1631.937
387,16824,10466,4936,24357,1631.9415
388,16824,10466,4840,24311,1631.946
389,16824,10466,4754,24286,1631.9505
390,16824,10466,4674,24247,1631.955
391,16824,10466,4578,24197,1631.9595
392,16824,10466,4480,24125,1631.964
393,16824,10466,4400,24079,1631.9685
394,16824,10466,4306,24036,1631.973
395,16824,10466,4226,23989,1631.9775
396,16569,10268,4434,24088,1631.982
397,16569,10268,4370,24044,1631.9865
398,16569,10268,4290,23988,1631.991
399,16569,10268,4210,23927,1631.9955
400,16569,10268,4120,23853,1632.0
401,16569,10268,4040,23803,1632.0045
402,16569,10268,3954,23772,1632.009
403,16569,10268,3874,23727,1632.0135
404,16569,10268,3792,23671,1632.018
405,16569,10268,3712,23610,1632.0225
406,16314,10070,3920,23725,1632.027
407,16314,10070,3856,23693,1632.0315
408,16314,10070,3792,23673,1632.036
409,16314,10070,3712,23644,1632.0405
410,16314,10070,3634,23638,1632.045
411,16314,10070,3554,23598,1632.0495
412,16314,10070,3480,23559,1632.054
413,16314,10070,3400,23542,1632.0585
414,16314,10070,3330,23532,1632.063
415,16314,10070,3250,23534,1632.0675
416,16314,10070,3186,23526,1632.072
417,16059,9872,3378,23660,1632.0765
418,16059,9872,3314,23635,1632.081
419,16059,9872,3234,23610,1632.0855
420,16059,9872,3168,23582,1632.09
421,16059,9872,3088,23549,1632.0945
422,16059,9872,3024,23542,1632.099
423,16059,9872,2946,23529,1632.1035
424,16059,9872,2882,23514,1632.108
425,16059,9872,2808,23480,1632.1125
426,16059,9872,2744,23455,1632.117
427,15804,9674,2920,23541,1632.1215
428,15804,9674,2872,23517,1632.126
429,15804,9674,2792,23479,1632.1305
430,15804,9674,2728,23454,1632.135
431,15804,9674,2658,23418,1632.1395
432,15804,9674,2594,23381,1632.144
433,15804,9674,2528,23320,1632.1485
434,15549,9476,10338,24573,1632.153
435,15549,9476,10176,24509,1632.1575
436,15549,9476,10032,24488,1632.162
437,15549,9476,9874,24458,1632.1665
438,15549,9476,9714,24411,1632.171
439,15549,9476,9576,24380,1632.1755
440,15549,9476,9432,24341,1632.18
441,15549,9476,9266,24300,1632.1845
442,15549,9476,9122,24267,1632.189
443,15549,9476,8960,24215,1632.1935
444,15549,9476,8818,24191,1632.198
445,15549,9476,8690,24171,1632.2025
446,15294,9278,9090,24301,1632.207
447,15294,9278,8978,24285,1632.2115
448,15294,9278,8866,24263,1632.216
449,15294,9278,8722,24236,1632.2205
450,15294,9278,8568,24189,1632.225
451,15294,9278,8424,24158,1632.2295
452,15294,9278,8290,24119,1632.234
453,15294,9278,8146,24062,1632.2385
454,15294,9278,8016,24039,1632.243
455,15294,9278,7888,24013,1632.2475
456,15039,9080,8256,24127,1632.252
457,15039,9080,8176,24096,1632.2565
458,15039,9080,8048,24045,1632.261
459,15039,9080,7920,23988,1632.2655
460,15039,9080,7794,23934,1632.27
461,15039,9080,7666,23895,1632.2745
462,15039,9080,7544,23852,1632.279
463,15039,9080,7416,23799,1632.2835
464,15039,9080,7298,23755,1632.288
465,15039,9080,7154,23677,1632.2925
466,15039,9080,7024,23615,1632.297
467,15039,9080,6896,23552,1632.3015
468,14784,8882,7280,23703,1632.306
469,14784,8882,7200,23667,1632.3105
470,14784,8882,7072,23632,1632.315
471,14784,8882,6944,23588,1632.3195
472,14784,8882,6834,23567,1632.324
473,14784,8882,6722,23532,1632.3285
474,14784,8882,6600,23513,1632.333
475,14784,8882,6488,23495,1632.3375
476,14784,8882,6370,23478,1632.342
477,14784,8882,6258,23452,1632.3465
478,14529,8684,6594,23598,1632.351
479,14529,8684,6498,23592,1632.3555
480,14529,8684,6402,23565,1632.36
481,14529,8684,6290,23566,1632.3645
482,14529,8684,6176,23534,1632.369
483,14529,8684,6064,23518,1632.3735
484,14529,8684,5970,23515,1632.378
485,14529,8684,5858,23483,1632.3825
486,14529,8684,5752,23455,1632.387
487,14529,8684,5640,23422,1632.3915
488,14272,8477,5960,23582,1632.396
489,14272,8477,5848,23544,1632.4005
490,14272,8477,5784,23525,1632.405
491,14272,8477,5688,23483,1632.4095
492,14272,8477,5576,23436,1632.414
493,14272,8477,5490,23406,1632.4185
494,14272,8477,5378,23344,1632.423
495,14272,8477,5280,23292,1632.4275
496,14272,8477,5168,23255,1632.432
497,14272,8477,5090,23223,1632.4365
498,14272,8477,4994,23175,1632.441
499,14272,8477,4904,23143,1632.4455
500,14272,8477,4808,23098,1632.45
501,14001,8253,5128,23262,1632.4545
502,14001,8253,5032,23231,1632.459
503,14001,8253,4968,23213,1632.4635
504,14001,8253,4872,23160,1632.468
505,14001,8253,4792,23133,1632.4725
506,14001,8253,4706,23100,1632.477
507,14001,8253,4594,23055,1632.4815
508,14001,8253,4512,23030,1632.486
509,14001,8253,4432,23014,1632.4905
510,14001,8253,4338,22991,1632.495
511,14001,8253,4258,22959,1632.4995
512,13730,8029,4546,23133,1632.504
513,13730,8029,4466,23102,1632.5085
514,13730,8029,4402,23080,1632.513
515,13730,8029,4322,23034,1632.5175
516,13730,8029,4226,22996,1632.522
517,13730,8029,4152,22957,1632.5265
518,13730,8029,4056,22894,1632.531
519,13730,8029,3986,22859,1632.5355
520,13730,8029,3906,22811,1632.54
521,13730,8029,3824,22751,1632.5445
522,13730,8029,3744,22710,1632.549
523,13730,8029,3664,22654,1632.5535
524,13730,8029,3586,22591,1632.558
525,13730,8029,3506,22543,1632.5625
526,13459,7805,3778,22683,1632.567
527,13459,7805,3698,22622,1632.5715
528,13459,7805,3650,22583,1632.576
529,13459,7805,3570,22519,1632.5805
530,13459,7805,3496,22463,1632.585
531,13459,7805,3416,22411,1632.5895
532,13459,7805,3352,22367,1632.594
533,13459,7805,3266,22326,1632.5985
534,13459,7805,3202,22287,1632.603
535,13459,7805,3120,22248,1632.6075
536,13459,7805,3056,22208,1632.612
537,13459,7805,2978,22190,1632.6165
538,13459,7805,2914,22165,1632.621
539,13188,7581,3170,22327,1632.6255
540,13188,7581,3090,22298,1632.63
541,13188,7581,3026,22282,1632.6345
542,13188,7581,2962,22261,1632.639
543,13188,7581,2898,22239,1632.6435
544,13188,7581,2824,22199,1632.648
545,13188,7581,2760,22190,1632.6525
546,13188,7581,2690,22172,1632.657
547,13188,7581,2610,22158,1632.6615
548,13188,7581,2544,22131,1632.666
549,12917,7357,10648,23420,1632.6705
550,12917,7357,10482,23383,1632.675
551,12917,7357,10322,23336,1632.6795
552,12917,7357,10160,23278,1632.684
553,12917,7357,10000,23237,1632.6885
554,12917,7357,9858,23206,1632.693
555,12917,7357,9698,23162,1632.6975
556,12917,7357,9544,23126,1632.702
557,12917,7357,9394,23079,1632.7065
558,12917,7357,9234,23021,1632.711
559,12917,7357,9088,22967,1632.7155
560,12917,7357,8944,22938,1632.72
561,12917,7357,8802,22904,1632.7245
562,12917,7357,8658,22873,1632.729
563,12917,7357,8504,22823,1632.7335
564,12917,7357,8360,22774,1632.738
565,12646,7133,8920,22974,1632.7425
566,12646,7133,8776,22941,1632.747
567,12646,7133,8680,22909,1632.7515
568,12646,7133,8552,22896,1632.756
569,12646,7133,8424,22872,1632.7605
570,12646,7133,8274,22844,1632.765
571,12646,7133,8146,22811,1632.7695
572,12646,7133,7984,22773,1632.774
573,12646,7133,7872,22750,1632.7785
574,12646,7133,7746,22742,1632.783
575,12646,7133,7602,22717,1632.7875
576,12646,7133,7480,22685,1632.792
577,12375,6909,7986,22909,1632.7965
578,12375,6909,7890,22895,1632.801
579,12375,6909,7778,22870,1632.8055
580,12375,6909,7650,22830,1632.81
581,12375,6909,7512,22782,1632.8145
582,12375,6909,7384,22746,1632.819
583,12375,6909,7282,22702,1632.8235
584,12375,6909,7154,22637,1632.828
585,12375,6909,7024,22576,1632.8325
586,12375,6909,6896,22519,1632.837
587,12375,6909,6802,22502,1632.8415
588,12375,6909,6674,22444,1632.846
589,12375,6909,6568,22383,1632.8505
590,12375,6909,6456,22326,1632.855
591,12104,6685,6888,22495,1632.8595
592,12104,6685,6776,22455,1632.864
593,12104,6685,6712,22430,1632.8685
594,12104,6685,6600,22382,1632.873
595,12104,6685,6488,22329,1632.8775
596,12104,6685,6370,22261,1632.882
597,12104,6685,6258,22206,1632.8865
598,12104,6685,6144,22136,1632.891
599,12104,6685,6048,22120,1632.8955
600,12104,6685,5938,22108,1632.9
601,12104,6685,5842,22078,1632.9045
602,12104,6685,5736,22038,1632.909
603,12104,6685,5624,21996,1632.9135
604,11833,6461,6050,22262,1632.918
605,11833,6461,5970,22251,1632.9225
606,11833,6461,5858,22224,1632.927
607,11833,6461,5752,22191,1632.9315
608,11833,6461,5656,22156,1632.936
609,11833,6461,5554,22134,1632.9405
610,11833,6461,5458,22105,1632.945
611,11833,6461,5360,22061,1632.9495
612,11833,6461,5264,22039,1632.954
613,11833,6461,5168,22008,1632.9585
614,11833,6461,5074,21994,1632.963
615,11833,6461,4978,21959,1632.9675
616,11833,6461,4888,21918,1632.972
617,11833,6461,4792,21875,1632.9765
618,11560,6228,5202,22126,1632.981
619,11560,6228,5106,22063,1632.9855
620,11560,6228,5010,22014,1632.99
621,11560,6228,4920,21975,1632.9945
622,11560,6228,4824,21933,1632.999
623,11560,6228,4738,21883,1633.0035
624,11560,6228,4642,21840,1633.008
625,11560,6228,4560,21791,1633.0125
626,11560,6228,4464,21743,1633.017
627,11560,6228,4386,21718,1633.0215
628,11560,6228,4306,21687,1633.026
629,11560,6228,4210,21631,1633.0305
630,11560,6228,4136,21597,1633.035
631,11560,6228,4040,21558,1633.0395
632,11560,6228,3954,21534,1633.044
633,11560,6228,3874,21512,1633.0485
634,11351,6058,4114,21710,1633.053
635,11351,6058,4050,21691,1633.0575
636,11351,6058,3970,21661,1633.062
637,11351,6058,3890,21645,1633.0665
638,11351,6058,3824,21614,1633.071
639,11351,6058,3744,21595,1633.0755
640,11351,6058,3650,21566,1633.08
641,11351,6058,3570,21535,1633.0845
642,11351,6058,3506,21503,1633.089
643,11351,6058,3432,21470,1633.0935
644,11351,6058,3352,21435,1633.098
645,11142,5888,3560,21564,1633.1025
646,11142,5888,3496,21534,1633.107
647,11142,5888,3432,21500,1633.1115
648,11142,5888,3352,21459,1633.116
649,11142,5888,3282,21417,1633.1205
650,11142,5888,3202,21341,1633.125
651,11142,5888,3136,21278,1633.1295
652,11142,5888,3056,21214,1633.134
653,11142,5888,2994,21182,1633.1385
654,11142,5888,2914,21127,1633.143
655,11142,5888,2856,21082,1633.1475
656,11142,5888,2776,21015,1633.152
657,11142,5888,2712,20970,1633.1565
658,10933,5718,2936,21157,1633.161
659,10933,5718,2872,21110,1633.1655
660,10933,5718,2808,21062,1633.17
661,10933,5718,2744,21016,1633.1745
662,10933,5718,2674,20971,1633.179
663,10933,5718,2594,20920,1633.1835
664,10933,5718,2528,20877,1633.188
665,10724,5548,10632,22052,1633.1925
666,10724,5548,10450,22011,1633.197
667,10724,5548,10290,21979,1633.2015
668,10724,5548,10128,21936,1633.206
669,10724,5548,9968,21886,1633.2105
670,10724,5548,9826,21878,1633.215
671,10724,5548,9688,21849,1633.2195
672,10724,5548,9528,21820,1633.224
673,10724,5548,9378,21803,1633.2285
674,10724,5548,9202,21751,1633.233
675,10724,5548,9072,21720,1633.2375
676,10724,5548,8912,21678,1633.242
677,10724,5548,8770,21643,1633.2465
678,10724,5548,8626,21619,1633.251
679,10724,5548,8472,21581,1633.2555
680,10515,5378,8978,21814,1633.26
681,10515,5378,8850,21767,1633.2645
682,10515,5378,8706,21703,1633.269
683,10515,5378,8568,21662,1633.2735
684,10515,5378,8424,21613,1633.278
685,10515,5378,8290,21563,1633.2825
686,10515,5378,8146,21504,1633.287
687,10515,5378,8016,21470,1633.2915
688,10515,5378,7888,21438,1633.296
689,10515,5378,7762,21419,1633.3005
690,10515,5378,7618,21369,1633.305
691,10515,5378,7496,21343,1633.3095
692,10515,5378,7368,21309,1633.314
693,10306,5208,7784,21508,1633.3185
694,10306,5208,7688,21485,1633.323
695,10306,5208,7576,21467,1633.3275
696,10306,5208,7448,21432,1633.332
697,10306,5208,7330,21406,1633.3365
698,10306,5208,7202,21374,1633.341
699,10306,5208,7072,21365,1633.3455
700,10306,5208,6960,21358,1633.35
701,10306,5208,6834,21351,1633.3545
702,10306,5208,6722,21324,1633.359
703,10306,5208,6600,21294,1633.3635
704,10306,5208,6488,21275,1633.368
705,10097,5038,6872,21502,1633.3725
706,10097,5038,6760,21483,1633.377
707,10097,5038,6680,21454,1633.3815
708,10097,5038,6568,21423,1633.386
709,10097,5038,6456,21374,1633.3905
710,10097,5038,6354,21351,1633.395
711,10097,5038,6242,21303,1633.3995
712,10097,5038,6112,21238,1633.404
713,10097,5038,6016,21199,1633.4085
714,10097,5038,5906,21159,1633.413
715,10097,5038,5810,21108,1633.4175
716,9888,4868,6146,21260,1633.422
717,9888,4868,6050,21227,1633.4265
718,9888,4868,5970,21192,1633.431
719,9888,4868,5874,21133,1633.4355
720,9888,4868,5768,21064,1633.44
721,9888,4868,5656,20983,1633.4445
722,9888,4868,5570,20943,1633.449
723,9888,4868,5474,20903,1633.4535
724,9888,4868,5362,20854,1633.458
725,9888,4868,5264,20811,1633.4625
726,9888,4868,5168,20761,1633.467
727,9888,4868,5074,20719,1633.4715
728,9888,4868,4978,20670,1633.476
729,9679,4698,5314,20921,1633.4805
730,9679,4698,5218,20887,1633.485
731,9679,4698,5138,20856,1633.4895
732,9679,4698,5058,20830,1633.494
733,9679,4698,4968,20796,1633.4985
734,9679,4698,4856,20733,1633.503
735,9679,4698,4776,20719,1633.5075
736,9679,4698,4674,20676,1633.512
737,9679,4698,4578,20646,1633.5165
738,9679,4698,4496,20602,1633.521
739,9679,4698,4400,20569,1633.5255
740,9679,4698,4322,20526,1633.53
741,9679,4698,4226,20468,1633.5345
742,9463,4519,4546,20717,1633.539
743,9463,4519,4466,20683,1633.5435
744,9463,4519,4402,20654,1633.548
745,9463,4519,4306,20597,1633.5525
746,9463,4519,4226,20540,1633.557
747,9463,4519,4136,20476,1633.5615
748,9463,4519,4056,20430,1633.566
749,9463,4519,3970,20382,1633.5705
750,9463,4519,3890,20343,1633.575
751,9463,4519,3808,20286,1633.5795
752,9463,4519,3728,20251,1633.584
753,9275,4392,3936,20430,1633.5885
754,9275,4392,3872,20398,1633.593
755,9275,4392,3792,20360,1633.5975
756,9275,4392,3728,20333,1633.602
757,9275,4392,3650,20302,1633.6065
758,9275,4392,3570,20269,1633.611
759,9275,4392,3496,20246,1633.6155
760,9275,4392,3416,20216,1633.62
761,9275,4392,3336,20190,1633.6245
762,9275,4392,3266,20172,1633.629
763,9275,4392,3186,20143,1633.6335
764,9275,4392,3120,20118,1633.638
765,9275,4392,3040,20089,1633.6425
766,9087,4265,3232,20307,1633.647
767,9087,4265,3184,20285,1633.6515
768,9087,4265,3104,20252,1633.656
769,9087,4265,3040,20219,1633.6605
770,9087,4265,2962,20214,1633.665
771,9087,4265,2898,20198,1633.6695
772,9087,4265,2824,20155,1633.674
773,9087,4265,2760,20123,1633.6785
774,9087,4265,2674,20063,1633.683
775,9087,4265,2610,20021,1633.6875
776,8899,4138,2802,20206,1633.692
777,8899,4138,2738,20179,1633.6965
778,8899,4138,2674,20142,1633.701
779,8899,4138,2610,20091,1633.7055
780,8899,4138,2544,20028,1633.71
781,8711,4011,10760,21263,1633.7145
782,8711,4011,10584,21200,1633.719
783,8711,4011,10418,21141,1633.7235
784,8711,4011,10258,21079,1633.728
785,8711,4011,10096,21022,1633.7325
786,8711,4011,9954,20981,1633.737
787,8711,4011,9794,20921,1633.7415
788,8711,4011,9640,20862,1633.746
789,8711,4011,9480,20806,1633.7505
790,8711,4011,9330,20770,1633.755
791,8711,4011,9186,20727,1633.7595
792,8711,4011,9040,20699,1633.764
793,8711,4011,8880,20649,1633.7685
794,8711,4011,8738,20598,1633.773
795,8711,4011,8600,20566,1633.7775
796,8711,4011,8440,20526,1633.782
797,8523,3884,8888,20812,1633.7865
798,8523,3884,8744,20766,1633.791
799,8523,3884,8648,20731,1633.7955
800,8523,3884,8520,20701,1633.8
801,8523,3884,8376,20656,1633.8045
802,8523,3884,8226,20604,1633.809
803,8523,3884,8098,20583,1633.8135
804,8523,3884,7952,20534,1633.818
805,8523,3884,7826,20503,1633.8225
806,8523,3884,7698,20445,1633.827
807,8335,3757,8114,20672,1633.8315
808,8335,3757,7970,20622,1633.836
809,8335,3757,7890,20600,1633.8405
810,8335,3757,7762,20566,1633.845
811,8335,3757,7634,20511,1633.8495
812,8335,3757,7496,20459,1633.854
813,8335,3757,7368,20399,1633.8585
814,8335,3757,7250,20348,1633.863
815,8335,3757,7120,20295,1633.8675
816,8335,3757,7008,20255,1633.872
817,8147,3630,7360,20472,1633.8765
818,8147,3630,7248,20443,1633.881
819,8147,3630,7152,20409,1633.8855
820,8147,3630,7040,20379,1633.89
821,8147,3630,6928,20349,1633.8945
822,8147,3630,6818,20342,1633.899
823,8147,3630,6690,20310,1633.9035
824,8147,3630,6584,20282,1633.908
825,8147,3630,6472,20262,1633.9125
826,8147,3630,6354,20238,1633.917
827,8147,3630,6226,20214,1633.9215
828,8147,3630,6112,20182,1633.926
829,8147,3630,6016,20156,1633.9305
830,7959,3503,6352,20430,1633.935
831,7959,3503,6272,20407,1633.9395
832,7959,3503,6160,20381,1633.944
833,7959,3503,6064,20366,1633.9485
834,7959,3503,5954,20343,1633.953
835,7959,3503,5842,20317,1633.9575
836,7959,3503,5736,20280,1633.962
837,7959,3503,5640,20238,1633.9665
838,7959,3503,5538,20211,1633.971
839,7959,3503,5442,20169,1633.9755
840,7959,3503,5328,20116,1633.98
841,7959,3503,5232,20063,1633.9845
842,7771,3376,5552,20286,1633.989
843,7771,3376,5440,20222,1633.9935
844,7771,3376,5360,20191,1633.998
845,7771,3376,5264,20148,1634.0025
846,7771,3376,5168,20087,1634.007
847,7771,3376,5074,20039,1634.0115
848,7771,3376,4978,19981,1634.016
849,7771,3376,4888,19934,1634.0205
850,7771,3376,4792,19893,1634.025
851,7576,3249,5096,20135,1634.0295
852,7576,3249,5000,20086,1634.034
853,7576,3249,4936,20054,1634.0385
854,7576,3249,4840,19997,1634.043
855,7576,3249,4738,19951,1634.0475
856,7576,3249,4658,19931,1634.052
857,7576,3249,4562,19900,1634.0565
858,7576,3249,4464,19855,1634.061
859,7576,3249,4386,19821,1634.0655
860,7576,3249,4306,19781,1634.07
861,7576,3249,4226,19740,1634.0745
862,7576,3249,4136,19701,1634.079
863,7576,3249,4040,19674,1634.0835
864,7435,3130,4248,19838,1634.088
865,7435,3130,4184,19814,1634.0925
866,7435,3130,4104,19756,1634.097
867,7435,3130,4018,19720,1634.1015
868,7435,3130,3938,19679,1634.106
869,7435,3130,3858,19643,1634.1105
870,7435,3130,3776,19583,1634.115
871,7435,3130,3696,19550,1634.1195
872,7435,3130,3618,19502,1634.124
873,7435,3130,3538,19443,1634.1285
874,7435,3130,3464,19391,1634.133
875,7435,3130,3384,19350,1634.1375
876,7294,3011,3576,19479,1634.142
877,7294,3011,3512,19444,1634.1465
878,7294,3011,3432,19402,1634.151
879,7294,3011,3352,19350,1634.1555
880,7294,3011,3282,19311,1634.16
881,7294,3011,3218,19275,1634.1645
882,7294,3011,3136,19214,1634.169
883,7294,3011,3056,19182,1634.1735
884,7153,2892,3232,19358,1634.178
885,7153,2892,3184,19341,1634.1825
886,7153,2892,3104,19303,1634.187
887,7153,2892,3024,19278,1634.1915
888,7153,2892,2962,19262,1634.196
889,7153,2892,2898,19252,1634.2005
890,7153,2892,2824,19215,1634.205
891,7153,2892,2744,19195,1634.2095
892,7153,2892,2674,19183,1634.214
893,7153,2892,2610,19167,1634.2185
894,7153,2892,2544,19134,1634.223
895,7012,2773,10898,20359,1634.2275
896,7012,2773,10712,20327,1634.232
897,7012,2773,10552,20301,1634.2365
898,7012,2773,10386,20270,1634.241
899,7012,2773,10208,20206,1634.2455
900,7012,2773,10064,20190,1634.25
901,7012,2773,9906,20158,1634.2545
902,7012,2773,9730,20107,1634.259
903,6871,2654,10130,20318,1634.2635
904,6871,2654,10034,20286,1634.268
905,6871,2654,9890,20244,1634.2725
906,6871,2654,9730,20174,1634.277
907,6871,2654,9576,20135,1634.2815
908,6871,2654,9416,20079,1634.286
909,6871,2654,9266,20031,1634.2905
910,6871,2654,9104,19965,1634.295
911,6871,2654,8976,19926,1634.2995
912,6871,2654,8834,19870,1634.304
913,6871,2654,8674,19820,1634.3085
914,6871,2654,8536,19771,1634.313
915,6871,2654,8392,19719,1634.3175
916,6730,2535,8776,19933,1634.322
917,6730,2535,8680,19901,1634.3265
918,6730,2535,8536,19866,1634.331
919,6730,2535,8392,19816,1634.3355
920,6730,2535,8258,19767,1634.34
921,6730,2535,8130,19735,1634.3445
922,6730,2535,7984,19700,1634.349
923,6730,2535,7858,19686,1634.3535
924,6730,2535,7730,19646,1634.358
925,6730,2535,7592,19608,1634.3625
926,6730,2535,7464,19566,1634.367
927,6589,2416,7800,19766,1634.3715
928,6589,2416,7688,19724,1634.376
929,6589,2416,7592,19705,1634.3805
930,6589,2416,7464,19673,1634.385
931,6589,2416,7346,19639,1634.3895
932,6589,2416,7218,19574,1634.394
933,6589,2416,7088,19514,1634.3985
934,6589,2416,6960,19453,1634.403
935,6448,2297,7280,19663,1634.4075
936,6448,2297,7184,19613,1634.412
937,6448,2297,7072,19567,1634.4165
938,6448,2297,6944,19508,1634.421
939,6448,2297,6834,19455,1634.4255
940,6448,2297,6722,19413,1634.43
941,6448,2297,6600,19357,1634.4345
942,6448,2297,6488,19314,1634.439
943,6448,2297,6370,19263,1634.4435
944,6448,2297,6258,19222,1634.448
945,6448,2297,6144,19150,1634.4525
946,6448,2297,6032,19119,1634.457
947,6307,2178,6320,19327,1634.4615
948,6307,2178,6240,19309,1634.466
949,6307,2178,6144,19261,1634.4705
950,6307,2178,6032,19255,1634.475
951,6307,2178,5938,19247,1634.4795
952,6307,2178,5826,19213,1634.484
953,6307,2178,5720,19189,1634.4885
954,6307,2178,5608,19163,1634.493
955,6307,2178,5506,19142,1634.4975
956,6307,2178,5410,19130,1634.502
957,6307,2178,5296,19100,1634.5065
958,6307,2178,5200,19068,1634.511
959,43724,38310,8610,36128,1634.5155
960,43724,38310,8466,36079,1634.52
961,43724,38310,8338,36027,1634.5245
962,43724,38310,8162,35951,1634.529
963,43724,38310,8016,35902,1634.5335
964,43724,38310,7888,35852,1634.538
965,43724,38310,7794,35815,1634.5425
966,43724,38310,7666,35735,1634.547
967,43724,38310,7544,35663,1634.5515
968,43724,38310,7416,35581,1634.556
969,42933,37618,7938,35536,1634.5605
970,42933,37618,7826,35481,1634.565
971,42933,37618,7698,35380,1634.5695
972,42933,37618,7576,35287,1634.574
973,42933,37618,7464,35197,1634.5785
974,42933,37618,7346,35130,1634.583
975,42933,37618,7234,35051,1634.5875
976,42933,37618,7088,34942,1634.592
977,42933,37618,6992,34875,1634.5965
978,42933,37618,6866,34791,1634.601
979,42933,37618,6770,34731,1634.6055
980,42142,36926,7200,34651,1634.61
981,42142,36926,7120,34614,1634.6145
982,42142,36926,6992,34550,1634.619
983,42142,36926,6898,34520,1634.6235
984,42142,36926,6786,34452,1634.628
985,42142,36926,6674,34391,1634.6325
986,42142,36926,6568,34334,1634.637
987,42142,36926,6456,34283,1634.6415
988,42142,36926,6354,34253,1634.646
989,42142,36926,6242,34199,1634.6505
990,42142,36926,6128,34110,1634.655
991,42142,36926,6016,34031,1634.6595
992,42142,36926,5938,34000,1634.664
993,42142,36926,5826,33933,1634.6685
994,41351,36234,6240,33910,1634.673
995,41351,36234,6160,33851,1634.6775
996,41351,36234,6048,33779,1634.682
997,41351,36234,5954,33711,1634.6865
998,41351,36234,5874,33635,1634.691
999,41351,36234,5752,33511,1634.6955
1000,41351,36234,5656,33423,1634.7
1001,41351,36234,5570,33349,1634.7045
1002,41351,36234,5474,33269,1634.709
1003,41351,36234,5376,33171,1634.7135
1004,41351,36234,5280,33098,1634.718
1005,41351,36234,5184,33011,1634.7225
1006,41351,36234,5090,32950,1634.727
1007,41351,36234,5010,32888,1634.7315
1008,40556,35542,5392,32828,1634.736
1009,40556,35542,5296,32762,1634.7405
1010,40556,35542,5216,32713,1634.745
1011,40556,35542,5122,32647,1634.7495
1012,40556,35542,5042,32622,1634.754
1013,40556,35542,4952,32572,1634.7585
1014,40556,35542,4856,32520,1634.763
1015,40556,35542,4770,32507,1634.7675
1016,40556,35542,4690,32495,1634.772
1017,40556,35542,4594,32475,1634.7765
1018,40556,35542,4528,32463,1634.781
1019,40556,35542,4432,32445,1634.7855
1020,40556,35542,4370,32446,1634.79
1021,40556,35542,4274,32442,1634.7945
1022,39961,34962,4514,32382,1634.799
1023,39961,34962,4434,32375,1634.8035
1024,39961,34962,4370,32349,1634.808
1025,39961,34962,4290,32317,1634.8125
1026,39961,34962,4216,32286,1634.817
1027,39961,34962,4120,32252,1634.8215
1028,39961,34962,4056,32248,1634.826
1029,39961,34962,3970,32229,1634.8305
1030,39961,34962,3906,32207,1634.835
1031,39961,34962,3824,32157,1634.8395
1032,39961,34962,3744,32110,1634.844
1033,39366,34382,3968,32006,1634.8485
1034,39366,34382,3904,31987,1634.853
1035,39366,34382,3840,31955,1634.8575
1036,39366,34382,3776,31927,1634.862
1037,39366,34382,3698,31879,1634.8665
1038,39366,34382,3634,31831,1634.871
1039,39366,34382,3554,31771,1634.8755
1040,39366,34382,3480,31738,1634.88
1041,39366,34382,3400,31718,1634.8845
1042,38771,33802,3624,31671,1634.889
1043,38771,33802,3544,31613,1634.8935
1044,38771,33802,3496,31595,1634.898
1045,38771,33802,3432,31559,1634.9025
1046,38771,33802,3362,31543,1634.907
1047,38771,33802,3282,31541,1634.9115
1048,38771,33802,3218,31536,1634.916
1049,38771,33802,3152,31516,1634.9205
1050,38771,33802,3072,31470,1634.925
1051,38771,33802,3010,31471,1634.9295
1052,38771,33802,2946,31454,1634.934
1053,38771,33802,2872,31451,1634.9385
1054,38771,33802,2808,31439,1634.943
1055,38771,33802,2744,31438,1634.9475
1056,38176,33222,2952,31358,1634.952
1057,38176,33222,2888,31325,1634.9565
1058,38176,33222,2824,31275,1634.961
1059,38176,33222,2760,31244,1634.9655
1060,38176,33222,2690,31210,1634.97
1061,38176,33222,2626,31183,1634.9745
1062,38176,33222,2560,31118,1634.979
1063,37581,32642,10128,33726,1634.9835
1064,37581,32642,9970,33630,1634.988
1065,37581,32642,9826,33531,1634.9925
1066,37581,32642,9688,33454,1634.997
1067,37581,32642,9544,33366,1635.0015
1068,37581,32642,9394,33271,1635.006
1069,37581,32642,9234,33180,1635.0105
1070,37581,32642,9104,33108,1635.015
1071,37581,32642,8944,33019,1635.0195
1072,37581,32642,8818,32979,1635.024
1073,37581,32642,8658,32895,1635.0285
1074,37581,32642,8536,32844,1635.033
1075,36986,32062,8994,32807,1635.0375
1076,36986,32062,8898,32759,1635.042
1077,36986,32062,8770,32719,1635.0465
1078,36986,32062,8632,32668,1635.051
1079,36986,32062,8504,32630,1635.0555
1080,36986,32062,8370,32606,1635.06
1081,36986,32062,8242,32571,1635.0645
1082,36986,32062,8096,32541,1635.069
1083,36986,32062,7968,32510,1635.0735
1084,36986,32062,7842,32506,1635.078
1085,36986,32062,7714,32477,1635.0825
1086,36986,32062,7576,32458,1635.087
1087,36986,32062,7464,32438,1635.0915
1088,36391,31482,7896,32456,1635.096
1089,36391,31482,7768,32415,1635.1005
1090,36391,31482,7688,32374,1635.105
1091,36391,31482,7560,32318,1635.1095
1092,36391,31482,7448,32279,1635.114
1093,36391,31482,7330,32239,1635.1185
1094,36391,31482,7202,32190,1635.123
1095,36391,31482,7088,32150,1635.1275
1096,36391,31482,6960,32093,1635.132
1097,36391,31482,6850,32031,1635.1365
1098,36391,31482,6738,31973,1635.141
1099,35796,30902,7122,31950,1635.1455
1100,35796,30902,7010,31886,1635.15
1101,35796,30902,6946,31854,1635.1545
1102,35796,30902,6834,31799,1635.159
1103,35796,30902,6706,31723,1635.1635
1104,35796,30902,6600,31657,1635.168
1105,35796,30902,6488,31599,1635.1725
1106,35796,30902,6370,31559,1635.177
1107,35796,30902,6258,31519,1635.1815
1108,35796,30902,6144,31453,1635.186
1109,35796,30902,6048,31428,1635.1905
1110,35201,30322,6416,31447,1635.195
1111,35201,30322,6320,31405,1635.1995
1112,35201,30322,6240,31356,1635.204
1113,35201,30322,6128,31323,1635.2085
1114,35201,30322,6034,31324,1635.213
1115,35201,30322,5938,31287,1635.2175
1116,35201,30322,5826,31226,1635.222
1117,35201,30322,5736,31192,1635.2265
1118,35201,30322,5624,31134,1635.231
1119,35201,30322,5522,31101,1635.2355
1120,35201,30322,5426,31070,1635.24
1121,35201,30322,5328,31003,1635.2445
1122,35201,30322,5232,30935,1635.249
1123,34605,29739,5618,30967,1635.2535
1124,34605,29739,5522,30903,1635.258
1125,34605,29739,5426,30835,1635.2625
1126,34605,29739,5328,30751,1635.267
1127,34605,29739,5232,30686,1635.2715
1128,34605,29739,5138,30618,1635.276
1129,34605,29739,5042,30526,1635.2805
1130,34605,29739,4968,30447,1635.285
1131,34605,29739,4872,30351,1635.2895
1132,34605,29739,4786,30294,1635.294
1133,34605,29739,4706,30222,1635.2985
1134,34605,29739,4594,30134,1635.303
1135,34605,29739,4512,30069,1635.3075
1136,34605,29739,4432,30013,1635.312
1137,34058,29211,4720,29996,1635.3165
1138,34058,29211,4624,29928,1635.321
1139,34058,29211,4560,29901,1635.3255
1140,34058,29211,4480,29851,1635.33
1141,34058,29211,4402,29821,1635.3345
1142,34058,29211,4322,29787,1635.339
1143,34058,29211,4242,29751,1635.3435
1144,34058,29211,4152,29691,1635.348
1145,34058,29211,4072,29663,1635.3525
1146,34058,29211,3986,29655,1635.357
1147,34058,29211,3922,29648,1635.3615
1148,33511,28683,4162,29661,1635.366
1149,33511,28683,4082,29631,1635.3705
1150,33511,28683,4034,29627,1635.375
1151,33511,28683,3954,29607,1635.3795
1152,33511,28683,3874,29567,1635.384
1153,33511,28683,3808,29541,1635.3885
1154,33511,28683,3728,29518,1635.393
1155,33511,28683,3650,29493,1635.3975
1156,33511,28683,3570,29461,1635.402
1157,33511,28683,3496,29430,1635.4065
1158,33511,28683,3432,29404,1635.411
1159,33511,28683,3368,29366,1635.4155
1160,33511,28683,3298,29342,1635.42
1161,33511,28683,3218,29301,1635.4245
1162,32964,28155,3458,29271,1635.429
1163,32964,28155,3394,29232,1635.4335
1164,32964,28155,3330,29175,1635.438
1165,32964,28155,3266,29149,1635.4425
1166,32964,28155,3186,29118,1635.447
1167,32964,28155,3120,29086,1635.4515
1168,32964,28155,3056,29052,1635.456
1169,32964,28155,2994,29039,1635.4605
1170,32964,28155,2914,29000,1635.465
1171,32964,28155,2856,28983,1635.4695
1172,32964,28155,2776,28983,1635.474
1173,32417,27627,3026,29039,1635.4785
1174,32417,27627,2962,29032,1635.483
1175,32417,27627,2898,29016,1635.4875
1176,32417,27627,2824,28974,1635.492
1177,32417,27627,2760,28953,1635.4965
1178,32417,27627,2706,28952,1635.501
1179,32417,27627,2626,28951,1635.5055
1180,32417,27627,2560,28922,1635.51
1181,31870,27099,10224,31187,1635.5145
1182,31870,27099,10080,31157,1635.519
1183,31870,27099,9954,31129,1635.5235
1184,31870,27099,9810,31086,1635.528
1185,31870,27099,9640,31032,1635.5325
1186,31870,27099,9496,30988,1635.537
1187,31870,27099,9362,30954,1635.5415
1188,31870,27099,9186,30863,1635.546
1189,31870,27099,9040,30780,1635.5505
1190,31870,27099,8896,30695,1635.555
1191,31870,27099,8770,30651,1635.5595
1192,31870,27099,8616,30586,1635.564
1193,31870,27099,8488,30542,1635.5685
1194,31323,26571,9010,30587,1635.573
1195,31323,26571,8914,30526,1635.5775
1196,31323,26571,8786,30445,1635.582
1197,31323,26571,8642,30351,1635.5865
1198,31323,26571,8504,30271,1635.591
1199,31323,26571,8370,30200,1635.5955
1200,31323,26571,8242,30136,1635.6
1201,31323,26571,8112,30072,1635.6045
1202,31323,26571,7984,30027,1635.609
1203,31323,26571,7858,29982,1635.6135
1204,31323,26571,7730,29934,1635.618
1205,31323,26571,7592,29886,1635.6225
1206,31323,26571,7464,29854,1635.627
1207,30776,26043,7938,29902,1635.6315
1208,30776,26043,7842,29884,1635.636
1209,30776,26043,7714,29835,1635.6405
1210,30776,26043,7592,29805,1635.645
1211,30776,26043,7464,29758,1635.6495
1212,30776,26043,7346,29743,1635.654
1213,30776,26043,7218,29691,1635.6585
1214,30776,26043,7104,29655,1635.663
1215,30776,26043,6992,29631,1635.6675
1216,30776,26043,6882,29607,1635.672
1217,30776,26043,6754,29559,1635.6765
1218,30776,26043,6632,29518,1635.681
1219,30776,26043,6520,29478,1635.6855
1220,30229,25515,6962,29567,1635.69
1221,30229,25515,6898,29534,1635.6945
1222,30229,25515,6786,29467,1635.699
1223,30229,25515,6664,29389,1635.7035
1224,30229,25515,6568,29341,1635.708
1225,30229,25515,6450,29292,1635.7125
1226,30229,25515,6338,29230,1635.717
1227,30229,25515,6226,29175,1635.7215
1228,30229,25515,6112,29103,1635.726
1229,30229,25515,6034,29068,1635.7305
1230,30229,25515,5922,29008,1635.735
1231,30229,25515,5810,28952,1635.7395
1232,30229,25515,5704,28904,1635.744
1233,30229,25515,5608,28875,1635.7485
1234,29682,24987,5992,28925,1635.753
1235,29682,24987,5880,28878,1635.7575
1236,29682,24987,5816,28859,1635.762
1237,29682,24987,5720,28823,1635.7665
1238,29682,24987,5608,28783,1635.771
1239,29682,24987,5522,28782,1635.7755
1240,29682,24987,5426,28759,1635.78
1241,29682,24987,5328,28718,1635.7845
1242,29682,24987,5216,28659,1635.789
1243,29682,24987,5138,28639,1635.7935
1244,29682,24987,5042,28632,1635.798
1245,29127,24453,5408,28735,1635.8025
1246,29127,24453,5328,28701,1635.807
1247,29127,24453,5232,28653,1635.8115
1248,29127,24453,5154,28606,1635.816
1249,29127,24453,5058,28543,1635.8205
1250,29127,24453,4978,28518,1635.825
1251,29127,24453,4888,28463,1635.8295
1252,29127,24453,4792,28409,1635.834
1253,29127,24453,4722,28367,1635.8385
1254,29127,24453,4626,28284,1635.843
1255,29127,24453,4528,28206,1635.8475
1256,29127,24453,4448,28137,1635.852
1257,29127,24453,4370,28083,1635.8565
1258,29127,24453,4290,28023,1635.861
1259,28680,24018,4530,28023,1635.8655
1260,28680,24018,4450,27959,1635.87
1261,28680,24018,4386,27894,1635.8745
1262,28680,24018,4306,27828,1635.879
1263,28680,24018,4226,27755,1635.8835
1264,28680,24018,4136,27687,1635.888
1265,28680,24018,4056,27632,1635.8925
1266,28680,24018,3986,27611,1635.897
1267,28680,24018,3906,27565,1635.9015
1268,28680,24018,3824,27511,1635.906
1269,28680,24018,3744,27484,1635.9105
1270,28233,23583,3984,27550,1635.915
1271,28233,23583,3904,27516,1635.9195
1272,28233,23583,3856,27509,1635.924
1273,28233,23583,3776,27479,1635.9285
1274,28233,23583,3696,27451,1635.933
1275,28233,23583,3634,27437,1635.9375
1276,28233,23583,3554,27390,1635.942
1277,28233,23583,3480,27374,1635.9465
1278,28233,23583,3400,27355,1635.951
1279,28233,23583,3330,27326,1635.9555
1280,28233,23583,3266,27318,1635.96
1281,28233,23583,3186,27285,1635.9645
1282,28233,23583,3120,27241,1635.969
1283,28233,23583,3040,27192,1635.9735
1284,27786,23148,3264,27231,1635.978
1285,27786,23148,3200,27196,1635.9825
1286,27786,23148,3152,27181,1635.987
1287,27786,23148,3072,27111,1635.9915
1288,27786,23148,3010,27094,1635.996
1289,27786,23148,2946,27053,1636.0005
1290,27786,23148,2872,27004,1636.005
1291,27786,23148,2808,26971,1636.0095
1292,27786,23148,2744,26940,1636.014
1293,27786,23148,2674,26918,1636.0185
1294,27786,23148,2594,26868,1636.023
1295,27786,23148,2528,26838,1636.0275
1296,27339,22713,10224,28653,1636.032
1297,27339,22713,10064,28631,1636.0365
1298,27339,22713,9906,28619,1636.041
1299,27339,22713,9778,28602,1636.0455
1300,27339,22713,9624,28588,1636.05
1301,27339,22713,9448,28555,1636.0545
1302,27339,22713,9330,28539,1636.059
1303,27339,22713,9170,28519,1636.0635
1304,27339,22713,9024,28502,1636.068
1305,26892,22278,9522,28607,1636.0725
1306,26892,22278,9426,28603,1636.077
1307,26892,22278,9282,28573,1636.0815
1308,26892,22278,9120,28527,1636.086
1309,26892,22278,8992,28507,1636.0905
1310,26892,22278,8850,28508,1636.095
1311,26892,22278,8706,28475,1636.0995
1312,26892,22278,8568,28464,1636.104
1313,26892,22278,8424,28412,1636.1085
1314,26892,22278,8306,28376,1636.113
1315,26892,22278,8162,28303,1636.1175
1316,26445,21843,8642,28414,1636.122
1317,26445,21843,8498,28383,1636.1265
1318,26445,21843,8418,28349,1636.131
1319,26445,21843,8290,28286,1636.1355
1320,26445,21843,8162,28221,1636.14
1321,26445,21843,8032,28142,1636.1445
1322,26445,21843,7904,28075,1636.149
1323,26445,21843,7778,28023,1636.1535
1324,26445,21843,7650,27961,1636.158
1325,26445,21843,7512,27902,1636.1625
1326,26445,21843,7400,27860,1636.167
1327,26445,21843,7282,27797,1636.1715
1328,26445,21843,7138,27709,1636.176
1329,25998,21408,7570,27767,1636.1805
1330,25998,21408,7442,27709,1636.185
1331,25998,21408,7346,27678,1636.1895
1332,25998,21408,7218,27627,1636.194
1333,25998,21408,7104,27577,1636.1985
1334,25998,21408,6992,27550,1636.203
1335,25998,21408,6882,27516,1636.2075
1336,25998,21408,6770,27487,1636.212
1337,25998,21408,6648,27437,1636.2165
1338,25998,21408,6536,27406,1636.221
1339,25998,21408,6418,27374,1636.2255
1340,25998,21408,6306,27328,1636.23
1341,25551,20973,6728,27451,1636.2345
1342,25551,20973,6632,27414,1636.239
1343,25551,20973,6520,27372,1636.2435
1344,25551,20973,6418,27341,1636.248
1345,25551,20973,6306,27293,1636.2525
1346,25551,20973,6192,27225,1636.257
1347,25551,20973,6064,27159,1636.2615
1348,25551,20973,5970,27118,1636.266
1349,25551,20973,5874,27065,1636.2705
1350,25551,20973,5768,27002,1636.275
1351,25551,20973,5672,26955,1636.2795
1352,25104,20538,6050,27035,1636.284
1353,25104,20538,5954,26974,1636.2885
1354,25104,20538,5842,26903,1636.293
1355,25104,20538,5736,26839,1636.2975
1356,25104,20538,5640,26776,1636.302
1357,25104,20538,5554,26747,1636.3065
1358,25104,20538,5442,26698,1636.311
1359,25104,20538,5344,26635,1636.3155
1360,25104,20538,5248,26588,1636.32
1361,25104,20538,5154,26553,1636.3245
1362,25104,20538,5074,26524,1636.329
1363,25104,20538,4978,26491,1636.3335
1364,25104,20538,4872,26459,1636.338
1365,25104,20538,4776,26460,1636.3425
1366,24653,20096,5112,26558,1636.347
1367,24653,20096,5032,26553,1636.3515
1368,24653,20096,4968,26542,1636.356
1369,24653,20096,4872,26510,1636.3605
1370,24653,20096,4792,26493,1636.365
1371,24653,20096,4690,26491,1636.3695
1372,24653,20096,4610,26461,1636.374
1373,24653,20096,4512,26428,1636.3785
1374,24653,20096,4432,26397,1636.383
1375,24653,20096,4338,26361,1636.3875
1376,24653,20096,4274,26350,1636.392
1377,24653,20096,4184,26328,1636.3965
1378,24653,20096,4088,26289,1636.401
1379,24243,19741,4360,26428,1636.4055
1380,24243,19741,4280,26368,1636.41
1381,24243,19741,4216,26328,1636.4145
1382,24243,19741,4136,26271,1636.419
1383,24243,19741,4056,26226,1636.4235
1384,24243,19741,3986,26197,1636.428
1385,24243,19741,3906,26140,1636.4325
1386,24243,19741,3824,26076,1636.437
1387,24243,19741,3744,26019,1636.4415
1388,24243,19741,3666,25975,1636.446
1389,24243,19741,3586,25912,1636.4505
1390,23833,19386,3826,25998,1636.455
1391,23833,19386,3746,25952,1636.4595
1392,23833,19386,3698,25927,1636.464
1393,23833,19386,3618,25868,1636.4685
1394,23833,19386,3538,25822,1636.473
1395,23833,19386,3480,25787,1636.4775
1396,23833,19386,3400,25742,1636.482
1397,23833,19386,3314,25711,1636.4865
1398,23833,19386,3250,25690,1636.491
1399,23833,19386,3168,25638,1636.4955
1400,23833,19386,3088,25593,1636.5
1401,23833,19386,3024,25583,1636.5045
1402,23423,19031,3248,25695,1636.509
1403,23423,19031,3200,25662,1636.5135
1404,23423,19031,3136,25637,1636.518
1405,23423,19031,3056,25590,1636.5225
1406,23423,19031,2994,25578,1636.527
1407,23423,19031,2930,25545,1636.5315
1408,23423,19031,2856,25503,1636.536
1409,23423,19031,2792,25465,1636.5405
1410,23423,19031,2722,25437,1636.545
1411,23423,19031,2658,25405,1636.5495
1412,23423,19031,2578,25356,1636.554
1413,23423,19031,2512,25308,1636.5585
1414,23013,18676,10290,26919,1636.563
1415,23013,18676,10112,26829,1636.5675
1416,23013,18676,9954,26784,1636.572
1417,23013,18676,9810,26741,1636.5765
1418,23013,18676,9656,26684,1636.581
1419,23013,18676,9480,26616,1636.5855
1420,22603,18321,9992,26750,1636.59
1421,22603,18321,9864,26716,1636.5945
1422,22603,18321,9752,26672,1636.599
1423,22603,18321,9592,26619,1636.6035
1424,22603,18321,9448,26591,1636.608
1425,22603,18321,9314,26573,1636.6125
1426,22603,18321,9170,26542,1636.617
1427,22603,18321,9024,26493,1636.6215
1428,22603,18321,8882,26487,1636.626
1429,22603,18321,8754,26471,1636.6305
1430,22603,18321,8600,26445,1636.635
1431,22603,18321,8456,26424,1636.6395
1432,22603,18321,8306,26422,1636.644
1433,22603,18321,8178,26396,1636.6485
1434,22193,17966,8658,26590,1636.653
1435,22193,17966,8530,26575,1636.6575
1436,22193,17966,8434,26558,1636.662
1437,22193,17966,8306,26551,1636.6665
1438,22193,17966,8178,26520,1636.671
1439,22193,17966,8032,26483,1636.6755
1440,22193,17966,7920,26448,1636.68
1441,22193,17966,7794,26422,1636.6845
1442,22193,17966,7650,26367,1636.689
1443,22193,17966,7528,26351,1636.6935
1444,22193,17966,7416,26327,1636.698
1445,22193,17966,7282,26293,1636.7025
1446,22193,17966,7154,26223,1636.707
1447,21783,17611,7602,26351,1636.7115
1448,21783,17611,7490,26296,1636.716
1449,21783,17611,7394,26250,1636.7205
1450,21783,17611,7282,26204,1636.725
1451,21783,17611,7154,26131,1636.7295
1452,21783,17611,7024,26070,1636.734
1453,21783,17611,6928,26014,1636.7385
1454,21783,17611,6818,25975,1636.743
1455,21783,17611,6706,25931,1636.7475
1456,21783,17611,6584,25879,1636.752
1457,21783,17611,6472,25839,1636.7565
1458,21373,17256,6856,25951,1636.761
1459,21373,17256,6760,25911,1636.7655
1460,21373,17256,6664,25850,1636.77
1461,21373,17256,6552,25819,1636.7745
1462,21373,17256,6456,25783,1636.779
1463,21373,17256,6354,25757,1636.7835
1464,21373,17256,6242,25719,1636.788
1465,21373,17256,6112,25659,1636.7925
1466,21373,17256,6016,25622,1636.797
1467,21373,17256,5906,25591,1636.8015
1468,21373,17256,5810,25567,1636.806
1469,21373,17256,5704,25531,1636.8105
1470,21373,17256,5608,25499,1636.815
1471,20963,16901,5976,25628,1636.8195
1472,20963,16901,5880,25567,1636.824
1473,20963,16901,5800,25534,1636.8285
1474,20963,16901,5704,25486,1636.833
1475,20963,16901,5608,25437,1636.8375
1476,20963,16901,5506,25373,1636.842
1477,20963,16901,5410,25331,1636.8465
1478,20963,16901,5296,25268,1636.851
1479,20963,16901,5200,25206,1636.8555
1480,20963,16901,5106,25150,1636.86
1481,20963,16901,5026,25101,1636.8645
1482,20963,16901,4920,25037,1636.869
1483,20963,16901,4824,24983,1636.8735
1484,20552,16540,5186,25082,1636.878
1485,20552,16540,5106,25045,1636.8825
1486,20552,16540,5026,25006,1636.887
1487,20552,16540,4920,24952,1636.8915
1488,20552,16540,4840,24920,1636.896
1489,20552,16540,4738,24887,1636.9005
1490,20552,16540,4658,24862,1636.905
1491,20552,16540,4560,24815,1636.9095
1492,20552,16540,4464,24781,1636.914
1493,20552,16540,4386,24759,1636.9185
1494,20552,16540,4306,24744,1636.923
1495,20552,16540,4226,24719,1636.9275
1496,20224,16253,4450,24831,1636.932
1497,20224,16253,4370,24823,1636.9365
1498,20224,16253,4306,24820,1636.941
1499,20224,16253,4210,24798,1636.9455
1500,20224,16253,4136,24764,1636.95
1501,20224,16253,4056,24746,1636.9545
1502,20224,16253,3970,24729,1636.959
1503,20224,16253,3890,24731,1636.9635
1504,20224,16253,3808,24695,1636.968
1505,20224,16253,3728,24670,1636.9725
1506,19896,15966,3952,24766,1636.977
1507,19896,15966,3888,24735,1636.9815
1508,19896,15966,3824,24700,1636.986
1509,19896,15966,3744,24681,1636.9905
1510,19896,15966,3666,24668,1636.995
1511,19896,15966,3586,24615,1636.9995
1512,19896,15966,3506,24571,1637.004
1513,19896,15966,3432,24523,1637.0085
1514,19896,15966,3368,24479,1637.013
1515,19896,15966,3298,24439,1637.0175
1516,19896,15966,3218,24410,1637.022
1517,19896,15966,3152,24368,1637.0265
1518,19896,15966,3072,24310,1637.031
1519,19568,15679,3280,24395,1637.0355
1520,19568,15679,3200,24343,1637.04
1521,19568,15679,3152,24332,1637.0445
1522,19568,15679,3072,24287,1637.049
1523,19568,15679,3010,24293,1637.0535
1524,19568,15679,2930,24275,1637.058
1525,19568,15679,2866,24252,1637.0625
1526,19568,15679,2808,24220,1637.067
1527,19568,15679,2728,24197,1637.0715
1528,19568,15679,2658,24183,1637.076
1529,19568,15679,2594,24172,1637.0805
1530,19240,15392,2802,24253,1637.085
1531,19240,15392,2738,24243,1637.0895
1532,19240,15392,2674,24214,1637.094
1533,19240,15392,2610,24185,1637.0985
1534,19240,15392,2528,24152,1637.103
1535,18912,15105,10450,25691,1637.1075
1536,18912,15105,10274,25629,1637.112
1537,18912,15105,10096,25572,1637.1165
1538,18912,15105,9954,25530,1637.121
1539,18912,15105,9810,25483,1637.1255
1540,18912,15105,9672,25429,1637.13
1541,18912,15105,9512,25366,1637.1345
1542,18912,15105,9362,25319,1637.139
1543,18912,15105,9202,25263,1637.1435
1544,18912,15105,9056,25203,1637.148
1545,18912,15105,8912,25147,1637.1525
1546,18912,15105,8786,25103,1637.157
1547,18912,15105,8642,25046,1637.1615
1548,18912,15105,8488,24989,1637.166
1549,18912,15105,8344,24943,1637.1705
1550,18584,14818,8808,25071,1637.175
1551,18584,14818,8712,25038,1637.1795
1552,18584,14818,8584,25004,1637.184
1553,18584,14818,8440,24949,1637.1885
1554,18584,14818,8306,24924,1637.193
1555,18584,14818,8162,24890,1637.1975
1556,18584,14818,8032,24878,1637.202
1557,18584,14818,7888,24862,1637.2065
1558,18584,14818,7778,24854,1637.211
1559,18584,14818,7634,24824,1637.2155
1560,18256,14531,8050,24973,1637.22
1561,18256,14531,7938,24949,1637.2245
1562,18256,14531,7842,24955,1637.229
1563,18256,14531,7714,24943,1637.2335
1564,18256,14531,7592,24934,1637.238
1565,18256,14531,7464,24916,1637.2425
1566,18256,14531,7346,24894,1637.247
1567,18256,14531,7218,24860,1637.2515
1568,18256,14531,7088,24826,1637.256
1569,18256,14531,6960,24814,1637.2605
1570,17928,14244,7344,24945,1637.265
1571,17928,14244,7216,24894,1637.2695
1572,17928,14244,7120,24859,1637.274
1573,17928,14244,7024,24820,1637.2785
1574,17928,14244,6898,24784,1637.283
1575,17928,14244,6786,24743,1637.2875
1576,17928,14244,6674,24704,1637.292
1577,17928,14244,6552,24666,1637.2965
1578,17928,14244,6440,24607,1637.301
1579,17928,14244,6322,24559,1637.3055
1580,17928,14244,6226,24522,1637.31
1581,17928,14244,6096,24468,1637.3145
1582,17600,13957,6448,24591,1637.319
1583,17600,13957,6336,24543,1637.3235
1584,17600,13957,6272,24518,1637.328
1585,17600,13957,6160,24485,1637.3325
1586,17600,13957,6064,24462,1637.337
1587,17600,13957,5954,24438,1637.3415
1588,17600,13957,5842,24415,1637.346
1589,17600,13957,5752,24395,1637.3505
1590,17600,13957,5640,24359,1637.355
1591,17600,13957,5538,24334,1637.3595
1592,17600,13957,5442,24304,1637.364
1593,17600,13957,5328,24270,1637.3685
1594,17600,13957,5232,24245,1637.373
1595,17269,13669,5602,24412,1637.3775
1596,17269,13669,5506,24380,1637.382
1597,17269,13669,5410,24349,1637.3865
1598,17269,13669,5296,24299,1637.391
1599,17269,13669,5216,24254,1637.3955
1600,17269,13669,5106,24214,1637.4
1601,17269,13669,5026,24182,1637.4045
1602,17269,13669,4936,24133,1637.409
1603,17269,13669,4840,24078,1637.4135
1604,16970,13379,5112,24126,1637.418
1605,16970,13379,5016,24061,1637.4225
1606,16970,13379,4968,24040,1637.427
1607,16970,13379,4872,23968,1637.4315
1608,16970,13379,4776,23915,1637.436
1609,16970,13379,4690,23863,1637.4405
1610,16970,13379,4594,23794,1637.445
1611,16970,13379,4512,23742,1637.4495
1612,16970,13379,4432,23692,1637.454
1613,16970,13379,4338,23629,1637.4585
1614,16970,13379,4258,23575,1637.463
1615,16970,13379,4168,23519,1637.4675
1616,16970,13379,4088,23483,1637.472
1617,16671,13089,4344,23559,1637.4765
1618,16671,13089,4264,23535,1637.481
1619,16671,13089,4200,23507,1637.4855
1620,16671,13089,4120,23471,1637.49
1621,16671,13089,4040,23449,1637.4945
1622,16671,13089,3970,23439,1637.499
1623,16671,13089,3890,23423,1637.5035
1624,16671,13089,3808,23402,1637.508
1625,16671,13089,3728,23382,1637.5125
1626,16671,13089,3650,23354,1637.517
1627,16671,13089,3570,23342,1637.5215
1628,16671,13089,3496,23338,1637.526
1629,16671,13089,3416,23321,1637.5305
1630,16671,13089,3336,23291,1637.535
1631,16372,12799,3576,23350,1637.5395
1632,16372,12799,3512,23325,1637.544
1633,16372,12799,3448,23294,1637.5485
1634,16372,12799,3368,23279,1637.553
1635,16372,12799,3298,23258,1637.5575
1636,16372,12799,3218,23229,1637.562
1637,16372,12799,3152,23190,1637.5665
1638,16372,12799,3072,23119,1637.571
1639,16372,12799,3010,23099,1637.5755
1640,16372,12799,2930,23054,1637.58
1641,16073,12509,3184,23184,1637.5845
1642,16073,12509,3120,23158,1637.589
1643,16073,12509,3040,23117,1637.5935
1644,16073,12509,2978,23087,1637.598
1645,16073,12509,2914,23039,1637.6025
1646,16073,12509,2840,23004,1637.607
1647,16073,12509,2776,22975,1637.6115
1648,16073,12509,2706,22961,1637.616
1649,16073,12509,2642,22940,1637.6205
1650,16073,12509,2562,22893,1637.625
1651,16073,12509,2496,22870,1637.6295
1652,15774,12219,10546,24267,1637.634
1653,15774,12219,10370,24231,1637.6385
1654,15774,12219,10192,24200,1637.643
1655,15774,12219,10048,24184,1637.6475
1656,15774,12219,9906,24184,1637.652
1657,15774,12219,9746,24157,1637.6565
1658,15774,12219,9592,24123,1637.661
1659,15774,12219,9432,24094,1637.6655
1660,15774,12219,9282,24060,1637.67
1661,15774,12219,9138,24047,1637.6745
1662,15774,12219,8976,24014,1637.679
1663,15774,12219,8850,23991,1637.6835
1664,15774,12219,8690,23935,1637.688
1665,15475,11929,9248,24080,1637.6925
1666,15475,11929,9120,24046,1637.697
1667,15475,11929,8976,24007,1637.7015
1668,15475,11929,8850,23979,1637.706
1669,15475,11929,8706,23910,1637.7105
1670,15475,11929,8568,23855,1637.715
1671,15475,11929,8424,23791,1637.7195
1672,15475,11929,8290,23739,1637.724
1673,15475,11929,8146,23676,1637.7285
1674,15475,11929,8016,23628,1637.733
1675,15475,11929,7888,23576,1637.7375
1676,15475,11929,7746,23527,1637.742
1677,15475,11929,7618,23483,1637.7465
1678,15475,11929,7496,23447,1637.751
1679,15475,11929,7368,23404,1637.7555
1680,15176,11639,7832,23515,1637.76
1681,15176,11639,7704,23479,1637.7645
1682,15176,11639,7624,23465,1637.769
1683,15176,11639,7512,23446,1637.7735
1684,15176,11639,7384,23407,1637.778
1685,15176,11639,7266,23382,1637.7825
1686,15176,11639,7138,23342,1637.787
1687,15176,11639,7008,23319,1637.7915
1688,15176,11639,6898,23310,1637.796
1689,15176,11639,6770,23294,1637.8005
1690,15176,11639,6642,23275,1637.805
1691,14877,11349,7090,23449,1637.8095
1692,14877,11349,6978,23415,1637.814
1693,14877,11349,6898,23402,1637.8185
1694,14877,11349,6770,23382,1637.823
1695,14877,11349,6648,23343,1637.8275
1696,14877,11349,6552,23325,1637.832
1697,14877,11349,6434,23285,1637.8365
1698,14877,11349,6338,23246,1637.841
1699,14877,11349,6210,23189,1637.8455
1700,14877,11349,6096,23149,1637.85
1701,14877,11349,6000,23127,1637.8545
1702,14877,11349,5890,23087,1637.859
1703,14877,11349,5778,23046,1637.8635
1704,14578,11059,6178,23163,1637.868
1705,14578,11059,6066,23119,1637.8725
1706,14578,11059,6002,23094,1637.877
1707,14578,11059,5874,23031,1637.8815
1708,14578,11059,5794,23015,1637.886
1709,14578,11059,5688,22973,1637.8905
1710,14578,11059,5576,22927,1637.895
1711,14578,11059,5490,22894,1637.8995
1712,14578,11059,5394,22845,1637.904
1713,14578,11059,5280,22806,1637.9085
1714,14578,11059,5184,22773,1637.913
1715,14578,11059,5090,22767,1637.9175
1716,14578,11059,4994,22746,1637.922
1717,14272,10767,5346,22879,1637.9265
1718,14272,10767,5250,22843,1637.931
1719,14272,10767,5186,22828,1637.9355
1720,14272,10767,5090,22797,1637.94
1721,14272,10767,4994,22775,1637.9445
1722,14272,10767,4904,22751,1637.949
1723,14272,10767,4808,22718,1637.9535
1724,14272,10767,4722,22694,1637.958
1725,14272,10767,4626,22650,1637.9625
1726,14272,10767,4528,22618,1637.967
1727,14272,10767,4448,22585,1637.9715
1728,14272,10767,4354,22542,1637.976
1729,14272,10767,4274,22512,1637.9805
1730,14038,10538,4514,22624,1637.985
1731,14038,10538,4434,22573,1637.9895
1732,14038,10538,4370,22519,1637.994
1733,14038,10538,4290,22475,1637.9985
1734,14038,10538,4194,22420,1638.003
1735,14038,10538,4120,22366,1638.0075
1736,14038,10538,4040,22315,1638.012
1737,14038,10538,3954,22255,1638.0165
1738,14038,10538,3874,22203,1638.021
1739,14038,10538,3792,22155,1638.0255
1740,14038,10538,3712,22102,1638.03
1741,13804,10309,3920,22168,1638.0345
1742,13804,10309,3856,22127,1638.039
1743,13804,10309,3792,22092,1638.0435
1744,13804,10309,3712,22029,1638.048
1745,13804,10309,3634,21997,1638.0525
1746,13804,10309,3554,21951,1638.057
1747,13804,10309,3480,21927,1638.0615
1748,13804,10309,3400,21911,1638.066
1749,13804,10309,3330,21883,1638.0705
1750,13804,10309,3250,21879,1638.075
1751,13804,10309,3170,21850,1638.0795
1752,13804,10309,3104,21815,1638.084
1753,13804,10309,3024,21790,1638.0885
1754,13570,10080,3232,21882,1638.093
1755,13570,10080,3184,21870,1638.0975
1756,13570,10080,3104,21846,1638.102
1757,13570,10080,3024,21817,1638.1065
1758,13570,10080,2962,21807,1638.111
1759,13570,10080,2898,21788,1638.1155
1760,13570,10080,2824,21751,1638.12
1761,13570,10080,2760,21742,1638.1245
1762,13570,10080,2674,21723,1638.129
1763,13570,10080,2610,21691,1638.1335
1764,13336,9851,2802,21771,1638.138
1765,13336,9851,2754,21743,1638.1425
1766,13336,9851,2690,21704,1638.147
1767,13336,9851,2626,21679,1638.1515
1768,13336,9851,2544,21627,1638.156
1769,13102,9622,10728,22987,1638.1605
1770,13102,9622,10568,22940,1638.165
1771,13102,9622,10402,22891,1638.1695
1772,13102,9622,10224,22815,1638.174
1773,13102,9622,10080,22799,1638.1785
1774,13102,9622,9938,22782,1638.183
1775,13102,9622,9778,22762,1638.1875
1776,13102,9622,9624,22719,1638.192
1777,13102,9622,9480,22683,1638.1965
1778,13102,9622,9330,22652,1638.201
1779,13102,9622,9170,22623,1638.2055
1780,13102,9622,9008,22590,1638.21
1781,13102,9622,8864,22583,1638.2145
1782,13102,9622,8722,22575,1638.219
1783,13102,9622,8584,22552,1638.2235
1784,13102,9622,8424,22521,1638.228
1785,12868,9393,8872,22710,1638.2325
1786,12868,9393,8728,22687,1638.237
1787,12868,9393,8648,22678,1638.2415
1788,12868,9393,8504,22645,1638.246
1789,12868,9393,8376,22611,1638.2505
1790,12868,9393,8226,22556,1638.255
1791,12868,9393,8080,22511,1638.2595
1792,12868,9393,7952,22486,1638.264
1793,12868,9393,7826,22462,1638.2685
1794,12868,9393,7698,22430,1638.273
1795,12868,9393,7576,22391,1638.2775
1796,12868,9393,7448,22346,1638.282
1797,12634,9164,7848,22458,1638.2865
1798,12634,9164,7720,22395,1638.291
1799,12634,9164,7640,22364,1638.2955
1800,12634,9164,7512,22309,1638.3
1801,12634,9164,7384,22247,1638.3045
1802,12634,9164,7266,22196,1638.309
1803,12634,9164,7138,22127,1638.3135
1804,12634,9164,7024,22076,1638.318
1805,12634,9164,6896,22014,1638.3225
1806,12634,9164,6786,21982,1638.327
1807,12634,9164,6658,21934,1638.3315
1808,12634,9164,6536,21895,1638.336
1809,12634,9164,6424,21855,1638.3405
1810,12400,8935,6792,21979,1638.345
1811,12400,8935,6712,21948,1638.3495
1812,12400,8935,6600,21915,1638.354
1813,12400,8935,6488,21880,1638.3585
1814,12400,8935,6386,21855,1638.363
1815,12400,8935,6258,21822,1638.3675
1816,12400,8935,6128,21773,1638.372
1817,12400,8935,6032,21755,1638.3765
1818,12400,8935,5938,21743,1638.381
1819,12400,8935,5842,21726,1638.3855
1820,12166,8706,6178,21871,1638.39
1821,12166,8706,6066,21848,1638.3945
1822,12166,8706,6002,21820,1638.399
1823,12166,8706,5874,21758,1638.4035
1824,12166,8706,5784,21728,1638.408
1825,12166,8706,5672,21683,1638.4125
1826,12166,8706,5576,21646,1638.417
1827,12166,8706,5474,21622,1638.4215
1828,12166,8706,5378,21580,1638.426
1829,12166,8706,5280,21533,1638.4305
1830,12166,8706,5168,21470,1638.435
1831,11930,8477,5504,21646,1638.4395
1832,11930,8477,5408,21598,1638.444
1833,11930,8477,5328,21563,1638.4485
1834,11930,8477,5232,21516,1638.453
1835,11930,8477,5138,21479,1638.4575
1836,11930,8477,5042,21438,1638.462
1837,11930,8477,4952,21399,1638.4665
1838,11930,8477,4856,21355,1638.471
1839,11930,8477,4776,21334,1638.4755
1840,11930,8477,4674,21303,1638.48
1841,11930,8477,4578,21275,1638.4845
1842,11930,8477,4496,21243,1638.489
1843,11930,8477,4400,21215,1638.4935
1844,11930,8477,4322,21193,1638.498
1845,11930,8477,4226,21162,1638.5025
1846,11717,8276,4482,21310,1638.507
1847,11717,8276,4402,21304,1638.5115
1848,11717,8276,4322,21277,1638.516
1849,11717,8276,4242,21255,1638.5205
1850,11717,8276,4152,21227,1638.525
1851,11717,8276,4072,21207,1638.5295
1852,11717,8276,3986,21196,1638.534
1853,11717,8276,3906,21167,1638.5385
1854,11717,8276,3824,21134,1638.543
1855,11717,8276,3728,21087,1638.5475
1856,11504,8075,3968,21199,1638.552
1857,11504,8075,3888,21167,1638.5565
1858,11504,8075,3824,21132,1638.561
1859,11504,8075,3760,21104,1638.5655
1860,11504,8075,3664,21052,1638.57
1861,11504,8075,3602,21017,1638.5745
1862,11504,8075,3522,20959,1638.579
1863,11504,8075,3448,20911,1638.5835
1864,11504,8075,3368,20854,1638.588
1865,11504,8075,3298,20798,1638.5925
1866,11504,8075,3218,20743,1638.597
1867,11291,7874,3442,20874,1638.6015
1868,11291,7874,3362,20822,1638.606
1869,11291,7874,3314,20782,1638.6105
1870,11291,7874,3234,20724,1638.615
1871,11291,7874,3152,20667,1638.6195
1872,11291,7874,3088,20630,1638.624
1873,11291,7874,3010,20599,1638.6285
1874,11291,7874,2946,20574,1638.633
1875,11291,7874,2866,20541,1638.6375
1876,11291,7874,2792,20487,1638.642
1877,11291,7874,2728,20462,1638.6465
1878,11078,7673,2936,20603,1638.651
1879,11078,7673,2888,20590,1638.6555
1880,11078,7673,2808,20557,1638.66
1881,11078,7673,2744,20541,1638.6645
1882,11078,7673,2674,20526,1638.669
1883,11078,7673,2610,20492,1638.6735
1884,11078,7673,2528,20446,1638.678
1885,10865,7472,10792,21786,1638.6825
1886,10865,7472,10616,21742,1638.687
1887,10865,7472,10466,21720,1638.6915
1888,10865,7472,10306,21671,1638.696
1889,10865,7472,10144,21606,1638.7005
1890,10865,7472,9968,21533,1638.705
1891,10865,7472,9826,21496,1638.7095
1892,10865,7472,9682,21466,1638.714
1893,10865,7472,9528,21430,1638.7185
1894,10865,7472,9378,21402,1638.723
1895,10865,7472,9234,21355,1638.7275
1896,10865,7472,9072,21300,1638.732
1897,10865,7472,8928,21237,1638.7365
1898,10865,7472,8802,21211,1638.741
1899,10865,7472,8642,21164,1638.7455
1900,10865,7472,8504,21117,1638.75
1901,10865,7472,8360,21083,1638.7545
1902,10652,7271,8824,21270,1638.759
1903,10652,7271,8712,21230,1638.7635
1904,10652,7271,8600,21214,1638.768
1905,10652,7271,8456,21182,1638.7725
1906,10652,7271,8322,21168,1638.777
1907,10652,7271,8178,21147,1638.7815
1908,10652,7271,8048,21118,1638.786
1909,10652,7271,7920,21107,1638.7905
1910,10652,7271,7794,21098,1638.795
1911,10652,7271,7650,21078,1638.7995
1912,10652,7271,7512,21053,1638.804
1913,10652,7271,7400,21047,1638.8085
1914,10439,7070,7816,21246,1638.813
1915,10439,7070,7688,21215,1638.8175
1916,10439,7070,7608,21211,1638.822
1917,10439,7070,7480,21183,1638.8265
1918,10439,7070,7362,21171,1638.831
1919,10439,7070,7250,21149,1638.8355
1920,10439,7070,7104,21102,1638.84
1921,10439,7070,6992,21078,1638.8445
1922,10439,7070,6866,21023,1638.849
1923,10439,7070,6754,20974,1638.8535
1924,10439,7070,6632,20923,1638.858
1925,10439,7070,6520,20879,1638.8625
1926,10226,6869,6904,21051,1638.867
1927,10226,6869,6776,20989,1638.8715
1928,10226,6869,6712,20969,1638.876
1929,10226,6869,6600,20922,1638.8805
1930,10226,6869,6488,20870,1638.885
1931,10226,6869,6370,20814,1638.8895
1932,10226,6869,6258,20752,1638.894
1933,10226,6869,6128,20686,1638.8985
1934,10226,6869,6032,20654,1638.903
1935,10226,6869,5922,20605,1638.9075
1936,10226,6869,5826,20566,1638.912
1937,10013,6668,6162,20734,1638.9165
1938,10013,6668,6066,20714,1638.921
1939,10013,6668,6002,20694,1638.9255
1940,10013,6668,5890,20646,1638.93
1941,10013,6668,5784,20612,1638.9345
1942,10013,6668,5672,20573,1638.939
1943,10013,6668,5576,20539,1638.9435
1944,10013,6668,5474,20506,1638.948
1945,10013,6668,5362,20462,1638.9525
1946,10013,6668,5264,20431,1638.957
1947,10013,6668,5168,20398,1638.9615
1948,10013,6668,5074,20379,1638.966
1949,10013,6668,4978,20343,1638.9705
1950,9798,6461,5314,20542,1638.975
1951,9798,6461,5218,20494,1638.9795
1952,9798,6461,5138,20461,1638.984
1953,9798,6461,5058,20431,1638.9885
1954,9798,6461,4968,20399,1638.993
1955,9798,6461,4872,20339,1638.9975
1956,9798,6461,4776,20284,1639.002
1957,9798,6461,4690,20230,1639.0065
1958,9798,6461,4594,20182,1639.011
1959,9798,6461,4512,20140,1639.0155
1960,9798,6461,4416,20087,1639.02
1961,9798,6461,4338,20062,1639.0245
1962,9798,6461,4242,20012,1639.029
1963,9606,6287,4482,20154,1639.0335
1964,9606,6287,4418,20123,1639.038
1965,9606,6287,4338,20084,1639.0425
1966,9606,6287,4258,20054,1639.047
1967,9606,6287,4168,20007,1639.0515
1968,9606,6287,4072,19960,1639.056
1969,9606,6287,4002,19944,1639.0605
1970,9606,6287,3922,19925,1639.065
1971,9606,6287,3840,19883,1639.0695
1972,9606,6287,3760,19886,1639.074
1973,9606,6287,3680,19868,1639.0785
1974,9414,6113,3904,20048,1639.083
1975,9414,6113,3856,20031,1639.0875
1976,9414,6113,3760,20007,1639.092
1977,9414,6113,3696,19982,1639.0965
1978,9414,6113,3618,19963,1639.101
1979,9414,6113,3538,19959,1639.1055
1980,9414,6113,3464,19943,1639.11
1981,9414,6113,3384,19919,1639.1145
1982,9414,6113,3314,19894,1639.119
1983,9414,6113,3234,19863,1639.1235
1984,9414,6113,3152,19823,1639.128
1985,9414,6113,3088,19800,1639.1325
1986,9222,5939,3296,19966,1639.137
1987,9222,5939,3232,19935,1639.1415
1988,9222,5939,3168,19901,1639.146
1989,9222,5939,3104,19854,1639.1505
1990,9222,5939,3024,19807,1639.155
1991,9222,5939,2962,19776,1639.1595
1992,9222,5939,2898,19741,1639.164
1993,9222,5939,2808,19672,1639.1685
1994,9222,5939,2744,19631,1639.173
1995,9222,5939,2674,19583,1639.1775
1996,9222,5939,2610,19548,1639.182
1997,9222,5939,2528,19479,1639.1865
1998,9030,5765,10946,20678,1639.191
1999,9030,5765,10744,20603,1639.1955
2000,9030,5765,10584,20574,1639.2
2001,9030,5765,10418,20526,1639.2045
2002,9030,5765,10242,20459,1639.209
2003,9030,5765,10080,20427,1639.2135
2004,9030,5765,9938,20410,1639.218
2005,9030,5765,9778,20381,1639.2225
2006,8838,5591,10274,20605,1639.227
2007,8838,5591,10114,20571,1639.2315
2008,8838,5591,10018,20553,1639.236
2009,8838,5591,9874,20519,1639.2405
2010,8838,5591,9698,20462,1639.245
2011,8838,5591,9544,20435,1639.2495
2012,8838,5591,9394,20409,1639.254
2013,8838,5591,9250,20368,1639.2585
2014,8838,5591,9104,20332,1639.263
2015,8838,5591,8960,20276,1639.2675
2016,8838,5591,8818,20239,1639.272
2017,8838,5591,8658,20189,1639.2765
2018,8838,5591,8536,20151,1639.281
2019,8838,5591,8392,20104,1639.2855
2020,8646,5417,8856,20334,1639.29
2021,8646,5417,8712,20263,1639.2945
2022,8646,5417,8616,20222,1639.299
2023,8646,5417,8472,20166,1639.3035
2024,8646,5417,8338,20115,1639.308
2025,8646,5417,8194,20047,1639.3125
2026,8646,5417,8064,20008,1639.317
2027,8646,5417,7920,19963,1639.3215
2028,8646,5417,7794,19935,1639.326
2029,8646,5417,7666,19886,1639.3305
2030,8646,5417,7528,19838,1639.335
2031,8646,5417,7416,19806,1639.3395
2032,8454,5243,7848,20046,1639.344
2033,8454,5243,7704,19998,1639.3485
2034,8454,5243,7624,19989,1639.353
2035,8454,5243,7496,19952,1639.3575
2036,8454,5243,7378,19934,1639.362
2037,8454,5243,7250,19911,1639.3665
2038,8454,5243,7120,19886,1639.371
2039,8454,5243,7008,19878,1639.3755
2040,8454,5243,6882,19867,1639.38
2041,8454,5243,6770,19838,1639.3845
2042,8454,5243,6632,19806,1639.389
2043,8454,5243,6520,19789,1639.3935
2044,8262,5069,6946,20061,1639.398
2045,8262,5069,6834,20046,1639.4025
2046,8262,5069,6722,20013,1639.407
2047,8262,5069,6600,19974,1639.4115
2048,8262,5069,6488,19947,1639.416
2049,8262,5069,6386,19902,1639.4205
2050,8262,5069,6274,19870,1639.425
2051,8262,5069,6160,19823,1639.4295
2052,8262,5069,6048,19790,1639.434
2053,8262,5069,5938,19757,1639.4385
2054,8262,5069,5826,19695,1639.443
2055,8262,5069,5720,19643,1639.4475
2056,8262,5069,5608,19589,1639.452
2057,8070,4895,5976,19832,1639.4565
2058,8070,4895,5864,19775,1639.461
2059,8070,4895,5800,19755,1639.4655
2060,8070,4895,5688,19692,1639.47
2061,8070,4895,5592,19644,1639.4745
2062,8070,4895,5490,19604,1639.479
2063,8070,4895,5394,19555,1639.4835
2064,8070,4895,5280,19501,1639.488
2065,8070,4895,5184,19448,1639.4925
2066,8070,4895,5090,19423,1639.497
2067,8070,4895,4994,19390,1639.5015
2068,8070,4895,4904,19365,1639.506
2069,8070,4895,4808,19319,1639.5105
2070,7876,4718,5144,19568,1639.515
2071,7876,4718,5048,19541,1639.5195
2072,7876,4718,4984,19514,1639.524
2073,7876,4718,4888,19483,1639.5285
2074,7876,4718,4792,19439,1639.533
2075,7876,4718,4706,19414,1639.5375
2076,7876,4718,4610,19356,1639.542
2077,7876,4718,4528,19321,1639.5465
2078,7876,4718,4432,19288,1639.551
2079,7876,4718,4354,19244,1639.5555
2080,7876,4718,4258,19196,1639.56
2081,7876,4718,4168,19141,1639.5645
2082,7876,4718,4088,19084,1639.569
2083,7705,4588,4312,19278,1639.5735
2084,7705,4588,4232,19213,1639.578
2085,7705,4588,4168,19175,1639.5825
2086,7705,4588,4088,19125,1639.587
2087,7705,4588,4002,19083,1639.5915
2088,7705,4588,3922,19035,1639.596
2089,7705,4588,3824,18940,1639.6005
2090,7705,4588,3760,18904,1639.605
2091,7705,4588,3680,18847,1639.6095
2092,7705,4588,3602,18812,1639.614
2093,7705,4588,3522,18778,1639.6185
2094,7705,4588,3448,18735,1639.623
2095,7705,4588,3368,18683,1639.6275
2096,7534,4458,3576,18879,1639.632
2097,7534,4458,3528,18869,1639.6365
2098,7534,4458,3448,18835,1639.641
2099,7534,4458,3368,18808,1639.6455
2100,7534,4458,3298,18790,1639.65
2101,7534,4458,3218,18763,1639.6545
2102,7534,4458,3136,18713,1639.659
2103,7534,4458,3056,18684,1639.6635
2104,7363,4328,3264,18907,1639.668
2105,7363,4328,3200,18893,1639.6725
2106,7363,4328,3136,18875,1639.677
2107,7363,4328,3056,18846,1639.6815
2108,7363,4328,2994,18839,1639.686
2109,7363,4328,2914,18806,1639.6905
2110,7363,4328,2840,18780,1639.695
2111,7363,4328,2776,18765,1639.6995
2112,7363,4328,2706,18743,1639.704
2113,7363,4328,2642,18718,1639.7085
2114,7363,4328,2562,18662,1639.713
2115,7363,4328,2496,18622,1639.7175
2116,7192,4198,10962,19838,1639.722
2117,7192,4198,10792,19799,1639.7265
2118,7192,4198,10616,19751,1639.731
2119,7192,4198,10434,19701,1639.7355
2120,7192,4198,10274,19653,1639.74
2121,7192,4198,10112,19595,1639.7445
2122,7192,4198,9970,19568,1639.749
2123,7192,4198,9810,19532,1639.7535
2124,7021,4068,10274,19771,1639.758
2125,7021,4068,10130,19742,1639.7625
2126,7021,4068,10018,19705,1639.767
2127,7021,4068,9874,19673,1639.7715
2128,7021,4068,9698,19622,1639.776
2129,7021,4068,9544,19577,1639.7805
2130,7021,4068,9394,19550,1639.785
2131,7021,4068,9250,19511,1639.7895
2132,7021,4068,9104,19475,1639.794
2133,7021,4068,8944,19444,1639.7985
2134,7021,4068,8802,19430,1639.803
2135,7021,4068,8658,19399,1639.8075
2136,7021,4068,8504,19359,1639.812
2137,7021,4068,8360,19325,1639.8165
2138,6850,3938,8808,19596,1639.821
2139,6850,3938,8712,19566,1639.8255
2140,6850,3938,8584,19536,1639.83
2141,6850,3938,8440,19486,1639.8345
2142,6850,3938,8290,19438,1639.839
2143,6850,3938,8162,19398,1639.8435
2144,6850,3938,8016,19359,1639.848
2145,6850,3938,7888,19324,1639.8525
2146,6850,3938,7762,19295,1639.857
2147,6850,3938,7634,19247,1639.8615
2148,6850,3938,7496,19183,1639.866
2149,6679,3808,7896,19390,1639.8705
2150,6679,3808,7768,19341,1639.875
2151,6679,3808,7672,19293,1639.8795
2152,6679,3808,7560,19255,1639.884
2153,6679,3808,7432,19191,1639.8885
2154,6679,3808,7298,19141,1639.893
2155,6679,3808,7170,19070,1639.8975
2156,6679,3808,7056,19035,1639.902
2157,6679,3808,6928,18982,1639.9065
2158,6679,3808,6802,18942,1639.911
2159,6679,3808,6674,18907,1639.9155
2160,6679,3808,6568,18875,1639.92
2161,6679,3808,6456,18837,1639.9245
2162,6508,3678,6824,19086,1639.929
2163,6508,3678,6728,19055,1639.9335
2164,6508,3678,6616,19031,1639.938
2165,6508,3678,6504,19006,1639.9425
2166,6508,3678,6386,18992,1639.947
2167,6508,3678,6274,18950,1639.9515
2168,6508,3678,6160,18919,1639.956
2169,6508,3678,6064,18907,1639.9605
2170,6508,3678,5954,18891,1639.965
2171,6508,3678,5842,18878,1639.9695
2172,6508,3678,5736,18860,1639.974
2173,6508,3678,5624,18813,1639.9785
2174,6337,3548,5960,19063,1639.983
2175,6337,3548,5848,19032,1639.9875
2176,6337,3548,5768,19002,1639.992
2177,6337,3548,5672,18973,1639.9965
2178,6337,3548,5554,18941,1640.001
2179,6337,3548,5458,18911,1640.0055
2180,6337,3548,5362,18871,1640.01
2181,6337,3548,5248,18805,1640.0145
2182,6337,3548,5152,18765,1640.019
2183,6163,3417,5488,19032,1640.0235
2184,6163,3417,5408,18996,1640.028
2185,6163,3417,5296,18940,1640.0325
2186,6163,3417,5200,18903,1640.037
2187,6163,3417,5106,18859,1640.0415
2188,6163,3417,5010,18813,1640.046
2189,6163,3417,4920,18779,1640.0505
2190,6163,3417,4824,18742,1640.055
2191,6163,3417,4738,18710,1640.0595
2192,6163,3417,4642,18675,1640.064
2193,6163,3417,4544,18622,1640.0685
2194,6163,3417,4448,18590,1640.073
2195,6163,3417,4370,18558,1640.0775
2196,6163,3417,4274,18528,1640.082
2197,6037,3294,4482,18687,1640.0865
2198,6037,3294,4418,18678,1640.091
2199,6037,3294,4338,18654,1640.0955
2200,6037,3294,4258,18629,1640.1
2201,6037,3294,4168,18589,1640.1045
2202,6037,3294,4088,18548,1640.109
2203,6037,3294,4002,18526,1640.1135
2204,6037,3294,3906,18488,1640.118
2205,6037,3294,3824,18431,1640.1225
2206,6037,3294,3744,18410,1640.127
2207,5911,3171,3936,18554,1640.1315
2208,5911,3171,3872,18518,1640.136
2209,5911,3171,3792,18462,1640.1405
2210,5911,3171,3712,18411,1640.145
2211,5911,3171,3634,18387,1640.1495
2212,5911,3171,3554,18342,1640.154
2213,5911,3171,3480,18290,1640.1585
2214,5911,3171,3400,18230,1640.163
2215,5785,3048,3576,18333,1640.1675
2216,5785,3048,3528,18299,1640.172
2217,5785,3048,3448,18238,1640.1765
2218,5785,3048,3368,18181,1640.181
2219,5785,3048,3298,18141,1640.1855
2220,5785,3048,3218,18094,1640.19
2221,5785,3048,3152,18035,1640.1945
2222,5785,3048,3072,17966,1640.199
2223,5785,3048,3010,17946,1640.2035
2224,5785,3048,2930,17910,1640.208
2225,5785,3048,2856,17876,1640.2125
2226,5785,3048,2792,17846,1640.217
2227,5659,2925,2952,17999,1640.2215
2228,5659,2925,2888,17968,1640.226
2229,5659,2925,2840,17944,1640.2305
2230,5659,2925,2760,17911,1640.235
2231,5659,2925,2690,17895,1640.2395
2232,5659,2925,2626,17879,1640.244
2233,5659,2925,2544,17846,1640.2485
2234,5533,2802,11280,19099,1640.253
2235,5533,2802,11122,19086,1640.2575
2236,5533,2802,10930,19060,1640.262
2237,5533,2802,10760,19023,1640.2665
2238,5533,2802,10600,19001,1640.271
2239,5533,2802,10418,18958,1640.2755
2240,5533,2802,10258,18909,1640.28
2241,5533,2802,10096,18870,1640.2845
2242,5533,2802,9938,18842,1640.289
2243,5533,2802,9778,18806,1640.2935
2244,5533,2802,9624,18774,1640.298
2245,5533,2802,9464,18733,1640.3025
2246,5533,2802,9298,18686,1640.307
2247,5533,2802,9154,18646,1640.3115
2248,5407,2679,9570,18839,1640.316
2249,5407,2679,9458,18804,1640.3205
2250,5407,2679,9314,18764,1640.325
2251,5407,2679,9154,18711,1640.3295
2252,5407,2679,9008,18670,1640.334
2253,5407,2679,8866,18638,1640.3385
2254,5407,2679,8722,18589,1640.343
2255,5407,2679,8568,18548,1640.3475
2256,5407,2679,8424,18518,1640.352
2257,5407,2679,8274,18491,1640.3565
2258,5407,2679,8146,18457,1640.361
2259,5407,2679,8000,18416,1640.3655
2260,5281,2556,8384,18632,1640.37
2261,5281,2556,8240,18600,1640.3745
2262,5281,2556,8144,18576,1640.379
2263,5281,2556,8016,18551,1640.3835
2264,5281,2556,7888,18536,1640.388
2265,5281,2556,7746,18515,1640.3925
2266,5281,2556,7618,18492,1640.397
2267,5281,2556,7480,18455,1640.4015
2268,5155,2433,7832,18684,1640.406
2269,5155,2433,7704,18648,1640.4105
2270,5155,2433,7608,18621,1640.415
2271,5155,2433,7480,18588,1640.4195
2272,5155,2433,7362,18550,1640.424
2273,5155,2433,7234,18493,1640.4285
2274,5155,2433,7104,18423,1640.433
2275,5155,2433,6992,18389,1640.4375
2276,5155,2433,6866,18334,1640.442
2277,5155,2433,6754,18286,1640.4465
2278,5155,2433,6632,18233,1640.451
2279,5155,2433,6504,18175,1640.4555
2280,5029,2310,6824,18382,1640.46
2281,5029,2310,6728,18330,1640.4645
2282,5029,2310,6632,18274,1640.469
2283,5029,2310,6504,18215,1640.4735
2284,5029,2310,6386,18158,1640.478
2285,5029,2310,6290,18118,1640.4825
2286,5029,2310,6160,18040,1640.487
2287,5029,2310,6064,18007,1640.4915
2288,5029,2310,5954,17966,1640.496
2289,5029,2310,5842,17918,1640.5005
2290,5029,2310,5736,17894,1640.505
2291,5029,2310,5624,17851,1640.5095
2292,38571,40753,8904,33724,1640.514
2293,38571,40753,8728,33646,1640.5185
2294,38571,40753,8616,33595,1640.523
2295,38571,40753,8424,33503,1640.5275
2296,38036,40046,8824,33397,1640.532
2297,38036,40046,8712,33363,1640.5365
2298,38036,40046,8600,33339,1640.541
2299,38036,40046,8456,33279,1640.5455
2300,38036,40046,8344,33260,1640.55
2301,38036,40046,8210,33199,1640.5545
2302,38036,40046,8098,33174,1640.559
2303,38036,40046,7968,33134,1640.5635
2304,38036,40046,7858,33118,1640.568
2305,38036,40046,7746,33070,1640.5725
2306,38036,40046,7618,32989,1640.577
2307,38036,40046,7496,32918,1640.5815
2308,38036,40046,7384,32847,1640.586
2309,37501,39339,7768,32718,1640.5905
2310,37501,39339,7672,32667,1640.595
2311,37501,39339,7576,32631,1640.5995
2312,37501,39339,7448,32565,1640.604
2313,37501,39339,7330,32495,1640.6085
2314,37501,39339,7218,32427,1640.613
2315,37501,39339,7088,32348,1640.6175
2316,37501,39339,6976,32286,1640.622
2317,37501,39339,6866,32248,1640.6265
2318,37501,39339,6754,32204,1640.631
2319,36966,38632,7106,32078,1640.6355
2320,36966,38632,6994,32032,1640.64
2321,36966,38632,6898,31990,1640.6445
2322,36966,38632,6802,31966,1640.649
2323,36966,38632,6690,31942,1640.6535
2324,36966,38632,6584,31920,1640.658
2325,36966,38632,6472,31894,1640.6625
2326,36966,38632,6354,31856,1640.667
2327,36966,38632,6242,31806,1640.6715
2328,36966,38632,6112,31743,1640.676
2329,36966,38632,6016,31735,1640.6805
2330,36431,37925,6368,31711,1640.685
2331,36431,37925,6272,31675,1640.6895
2332,36431,37925,6192,31647,1640.694
2333,36431,37925,6096,31612,1640.6985
2334,36431,37925,6002,31595,1640.703
2335,36431,37925,5890,31531,1640.7075
2336,36431,37925,5784,31478,1640.712
2337,36431,37925,5688,31436,1640.7165
2338,36431,37925,5592,31383,1640.721
2339,36431,37925,5490,31326,1640.7255
2340,36431,37925,5394,31243,1640.73
2341,36431,37925,5296,31159,1640.7345
2342,36431,37925,5200,31083,1640.739
2343,35887,37215,5520,30960,1640.7435
2344,35887,37215,5424,30902,1640.748
2345,35887,37215,5344,30838,1640.7525
2346,35887,37215,5264,30778,1640.757
2347,35887,37215,5170,30703,1640.7615
2348,35887,37215,5090,30639,1640.766
2349,35887,37215,4994,30564,1640.7705
2350,35887,37215,4904,30503,1640.775
2351,35887,37215,4824,30446,1640.7795
2352,35887,37215,4738,30396,1640.784
2353,35887,37215,4642,30349,1640.7885
2354,35329,36570,4914,30287,1640.793
2355,35329,36570,4834,30238,1640.7975
2356,35329,36570,4770,30205,1640.802
2357,35329,36570,4674,30185,1640.8065
2358,35329,36570,4592,30160,1640.811
2359,35329,36570,4512,30139,1640.8155
2360,35329,36570,4418,30107,1640.82
2361,35329,36570,4338,30071,1640.8245
2362,35329,36570,4274,30062,1640.829
2363,35329,36570,4184,30039,1640.8335
2364,35329,36570,4088,30005,1640.838
2365,35329,36570,4018,30007,1640.8425
2366,35329,36570,3938,29980,1640.847
2367,34771,35925,4232,29956,1640.8515
2368,34771,35925,4152,29915,1640.856
2369,34771,35925,4072,29879,1640.8605
2370,34771,35925,4002,29868,1640.865
2371,34771,35925,3906,29822,1640.8695
2372,34771,35925,3824,29782,1640.874
2373,34771,35925,3760,29731,1640.8785
2374,34771,35925,3682,29678,1640.883
2375,34771,35925,3618,29644,1640.8875
2376,34771,35925,3538,29613,1640.892
2377,34771,35925,3464,29566,1640.8965
2378,34771,35925,3384,29543,1640.901
2379,34213,35280,3624,29487,1640.9055
2380,34213,35280,3560,29439,1640.91
2381,34213,35280,3496,29430,1640.9145
2382,34213,35280,3432,29414,1640.919
2383,34213,35280,3368,29399,1640.9235
2384,34213,35280,3282,29383,1640.928
2385,34213,35280,3218,29367,1640.9325
2386,34213,35280,3152,29341,1640.937
2387,34213,35280,3072,29303,1640.9415
2388,34213,35280,3010,29334,1640.946
2389,34213,35280,2930,29356,1640.9505
2390,33655,34635,3170,29390,1640.955
2391,33655,34635,3106,29380,1640.9595
2392,33655,34635,3042,29373,1640.964
2393,33655,34635,2978,29370,1640.9685
2394,33655,34635,2914,29358,1640.973
2395,33655,34635,2840,29342,1640.9775
2396,33655,34635,2776,29343,1640.982
2397,33655,34635,2722,29358,1640.9865
2398,33655,34635,2642,29344,1640.991
2399,33655,34635,2578,29309,1640.9955
2400,33655,34635,2512,29278,1641.0
2401,33097,33990,10192,31645,1641.0045
2402,33097,33990,10048,31581,1641.009
2403,33097,33990,9906,31542,1641.0135
2404,33097,33990,9746,31469,1641.018
2405,33097,33990,9608,31409,1641.0225
2406,33097,33990,9448,31322,1641.027
2407,33097,33990,9314,31227,1641.0315
2408,33097,33990,9170,31142,1641.036
2409,33097,33990,9008,31035,1641.0405
2410,33097,33990,8882,30971,1641.045
2411,33097,33990,8754,30918,1641.0495
2412,32539,33345,9248,30875,1641.054
2413,32539,33345,9152,30816,1641.0585
2414,32539,33345,9008,30731,1641.063
2415,32539,33345,8882,30679,1641.0675
2416,32539,33345,8754,30616,1641.072
2417,32539,33345,8616,30555,1641.0765
2418,32539,33345,8472,30487,1641.081
2419,32539,33345,8338,30430,1641.0855
2420,32539,33345,8210,30373,1641.09
2421,32539,33345,8064,30303,1641.0945
2422,32539,33345,7920,30265,1641.099
2423,31981,32700,8416,30326,1641.1035
2424,31981,32700,8272,30286,1641.108
2425,31981,32700,8176,30238,1641.1125
2426,31981,32700,8048,30197,1641.117
2427,31981,32700,7936,30140,1641.1215
2428,31981,32700,7826,30121,1641.126
2429,31981,32700,7698,30067,1641.1305
2430,31981,32700,7576,30040,1641.135
2431,31981,32700,7448,29991,1641.1395
2432,31981,32700,7330,29935,1641.144
2433,31981,32700,7186,29850,1641.1485
2434,31981,32700,7088,29790,1641.153
2435,31981,32700,6960,29725,1641.1575
2436,31423,32055,7408,29790,1641.162
2437,31423,32055,7264,29695,1641.1665
2438,31423,32055,7200,29669,1641.171
2439,31423,32055,7088,29608,1641.1755
2440,31423,32055,6976,29530,1641.18
2441,31423,32055,6866,29484,1641.1845
2442,31423,32055,6754,29419,1641.189
2443,31423,32055,6632,29357,1641.1935
2444,31423,32055,6536,29304,1641.198
2445,31423,32055,6418,29244,1641.2025
2446,31423,32055,6306,29175,1641.207
2447,31423,32055,6176,29111,1641.2115
2448,31423,32055,6080,29084,1641.216
2449,30865,31410,6498,29180,1641.2205
2450,30865,31410,6418,29164,1641.225
2451,30865,31410,6306,29131,1641.2295
2452,30865,31410,6192,29070,1641.234
2453,30865,31410,6096,29046,1641.2385
2454,30865,31410,6002,29037,1641.243
2455,30865,31410,5890,29007,1641.2475
2456,30865,31410,5784,28990,1641.252
2457,30865,31410,5688,28982,1641.2565
2458,30865,31410,5586,28958,1641.261
2459,30865,31410,5490,28924,1641.2655
2460,30865,31410,5394,28895,1641.27
2461,30865,31410,5296,28860,1641.2745
2462,30865,31410,5200,28830,1641.279
2463,30303,30756,5568,28876,1641.2835
2464,30303,30756,5472,28845,1641.288
2465,30303,30756,5408,28813,1641.2925
2466,30303,30756,5312,28759,1641.297
2467,30303,30756,5216,28685,1641.3015
2468,30303,30756,5122,28614,1641.306
2469,30303,30756,5042,28572,1641.3105
2470,30303,30756,4952,28510,1641.315
2471,30303,30756,4856,28443,1641.3195
2472,30303,30756,4770,28399,1641.324
2473,30303,30756,4690,28346,1641.3285
2474,30303,30756,4592,28263,1641.333
2475,30303,30756,4512,28205,1641.3375
2476,30303,30756,4416,28138,1641.342
2477,29792,30218,4704,28156,1641.3465
2478,29792,30218,4608,28087,1641.351
2479,29792,30218,4544,28054,1641.3555
2480,29792,30218,4464,27999,1641.36
2481,29792,30218,4386,27956,1641.3645
2482,29792,30218,4306,27901,1641.369
2483,29792,30218,4216,27863,1641.3735
2484,29792,30218,4136,27832,1641.378
2485,29792,30218,4050,27806,1641.3825
2486,29792,30218,3986,27773,1641.387
2487,29792,30218,3906,27742,1641.3915
2488,29281,29680,4162,27774,1641.396
2489,29281,29680,4082,27758,1641.4005
2490,29281,29680,4018,27756,1641.405
2491,29281,29680,3954,27727,1641.4095
2492,29281,29680,3874,27690,1641.414
2493,29281,29680,3792,27630,1641.4185
2494,29281,29680,3728,27597,1641.423
2495,29281,29680,3650,27566,1641.4275
2496,29281,29680,3570,27535,1641.432
2497,29281,29680,3496,27515,1641.4365
2498,29281,29680,3432,27495,1641.441
2499,28770,29142,3698,27536,1641.4455
2500,28770,29142,3618,27475,1641.45
2501,28770,29142,3538,27414,1641.4545
2502,28770,29142,3480,27373,1641.459
2503,28770,29142,3400,27325,1641.4635
2504,28770,29142,3330,27280,1641.468
2505,28770,29142,3266,27243,1641.4725
2506,28770,29142,3184,27171,1641.477
2507,28770,29142,3120,27127,1641.4815
2508,28770,29142,3056,27095,1641.486
2509,28770,29142,2978,27083,1641.4905
2510,28770,29142,2914,27063,1641.495
2511,28770,29142,2840,27031,1641.4995
2512,28770,29142,2776,27005,1641.504
2513,28259,28604,3000,27037,1641.5085
2514,28259,28604,2936,27023,1641.513
2515,28259,28604,2888,27022,1641.5175
2516,28259,28604,2824,27006,1641.522
2517,28259,28604,2760,27007,1641.5265
2518,28259,28604,2690,27014,1641.531
2519,28259,28604,2626,27006,1641.5355
2520,28259,28604,2544,26999,1641.54
2521,27748,28066,10434,29117,1641.5445
2522,27748,28066,10256,29085,1641.549
2523,27748,28066,10096,29086,1641.5535
2524,27748,28066,9954,29086,1641.558
2525,27748,28066,9810,29069,1641.5625
2526,27748,28066,9672,29031,1641.567
2527,27748,28066,9512,28983,1641.5715
2528,27748,28066,9378,28955,1641.576
2529,27748,28066,9202,28907,1641.5805
2530,27748,28066,9072,28879,1641.585
2531,27748,28066,8928,28846,1641.5895
2532,27748,28066,8802,28809,1641.594
2533,27748,28066,8658,28750,1641.5985
2534,27748,28066,8488,28662,1641.603
2535,27237,27528,9026,28735,1641.6075
2536,27237,27528,8946,28700,1641.612
2537,27237,27528,8802,28639,1641.6165
2538,27237,27528,8674,28588,1641.621
2539,27237,27528,8536,28526,1641.6255
2540,27237,27528,8392,28454,1641.63
2541,27237,27528,8274,28397,1641.6345
2542,27237,27528,8128,28318,1641.639
2543,27237,27528,8000,28272,1641.6435
2544,27237,27528,7874,28248,1641.648
2545,27237,27528,7746,28200,1641.6525
2546,27237,27528,7608,28143,1641.657
2547,27237,27528,7496,28110,1641.6615
2548,26726,26990,7970,28190,1641.666
2549,26726,26990,7890,28158,1641.6705
2550,26726,26990,7762,28136,1641.675
2551,26726,26990,7640,28103,1641.6795
2552,26726,26990,7528,28076,1641.684
2553,26726,26990,7394,28024,1641.6885
2554,26726,26990,7282,27991,1641.693
2555,26726,26990,7152,27928,1641.6975
2556,26726,26990,7024,27899,1641.702
2557,26726,26990,6930,27888,1641.7065
2558,26726,26990,6818,27853,1641.711
2559,26726,26990,6690,27788,1641.7155
2560,26726,26990,6584,27726,1641.72
2561,26726,26990,6456,27646,1641.7245
2562,26215,26452,6904,27742,1641.729
2563,26215,26452,6792,27694,1641.7335
2564,26215,26452,6712,27644,1641.738
2565,26215,26452,6600,27583,1641.7425
2566,26215,26452,6504,27531,1641.747
2567,26215,26452,6386,27450,1641.7515
2568,26215,26452,6274,27371,1641.756
2569,26215,26452,6160,27299,1641.7605
2570,26215,26452,6048,27246,1641.765
2571,26215,26452,5970,27219,1641.7695
2572,26215,26452,5842,27133,1641.774
2573,26215,26452,5752,27083,1641.7785
2574,26215,26452,5640,27032,1641.783
2575,25704,25914,6050,27119,1641.7875
2576,25704,25914,5970,27100,1641.792
2577,25704,25914,5874,27055,1641.7965
2578,25704,25914,5784,27013,1641.801
2579,25704,25914,5672,26968,1641.8055
2580,25704,25914,5570,26935,1641.81
2581,25704,25914,5474,26911,1641.8145
2582,25704,25914,5360,26877,1641.819
2583,25704,25914,5280,26872,1641.8235
2584,25704,25914,5168,26862,1641.828
2585,25704,25914,5090,26847,1641.8325
2586,25704,25914,4994,26830,1641.837
2587,25704,25914,4904,26814,1641.8415
2588,25704,25914,4808,26799,1641.846
2589,25192,25376,5186,26875,1641.8505
2590,25192,25376,5090,26855,1641.855
2591,25192,25376,5010,26840,1641.8595
2592,25192,25376,4920,26798,1641.864
2593,25192,25376,4824,26748,1641.8685
2594,25192,25376,4754,26731,1641.873
2595,25192,25376,4658,26680,1641.8775
2596,25192,25376,4560,26619,1641.882
2597,25192,25376,4464,26590,1641.8865
2598,25192,25376,4386,26559,1641.891
2599,25192,25376,4306,26524,1641.8955
2600,25192,25376,4226,26470,1641.9
2601,24778,24932,4482,26488,1641.9045
2602,24778,24932,4418,26446,1641.909
2603,24778,24932,4338,26391,1641.9135
2604,24778,24932,4258,26349,1641.918
2605,24778,24932,4168,26298,1641.9225
2606,24778,24932,4088,26245,1641.927
2607,24778,24932,4018,26223,1641.9315
2608,24778,24932,3938,26189,1641.936
2609,24778,24932,3856,26139,1641.9405
2610,24778,24932,3776,26106,1641.945
2611,24778,24932,3696,26087,1641.9495
2612,24364,24488,3936,26107,1641.954
2613,24364,24488,3872,26084,1641.9585
2614,24364,24488,3792,26061,1641.963
2615,24364,24488,3728,26037,1641.9675
2616,24364,24488,3650,26026,1641.972
2617,24364,24488,3570,26008,1641.9765
2618,24364,24488,3496,25998,1641.981
2619,24364,24488,3432,25975,1641.9855
2620,24364,24488,3352,25939,1641.99
2621,24364,24488,3282,25915,1641.9945
2622,24364,24488,3202,25883,1641.999
2623,24364,24488,3120,25852,1642.0035
2624,24364,24488,3056,25824,1642.008
2625,23950,24044,3296,25852,1642.0125
2626,23950,24044,3216,25798,1642.017
2627,23950,24044,3168,25766,1642.0215
2628,23950,24044,3104,25717,1642.026
2629,23950,24044,3026,25687,1642.0305
2630,23950,24044,2962,25655,1642.035
2631,23950,24044,2882,25594,1642.0395
2632,23950,24044,2824,25556,1642.044
2633,23950,24044,2760,25510,1642.0485
2634,23950,24044,2690,25455,1642.053
2635,23950,24044,2610,25406,1642.0575
2636,23950,24044,2544,25359,1642.062
2637,23536,23600,10450,27119,1642.0665
2638,23536,23600,10290,27064,1642.071
2639,23536,23600,10128,26998,1642.0755
2640,23536,23600,9986,26959,1642.08
2641,23536,23600,9826,26939,1642.0845
2642,23536,23600,9672,26922,1642.089
2643,23536,23600,9528,26906,1642.0935
2644,23122,23156,10082,27047,1642.098
2645,23122,23156,9954,27006,1642.1025
2646,23122,23156,9826,26990,1642.107
2647,23122,23156,9672,26958,1642.1115
2648,23122,23156,9528,26942,1642.116
2649,23122,23156,9378,26939,1642.1205
2650,23122,23156,9234,26924,1642.125
2651,23122,23156,9072,26888,1642.1295
2652,23122,23156,8928,26873,1642.134
2653,23122,23156,8802,26871,1642.1385
2654,23122,23156,8642,26845,1642.143
2655,23122,23156,8520,26831,1642.1475
2656,23122,23156,8376,26806,1642.152
2657,22708,22712,8840,26877,1642.1565
2658,22708,22712,8712,26839,1642.161
2659,22708,22712,8632,26811,1642.1655
2660,22708,22712,8488,26747,1642.17
2661,22708,22712,8338,26699,1642.1745
2662,22708,22712,8210,26648,1642.179
2663,22708,22712,8064,26591,1642.1835
2664,22708,22712,7936,26556,1642.188
2665,22708,22712,7826,26538,1642.1925
2666,22708,22712,7682,26462,1642.197
2667,22708,22712,7576,26423,1642.2015
2668,22708,22712,7432,26350,1642.206
2669,22294,22268,7880,26423,1642.2105
2670,22294,22268,7752,26364,1642.215
2671,22294,22268,7672,26334,1642.2195
2672,22294,22268,7544,26297,1642.224
2673,22294,22268,7432,26254,1642.2285
2674,22294,22268,7298,26205,1642.233
2675,22294,22268,7186,26170,1642.2375
2676,22294,22268,7056,26135,1642.242
2677,22294,22268,6944,26102,1642.2465
2678,22294,22268,6834,26088,1642.251
2679,22294,22268,6722,26052,1642.2555
2680,22294,22268,6600,26013,1642.26
2681,22294,22268,6488,25975,1642.2645
2682,21880,21824,6888,26044,1642.269
2683,21880,21824,6776,26011,1642.2735
2684,21880,21824,6696,25981,1642.278
2685,21880,21824,6584,25948,1642.2825
2686,21880,21824,6472,25899,1642.287
2687,21880,21824,6370,25847,1642.2915
2688,21880,21824,6258,25806,1642.296
2689,21880,21824,6128,25743,1642.3005
2690,21880,21824,6032,25710,1642.305
2691,21880,21824,5922,25655,1642.3095
2692,21880,21824,5810,25579,1642.314
2693,21880,21824,5720,25519,1642.3185
2694,21880,21824,5608,25448,1642.323
2695,21466,21380,5992,25501,1642.3275
2696,21466,21380,5896,25448,1642.332
2697,21466,21380,5816,25407,1642.3365
2698,21466,21380,5720,25342,1642.341
2699,21466,21380,5608,25277,1642.3455
2700,21466,21380,5522,25237,1642.35
2701,21466,21380,5426,25183,1642.3545
2702,21466,21380,5328,25118,1642.359
2703,21466,21380,5216,25068,1642.3635
2704,21466,21380,5138,25040,1642.368
2705,21466,21380,5042,25006,1642.3725
2706,21466,21380,4936,24954,1642.377
2707,21466,21380,4856,24926,1642.3815
2708,21044,20933,5202,25031,1642.386
2709,21044,20933,5138,25015,1642.3905
2710,21044,20933,5042,25007,1642.395
2711,21044,20933,4952,24986,1642.3995
2712,21044,20933,4856,24949,1642.404
2713,21044,20933,4770,24942,1642.4085
2714,21044,20933,4690,24927,1642.413
2715,21044,20933,4594,24922,1642.4175
2716,21044,20933,4512,24910,1642.422
2717,21044,20933,4416,24887,1642.4265
2718,21044,20933,4338,24880,1642.431
2719,21044,20933,4258,24862,1642.4355
2720,21044,20933,4168,24825,1642.44
2721,21044,20933,4072,24799,1642.4445
2722,20712,20570,4296,24831,1642.449
2723,20712,20570,4232,24821,1642.4535
2724,20712,20570,4168,24806,1642.458
2725,20712,20570,4088,24758,1642.4625
2726,20712,20570,4002,24719,1642.467
2727,20712,20570,3922,24683,1642.4715
2728,20712,20570,3840,24622,1642.476
2729,20712,20570,3760,24605,1642.4805
2730,20712,20570,3680,24571,1642.485
2731,20380,20207,3904,24603,1642.4895
2732,20380,20207,3856,24574,1642.494
2733,20380,20207,3776,24540,1642.4985
2734,20380,20207,3696,24509,1642.503
2735,20380,20207,3634,24495,1642.5075
2736,20380,20207,3554,24460,1642.512
2737,20380,20207,3480,24432,1642.5165
2738,20380,20207,3400,24413,1642.521
2739,20380,20207,3330,24382,1642.5255
2740,20380,20207,3250,24380,1642.53
2741,20380,20207,3186,24365,1642.5345
2742,20380,20207,3104,24329,1642.539
2743,20380,20207,3024,24319,1642.5435
2744,20048,19844,3248,24383,1642.548
2745,20048,19844,3184,24367,1642.5525
2746,20048,19844,3120,24346,1642.557
2747,20048,19844,3056,24312,1642.5615
2748,20048,19844,2978,24307,1642.566
2749,20048,19844,2914,24295,1642.5705
2750,20048,19844,2840,24277,1642.575
2751,20048,19844,2776,24252,1642.5795
2752,20048,19844,2706,24223,1642.584
2753,20048,19844,2642,24184,1642.5885
2754,19716,19481,2834,24207,1642.593
2755,19716,19481,2770,24177,1642.5975
2756,19716,19481,2722,24151,1642.602
2757,19716,19481,2658,24107,1642.6065
2758,19716,19481,2578,24038,1642.611
2759,19716,19481,2512,23983,1642.6155
2760,19384,19118,10530,25659,1642.62
2761,19384,19118,10354,25583,1642.6245
2762,19384,19118,10176,25509,1642.629
2763,19384,19118,10032,25467,1642.6335
2764,19384,19118,9890,25432,1642.638
2765,19384,19118,9730,25351,1642.6425
2766,19384,19118,9592,25311,1642.647
2767,19384,19118,9432,25263,1642.6515
2768,19384,19118,9298,25230,1642.656
2769,19384,19118,9138,25192,1642.6605
2770,19384,19118,8976,25143,1642.665
2771,19384,19118,8850,25115,1642.6695
2772,19384,19118,8690,25063,1642.674
2773,19384,19118,8552,25039,1642.6785
2774,19384,19118,8408,25021,1642.683
2775,19052,18755,8872,25144,1642.6875
2776,19052,18755,8728,25118,1642.692
2777,19052,18755,8648,25110,1642.6965
2778,19052,18755,8504,25082,1642.701
2779,19052,18755,8370,25071,1642.7055
2780,19052,18755,8226,25038,1642.71
2781,19052,18755,8096,25017,1642.7145
2782,19052,18755,7952,25004,1642.719
2783,19052,18755,7842,25000,1642.7235
2784,19052,18755,7698,24962,1642.728
2785,19052,18755,7576,24943,1642.7325
2786,19052,18755,7432,24892,1642.737
2787,18720,18392,7848,24950,1642.7415
2788,18720,18392,7704,24904,1642.746
2789,18720,18392,7624,24887,1642.7505
2790,18720,18392,7512,24859,1642.755
2791,18720,18392,7384,24813,1642.7595
2792,18720,18392,7250,24763,1642.764
2793,18720,18392,7122,24699,1642.7685
2794,18720,18392,6992,24635,1642.773
2795,18720,18392,6882,24597,1642.7775
2796,18720,18392,6770,24558,1642.782
2797,18388,18029,7200,24670,1642.7865
2798,18388,18029,7088,24637,1642.791
2799,18388,18029,6960,24591,1642.7955
2800,18388,18029,6866,24566,1642.8
2801,18388,18029,6738,24526,1642.8045
2802,18388,18029,6632,24490,1642.809
2803,18388,18029,6520,24461,1642.8135
2804,18388,18029,6402,24432,1642.818
2805,18388,18029,6290,24414,1642.8225
2806,18388,18029,6176,24367,1642.827
2807,18388,18029,6064,24348,1642.8315
2808,18056,17666,6416,24431,1642.836
2809,18056,17666,6304,24414,1642.8405
2810,18056,17666,6240,24403,1642.845
2811,18056,17666,6128,24367,1642.8495
2812,18056,17666,6016,24329,1642.854
2813,18056,17666,5922,24317,1642.8585
2814,18056,17666,5810,24293,1642.863
2815,18056,17666,5704,24251,1642.8675
2816,18056,17666,5608,24220,1642.872
2817,18056,17666,5506,24184,1642.8765
2818,18056,17666,5410,24143,1642.881
2819,18056,17666,5296,24063,1642.8855
2820,18056,17666,5200,24014,1642.89
2821,17721,17300,5552,24094,1642.8945
2822,17721,17300,5456,24054,1642.899
2823,17721,17300,5392,24027,1642.9035
2824,17721,17300,5296,23974,1642.908
2825,17721,17300,5200,23902,1642.9125
2826,17721,17300,5106,23835,1642.917
2827,17721,17300,5010,23774,1642.9215
2828,17721,17300,4920,23727,1642.926
2829,17721,17300,4824,23676,1642.9305
2830,17721,17300,4738,23630,1642.935
2831,17721,17300,4642,23567,1642.9395
2832,17721,17300,4544,23509,1642.944
2833,17721,17300,4464,23472,1642.9485
2834,17418,16972,4720,23514,1642.953
2835,17418,16972,4640,23481,1642.9575
2836,17418,16972,4576,23466,1642.962
2837,17418,16972,4480,23430,1642.9665
2838,17418,16972,4402,23418,1642.971
2839,17418,16972,4322,23387,1642.9755
2840,17418,16972,4226,23350,1642.98
2841,17418,16972,4152,23341,1642.9845
2842,17418,16972,4056,23325,1642.989
2843,17115,16644,4312,23418,1642.9935
2844,17115,16644,4232,23383,1642.998
2845,17115,16644,4168,23356,1643.0025
2846,17115,16644,4072,23323,1643.007
2847,17115,16644,4002,23319,1643.0115
2848,17115,16644,3922,23311,1643.016
2849,17115,16644,3840,23276,1643.0205
2850,17115,16644,3760,23264,1643.025
2851,17115,16644,3680,23229,1643.0295
2852,17115,16644,3618,23208,1643.034
2853,17115,16644,3538,23164,1643.0385
2854,17115,16644,3464,23129,1643.043
2855,17115,16644,3384,23092,1643.0475
2856,16812,16316,3608,23135,1643.052
2857,16812,16316,3544,23118,1643.0565
2858,16812,16316,3480,23096,1643.061
2859,16812,16316,3400,23051,1643.0655
2860,16812,16316,3330,23014,1643.07
2861,16812,16316,3266,22990,1643.0745
2862,16812,16316,3184,22951,1643.079
2863,16812,16316,3120,22927,1643.0835
2864,16812,16316,3040,22899,1643.088
2865,16812,16316,2962,22894,1643.0925
2866,16812,16316,2898,22888,1643.097
2867,16812,16316,2824,22859,1643.1015
2868,16812,16316,2760,22846,1643.106
2869,16509,15988,2968,22912,1643.1105
2870,16509,15988,2904,22911,1643.115
2871,16509,15988,2856,22911,1643.1195
2872,16509,15988,2792,22909,1643.124
2873,16509,15988,2722,22907,1643.1285
2874,16509,15988,2658,22902,1643.133
2875,16509,15988,2578,22894,1643.1375
2876,16509,15988,2512,22879,1643.142
2877,16206,15660,10648,24446,1643.1465
2878,16206,15660,10482,24423,1643.151
2879,16206,15660,10322,24381,1643.1555
2880,16206,15660,10160,24334,1643.16
2881,16206,15660,10000,24301,1643.1645
2882,16206,15660,9858,24284,1643.169
2883,16206,15660,9698,24249,1643.1735
2884,16206,15660,9544,24206,1643.178
2885,16206,15660,9410,24158,1643.1825
2886,16206,15660,9250,24079,1643.187
2887,16206,15660,9104,24015,1643.1915
2888,16206,15660,8944,23957,1643.196
2889,15903,15332,9440,24031,1643.2005
2890,15903,15332,9296,23984,1643.205
2891,15903,15332,9200,23934,1643.2095
2892,15903,15332,9072,23885,1643.214
2893,15903,15332,8912,23805,1643.2185
2894,15903,15332,8802,23771,1643.223
2895,15903,15332,8658,23726,1643.2275
2896,15903,15332,8504,23669,1643.232
2897,15903,15332,8370,23630,1643.2365
2898,15903,15332,8210,23551,1643.241
2899,15903,15332,8096,23515,1643.2455
2900,15903,15332,7952,23477,1643.25
2901,15600,15004,8450,23599,1643.2545
2902,15600,15004,8338,23583,1643.259
2903,15600,15004,8194,23535,1643.2635
2904,15600,15004,8064,23515,1643.268
2905,15600,15004,7936,23481,1643.2725
2906,15600,15004,7826,23479,1643.277
2907,15600,15004,7698,23452,1643.2815
2908,15600,15004,7560,23422,1643.286
2909,15600,15004,7432,23410,1643.2905
2910,15600,15004,7314,23396,1643.295
2911,15600,15004,7186,23350,1643.2995
2912,15600,15004,7056,23294,1643.304
2913,15600,15004,6928,23269,1643.3085
2914,15297,14676,7360,23388,1643.313
2915,15297,14676,7232,23357,1643.3175
2916,15297,14676,7152,23340,1643.322
2917,15297,14676,7040,23294,1643.3265
2918,15297,14676,6928,23268,1643.331
2919,15297,14676,6818,23231,1643.3355
2920,15297,14676,6706,23188,1643.34
2921,15297,14676,6584,23133,1643.3445
2922,15297,14676,6472,23086,1643.349
2923,15297,14676,6354,23038,1643.3535
2924,15297,14676,6242,23006,1643.358
2925,15297,14676,6128,22967,1643.3625
2926,15297,14676,6016,22926,1643.367
2927,14994,14348,6400,23020,1643.3715
2928,14994,14348,6304,23003,1643.376
2929,14994,14348,6224,22984,1643.3805
2930,14994,14348,6112,22956,1643.385
2931,14994,14348,6018,22942,1643.3895
2932,14994,14348,5906,22919,1643.394
2933,14994,14348,5810,22903,1643.3985
2934,14994,14348,5704,22876,1643.403
2935,14994,14348,5592,22862,1643.4075
2936,14994,14348,5490,22847,1643.412
2937,14994,14348,5378,22838,1643.4165
2938,14994,14348,5280,22827,1643.421
2939,14994,14348,5168,22799,1643.4255
2940,14683,14013,5552,22959,1643.43
2941,14683,14013,5456,22941,1643.4345
2942,14683,14013,5392,22923,1643.439
2943,14683,14013,5296,22908,1643.4435
2944,14683,14013,5200,22878,1643.448
2945,14683,14013,5090,22838,1643.4525
2946,14683,14013,5010,22806,1643.457
2947,14683,14013,4920,22764,1643.4615
2948,14683,14013,4824,22727,1643.466
2949,14683,14013,4722,22687,1643.4705
2950,14683,14013,4626,22645,1643.475
2951,14683,14013,4528,22587,1643.4795
2952,14683,14013,4448,22525,1643.484
2953,14408,13719,4736,22575,1643.4885
2954,14408,13719,4640,22518,1643.493
2955,14408,13719,4576,22492,1643.4975
2956,14408,13719,4480,22438,1643.502
2957,14408,13719,4400,22393,1643.5065
2958,14408,13719,4322,22346,1643.511
2959,14408,13719,4242,22299,1643.5155
2960,14408,13719,4136,22238,1643.52
2961,14408,13719,4056,22203,1643.5245
2962,14408,13719,3986,22188,1643.529
2963,14408,13719,3890,22143,1643.5335
2964,14133,13425,4162,22231,1643.538
2965,14133,13425,4066,22174,1643.5425
2966,14133,13425,4018,22165,1643.547
2967,14133,13425,3938,22134,1643.5515
2968,14133,13425,3856,22108,1643.556
2969,14133,13425,3776,22091,1643.5605
2970,14133,13425,3696,22071,1643.565
2971,14133,13425,3618,22043,1643.5695
2972,14133,13425,3538,22012,1643.574
2973,14133,13425,3464,21991,1643.5785
2974,14133,13425,3384,21980,1643.583
2975,13858,13131,3624,22071,1643.5875
2976,13858,13131,3544,22030,1643.592
2977,13858,13131,3496,22007,1643.5965
2978,13858,13131,3432,21978,1643.601
2979,13858,13131,3352,21935,1643.6055
2980,13858,13131,3282,21909,1643.61
2981,13858,13131,3202,21870,1643.6145
2982,13858,13131,3120,21838,1643.619
2983,13858,13131,3056,21803,1643.6235
2984,13858,13131,2978,21767,1643.628
2985,13858,13131,2914,21738,1643.6325
2986,13858,13131,2840,21691,1643.637
2987,13858,13131,2776,21655,1643.6415
2988,13583,12837,3000,21711,1643.646
2989,13583,12837,2936,21678,1643.6505
2990,13583,12837,2872,21656,1643.655
2991,13583,12837,2808,21623,1643.6595
2992,13583,12837,2744,21612,1643.664
2993,13583,12837,2674,21591,1643.6685
2994,13583,12837,2610,21565,1643.673
2995,13583,12837,2528,21530,1643.6775
2996,13308,12543,10856,22934,1643.682
2997,13308,12543,10664,22906,1643.6865
2998,13308,12543,10498,22891,1643.691
2999,13308,12543,10338,22878,1643.6955
3000,13308,12543,10176,22842,1643.7
3001,13308,12543,10016,22830,1643.7045
3002,13308,12543,9874,22839,1643.709
3003,13308,12543,9714,22831,1643.7135
3004,13308,12543,9576,22831,1643.718
3005,13308,12543,9416,22815,1643.7225
3006,13308,12543,9266,22799,1643.727
3007,13308,12543,9104,22774,1643.7315
3008,13308,12543,8976,22763,1643.736
3009,13308,12543,8834,22747,1643.7405
3010,13308,12543,8674,22717,1643.745
3011,13308,12543,8536,22687,1643.7495
3012,13308,12543,8392,22643,1643.754
3013,13033,12249,8978,22811,1643.7585
3014,13033,12249,8850,22772,1643.763
3015,13033,12249,8690,22719,1643.7675
3016,13033,12249,8568,22695,1643.772
3017,13033,12249,8424,22649,1643.7765
3018,13033,12249,8290,22603,1643.781
3019,13033,12249,8130,22522,1643.7855
3020,13033,12249,8016,22486,1643.79
3021,13033,12249,7888,22439,1643.7945
3022,13033,12249,7762,22398,1643.799
3023,13033,12249,7634,22365,1643.8035
3024,13033,12249,7496,22318,1643.808
3025,13033,12249,7368,22266,1643.8125
3026,12758,11955,7848,22384,1643.817
3027,12758,11955,7736,22351,1643.8215
3028,12758,11955,7640,22333,1643.826
3029,12758,11955,7512,22318,1643.8305
3030,12758,11955,7384,22284,1643.835
3031,12758,11955,7266,22251,1643.8395
3032,12758,11955,7154,22204,1643.844
3033,12758,11955,7024,22167,1643.8485
3034,12758,11955,6896,22137,1643.853
3035,12758,11955,6786,22126,1643.8575
3036,12758,11955,6674,22109,1643.862
3037,12758,11955,6552,22076,1643.8665
3038,12758,11955,6424,22031,1643.871
3039,12483,11661,6872,22159,1643.8755
3040,12483,11661,6744,22124,1643.88
3041,12483,11661,6664,22093,1643.8845
3042,12483,11661,6552,22070,1643.889
3043,12483,11661,6440,22023,1643.8935
3044,12483,11661,6338,21982,1643.898
3045,12483,11661,6226,21934,1643.9025
3046,12483,11661,6112,21863,1643.907
3047,12483,11661,6000,21816,1643.9115
3048,12483,11661,5890,21759,1643.916
3049,12483,11661,5778,21739,1643.9205
3050,12483,11661,5688,21694,1643.925
3051,12483,11661,5576,21654,1643.9295
3052,12208,11367,5976,21744,1643.934
3053,12208,11367,5864,21695,1643.9385
3054,12208,11367,5800,21678,1643.943
3055,12208,11367,5688,21622,1643.9475
3056,12208,11367,5592,21573,1643.952
3057,12208,11367,5490,21535,1643.9565
3058,12208,11367,5378,21491,1643.961
3059,12208,11367,5280,21469,1643.9655
3060,12208,11367,5184,21446,1643.97
3061,12208,11367,5090,21438,1643.9745
3062,12208,11367,4994,21423,1643.979
3063,12208,11367,4888,21406,1643.9835
3064,12208,11367,4792,21399,1643.988
3065,11930,11072,5186,21535,1643.9925
3066,11930,11072,5090,21515,1643.997
3067,11930,11072,4994,21494,1644.0015
3068,11930,11072,4904,21485,1644.006
3069,11930,11072,4808,21478,1644.0105
3070,11930,11072,4722,21470,1644.015
3071,11930,11072,4626,21452,1644.0195
3072,11930,11072,4544,21421,1644.024
3073,11930,11072,4448,21400,1644.0285
3074,11930,11072,4370,21387,1644.033
3075,11930,11072,4274,21368,1644.0375
3076,11930,11072,4184,21338,1644.042
3077,11930,11072,4104,21295,1644.0465
3078,11930,11072,4008,21268,1644.051
3079,11717,10840,4264,21342,1644.0555
3080,11717,10840,4200,21303,1644.06
3081,11717,10840,4104,21240,1644.0645
3082,11717,10840,4024,21215,1644.069
3083,11717,10840,3954,21198,1644.0735
3084,11717,10840,3874,21164,1644.078
3085,11717,10840,3792,21115,1644.0825
3086,11717,10840,3696,21051,1644.087
3087,11504,10608,3904,21084,1644.0915
3088,11504,10608,3856,21064,1644.096
3089,11504,10608,3776,21027,1644.1005
3090,11504,10608,3696,20989,1644.105
3091,11504,10608,3618,20971,1644.1095
3092,11504,10608,3538,20928,1644.114
3093,11504,10608,3464,20894,1644.1185
3094,11504,10608,3384,20862,1644.123
3095,11504,10608,3314,20857,1644.1275
3096,11504,10608,3250,20847,1644.132
3097,11504,10608,3168,20815,1644.1365
3098,11504,10608,3088,20781,1644.141
3099,11291,10376,3296,20859,1644.1455
3100,11291,10376,3232,20844,1644.15
3101,11291,10376,3168,20823,1644.1545
3102,11291,10376,3088,20798,1644.159
3103,11291,10376,3026,20792,1644.1635
3104,11291,10376,2962,20766,1644.168
3105,11291,10376,2882,20725,1644.1725
3106,11291,10376,2808,20686,1644.177
3107,11291,10376,2744,20664,1644.1815
3108,11291,10376,2674,20638,1644.186
3109,11291,10376,2594,20597,1644.1905
3110,11291,10376,2528,20543,1644.195
3111,11078,10144,10914,21884,1644.1995
3112,11078,10144,10728,21820,1644.204
3113,11078,10144,10552,21758,1644.2085
3114,11078,10144,10402,21721,1644.213
3115,11078,10144,10226,21663,1644.2175
3116,11078,10144,10064,21622,1644.222
3117,11078,10144,9922,21589,1644.2265
3118,11078,10144,9746,21531,1644.231
3119,10865,9912,10242,21644,1644.2355
3120,10865,9912,10098,21623,1644.24
3121,10865,9912,9986,21595,1644.2445
3122,10865,9912,9842,21566,1644.249
3123,10865,9912,9672,21527,1644.2535
3124,10865,9912,9528,21496,1644.258
3125,10865,9912,9378,21477,1644.2625
3126,10865,9912,9234,21453,1644.267
3127,10865,9912,9072,21433,1644.2715
3128,10865,9912,8928,21422,1644.276
3129,10865,9912,8786,21430,1644.2805
3130,10865,9912,8642,21415,1644.285
3131,10865,9912,8488,21399,1644.2895
3132,10652,9680,8978,21535,1644.294
3133,10652,9680,8850,21526,1644.2985
3134,10652,9680,8690,21494,1644.303
3135,10652,9680,8568,21483,1644.3075
3136,10652,9680,8424,21467,1644.312
3137,10652,9680,8290,21451,1644.3165
3138,10652,9680,8146,21429,1644.321
3139,10652,9680,8016,21399,1644.3255
3140,10652,9680,7888,21370,1644.33
3141,10652,9680,7762,21356,1644.3345
3142,10652,9680,7634,21326,1644.339
3143,10652,9680,7496,21287,1644.3435
3144,10652,9680,7368,21239,1644.348
3145,10439,9448,7784,21344,1644.3525
3146,10439,9448,7688,21303,1644.357
3147,10439,9448,7576,21270,1644.3615
3148,10439,9448,7448,21222,1644.366
3149,10439,9448,7330,21191,1644.3705
3150,10439,9448,7202,21145,1644.375
3151,10439,9448,7072,21094,1644.3795
3152,10439,9448,6944,21048,1644.384
3153,10439,9448,6834,21015,1644.3885
3154,10439,9448,6706,20966,1644.393
3155,10439,9448,6584,20926,1644.3975
3156,10439,9448,6472,20907,1644.402
3157,10226,9216,6840,20983,1644.4065
3158,10226,9216,6728,20955,1644.411
3159,10226,9216,6648,20918,1644.4155
3160,10226,9216,6536,20892,1644.42
3161,10226,9216,6418,20876,1644.4245
3162,10226,9216,6306,20856,1644.429
3163,10226,9216,6192,20826,1644.4335
3164,10226,9216,6064,20783,1644.438
3165,10226,9216,5970,20758,1644.4425
3166,10226,9216,5858,20718,1644.447
3167,10226,9216,5768,20696,1644.4515
3168,10226,9216,5640,20661,1644.456
3169,10013,8984,6050,20846,1644.4605
3170,10013,8984,5938,20807,1644.465
3171,10013,8984,5842,20763,1644.4695
3172,10013,8984,5736,20702,1644.474
3173,10013,8984,5624,20639,1644.4785
3174,10013,8984,5522,20599,1644.483
3175,10013,8984,5426,20563,1644.4875
3176,10013,8984,5328,20507,1644.492
3177,10013,8984,5216,20450,1644.4965
3178,10013,8984,5122,20404,1644.501
3179,10013,8984,5026,20359,1644.5055
3180,9798,8748,5346,20445,1644.51
3181,9798,8748,5250,20396,1644.5145
3182,9798,8748,5186,20365,1644.519
3183,9798,8748,5090,20326,1644.5235
3184,9798,8748,4994,20283,1644.528
3185,9798,8748,4904,20252,1644.5325
3186,9798,8748,4808,20207,1644.537
3187,9798,8748,4722,20186,1644.5415
3188,9798,8748,4626,20150,1644.546
3189,9798,8748,4528,20112,1644.5505
3190,9798,8748,4448,20090,1644.555
3191,9798,8748,4354,20069,1644.5595
3192,9798,8748,4274,20061,1644.564
3193,9637,8543,4498,20154,1644.5685
3194,9637,8543,4418,20138,1644.573
3195,9637,8543,4338,20122,1644.5775
3196,9637,8543,4258,20110,1644.582
3197,9637,8543,4168,20087,1644.5865
3198,9637,8543,4072,20062,1644.591
3199,9637,8543,4002,20055,1644.5955
3200,9637,8543,3906,20029,1644.6
3201,9637,8543,3824,20011,1644.6045
3202,9637,8543,3744,19993,1644.609
3203,9476,8338,3952,20060,1644.6135
3204,9476,8338,3872,20027,1644.618
3205,9476,8338,3808,19997,1644.6225
3206,9476,8338,3728,19959,1644.627
3207,9476,8338,3650,19932,1644.6315
3208,9476,8338,3570,19899,1644.636
3209,9476,8338,3496,19871,1644.6405
3210,9476,8338,3416,19837,1644.645
3211,9476,8338,3330,19790,1644.6495
3212,9476,8338,3266,19758,1644.654
3213,9476,8338,3186,19706,1644.6585
3214,9476,8338,3104,19654,1644.663
3215,9476,8338,3024,19630,1644.6675
3216,9315,8133,3232,19704,1644.672
3217,9315,8133,3168,19675,1644.6765
3218,9315,8133,3104,19640,1644.681
3219,9315,8133,3024,19599,1644.6855
3220,9315,8133,2962,19576,1644.69
3221,9315,8133,2882,19548,1644.6945
3222,9315,8133,2808,19518,1644.699
3223,9315,8133,2744,19515,1644.7035
3224,9154,7928,2920,19581,1644.708
3225,9154,7928,2872,19566,1644.7125
3226,9154,7928,2792,19531,1644.717
3227,9154,7928,2728,19509,1644.7215
3228,9154,7928,2658,19487,1644.726
3229,9154,7928,2594,19471,1644.7305
3230,9154,7928,2512,19444,1644.735
3231,8993,7723,10962,20813,1644.7395
3232,8993,7723,10792,20759,1644.744
3233,8993,7723,10632,20717,1644.7485
3234,8993,7723,10466,20684,1644.753
3235,8993,7723,10290,20640,1644.7575
3236,8993,7723,10144,20589,1644.762
3237,8993,7723,9984,20533,1644.7665
3238,8993,7723,9826,20487,1644.771
3239,8993,7723,9682,20443,1644.7755
3240,8993,7723,9528,20383,1644.78
3241,8993,7723,9378,20335,1644.7845
3242,8993,7723,9218,20271,1644.789
3243,8993,7723,9072,20219,1644.7935
3244,8993,7723,8912,20174,1644.798
3245,8832,7518,9344,20251,1644.8025
3246,8832,7518,9232,20209,1644.807
3247,8832,7518,9088,20158,1644.8115
3248,8832,7518,8944,20120,1644.816
3249,8832,7518,8818,20086,1644.8205
3250,8832,7518,8674,20038,1644.825
3251,8832,7518,8520,19989,1644.8295
3252,8832,7518,8392,19947,1644.834
3253,8832,7518,8242,19916,1644.8385
3254,8832,7518,8096,19880,1644.843
3255,8832,7518,7968,19862,1644.8475
3256,8671,7313,8368,20028,1644.852
3257,8671,7313,8224,19982,1644.8565
3258,8671,7313,8144,19966,1644.861
3259,8671,7313,8016,19960,1644.8655
3260,8671,7313,7888,19943,1644.87
3261,8671,7313,7746,19927,1644.8745
3262,8671,7313,7634,19912,1644.879
3263,8671,7313,7496,19887,1644.8835
3264,8671,7313,7362,19868,1644.888
3265,8671,7313,7250,19839,1644.8925
3266,8671,7313,7104,19802,1644.897
3267,8671,7313,6992,19787,1644.9015
3268,8510,7108,7360,19925,1644.906
3269,8510,7108,7232,19887,1644.9105
3270,8510,7108,7152,19868,1644.915
3271,8510,7108,7024,19834,1644.9195
3272,8510,7108,6898,19798,1644.924
3273,8510,7108,6786,19747,1644.9285
3274,8510,7108,6674,19702,1644.933
3275,8510,7108,6568,19670,1644.9375
3276,8510,7108,6434,19619,1644.942
3277,8510,7108,6322,19575,1644.9465
3278,8510,7108,6208,19515,1644.951
3279,8510,7108,6096,19472,1644.9555
3280,8349,6903,6432,19631,1644.96
3281,8349,6903,6320,19583,1644.9645
3282,8349,6903,6240,19555,1644.969
3283,8349,6903,6128,19511,1644.9735
3284,8349,6903,6032,19485,1644.978
3285,8349,6903,5922,19451,1644.9825
3286,8349,6903,5810,19420,1644.987
3287,8349,6903,5704,19380,1644.9915
3288,8349,6903,5608,19351,1644.996
3289,8349,6903,5490,19326,1645.0005
3290,8349,6903,5394,19310,1645.005
3291,8349,6903,5296,19279,1645.0095
3292,8349,6903,5184,19229,1645.014
3293,8182,6698,5504,19386,1645.0185
3294,8182,6698,5408,19361,1645.023
3295,8182,6698,5328,19341,1645.0275
3296,8182,6698,5232,19311,1645.032
3297,8182,6698,5138,19279,1645.0365
3298,8182,6698,5042,19231,1645.041
3299,8182,6698,4936,19179,1645.0455
3300,8182,6698,4840,19128,1645.05
3301,8182,6698,4754,19100,1645.0545
3302,8182,6698,4658,19054,1645.059
3303,8182,6698,4560,18997,1645.0635
3304,8182,6698,4464,18936,1645.068
3305,7981,6521,4784,19162,1645.0725
3306,7981,6521,4672,19070,1645.077
3307,7981,6521,4608,19029,1645.0815
3308,7981,6521,4528,18990,1645.086
3309,7981,6521,4448,18934,1645.0905
3310,7981,6521,4354,18877,1645.095
3311,7981,6521,4274,18843,1645.0995
3312,7981,6521,4184,18782,1645.104
3313,7981,6521,4088,18716,1645.1085
3314,7981,6521,4002,18679,1645.113
3315,7981,6521,3922,18651,1645.1175
3316,7780,6344,4194,18847,1645.122
3317,7780,6344,4114,18810,1645.1265
3318,7780,6344,4050,18783,1645.131
3319,7780,6344,3970,18747,1645.1355
3320,7780,6344,3890,18729,1645.14
3321,7780,6344,3808,18682,1645.1445
3322,7780,6344,3728,18667,1645.149
3323,7780,6344,3650,18654,1645.1535
3324,7780,6344,3570,18637,1645.158
3325,7780,6344,3496,18618,1645.1625
3326,7780,6344,3416,18591,1645.167
3327,7579,6167,3656,18815,1645.1715
3328,7579,6167,3592,18799,1645.176
3329,7579,6167,3528,18792,1645.1805
3330,7579,6167,3448,18767,1645.185
3331,7579,6167,3384,18743,1645.1895
3332,7579,6167,3298,18710,1645.194
3333,7579,6167,3218,18669,1645.1985
3334,7579,6167,3152,18637,1645.203
3335,7579,6167,3072,18589,1645.2075
3336,7579,6167,3010,18586,1645.212
3337,7579,6167,2930,18551,1645.2165
3338,7579,6167,2856,18509,1645.221
3339,7579,6167,2792,18471,1645.2255
3340,7378,5990,3042,18678,1645.23
3341,7378,5990,2962,18644,1645.2345
3342,7378,5990,2898,18614,1645.239
3343,7378,5990,2824,18567,1645.2435
3344,7378,5990,2760,18542,1645.248
3345,7378,5990,2674,18494,1645.2525
3346,7378,5990,2610,18462,1645.257
3347,7378,5990,2544,18417,1645.2615
3348,7177,5813,11312,19774,1645.266
3349,7177,5813,11136,19739,1645.2705
3350,7177,5813,10978,19725,1645.275
3351,7177,5813,10808,19679,1645.2795
3352,7177,5813,10648,19643,1645.284
3353,7177,5813,10482,19607,1645.2885
3354,7177,5813,10322,19581,1645.293
3355,7177,5813,10144,19559,1645.2975
3356,7177,5813,10000,19549,1645.302
3357,7177,5813,9842,19535,1645.3065
3358,7177,5813,9688,19499,1645.311
3359,7177,5813,9512,19447,1645.3155
3360,7177,5813,9378,19419,1645.32
3361,7177,5813,9202,19382,1645.3245
3362,7177,5813,9056,19354,1645.329
3363,7177,5813,8912,19323,1645.3335
3364,6976,5636,9456,19549,1645.338
3365,6976,5636,9312,19486,1645.3425
3366,6976,5636,9200,19439,1645.347
3367,6976,5636,9056,19390,1645.3515
3368,6976,5636,8928,19357,1645.356
3369,6976,5636,8786,19324,1645.3605
3370,6976,5636,8658,19292,1645.365
3371,6976,5636,8504,19224,1645.3695
3372,6976,5636,8360,19163,1645.374
3373,6976,5636,8226,19099,1645.3785
3374,6976,5636,8096,19038,1645.383
3375,6976,5636,7952,18974,1645.3875
3376,6976,5636,7810,18926,1645.392
3377,6976,5636,7682,18875,1645.3965
3378,6976,5636,7560,18845,1645.401
3379,6976,5636,7416,18800,1645.4055
3380,6775,5459,7954,19096,1645.41
3381,6775,5459,7858,19069,1645.4145
3382,6775,5459,7730,19037,1645.419
3383,6775,5459,7608,19000,1645.4235
3384,6775,5459,7464,18954,1645.428
3385,6775,5459,7346,18926,1645.4325
3386,6775,5459,7218,18894,1645.437
3387,6775,5459,7104,18864,1645.4415
3388,6775,5459,6976,18846,1645.446
3389,6775,5459,6866,18846,1645.4505
3390,6775,5459,6738,18822,1645.455
3391,6775,5459,6616,18795,1645.4595
3392,6775,5459,6504,18774,1645.464
3393,6574,5282,6962,19035,1645.4685
3394,6574,5282,6866,19007,1645.473
3395,6574,5282,6738,18974,1645.4775
3396,6574,5282,6632,18937,1645.482
3397,6574,5282,6520,18911,1645.4865
3398,6574,5282,6386,18871,1645.491
3399,6574,5282,6290,18844,1645.4955
3400,6574,5282,6160,18779,1645.5
3401,6574,5282,6064,18750,1645.5045
3402,6574,5282,5954,18719,1645.509
3403,6574,5282,5842,18686,1645.5135
3404,6574,5282,5736,18654,1645.518
3405,6574,5282,5624,18612,1645.5225
3406,6373,5105,6050,18847,1645.527
3407,6373,5105,5970,18814,1645.5315
3408,6373,5105,5858,18774,1645.536
3409,6373,5105,5752,18734,1645.5405
3410,6373,5105,5656,18700,1645.545
3411,6373,5105,5554,18671,1645.5495
3412,6373,5105,5442,18636,1645.554
3413,6373,5105,5344,18598,1645.5585
3414,6373,5105,5232,18571,1645.563
3415,6373,5105,5138,18556,1645.5675
3416,6373,5105,5042,18551,1645.572
3417,6373,5105,4952,18526,1645.5765
3418,6373,5105,4840,18491,1645.581
3419,6163,4921,5250,18760,1645.5855
3420,6163,4921,5170,18743,1645.59
3421,6163,4921,5074,18716,1645.5945
3422,6163,4921,4978,18688,1645.599
3423,6163,4921,4888,18677,1645.6035
3424,6163,4921,4792,18655,1645.608
3425,6163,4921,4706,18638,1645.6125
3426,6163,4921,4610,18589,1645.617
3427,6163,4921,4512,18552,1645.6215
3428,6163,4921,4432,18527,1645.626
3429,6163,4921,4338,18491,1645.6305
3430,6163,4921,4258,18456,1645.635
3431,6163,4921,4168,18399,1645.6395
3432,6163,4921,4072,18338,1645.644
3433,6037,4771,4296,18447,1645.6485
3434,6037,4771,4232,18411,1645.653
3435,6037,4771,4136,18359,1645.6575
3436,6037,4771,4056,18316,1645.662
3437,6037,4771,3986,18283,1645.6665
3438,6037,4771,3890,18221,1645.671
3439,6037,4771,3808,18158,1645.6755
3440,6037,4771,3728,18110,1645.68
3441,6037,4771,3650,18069,1645.6845
3442,6037,4771,3570,18023,1645.689
3443,6037,4771,3496,17979,1645.6935
3444,6037,4771,3416,17927,1645.698
3445,5911,4621,3608,18025,1645.7025
3446,5911,4621,3528,17982,1645.707
3447,5911,4621,3464,17957,1645.7115
3448,5911,4621,3400,17940,1645.716
3449,5911,4621,3314,17911,1645.7205
3450,5911,4621,3250,17900,1645.725
3451,5911,4621,3168,17856,1645.7295
3452,5911,4621,3088,17823,1645.734
3453,5911,4621,3026,17813,1645.7385
3454,5911,4621,2946,17774,1645.743
3455,5911,4621,2866,17759,1645.7475
3456,5911,4621,2792,17735,1645.752
3457,5911,4621,2728,17723,1645.7565
3458,5785,4471,2920,17854,1645.761
3459,5785,4471,2856,17835,1645.7655
3460,5785,4471,2792,17803,1645.77
3461,5785,4471,2706,17773,1645.7745
3462,5785,4471,2642,17752,1645.779
3463,5785,4471,2578,17717,1645.7835
3464,5785,4471,2512,17679,1645.788
3465,5659,4321,11280,18903,1645.7925
3466,5659,4321,11106,18870,1645.797
3467,5659,4321,10930,18815,1645.8015
3468,5659,4321,10760,18765,1645.806
3469,5659,4321,10584,18731,1645.8105
3470,5659,4321,10418,18686,1645.815
3471,5659,4321,10258,18648,1645.8195
3472,5659,4321,10096,18607,1645.824
3473,5659,4321,9938,18572,1645.8285
3474,5659,4321,9762,18523,1645.833
3475,5533,4171,10210,18687,1645.8375
3476,5533,4171,10082,18678,1645.842
3477,5533,4171,9954,18653,1645.8465
3478,5533,4171,9794,18619,1645.851
3479,5533,4171,9640,18588,1645.8555
3480,5533,4171,9480,18543,1645.86
3481,5533,4171,9330,18530,1645.8645
3482,5533,4171,9170,18520,1645.869
3483,5533,4171,9024,18492,1645.8735
3484,5533,4171,8882,18488,1645.878
3485,5533,4171,8738,18446,1645.8825
3486,5533,4171,8584,18414,1645.887
3487,5533,4171,8440,18390,1645.8915
3488,5407,4021,8856,18601,1645.896
3489,5407,4021,8712,18557,1645.9005
3490,5407,4021,8616,18552,1645.905
3491,5407,4021,8472,18516,1645.9095
3492,5407,4021,8322,18460,1645.914
3493,5407,4021,8178,18415,1645.9185
3494,5407,4021,8048,18382,1645.923
3495,5407,4021,7920,18350,1645.9275
3496,5407,4021,7778,18318,1645.932
3497,5407,4021,7650,18278,1645.9365
3498,5407,4021,7528,18228,1645.941
3499,5407,4021,7384,18157,1645.9455
3500,5281,3871,7768,18301,1645.95
3501,5281,3871,7672,18263,1645.9545
3502,5281,3871,7560,18227,1645.959
3503,5281,3871,7432,18171,1645.9635
3504,5281,3871,7298,18123,1645.968
3505,5281,3871,7170,18046,1645.9725
3506,5281,3871,7056,18011,1645.977
3507,5281,3871,6928,17957,1645.9815
3508,5281,3871,6802,17912,1645.986
3509,5281,3871,6690,17877,1645.9905
3510,5281,3871,6568,17833,1645.995
3511,5281,3871,6456,17788,1645.9995
3512,5155,3721,6792,17966,1646.004
3513,5155,3721,6712,17942,1646.0085
3514,5155,3721,6584,17902,1646.013
3515,5155,3721,6488,17878,1646.0175
3516,5155,3721,6370,17847,1646.022
3517,5155,3721,6242,17812,1646.0265
3518,5155,3721,6128,17767,1646.031
3519,5155,3721,6032,17750,1646.0355
3520,5155,3721,5922,17719,1646.04
3521,5155,3721,5810,17689,1646.0445
3522,5155,3721,5688,17643,1646.049
3523,5155,3721,5592,17619,1646.0535
3524,5029,3571,5912,17816,1646.058
3525,5029,3571,5832,17786,1646.0625
3526,5029,3571,5720,17743,1646.067
3527,5029,3571,5608,17694,1646.0715
3528,5029,3571,5522,17659,1646.076
3529,5029,3571,5410,17615,1646.0805
3530,5029,3571,5296,17563,1646.085
3531,5029,3571,5200,17515,1646.0895
3532,5029,3571,5106,17467,1646.094
3533,5029,3571,5010,17419,1646.0985
3534,5029,3571,4920,17374,1646.103
3535,5029,3571,4824,17335,1646.1075
3536,4896,3417,5112,17519,1646.112
3537,4896,3417,5016,17487,1646.1165
3538,4896,3417,4952,17464,1646.121
3539,4896,3417,4856,17406,1646.1255
3540,4896,3417,4770,17382,1646.13
3541,4896,3417,4674,17338,1646.1345
3542,4896,3417,4576,17297,1646.139
3543,4896,3417,4480,17270,1646.1435
3544,4896,3417,4402,17263,1646.148
3545,4896,3417,4306,17237,1646.1525
3546,4896,3417,4210,17196,1646.157
3547,4896,3417,4120,17147,1646.1615
3548,4896,3417,4040,17135,1646.166
3549,4764,3281,4296,17390,1646.1705
3550,4764,3281,4232,17375,1646.175
3551,4764,3281,4136,17354,1646.1795
3552,4764,3281,4056,17327,1646.184
3553,4764,3281,3970,17292,1646.1885
3554,4764,3281,3890,17270,1646.193
3555,4764,3281,3808,17231,1646.1975
3556,4764,3281,3728,17209,1646.202
3557,4764,3281,3634,17182,1646.2065
3558,4764,3281,3554,17142,1646.211
3559,4764,3281,3480,17107,1646.2155
3560,4764,3281,3400,17053,1646.22
3561,4632,3145,3624,17246,1646.2245
3562,4632,3145,3544,17199,1646.229
3563,4632,3145,3496,17175,1646.2335
3564,4632,3145,3416,17127,1646.238
3565,4632,3145,3330,17062,1646.2425
3566,4632,3145,3250,17006,1646.247
3567,4632,3145,3186,16954,1646.2515
3568,4632,3145,3104,16883,1646.256
3569,4632,3145,3040,16848,1646.2605
3570,4632,3145,2962,16814,1646.265
3571,4632,3145,2882,16756,1646.2695
3572,4632,3145,2808,16695,1646.274
3573,4632,3145,2744,16656,1646.2785
3574,4500,3009,2952,16859,1646.283
3575,4500,3009,2888,16828,1646.2875
3576,4500,3009,2824,16796,1646.292
3577,4500,3009,2760,16762,1646.2965
3578,4500,3009,2690,16727,1646.301
3579,4500,3009,2610,16687,1646.3055
3580,4500,3009,2544,16636,1646.31
3581,4368,2873,11618,18013,1646.3145
3582,4368,2873,11426,17973,1646.319
3583,4368,2873,11232,17914,1646.3235
3584,4368,2873,11058,17900,1646.328
3585,4368,2873,10914,17872,1646.3325
3586,4368,2873,10728,17823,1646.337
3587,4368,2873,10552,17782,1646.3415
3588,4368,2873,10386,17749,1646.346
3589,4368,2873,10224,17690,1646.3505
3590,4368,2873,10064,17653,1646.355
3591,4368,2873,9890,17616,1646.3595
3592,4368,2873,9730,17558,1646.364
3593,4236,2737,10242,17807,1646.3685
3594,4236,2737,10098,17775,1646.373
3595,4236,2737,9986,17734,1646.3775
3596,4236,2737,9826,17692,1646.382
3597,4236,2737,9672,17643,1646.3865
3598,4236,2737,9528,17596,1646.391
3599,4236,2737,9362,17534,1646.3955
3600,4236,2737,9202,17469,1646.4
3601,4236,2737,9056,17421,1646.4045
3602,4236,2737,8912,17384,1646.409
3603,4236,2737,8770,17343,1646.4135
3604,4236,2737,8616,17308,1646.418
3605,4236,2737,8488,17266,1646.4225
3606,4104,2601,8936,17519,1646.427
3607,4104,2601,8776,17469,1646.4315
3608,4104,2601,8680,17447,1646.436
3609,4104,2601,8552,17432,1646.4405
3610,4104,2601,8408,17404,1646.445
3611,4104,2601,8274,17392,1646.4495
3612,4104,2601,8114,17367,1646.454
3613,4104,2601,7984,17327,1646.4585
3614,4104,2601,7842,17309,1646.463
3615,4104,2601,7714,17278,1646.4675
3616,4104,2601,7592,17271,1646.472
3617,4104,2601,7464,17259,1646.4765
3618,3972,2465,7880,17550,1646.481
3619,3972,2465,7752,17518,1646.4855
3620,3972,2465,7656,17487,1646.49
3621,3972,2465,7528,17463,1646.4945
3622,3972,2465,7400,17424,1646.499
3623,3972,2465,7266,17391,1646.5035
3624,3972,2465,7154,17358,1646.508
3625,3972,2465,7024,17310,1646.5125
3626,3972,2465,6898,17269,1646.517
3627,3972,2465,6770,17213,1646.5215
3628,3972,2465,6648,17146,1646.526
3629,3972,2465,6536,17111,1646.5305
3630,3840,2329,6920,17358,1646.535
3631,3840,2329,6792,17308,1646.5395
3632,3840,2329,6712,17269,1646.544
3633,3840,2329,6600,17214,1646.5485
3634,3840,2329,6488,17167,1646.553
3635,3840,2329,6370,17117,1646.5575
3636,3840,2329,6258,17079,1646.562
3637,3840,2329,6144,17006,1646.5665
3638,3840,2329,6032,16972,1646.571
3639,3840,2329,5922,16919,1646.5755
3640,3840,2329,5810,16874,1646.58
3641,3840,2329,5704,16830,1646.5845
3642,3840,2329,5592,16795,1646.589
3643,3708,2193,5928,17083,1646.5935
3644,3708,2193,5832,17054,1646.598
3645,3708,2193,5752,17022,1646.6025
3646,3708,2193,5656,16991,1646.607
3647,3708,2193,5554,16959,1646.6115
3648,3708,2193,5442,16911,1646.616
3649,3708,2193,5328,16871,1646.6205
3650,3708,2193,5232,16830,1646.625
3651,3708,2193,5138,16798,1646.6295
3652,3708,2193,5026,16758,1646.634
3653,3708,2193,4936,16718,1646.6385
3654,3708,2193,4840,16667,1646.643
3655,32899,41225,7864,31214,1646.6475
3656,32899,41225,7720,31140,1646.652
3657,32899,41225,7592,31083,1646.6565
3658,32899,41225,7432,30987,1646.661
3659,32899,41225,7314,30925,1646.6655
3660,32899,41225,7186,30831,1646.67
3661,32899,41225,7056,30735,1646.6745
3662,32899,41225,6960,30678,1646.679
3663,32401,40508,7378,30590,1646.6835
3664,32401,40508,7282,30542,1646.688
3665,32401,40508,7154,30457,1646.6925
3666,32401,40508,7056,30399,1646.697
3667,32401,40508,6944,30342,1646.7015
3668,32401,40508,6834,30311,1646.706
3669,32401,40508,6738,30270,1646.7105
3670,32401,40508,6616,30227,1646.715
3671,32401,40508,6504,30191,1646.7195
3672,32401,40508,6402,30143,1646.724
3673,32401,40508,6306,30124,1646.7285
3674,31903,39791,6658,30046,1646.733
3675,31903,39791,6562,30046,1646.7375
3676,31903,39791,6482,30046,1646.742
3677,31903,39791,6370,30045,1646.7465
3678,31903,39791,6274,30039,1646.751
3679,31903,39791,6160,30010,1646.7555
3680,31903,39791,6064,29999,1646.76
3681,31903,39791,5970,29997,1646.7645
3682,31903,39791,5874,29980,1646.769
3683,31903,39791,5768,29975,1646.7735
3684,31903,39791,5672,29967,1646.778
3685,31903,39791,5570,29943,1646.7825
3686,31903,39791,5474,29917,1646.787
3687,31903,39791,5378,29878,1646.7915
3688,31405,39074,5698,29803,1646.796
3689,31405,39074,5618,29787,1646.8005
3690,31405,39074,5538,29759,1646.805
3691,31405,39074,5458,29735,1646.8095
3692,31405,39074,5344,29655,1646.814
3693,31405,39074,5264,29599,1646.8185
3694,31405,39074,5170,29551,1646.823
3695,31405,39074,5074,29499,1646.8275
3696,31405,39074,4978,29447,1646.832
3697,31405,39074,4904,29415,1646.8365
3698,31405,39074,4808,29367,1646.841
3699,30900,38351,5096,29232,1646.8455
3700,30900,38351,5016,29181,1646.85
3701,30900,38351,4952,29166,1646.8545
3702,30900,38351,4856,29116,1646.859
3703,30900,38351,4786,29110,1646.8635
3704,30900,38351,4690,29081,1646.868
3705,30900,38351,4610,29036,1646.8725
3706,30900,38351,4528,29006,1646.877
3707,30900,38351,4448,28973,1646.8815
3708,30900,38351,4354,28933,1646.886
3709,30900,38351,4274,28926,1646.8905
3710,30900,38351,4200,28918,1646.895
3711,30900,38351,4104,28891,1646.8995
3712,30900,38351,4034,28887,1646.904
3713,30900,38351,3938,28863,1646.9085
3714,30900,38351,3874,28855,1646.913
3715,30384,37695,4130,28767,1646.9175
3716,30384,37695,4050,28735,1646.922
3717,30384,37695,4002,28719,1646.9265
3718,30384,37695,3922,28679,1646.931
3719,30384,37695,3840,28627,1646.9355
3720,30384,37695,3760,28604,1646.94
3721,30384,37695,3680,28559,1646.9445
3722,30384,37695,3618,28532,1646.949
3723,30384,37695,3538,28489,1646.9535
3724,29868,37039,3794,28415,1646.958
3725,29868,37039,3730,28384,1646.9625
3726,29868,37039,3666,28342,1646.967
3727,29868,37039,3602,28279,1646.9715
3728,29868,37039,3512,28205,1646.976
3729,29868,37039,3448,28155,1646.9805
3730,29868,37039,3368,28123,1646.985
3731,29868,37039,3298,28094,1646.9895
3732,29868,37039,3234,28067,1646.994
3733,29868,37039,3152,28014,1646.9985
3734,29868,37039,3088,27978,1647.003
3735,29352,36383,3328,27924,1647.0075
3736,29352,36383,3248,27927,1647.012
3737,29352,36383,3184,27903,1647.0165
3738,29352,36383,3120,27902,1647.021
3739,29352,36383,3056,27890,1647.0255
3740,29352,36383,2994,27888,1647.03
3741,29352,36383,2930,27872,1647.0345
3742,29352,36383,2856,27869,1647.039
3743,29352,36383,2792,27884,1647.0435
3744,29352,36383,2722,27902,1647.048
3745,29352,36383,2658,27927,1647.0525
3746,29352,36383,2594,27918,1647.057
3747,29352,36383,2528,27893,1647.0615
3748,28836,35727,10370,30295,1647.066
3749,28836,35727,10176,30231,1647.0705
3750,28836,35727,10032,30207,1647.075
3751,28836,35727,9890,30199,1647.0795
3752,28836,35727,9746,30150,1647.084
3753,28836,35727,9576,30075,1647.0885
3754,28836,35727,9458,30022,1647.093
3755,28836,35727,9298,29963,1647.0975
3756,28836,35727,9136,29910,1647.102
3757,28836,35727,9008,29878,1647.1065
3758,28320,35071,9538,29839,1647.111
3759,28320,35071,9442,29790,1647.1155
3760,28320,35071,9282,29685,1647.12
3761,28320,35071,9136,29598,1647.1245
3762,28320,35071,9008,29539,1647.129
3763,28320,35071,8882,29495,1647.1335
3764,28320,35071,8722,29421,1647.138
3765,28320,35071,8584,29365,1647.1425
3766,28320,35071,8440,29294,1647.147
3767,28320,35071,8306,29240,1647.1515
3768,28320,35071,8162,29174,1647.156
3769,28320,35071,8048,29148,1647.1605
3770,27804,34415,8562,29182,1647.165
3771,27804,34415,8450,29142,1647.1695
3772,27804,34415,8338,29110,1647.174
3773,27804,34415,8194,29035,1647.1785
3774,27804,34415,8064,28988,1647.183
3775,27804,34415,7936,28949,1647.1875
3776,27804,34415,7826,28939,1647.192
3777,27804,34415,7698,28899,1647.1965
3778,27804,34415,7560,28857,1647.201
3779,27804,34415,7448,28824,1647.2055
3780,27804,34415,7314,28775,1647.21
3781,27804,34415,7186,28718,1647.2145
3782,27804,34415,7056,28663,1647.219
3783,27804,34415,6944,28621,1647.2235
3784,27288,33759,7408,28575,1647.228
3785,27288,33759,7264,28480,1647.2325
3786,27288,33759,7200,28440,1647.237
3787,27288,33759,7088,28382,1647.2415
3788,27288,33759,6960,28318,1647.246
3789,27288,33759,6866,28276,1647.2505
3790,27288,33759,6738,28207,1647.255
3791,27288,33759,6632,28135,1647.2595
3792,27288,33759,6520,28071,1647.264
3793,27288,33759,6402,27996,1647.2685
3794,27288,33759,6290,27933,1647.273
3795,26772,33103,6728,27893,1647.2775
3796,26772,33103,6632,27834,1647.282
3797,26772,33103,6520,27772,1647.2865
3798,26772,33103,6418,27735,1647.291
3799,26772,33103,6322,27695,1647.2955
3800,26772,33103,6208,27627,1647.3
3801,26772,33103,6096,27592,1647.3045
3802,26772,33103,6002,27575,1647.309
3803,26772,33103,5906,27563,1647.3135
3804,26772,33103,5800,27547,1647.318
3805,26772,33103,5688,27517,1647.3225
3806,26256,32447,6066,27511,1647.327
3807,26256,32447,6002,27495,1647.3315
3808,26256,32447,5906,27475,1647.336
3809,26256,32447,5800,27451,1647.3405
3810,26256,32447,5704,27444,1647.345
3811,26256,32447,5602,27448,1647.3495
3812,26256,32447,5506,27439,1647.354
3813,26256,32447,5426,27438,1647.3585
3814,26256,32447,5312,27389,1647.363
3815,26256,32447,5216,27373,1647.3675
3816,26256,32447,5122,27351,1647.372
3817,26256,32447,5042,27355,1647.3765
3818,26256,32447,4952,27325,1647.381
3819,26256,32447,4856,27279,1647.3855
3820,25736,31790,5218,27254,1647.39
3821,25736,31790,5138,27206,1647.3945
3822,25736,31790,5058,27175,1647.399
3823,25736,31790,4968,27150,1647.4035
3824,25736,31790,4872,27123,1647.408
3825,25736,31790,4786,27104,1647.4125
3826,25736,31790,4706,27062,1647.417
3827,25736,31790,4626,27019,1647.4215
3828,25736,31790,4528,26972,1647.426
3829,25736,31790,4448,26935,1647.4305
3830,25736,31790,4370,26919,1647.435
3831,25736,31790,4290,26878,1647.4395
3832,25736,31790,4200,26860,1647.444
3833,25736,31790,4120,26837,1647.4485
3834,25736,31790,4050,26823,1647.453
3835,25736,31790,3954,26815,1647.4575
3836,25736,31790,3874,26814,1647.462
3837,25317,31243,4130,26814,1647.4665
3838,25317,31243,4066,26812,1647.471
3839,25317,31243,4002,26808,1647.4755
3840,25317,31243,3922,26799,1647.48
3841,25317,31243,3840,26764,1647.4845
3842,25317,31243,3760,26766,1647.489
3843,25317,31243,3698,26763,1647.4935
3844,25317,31243,3618,26744,1647.498
3845,25317,31243,3538,26735,1647.5025
3846,25317,31243,3464,26711,1647.507
3847,25317,31243,3400,26686,1647.5115
3848,24898,30696,3624,26607,1647.516
3849,24898,30696,3544,26584,1647.5205
3850,24898,30696,3496,26563,1647.525
3851,24898,30696,3416,26525,1647.5295
3852,24898,30696,3346,26486,1647.534
3853,24898,30696,3282,26443,1647.5385
3854,24898,30696,3202,26363,1647.543
3855,24898,30696,3136,26311,1647.5475
3856,24898,30696,3056,26253,1647.552
3857,24898,30696,2994,26230,1647.5565
3858,24898,30696,2930,26191,1647.561
3859,24898,30696,2856,26141,1647.5655
3860,24898,30696,2792,26095,1647.57
3861,24479,30149,3042,26072,1647.5745
3862,24479,30149,2962,26027,1647.579
3863,24479,30149,2898,25990,1647.5835
3864,24479,30149,2824,25952,1647.588
3865,24479,30149,2760,25934,1647.5925
3866,24479,30149,2690,25904,1647.597
3867,24479,30149,2626,25879,1647.6015
3868,24479,30149,2560,25834,1647.606
3869,24060,29602,10562,27893,1647.6105
3870,24060,29602,10386,27870,1647.615
3871,24060,29602,10208,27834,1647.6195
3872,24060,29602,10064,27824,1647.624
3873,24060,29602,9922,27803,1647.6285
3874,24060,29602,9762,27760,1647.633
3875,24060,29602,9608,27725,1647.6375
3876,24060,29602,9448,27695,1647.642
3877,24060,29602,9298,27691,1647.6465
3878,24060,29602,9136,27645,1647.651
3879,24060,29602,9008,27639,1647.6555
3880,23641,29055,9538,27676,1647.66
3881,23641,29055,9426,27632,1647.6645
3882,23641,29055,9282,27579,1647.669
3883,23641,29055,9120,27534,1647.6735
3884,23641,29055,8992,27503,1647.678
3885,23641,29055,8866,27484,1647.6825
3886,23641,29055,8722,27419,1647.687
3887,23641,29055,8568,27352,1647.6915
3888,23641,29055,8440,27287,1647.696
3889,23641,29055,8290,27230,1647.7005
3890,23641,29055,8162,27188,1647.705
3891,23641,29055,8016,27134,1647.7095
3892,23222,28508,8514,27182,1647.714
3893,23222,28508,8418,27130,1647.7185
3894,23222,28508,8290,27077,1647.723
3895,23222,28508,8146,27032,1647.7275
3896,23222,28508,8016,26991,1647.732
3897,23222,28508,7890,26974,1647.7365
3898,23222,28508,7762,26939,1647.741
3899,23222,28508,7640,26894,1647.7455
3900,23222,28508,7512,26859,1647.75
3901,23222,28508,7394,26830,1647.7545
3902,23222,28508,7266,26810,1647.759
3903,23222,28508,7136,26780,1647.7635
3904,23222,28508,7008,26765,1647.768
3905,22803,27961,7458,26814,1647.7725
3906,22803,27961,7378,26798,1647.777
3907,22803,27961,7250,26748,1647.7815
3908,22803,27961,7136,26709,1647.786
3909,22803,27961,7024,26679,1647.7905
3910,22803,27961,6898,26639,1647.795
3911,22803,27961,6770,26603,1647.7995
3912,22803,27961,6664,26555,1647.804
3913,22803,27961,6552,26509,1647.8085
3914,22803,27961,6450,26463,1647.813
3915,22803,27961,6338,26413,1647.8175
3916,22384,27414,6728,26384,1647.822
3917,22384,27414,6648,26336,1647.8265
3918,22384,27414,6536,26271,1647.831
3919,22384,27414,6434,26206,1647.8355
3920,22384,27414,6322,26135,1647.84
3921,22384,27414,6208,26046,1647.8445
3922,22384,27414,6112,25996,1647.849
3923,22384,27414,6002,25943,1647.8535
3924,22384,27414,5890,25855,1647.858
3925,22384,27414,5800,25819,1647.8625
3926,22384,27414,5704,25767,1647.867
3927,21965,26867,6066,25771,1647.8715
3928,21965,26867,5986,25723,1647.876
3929,21965,26867,5890,25675,1647.8805
3930,21965,26867,5800,25638,1647.885
3931,21965,26867,5688,25591,1647.8895
3932,21965,26867,5602,25566,1647.894
3933,21965,26867,5490,25531,1647.8985
3934,21965,26867,5410,25503,1647.903
3935,21965,26867,5296,25467,1647.9075
3936,21965,26867,5216,25450,1647.912
3937,21965,26867,5106,25436,1647.9165
3938,21965,26867,5026,25435,1647.921
3939,21965,26867,4936,25419,1647.9255
3940,21965,26867,4840,25399,1647.93
3941,21542,26315,5202,25423,1647.9345
3942,21542,26315,5106,25388,1647.939
3943,21542,26315,5026,25368,1647.9435
3944,21542,26315,4936,25341,1647.948
3945,21542,26315,4840,25334,1647.9525
3946,21542,26315,4754,25323,1647.957
3947,21542,26315,4674,25292,1647.9615
3948,21542,26315,4576,25230,1647.966
3949,21542,26315,4480,25179,1647.9705
3950,21542,26315,4402,25163,1647.975
3951,21542,26315,4322,25134,1647.9795
3952,21542,26315,4226,25098,1647.984
3953,21542,26315,4152,25071,1647.9885
3954,21542,26315,4056,25029,1647.993
3955,21206,25863,4296,25008,1647.9975
3956,21206,25863,4232,24980,1648.002
3957,21206,25863,4152,24956,1648.0065
3958,21206,25863,4072,24940,1648.011
3959,21206,25863,4002,24927,1648.0155
3960,21206,25863,3922,24910,1648.02
3961,21206,25863,3840,24859,1648.0245
3962,21206,25863,3760,24860,1648.029
3963,21206,25863,3682,24860,1648.0335
3964,21206,25863,3602,24856,1648.038
3965,21206,25863,3538,24862,1648.0425
3966,21206,25863,3448,24855,1648.047
3967,21206,25863,3384,24853,1648.0515
3968,20870,25411,3592,24830,1648.056
3969,20870,25411,3528,24831,1648.0605
3970,20870,25411,3464,24839,1648.065
3971,20870,25411,3400,24847,1648.0695
3972,20870,25411,3314,24838,1648.074
3973,20870,25411,3250,24831,1648.0785
3974,20870,25411,3168,24812,1648.083
3975,20870,25411,3104,24793,1648.0875
3976,20870,25411,3026,24788,1648.092
3977,20870,25411,2962,24766,1648.0965
3978,20870,25411,2898,24759,1648.101
3979,20534,24959,3090,24701,1648.1055
3980,20534,24959,3042,24671,1648.11
3981,20534,24959,2978,24631,1648.1145
3982,20534,24959,2898,24569,1648.119
3983,20534,24959,2840,24533,1648.1235
3984,20534,24959,2776,24502,1648.128
3985,20534,24959,2706,24461,1648.1325
3986,20534,24959,2642,24422,1648.137
3987,20534,24959,2560,24336,1648.1415
3988,20198,24507,10664,26167,1648.146
3989,20198,24507,10482,26091,1648.1505
3990,20198,24507,10338,26039,1648.155
3991,20198,24507,10176,25966,1648.1595
3992,20198,24507,10032,25932,1648.164
3993,20198,24507,9874,25883,1648.1685
3994,20198,24507,9714,25822,1648.173
3995,20198,24507,9560,25774,1648.1775
3996,19862,24055,10082,25823,1648.182
3997,19862,24055,9954,25799,1648.1865
3998,19862,24055,9810,25775,1648.191
3999,19862,24055,9656,25739,1648.1955
4000,19862,24055,9512,25708,1648.2
4001,19862,24055,9362,25662,1648.2045
4002,19862,24055,9202,25613,1648.209
4003,19862,24055,9056,25592,1648.2135
4004,19862,24055,8912,25578,1648.218
4005,19862,24055,8786,25565,1648.2225
4006,19862,24055,8642,25531,1648.227
4007,19862,24055,8504,25492,1648.2315
4008,19862,24055,8354,25448,1648.236
4009,19862,24055,8210,25404,1648.2405
4010,19526,23603,8674,25462,1648.245
4011,19526,23603,8530,25439,1648.2495
4012,19526,23603,8434,25400,1648.254
4013,19526,23603,8306,25355,1648.2585
4014,19526,23603,8178,25299,1648.263
4015,19526,23603,8048,25246,1648.2675
4016,19526,23603,7920,25192,1648.272
4017,19526,23603,7794,25149,1648.2765
4018,19526,23603,7650,25093,1648.281
4019,19526,23603,7512,25054,1648.2855
4020,19526,23603,7384,25015,1648.29
4021,19190,23151,7816,25040,1648.2945
4022,19190,23151,7688,24990,1648.299
4023,19190,23151,7608,24974,1648.3035
4024,19190,23151,7496,24943,1648.308
4025,19190,23151,7362,24911,1648.3125
4026,19190,23151,7250,24888,1648.317
4027,19190,23151,7104,24822,1648.3215
4028,19190,23151,6992,24811,1648.326
4029,19190,23151,6882,24793,1648.3305
4030,19190,23151,6770,24780,1648.335
4031,19190,23151,6648,24758,1648.3395
4032,19190,23151,6536,24750,1648.344
4033,18854,22699,6920,24814,1648.3485
4034,18854,22699,6808,24799,1648.353
4035,18854,22699,6728,24783,1648.3575
4036,18854,22699,6616,24766,1648.362
4037,18854,22699,6504,24759,1648.3665
4038,18854,22699,6386,24731,1648.371
4039,18854,22699,6290,24700,1648.3755
4040,18854,22699,6160,24651,1648.38
4041,18854,22699,6064,24627,1648.3845
4042,18854,22699,5954,24597,1648.389
4043,18854,22699,5858,24566,1648.3935
4044,18854,22699,5752,24535,1648.398
4045,18854,22699,5640,24492,1648.4025
4046,18518,22247,5992,24503,1648.407
4047,18518,22247,5896,24444,1648.4115
4048,18518,22247,5816,24406,1648.416
4049,18518,22247,5720,24348,1648.4205
4050,18518,22247,5608,24279,1648.425
4051,18518,22247,5522,24243,1648.4295
4052,18518,22247,5426,24190,1648.434
4053,18518,22247,5328,24144,1648.4385
4054,18518,22247,5216,24075,1648.443
4055,18518,22247,5122,24024,1648.4475
4056,18518,22247,5042,23995,1648.452
4057,18518,22247,4936,23947,1648.4565
4058,18518,22247,4840,23913,1648.461
4059,18178,21788,5202,23928,1648.4655
4060,18178,21788,5106,23886,1648.47
4061,18178,21788,5010,23856,1648.4745
4062,18178,21788,4920,23815,1648.479
4063,18178,21788,4824,23790,1648.4835
4064,18178,21788,4738,23766,1648.488
4065,18178,21788,4658,23759,1648.4925
4066,18178,21788,4560,23738,1648.497
4067,18178,21788,4464,23723,1648.5015
4068,18178,21788,4386,23701,1648.506
4069,18178,21788,4290,23664,1648.5105
4070,17871,21378,4562,23711,1648.515
4071,17871,21378,4482,23702,1648.5195
4072,17871,21378,4402,23680,1648.524
4073,17871,21378,4322,23660,1648.5285
4074,17871,21378,4242,23616,1648.533
4075,17871,21378,4152,23555,1648.5375
4076,17871,21378,4072,23526,1648.542
4077,17871,21378,3986,23512,1648.5465
4078,17871,21378,3906,23488,1648.551
4079,17871,21378,3824,23462,1648.5555
4080,17871,21378,3744,23421,1648.56
4081,17564,20968,4000,23422,1648.5645
4082,17564,20968,3920,23383,1648.569
4083,17564,20968,3856,23344,1648.5735
4084,17564,20968,3792,23318,1648.578
4085,17564,20968,3696,23278,1648.5825
4086,17564,20968,3634,23263,1648.587
4087,17564,20968,3554,23229,1648.5915
4088,17564,20968,3480,23198,1648.596
4089,17564,20968,3400,23164,1648.6005
4090,17564,20968,3330,23148,1648.605
4091,17564,20968,3250,23151,1648.6095
4092,17564,20968,3184,23134,1648.614
4093,17564,20968,3104,23115,1648.6185
4094,17257,20558,3344,23156,1648.623
4095,17257,20558,3264,23134,1648.6275
4096,17257,20558,3200,23119,1648.632
4097,17257,20558,3136,23128,1648.6365
4098,17257,20558,3056,23133,1648.641
4099,17257,20558,2994,23148,1648.6455
4100,17257,20558,2930,23136,1648.65
4101,17257,20558,2856,23128,1648.6545
4102,17257,20558,2792,23118,1648.659
4103,17257,20558,2722,23111,1648.6635
4104,17257,20558,2642,23099,1648.668
4105,17257,20558,2578,23083,1648.6725
4106,17257,20558,2512,23047,1648.677
4107,16950,20148,10664,24702,1648.6815
4108,16950,20148,10482,24660,1648.686
4109,16950,20148,10306,24600,1648.6905
4110,16950,20148,10128,24551,1648.695
4111,16950,20148,10000,24519,1648.6995
4112,16950,20148,9842,24487,1648.704
4113,16950,20148,9682,24431,1648.7085
4114,16643,19738,10210,24446,1648.713
4115,16643,19738,10082,24411,1648.7175
4116,16643,19738,9970,24366,1648.722
4117,16643,19738,9826,24307,1648.7265
4118,16643,19738,9672,24246,1648.731
4119,16643,19738,9512,24184,1648.7355
4120,16643,19738,9378,24133,1648.74
4121,16643,19738,9202,24058,1648.7445
4122,16643,19738,9072,24024,1648.749
4123,16643,19738,8928,23979,1648.7535
4124,16643,19738,8802,23947,1648.758
4125,16643,19738,8658,23911,1648.7625
4126,16643,19738,8504,23866,1648.767
4127,16336,19328,8994,23915,1648.7715
4128,16336,19328,8898,23877,1648.776
4129,16336,19328,8754,23827,1648.7805
4130,16336,19328,8616,23785,1648.785
4131,16336,19328,8472,23758,1648.7895
4132,16336,19328,8338,23742,1648.794
4133,16336,19328,8194,23703,1648.7985
4134,16336,19328,8048,23674,1648.803
4135,16336,19328,7920,23632,1648.8075
4136,16336,19328,7794,23595,1648.812
4137,16336,19328,7666,23543,1648.8165
4138,16336,19328,7544,23515,1648.821
4139,16336,19328,7416,23479,1648.8255
4140,16029,18918,7896,23582,1648.83
4141,16029,18918,7784,23536,1648.8345
4142,16029,18918,7688,23487,1648.839
4143,16029,18918,7576,23451,1648.8435
4144,16029,18918,7448,23397,1648.848
4145,16029,18918,7314,23356,1648.8525
4146,16029,18918,7202,23310,1648.857
4147,16029,18918,7072,23255,1648.8615
4148,16029,18918,6960,23207,1648.866
4149,16029,18918,6850,23158,1648.8705
4150,16029,18918,6722,23099,1648.875
4151,16029,18918,6600,23046,1648.8795
4152,16029,18918,6488,23020,1648.884
4153,15722,18508,6904,23071,1648.8885
4154,15722,18508,6792,23036,1648.893
4155,15722,18508,6712,23020,1648.8975
4156,15722,18508,6600,22991,1648.902
4157,15722,18508,6488,22972,1648.9065
4158,15722,18508,6370,22959,1648.911
4159,15722,18508,6258,22940,1648.9155
4160,15722,18508,6128,22895,1648.92
4161,15722,18508,6032,22887,1648.9245
4162,15722,18508,5938,22875,1648.929
4163,15722,18508,5810,22848,1648.9335
4164,15722,18508,5720,22843,1648.938
4165,15722,18508,5608,22830,1648.9425
4166,15415,18098,6008,22942,1648.947
4167,15415,18098,5896,22912,1648.9515
4168,15415,18098,5832,22908,1648.956
4169,15415,18098,5720,22888,1648.9605
4170,15415,18098,5608,22846,1648.965
4171,15415,18098,5522,22839,1648.9695
4172,15415,18098,5426,22808,1648.974
4173,15415,18098,5296,22747,1648.9785
4174,15415,18098,5216,22708,1648.983
4175,15415,18098,5106,22654,1648.9875
4176,15415,18098,5026,22636,1648.992
4177,15415,18098,4920,22587,1648.9965
4178,15415,18098,4824,22550,1649.001
4179,15099,17687,5202,22621,1649.0055
4180,15099,17687,5106,22557,1649.01
4181,15099,17687,5026,22511,1649.0145
4182,15099,17687,4936,22457,1649.019
4183,15099,17687,4840,22398,1649.0235
4184,15099,17687,4754,22363,1649.028
4185,15099,17687,4674,22319,1649.0325
4186,15099,17687,4576,22263,1649.037
4187,15099,17687,4480,22222,1649.0415
4188,15099,17687,4402,22204,1649.046
4189,15099,17687,4306,22168,1649.0505
4190,15099,17687,4226,22127,1649.055
4191,15099,17687,4136,22103,1649.0595
4192,15099,17687,4040,22077,1649.064
4193,14820,17355,4312,22143,1649.0685
4194,14820,17355,4232,22112,1649.073
4195,14820,17355,4168,22094,1649.0775
4196,14820,17355,4088,22053,1649.082
4197,14820,17355,4002,22036,1649.0865
4198,14820,17355,3922,22012,1649.091
4199,14820,17355,3840,21983,1649.0955
4200,14820,17355,3760,21983,1649.1
4201,14820,17355,3682,21973,1649.1045
4202,14820,17355,3602,21943,1649.109
4203,14820,17355,3538,21918,1649.1135
4204,14541,17023,3778,21951,1649.118
4205,14541,17023,3714,21927,1649.1225
4206,14541,17023,3650,21903,1649.127
4207,14541,17023,3570,21867,1649.1315
4208,14541,17023,3496,21824,1649.136
4209,14541,17023,3416,21773,1649.1405
4210,14541,17023,3346,21734,1649.145
4211,14541,17023,3266,21694,1649.1495
4212,14541,17023,3186,21664,1649.154
4213,14541,17023,3120,21629,1649.1585
4214,14541,17023,3040,21594,1649.163
4215,14262,16691,3280,21653,1649.1675
4216,14262,16691,3200,21599,1649.172
4217,14262,16691,3152,21591,1649.1765
4218,14262,16691,3072,21543,1649.181
4219,14262,16691,3010,21543,1649.1855
4220,14262,16691,2930,21528,1649.19
4221,14262,16691,2856,21501,1649.1945
4222,14262,16691,2792,21491,1649.199
4223,14262,16691,2728,21487,1649.2035
4224,14262,16691,2658,21486,1649.208
4225,14262,16691,2578,21488,1649.2125
4226,14262,16691,2512,21494,1649.217
4227,13983,16359,10808,23112,1649.2215
4228,13983,16359,10616,23084,1649.226
4229,13983,16359,10466,23062,1649.2305
4230,13983,16359,10274,23029,1649.235
4231,13983,16359,10112,23006,1649.2395
4232,13983,16359,9954,23019,1649.244
4233,13983,16359,9810,23007,1649.2485
4234,13704,16027,10368,23135,1649.253
4235,13704,16027,10224,23103,1649.2575
4236,13704,16027,10096,23086,1649.262
4237,13704,16027,9954,23061,1649.2665
4238,13704,16027,9794,23023,1649.271
4239,13704,16027,9640,22998,1649.2755
4240,13704,16027,9496,22958,1649.28
4241,13704,16027,9346,22902,1649.2845
4242,13704,16027,9186,22846,1649.289
4243,13704,16027,9040,22795,1649.2935
4244,13704,16027,8912,22750,1649.298
4245,13704,16027,8770,22703,1649.3025
4246,13704,16027,8600,22646,1649.307
4247,13704,16027,8472,22603,1649.3115
4248,13425,15695,8994,22712,1649.316
4249,13425,15695,8882,22666,1649.3205
4250,13425,15695,8754,22615,1649.325
4251,13425,15695,8584,22543,1649.3295
4252,13425,15695,8456,22502,1649.334
4253,13425,15695,8322,22463,1649.3385
4254,13425,15695,8178,22427,1649.343
4255,13425,15695,8048,22390,1649.3475
4256,13425,15695,7920,22358,1649.352
4257,13425,15695,7794,22334,1649.3565
4258,13425,15695,7650,22302,1649.361
4259,13425,15695,7512,22272,1649.3655
4260,13425,15695,7400,22256,1649.37
4261,13146,15363,7864,22352,1649.3745
4262,13146,15363,7720,22303,1649.379
4263,13146,15363,7640,22270,1649.3835
4264,13146,15363,7512,22252,1649.388
4265,13146,15363,7394,22222,1649.3925
4266,13146,15363,7266,22191,1649.397
4267,13146,15363,7120,22142,1649.4015
4268,13146,15363,7024,22124,1649.406
4269,13146,15363,6898,22076,1649.4105
4270,13146,15363,6770,22013,1649.415
4271,13146,15363,6648,21950,1649.4195
4272,13146,15363,6536,21918,1649.424
4273,12867,15031,6962,22016,1649.4285
4274,12867,15031,6882,21995,1649.433
4275,12867,15031,6770,21944,1649.4375
4276,12867,15031,6664,21877,1649.442
4277,12867,15031,6536,21814,1649.4465
4278,12867,15031,6434,21767,1649.451
4279,12867,15031,6322,21736,1649.4555
4280,12867,15031,6208,21684,1649.46
4281,12867,15031,6096,21646,1649.4645
4282,12867,15031,5986,21610,1649.469
4283,12867,15031,5874,21562,1649.4735
4284,12867,15031,5768,21519,1649.478
4285,12867,15031,5656,21493,1649.4825
4286,12588,14699,6050,21614,1649.487
4287,12588,14699,5970,21599,1649.4915
4288,12588,14699,5874,21575,1649.496
4289,12588,14699,5768,21549,1649.5005
4290,12588,14699,5656,21515,1649.505
4291,12588,14699,5554,21503,1649.5095
4292,12588,14699,5458,21504,1649.514
4293,12588,14699,5360,21500,1649.5185
4294,12588,14699,5248,21487,1649.523
4295,12588,14699,5154,21484,1649.5275
4296,12588,14699,5058,21462,1649.532
4297,12588,14699,4952,21446,1649.5365
4298,12588,14699,4856,21431,1649.541
4299,12306,14361,5202,21519,1649.5455
4300,12306,14361,5138,21500,1649.55
4301,12306,14361,5058,21483,1649.5545
4302,12306,14361,4952,21454,1649.559
4303,12306,14361,4856,21414,1649.5635
4304,12306,14361,4770,21399,1649.568
4305,12306,14361,4674,21366,1649.5725
4306,12306,14361,4594,21339,1649.577
4307,12306,14361,4496,21294,1649.5815
4308,12306,14361,4400,21239,1649.586
4309,12306,14361,4322,21211,1649.5905
4310,12306,14361,4242,21176,1649.595
4311,12306,14361,4152,21132,1649.5995
4312,12306,14361,4056,21096,1649.604
4313,12090,14064,4312,21128,1649.6085
4314,12090,14064,4232,21086,1649.613
4315,12090,14064,4168,21053,1649.6175
4316,12090,14064,4088,21015,1649.622
4317,12090,14064,4002,20989,1649.6265
4318,12090,14064,3922,20974,1649.631
4319,12090,14064,3824,20940,1649.6355
4320,12090,14064,3760,20921,1649.64
4321,11874,13767,4000,20975,1649.6445
4322,11874,13767,3904,20951,1649.649
4323,11874,13767,3856,20942,1649.6535
4324,11874,13767,3776,20917,1649.658
4325,11874,13767,3696,20903,1649.6625
4326,11874,13767,3618,20891,1649.667
4327,11874,13767,3538,20870,1649.6715
4328,11874,13767,3464,20846,1649.676
4329,11874,13767,3400,20827,1649.6805
4330,11874,13767,3314,20795,1649.685
4331,11874,13767,3234,20767,1649.6895
4332,11874,13767,3168,20728,1649.694
4333,11874,13767,3088,20699,1649.6985
4334,11658,13470,3312,20752,1649.703
4335,11658,13470,3232,20718,1649.7075
4336,11658,13470,3184,20687,1649.712
4337,11658,13470,3120,20636,1649.7165
4338,11658,13470,3040,20575,1649.721
4339,11658,13470,2978,20542,1649.7255
4340,11658,13470,2898,20495,1649.73
4341,11658,13470,2824,20451,1649.7345
4342,11658,13470,2760,20419,1649.739
4343,11658,13470,2690,20379,1649.7435
4344,11658,13470,2626,20335,1649.748
4345,11658,13470,2544,20279,1649.7525
4346,11442,13173,11042,21688,1649.757
4347,11442,13173,10850,21647,1649.7615
4348,11442,13173,10680,21606,1649.766
4349,11442,13173,10514,21567,1649.7705
4350,11442,13173,10338,21515,1649.775
4351,11442,13173,10160,21470,1649.7795
4352,11442,13173,10016,21460,1649.784
4353,11442,13173,9858,21451,1649.7885
4354,11442,13173,9698,21439,1649.793
4355,11226,12876,10210,21550,1649.7975
4356,11226,12876,10082,21535,1649.802
4357,11226,12876,9954,21519,1649.8065
4358,11226,12876,9794,21500,1649.811
4359,11226,12876,9640,21494,1649.8155
4360,11226,12876,9496,21485,1649.82
4361,11226,12876,9330,21470,1649.8245
4362,11226,12876,9186,21454,1649.829
4363,11226,12876,9040,21436,1649.8335
4364,11226,12876,8880,21417,1649.838
4365,11226,12876,8738,21399,1649.8425
4366,11226,12876,8600,21375,1649.847
4367,11226,12876,8456,21355,1649.8515
4368,11010,12579,8920,21440,1649.856
4369,11010,12579,8792,21406,1649.8605
4370,11010,12579,8680,21366,1649.865
4371,11010,12579,8552,21335,1649.8695
4372,11010,12579,8408,21302,1649.874
4373,11010,12579,8274,21271,1649.8785
4374,11010,12579,8146,21231,1649.883
4375,11010,12579,8000,21176,1649.8875
4376,11010,12579,7874,21142,1649.892
4377,11010,12579,7730,21095,1649.8965
4378,11010,12579,7608,21055,1649.901
4379,11010,12579,7464,21019,1649.9055
4380,10794,12282,7938,21116,1649.91
4381,10794,12282,7826,21102,1649.9145
4382,10794,12282,7698,21054,1649.919
4383,10794,12282,7576,21018,1649.9235
4384,10794,12282,7448,20975,1649.928
4385,10794,12282,7314,20955,1649.9325
4386,10794,12282,7186,20924,1649.937
4387,10794,12282,7072,20909,1649.9415
4388,10794,12282,6944,20888,1649.946
4389,10794,12282,6834,20877,1649.9505
4390,10794,12282,6706,20844,1649.955
4391,10794,12282,6584,20798,1649.9595
4392,10794,12282,6472,20775,1649.964
4393,10578,11985,6888,20909,1649.9685
4394,10578,11985,6760,20872,1649.973
4395,10578,11985,6680,20847,1649.9775
4396,10578,11985,6568,20814,1649.982
4397,10578,11985,6450,20775,1649.9865
4398,10578,11985,6338,20726,1649.991
4399,10578,11985,6226,20686,1649.9955
4400,10578,11985,6112,20630,1650.0
4401,10578,11985,6002,20591,1650.0045
4402,10578,11985,5890,20532,1650.009
4403,10578,11985,5794,20487,1650.0135
4404,10578,11985,5672,20422,1650.018
4405,10362,11688,6050,20479,1650.0225
4406,10362,11688,5970,20452,1650.027
4407,10362,11688,5874,20407,1650.0315
4408,10362,11688,5768,20351,1650.036
4409,10362,11688,5672,20312,1650.0405
4410,10362,11688,5554,20252,1650.045
4411,10362,11688,5458,20206,1650.0495
4412,10362,11688,5360,20154,1650.054
4413,10362,11688,5264,20124,1650.0585
4414,10362,11688,5154,20086,1650.063
4415,10362,11688,5058,20055,1650.0675
4416,10362,11688,4962,20020,1650.072
4417,10362,11688,4856,19964,1650.0765
4418,10139,11382,5234,20110,1650.081
4419,10139,11382,5154,20087,1650.0855
4420,10139,11382,5058,20075,1650.09
4421,10139,11382,4968,20062,1650.0945
4422,10139,11382,4872,20043,1650.099
4423,10139,11382,4786,20030,1650.1035
4424,10139,11382,4690,20011,1650.108
4425,10139,11382,4594,19966,1650.1125
4426,10139,11382,4496,19956,1650.117
4427,10139,11382,4416,19935,1650.1215
4428,10139,11382,4322,19931,1650.126
4429,10139,11382,4226,19898,1650.1305
4430,10139,11382,4152,19870,1650.135
4431,10139,11382,4056,19838,1650.1395
4432,9944,11147,4312,19957,1650.144
4433,9944,11147,4232,19933,1650.1485
4434,9944,11147,4152,19915,1650.153
4435,9944,11147,4072,19883,1650.1575
4436,9944,11147,3986,19839,1650.162
4437,9944,11147,3906,19803,1650.1665
4438,9944,11147,3824,19759,1650.171
4439,9944,11147,3744,19727,1650.1755
4440,9944,11147,3666,19702,1650.18
4441,9944,11147,3570,19655,1650.1845
4442,9749,10912,3810,19743,1650.189
4443,9749,10912,3730,19710,1650.1935
4444,9749,10912,3682,19695,1650.198
4445,9749,10912,3602,19675,1650.2025
4446,9749,10912,3522,19645,1650.207
4447,9749,10912,3432,19623,1650.2115
4448,9749,10912,3368,19598,1650.216
4449,9749,10912,3282,19575,1650.2205
4450,9749,10912,3218,19550,1650.225
4451,9749,10912,3136,19510,1650.2295
4452,9749,10912,3056,19486,1650.234
4453,9554,10677,3280,19639,1650.2385
4454,9554,10677,3200,19614,1650.243
4455,9554,10677,3152,19615,1650.2475
4456,9554,10677,3072,19580,1650.252
4457,9554,10677,2994,19577,1650.2565
4458,9554,10677,2930,19560,1650.261
4459,9554,10677,2856,19531,1650.2655
4460,9554,10677,2792,19504,1650.27
4461,9554,10677,2722,19482,1650.2745
4462,9554,10677,2642,19450,1650.279
4463,9554,10677,2578,19420,1650.2835
4464,9554,10677,2496,19371,1650.288
4465,9359,10442,10994,20727,1650.2925
4466,9359,10442,10808,20667,1650.297
4467,9359,10442,10632,20619,1650.3015
4468,9359,10442,10450,20572,1650.306
4469,9359,10442,10290,20515,1650.3105
4470,9359,10442,10112,20443,1650.315
4471,9359,10442,9970,20406,1650.3195
4472,9359,10442,9810,20347,1650.324
4473,9164,10207,10322,20438,1650.3285
4474,9164,10207,10162,20382,1650.333
4475,9164,10207,10050,20347,1650.3375
4476,9164,10207,9906,20315,1650.342
4477,9164,10207,9730,20246,1650.3465
4478,9164,10207,9592,20205,1650.351
4479,9164,10207,9432,20166,1650.3555
4480,9164,10207,9282,20134,1650.36
4481,9164,10207,9122,20108,1650.3645
4482,9164,10207,8976,20073,1650.369
4483,9164,10207,8850,20055,1650.3735
4484,9164,10207,8674,19998,1650.378
4485,9164,10207,8536,19964,1650.3825
4486,9164,10207,8392,19942,1650.387
4487,8969,9972,8888,20123,1650.3915
4488,8969,9972,8728,20103,1650.396
4489,8969,9972,8632,20095,1650.4005
4490,8969,9972,8504,20080,1650.405
4491,8969,9972,8360,20054,1650.4095
4492,8969,9972,8226,20015,1650.414
4493,8969,9972,8080,19983,1650.4185
4494,8969,9972,7936,19951,1650.423
4495,8969,9972,7810,19948,1650.4275
4496,8969,9972,7666,19917,1650.432
4497,8969,9972,7528,19885,1650.4365
4498,8969,9972,7400,19839,1650.441
4499,8774,9737,7864,19992,1650.4455
4500,8774,9737,7736,19956,1650.45
4501,8774,9737,7640,19933,1650.4545
4502,8774,9737,7512,19902,1650.459
4503,8774,9737,7394,19864,1650.4635
4504,8774,9737,7266,19816,1650.468
4505,8774,9737,7136,19758,1650.4725
4506,8774,9737,7024,19727,1650.477
4507,8774,9737,6898,19703,1650.4815
4508,8774,9737,6770,19675,1650.486
4509,8774,9737,6648,19630,1650.4905
4510,8774,9737,6520,19590,1650.495
4511,8579,9502,6962,19754,1650.4995
4512,8579,9502,6850,19723,1650.504
4513,8579,9502,6738,19708,1650.5085
4514,8579,9502,6616,19687,1650.513
4515,8579,9502,6504,19670,1650.5175
4516,8579,9502,6386,19642,1650.522
4517,8579,9502,6274,19609,1650.5265
4518,8579,9502,6144,19563,1650.531
4519,8579,9502,6032,19564,1650.5355
4520,8579,9502,5938,19563,1650.54
4521,8579,9502,5826,19548,1650.5445
4522,8384,9267,6194,19694,1650.549
4523,8384,9267,6082,19670,1650.5535
4524,8384,9267,6002,19647,1650.558
4525,8384,9267,5890,19611,1650.5625
4526,8384,9267,5784,19578,1650.567
4527,8384,9267,5688,19550,1650.5715
4528,8384,9267,5586,19516,1650.576
4529,8384,9267,5474,19478,1650.5805
4530,8384,9267,5360,19419,1650.585
4531,8384,9267,5264,19381,1650.5895
4532,8182,9024,5618,19488,1650.594
4533,8182,9024,5538,19451,1650.5985
4534,8182,9024,5442,19414,1650.603
4535,8182,9024,5344,19359,1650.6075
4536,8182,9024,5248,19307,1650.612
4537,8182,9024,5154,19259,1650.6165
4538,8182,9024,5058,19199,1650.621
4539,8182,9024,4952,19147,1650.6255
4540,8182,9024,4872,19099,1650.63
4541,8182,9024,4770,19055,1650.6345
4542,8182,9024,4674,19000,1650.639
4543,8182,9024,4578,18956,1650.6435
4544,8182,9024,4496,18919,1650.648
4545,8182,9024,4402,18891,1650.6525
4546,8182,9024,4306,18855,1650.657
4547,8182,9024,4210,18815,1650.6615
4548,8008,8816,4482,18941,1650.666
4549,8008,8816,4418,18932,1650.6705
4550,8008,8816,4338,18910,1650.675
4551,8008,8816,4242,18875,1650.6795
4552,8008,8816,4168,18846,1650.684
4553,8008,8816,4072,18809,1650.6885
4554,8008,8816,3986,18799,1650.693
4555,8008,8816,3906,18782,1650.6975
4556,8008,8816,3824,18766,1650.702
4557,8008,8816,3728,18742,1650.7065
4558,7834,8608,3984,18860,1650.711
4559,7834,8608,3904,18829,1650.7155
4560,7834,8608,3840,18802,1650.72
4561,7834,8608,3760,18792,1650.7245
4562,7834,8608,3682,18765,1650.729
4563,7834,8608,3602,18718,1650.7335
4564,7834,8608,3522,18672,1650.738
4565,7834,8608,3448,18636,1650.7425
4566,7834,8608,3368,18607,1650.747
4567,7834,8608,3298,18583,1650.7515
4568,7834,8608,3218,18551,1650.756
4569,7834,8608,3136,18503,1650.7605
4570,7834,8608,3056,18461,1650.765
4571,7660,8400,3296,18558,1650.7695
4572,7660,8400,3216,18527,1650.774
4573,7660,8400,3152,18494,1650.7785
4574,7660,8400,3088,18473,1650.783
4575,7660,8400,3010,18454,1650.7875
4576,7660,8400,2930,18429,1650.792
4577,7660,8400,2872,18413,1650.7965
4578,7660,8400,2792,18391,1650.801
4579,7660,8400,2728,18379,1650.8055
4580,7660,8400,2642,18366,1650.81
4581,7660,8400,2578,18359,1650.8145
4582,7660,8400,2512,18350,1650.819
4583,7486,8192,11168,19710,1650.8235
4584,7486,8192,10978,19702,1650.828
4585,7486,8192,10834,19693,1650.8325
4586,7486,8192,10648,19662,1650.837
4587,7486,8192,10482,19642,1650.8415
4588,7486,8192,10306,19614,1650.846
4589,7312,7984,10882,19821,1650.8505
4590,7312,7984,10706,19803,1650.855
4591,7312,7984,10610,19787,1650.8595
4592,7312,7984,10450,19756,1650.864
4593,7312,7984,10274,19700,1650.8685
4594,7312,7984,10096,19652,1650.873
4595,7312,7984,9954,19627,1650.8775
4596,7312,7984,9794,19579,1650.882
4597,7312,7984,9640,19532,1650.8865
4598,7312,7984,9480,19461,1650.891
4599,7312,7984,9330,19419,1650.8955
4600,7312,7984,9170,19366,1650.9
4601,7138,7776,9682,19515,1650.9045
4602,7138,7776,9522,19453,1650.909
4603,7138,7776,9426,19430,1650.9135
4604,7138,7776,9282,19374,1650.918
4605,7138,7776,9136,19313,1650.9225
4606,7138,7776,8992,19259,1650.927
4607,7138,7776,8850,19221,1650.9315
4608,7138,7776,8706,19163,1650.936
4609,7138,7776,8552,19132,1650.9405
4610,7138,7776,8408,19094,1650.945
4611,7138,7776,8274,19055,1650.9495
4612,7138,7776,8130,19004,1650.954
4613,7138,7776,7984,18964,1650.9585
4614,6964,7568,8482,19159,1650.963
4615,6964,7568,8370,19134,1650.9675
4616,6964,7568,8242,19117,1650.972
4617,6964,7568,8112,19086,1650.9765
4618,6964,7568,7968,19047,1650.981
4619,6964,7568,7842,19020,1650.9855
4620,6964,7568,7714,18987,1650.99
4621,6964,7568,7560,18943,1650.9945
4622,6964,7568,7432,18926,1650.999
4623,6964,7568,7314,18908,1651.0035
4624,6964,7568,7186,18872,1651.008
4625,6964,7568,7056,18827,1651.0125
4626,6964,7568,6928,18792,1651.017
4627,6790,7360,7344,18935,1651.0215
4628,6790,7360,7232,18895,1651.026
4629,6790,7360,7152,18871,1651.0305
4630,6790,7360,7024,18824,1651.035
4631,6790,7360,6914,18780,1651.0395
4632,6790,7360,6786,18732,1651.044
4633,6790,7360,6664,18675,1651.0485
4634,6790,7360,6552,18646,1651.053
4635,6790,7360,6434,18614,1651.0575
4636,6790,7360,6322,18575,1651.062
4637,6790,7360,6192,18519,1651.0665
4638,6790,7360,6080,18468,1651.071
4639,6616,7152,6480,18631,1651.0755
4640,6616,7152,6368,18591,1651.08
4641,6616,7152,6272,18557,1651.0845
4642,6616,7152,6176,18542,1651.089
4643,6616,7152,6064,18523,1651.0935
4644,6616,7152,5970,18511,1651.098
4645,6616,7152,5842,18479,1651.1025
4646,6616,7152,5736,18455,1651.107
4647,6616,7152,5624,18427,1651.1115
4648,6616,7152,5522,18426,1651.116
4649,6616,7152,5426,18422,1651.1205
4650,6616,7152,5312,18391,1651.125
4651,6616,7152,5216,18376,1651.1295
4652,6434,6939,5600,18583,1651.134
4653,6434,6939,5488,18555,1651.1385
4654,6434,6939,5408,18540,1651.143
4655,6434,6939,5312,18510,1651.1475
4656,6434,6939,5216,18487,1651.152
4657,6434,6939,5106,18455,1651.1565
4658,6434,6939,5010,18423,1651.161
4659,6434,6939,4920,18391,1651.1655
4660,6434,6939,4840,18358,1651.17
4661,6434,6939,4738,18311,1651.1745
4662,6434,6939,4642,18279,1651.179
4663,6434,6939,4544,18229,1651.1835
4664,6434,6939,4448,18174,1651.188
4665,6434,6939,4370,18141,1651.1925
4666,6434,6939,4274,18085,1651.197
4667,6281,6758,4546,18171,1651.2015
4668,6281,6758,4450,18135,1651.206
4669,6281,6758,4386,18108,1651.2105
4670,6281,6758,4306,18075,1651.215
4671,6281,6758,4210,18024,1651.2195
4672,6281,6758,4120,17965,1651.224
4673,6281,6758,4040,17916,1651.2285
4674,6281,6758,3954,17886,1651.233
4675,6281,6758,3874,17853,1651.2375
4676,6281,6758,3792,17822,1651.242
4677,6281,6758,3696,17790,1651.2465
4678,6128,6577,3952,17899,1651.251
4679,6128,6577,3872,17869,1651.2555
4680,6128,6577,3808,17846,1651.26
4681,6128,6577,3712,17805,1651.2645
4682,6128,6577,3634,17798,1651.269
4683,6128,6577,3570,17782,1651.2735
4684,6128,6577,3480,17759,1651.278
4685,6128,6577,3400,17739,1651.2825
4686,6128,6577,3330,17703,1651.287
4687,6128,6577,3250,17679,1651.2915
4688,6128,6577,3168,17643,1651.296
4689,6128,6577,3088,17614,1651.3005
4690,5975,6396,3328,17743,1651.305
4691,5975,6396,3248,17710,1651.3095
4692,5975,6396,3184,17662,1651.314
4693,5975,6396,3120,17631,1651.3185
4694,5975,6396,3040,17595,1651.323
4695,5975,6396,2978,17581,1651.3275
4696,5975,6396,2898,17543,1651.332
4697,5975,6396,2824,17493,1651.3365
4698,5975,6396,2760,17453,1651.341
4699,5975,6396,2674,17399,1651.3455
4700,5975,6396,2610,17371,1651.35
4701,5975,6396,2544,17339,1651.3545
4702,5822,6215,11474,18727,1651.359
4703,5822,6215,11280,18670,1651.3635
4704,5822,6215,11122,18646,1651.368
4705,5822,6215,10946,18605,1651.3725
4706,5822,6215,10776,18555,1651.377
4707,5822,6215,10600,18534,1651.3815
4708,5822,6215,10434,18510,1651.386
4709,5822,6215,10258,18491,1651.3905
4710,5669,6034,10834,18715,1651.395
4711,5669,6034,10658,18683,1651.3995
4712,5669,6034,10546,18675,1651.404
4713,5669,6034,10386,18653,1651.4085
4714,5669,6034,10208,18616,1651.413
4715,5669,6034,10064,18615,1651.4175
4716,5669,6034,9906,18613,1651.422
4717,5669,6034,9746,18590,1651.4265
4718,5669,6034,9576,18573,1651.431
4719,5669,6034,9432,18551,1651.4355
4720,5669,6034,9282,18526,1651.44
4721,5669,6034,9120,18492,1651.4445
4722,5669,6034,8944,18464,1651.449
4723,5669,6034,8818,18446,1651.4535
4724,5669,6034,8674,18411,1651.458
4725,5516,5853,9186,18588,1651.4625
4726,5516,5853,9042,18549,1651.467
4727,5516,5853,8946,18522,1651.4715
4728,5516,5853,8786,18467,1651.476
4729,5516,5853,8658,18420,1651.4805
4730,5516,5853,8520,18376,1651.485
4731,5516,5853,8376,18330,1651.4895
4732,5516,5853,8226,18271,1651.494
4733,5516,5853,8080,18220,1651.4985
4734,5516,5853,7952,18167,1651.503
4735,5516,5853,7826,18139,1651.5075
4736,5516,5853,7682,18087,1651.512
4737,5516,5853,7544,18046,1651.5165
4738,5516,5853,7416,18012,1651.521
4739,5363,5672,7880,18158,1651.5255
4740,5363,5672,7752,18124,1651.53
4741,5363,5672,7672,18094,1651.5345
4742,5363,5672,7544,18070,1651.539
4743,5363,5672,7400,18035,1651.5435
4744,5363,5672,7282,18010,1651.548
4745,5363,5672,7154,17966,1651.5525
4746,5363,5672,7024,17931,1651.557
4747,5363,5672,6898,17903,1651.5615
4748,5363,5672,6770,17875,1651.566
4749,5363,5672,6648,17839,1651.5705
4750,5363,5672,6536,17819,1651.575
4751,5210,5491,6962,18012,1651.5795
4752,5210,5491,6882,17981,1651.584
4753,5210,5491,6754,17934,1651.5885
4754,5210,5491,6632,17887,1651.593
4755,5210,5491,6520,17855,1651.5975
4756,5210,5491,6402,17819,1651.602
4757,5210,5491,6290,17787,1651.6065
4758,5210,5491,6176,17726,1651.611
4759,5210,5491,6064,17676,1651.6155
4760,5210,5491,5954,17627,1651.62
4761,5210,5491,5842,17583,1651.6245
4762,5210,5491,5736,17534,1651.629
4763,5210,5491,5624,17497,1651.6335
4764,5057,5310,6008,17639,1651.638
4765,5057,5310,5896,17589,1651.6425
4766,5057,5310,5816,17552,1651.647
4767,5057,5310,5720,17514,1651.6515
4768,5057,5310,5608,17463,1651.656
4769,5057,5310,5490,17423,1651.6605
4770,5057,5310,5394,17389,1651.665
4771,5057,5310,5296,17366,1651.6695
4772,5057,5310,5200,17335,1651.674
4773,5057,5310,5090,17304,1651.6785
4774,5057,5310,4994,17275,1651.683
4775,5057,5310,4888,17259,1651.6875
4776,5057,5310,4792,17247,1651.692
4777,4896,5128,5144,17423,1651.6965
4778,4896,5128,5048,17404,1651.701
4779,4896,5128,4984,17396,1651.7055
4780,4896,5128,4888,17383,1651.71
4781,4896,5128,4792,17371,1651.7145
4782,4896,5128,4690,17360,1651.719
4783,4896,5128,4594,17333,1651.7235
4784,4896,5128,4512,17307,1651.728
4785,4896,5128,4416,17275,1651.7325
4786,4896,5128,4322,17260,1651.737
4787,4896,5128,4242,17244,1651.7415
4788,4896,5128,4136,17208,1651.746
4789,4896,5128,4056,17180,1651.7505
4790,4784,4975,4296,17308,1651.755
4791,4784,4975,4232,17275,1651.7595
4792,4784,4975,4136,17231,1651.764
4793,4784,4975,4056,17189,1651.7685
4794,4784,4975,3970,17135,1651.773
4795,4784,4975,3890,17103,1651.7775
4796,4784,4975,3792,17052,1651.782
4797,4784,4975,3712,17012,1651.7865
4798,4784,4975,3634,16990,1651.791
4799,4784,4975,3554,16949,1651.7955
4800,4784,4975,3480,16907,1651.8
4801,4784,4975,3400,16863,1651.8045
4802,4672,4822,3608,16950,1651.809
4803,4672,4822,3528,16916,1651.8135
4804,4672,4822,3464,16887,1651.818
4805,4672,4822,3384,16862,1651.8225
4806,4672,4822,3314,16830,1651.827
4807,4672,4822,3234,16799,1651.8315
4808,4672,4822,3152,16758,1651.836
4809,4672,4822,3072,16717,1651.8405
4810,4560,4669,3264,16846,1651.845
4811,4560,4669,3200,16830,1651.8495
4812,4560,4669,3136,16815,1651.854
4813,4560,4669,3056,16784,1651.8585
4814,4560,4669,2994,16766,1651.863
4815,4560,4669,2930,16744,1651.8675
4816,4560,4669,2840,16700,1651.872
4817,4560,4669,2776,16680,1651.8765
4818,4560,4669,2706,16651,1651.881
4819,4560,4669,2626,16605,1651.8855
4820,4560,4669,2544,16555,1651.89
4821,4448,4516,11666,17878,1651.8945
4822,4448,4516,11474,17835,1651.899
4823,4448,4516,11264,17758,1651.9035
4824,4448,4516,11106,17743,1651.908
4825,4448,4516,10930,17692,1651.9125
4826,4448,4516,10744,17620,1651.917
4827,4448,4516,10568,17563,1651.9215
4828,4448,4516,10418,17511,1651.926
4829,4448,4516,10224,17431,1651.9305
4830,4448,4516,10064,17398,1651.935
4831,4448,4516,9906,17370,1651.9395
4832,4448,4516,9746,17322,1651.944
4833,4336,4363,10226,17440,1651.9485
4834,4336,4363,10082,17404,1651.953
4835,4336,4363,9954,17388,1651.9575
4836,4336,4363,9810,17367,1651.962
4837,4336,4363,9640,17335,1651.9665
4838,4336,4363,9480,17295,1651.971
4839,4336,4363,9330,17266,1651.9755
4840,4336,4363,9170,17238,1651.98
4841,4336,4363,9008,17207,1651.9845
4842,4336,4363,8866,17198,1651.989
4843,4336,4363,8706,17166,1651.9935
4844,4336,4363,8552,17163,1651.998
4845,4336,4363,8408,17144,1652.0025
4846,4224,4210,8856,17310,1652.007
4847,4224,4210,8712,17276,1652.0115
4848,4224,4210,8616,17271,1652.016
4849,4224,4210,8472,17251,1652.0205
4850,4224,4210,8322,17227,1652.025
4851,4224,4210,8178,17199,1652.0295
4852,4224,4210,8032,17163,1652.034
4853,4224,4210,7904,17130,1652.0385
4854,4224,4210,7762,17102,1652.043
4855,4224,4210,7634,17071,1652.0475
4856,4224,4210,7480,17032,1652.052
4857,4112,4057,7912,17198,1652.0565
4858,4112,4057,7768,17151,1652.061
4859,4112,4057,7672,17118,1652.0655
4860,4112,4057,7544,17080,1652.07
4861,4112,4057,7416,17022,1652.0745
4862,4112,4057,7282,16977,1652.079
4863,4112,4057,7154,16919,1652.0835
4864,4112,4057,7024,16872,1652.088
4865,4112,4057,6896,16831,1652.0925
4866,4000,3904,7280,17007,1652.097
4867,4000,3904,7200,16975,1652.1015
4868,4000,3904,7072,16937,1652.106
4869,4000,3904,6944,16890,1652.1105
4870,4000,3904,6834,16869,1652.115
4871,4000,3904,6706,16830,1652.1195
4872,4000,3904,6584,16790,1652.124
4873,4000,3904,6456,16757,1652.1285
4874,4000,3904,6354,16732,1652.133
4875,4000,3904,6240,16686,1652.1375
4876,4000,3904,6112,16638,1652.142
4877,3888,3751,6464,16863,1652.1465
4878,3888,3751,6336,16829,1652.151
4879,3888,3751,6256,16814,1652.1555
4880,3888,3751,6144,16763,1652.16
4881,3888,3751,6032,16743,1652.1645
4882,3888,3751,5938,16719,1652.169
4883,3888,3751,5826,16669,1652.1735
4884,3888,3751,5720,16628,1652.178
4885,3888,3751,5608,16582,1652.1825
4886,3888,3751,5506,16535,1652.187
4887,3888,3751,5394,16479,1652.1915
4888,3888,3751,5296,16423,1652.196
4889,3888,3751,5184,16356,1652.2005
4890,3775,3590,5504,16535,1652.205
4891,3775,3590,5408,16495,1652.2095
4892,3775,3590,5328,16454,1652.214
4893,3775,3590,5232,16382,1652.2185
4894,3775,3590,5122,16318,1652.223
4895,3775,3590,5042,16282,1652.2275
4896,3775,3590,4936,16223,1652.232
4897,3775,3590,4840,16180,1652.2365
4898,3775,3590,4738,16126,1652.241
4899,3775,3590,4658,16103,1652.2455
4900,3775,3590,4560,16051,1652.25
4901,3775,3590,4464,15998,1652.2545
4902,3775,3590,4370,15974,1652.259
4903,3775,3590,4290,15946,1652.2635
4904,3660,3464,4530,16171,1652.268
4905,3660,3464,4450,16143,1652.2725
4906,3660,3464,4370,16117,1652.277
4907,3660,3464,4290,16090,1652.2815
4908,3660,3464,4200,16056,1652.286
4909,3660,3464,4104,16014,1652.2905
4910,3660,3464,4018,15998,1652.295
4911,3660,3464,3938,15992,1652.2995
4912,3660,3464,3840,15963,1652.304
4913,3660,3464,3760,15959,1652.3085
4914,3545,3338,3984,16176,1652.313
4915,3545,3338,3904,16141,1652.3175
4916,3545,3338,3840,16117,1652.322
4917,3545,3338,3760,16102,1652.3265
4918,3545,3338,3682,16077,1652.331
4919,3545,3338,3602,16047,1652.3355
4920,3545,3338,3512,15998,1652.34
4921,3545,3338,3432,15959,1652.3445
4922,3545,3338,3352,15915,1652.349
4923,3545,3338,3282,15886,1652.3535
4924,3545,3338,3202,15847,1652.358
4925,3545,3338,3120,15806,1652.3625
4926,3545,3338,3040,15765,1652.367
4927,3430,3212,3248,15959,1652.3715
4928,3430,3212,3184,15916,1652.376
4929,3430,3212,3120,15869,1652.3805
4930,3430,3212,3040,15830,1652.385
4931,3430,3212,2978,15803,1652.3895
4932,3430,3212,2898,15773,1652.394
4933,3430,3212,2824,15730,1652.3985
4934,3430,3212,2744,15695,1652.403
4935,3430,3212,2674,15663,1652.4075
4936,3430,3212,2594,15628,1652.412
4937,3430,3212,2528,15598,1652.4165
4938,3315,3086,11784,16971,1652.421
4939,3315,3086,11602,16955,1652.4255
4940,3315,3086,11426,16920,1652.43
4941,3315,3086,11232,16862,1652.4345
4942,3315,3086,11058,16840,1652.439
4943,3315,3086,10882,16799,1652.4435
4944,3315,3086,10696,16766,1652.448
4945,3315,3086,10530,16751,1652.4525
4946,3315,3086,10354,16718,1652.457
4947,3200,2960,10866,16927,1652.4615
4948,3200,2960,10690,16876,1652.466
4949,3200,2960,10578,16855,1652.4705
4950,3200,2960,10418,16813,1652.475
4951,3200,2960,10242,16749,1652.4795
4952,3200,2960,10096,16718,1652.484
4953,3200,2960,9922,16663,1652.4885
4954,3200,2960,9762,16606,1652.493
4955,3200,2960,9608,16547,1652.4975
4956,3200,2960,9448,16487,1652.502
4957,3200,2960,9282,16429,1652.5065
4958,3085,2834,9762,16670,1652.511
4959,3085,2834,9618,16630,1652.5155
4960,3085,2834,9506,16589,1652.52
4961,3085,2834,9362,16537,1652.5245
4962,3085,2834,9202,16461,1652.529
4963,3085,2834,9056,16407,1652.5335
4964,3085,2834,8896,16355,1652.538
4965,3085,2834,8754,16330,1652.5425
4966,3085,2834,8600,16287,1652.547
4967,3085,2834,8456,16245,1652.5515
4968,3085,2834,8306,16215,1652.556
4969,3085,2834,8162,16179,1652.5605
4970,2970,2708,8610,16440,1652.565
4971,2970,2708,8466,16409,1652.5695
4972,2970,2708,8370,16383,1652.574
4973,2970,2708,8226,16360,1652.5785
4974,2970,2708,8080,16333,1652.583
4975,2970,2708,7952,16305,1652.5875
4976,2970,2708,7810,16286,1652.592
4977,2970,2708,7666,16266,1652.5965
4978,2970,2708,7528,16246,1652.601
4979,2970,2708,7400,16222,1652.6055
4980,2970,2708,7266,16206,1652.61
4981,2970,2708,7136,16159,1652.6145
4982,2970,2708,7008,16127,1652.619
4983,2855,2582,7408,16365,1652.6235
4984,2855,2582,7264,16334,1652.628
4985,2855,2582,7184,16311,1652.6325
4986,2855,2582,7056,16280,1652.637
4987,2855,2582,6928,16239,1652.6415
4988,2855,2582,6818,16205,1652.646
4989,2855,2582,6690,16152,1652.6505
4990,2855,2582,6568,16107,1652.655
4991,2855,2582,6434,16062,1652.6595
4992,2855,2582,6322,16030,1652.664
4993,2740,2456,6674,16247,1652.6685
4994,2740,2456,6546,16207,1652.673
4995,2740,2456,6466,16175,1652.6775
4996,2740,2456,6354,16127,1652.682
4997,2740,2456,6242,16093,1652.6865
4998,2740,2456,6128,16047,1652.691
4999,2740,2456,6018,16023,1652.6955
5000,2740,2456,5906,15994,1652.7
5001,2740,2456,5784,15965,1652.7045
5002,2740,2456,5672,15931,1652.709
5003,2621,2326,6008,16168,1652.7135
5004,2621,2326,5896,16127,1652.718
5005,2621,2326,5816,16123,1652.7225
5006,2621,2326,5720,16108,1652.727
5007,2621,2326,5608,16078,1652.7315
5008,2621,2326,5506,16054,1652.736
5009,2621,2326,5394,16023,1652.7405
5010,2621,2326,5296,15983,1652.745
5011,2621,2326,5184,15934,1652.7495
5012,2621,2326,5090,15918,1652.754
5013,2621,2326,4994,15879,1652.7585
5014,2621,2326,4888,15844,1652.763
5015,2621,2326,4792,15802,1652.7675
5016,2527,2217,5016,15956,1652.772
5017,2527,2217,4952,15926,1652.7765
5018,2527,2217,4840,15863,1652.781
5019,2527,2217,4754,15830,1652.7855
5020,2527,2217,4658,15781,1652.79
5021,2527,2217,4560,15712,1652.7945
5022,2527,2217,4464,15654,1652.799
5023,2527,2217,4370,15595,1652.8035
5024,2527,2217,4274,15544,1652.808
5025,2527,2217,4184,15483,1652.8125
5026,2527,2217,4104,15430,1652.817
5027,2433,2108,4296,15567,1652.8215
5028,2433,2108,4232,15520,1652.826
5029,2433,2108,4152,15478,1652.8305
5030,2433,2108,4056,15423,1652.835
5031,2433,2108,3970,15387,1652.8395
5032,2433,2108,3890,15356,1652.844
5033,2433,2108,3808,15321,1652.8485
5034,2433,2108,3712,15279,1652.853
5035,2433,2108,3634,15256,1652.8575
5036,2433,2108,3554,15222,1652.862
5037,2433,2108,3464,15195,1652.8665
5038,2433,2108,3384,15182,1652.871
5039,2339,1999,3576,15352,1652.8755
5040,2339,1999,3512,15344,1652.88
5041,2339,1999,3432,15324,1652.8845
5042,2339,1999,3346,15287,1652.889
5043,2339,1999,3266,15255,1652.8935
5044,2339,1999,3184,15223,1652.898
5045,2339,1999,3104,15197,1652.9025
5046,2245,1890,3280,15368,1652.907
5047,2245,1890,3200,15336,1652.9115
5048,2245,1890,3136,15315,1652.916
5049,2245,1890,3072,15279,1652.9205
5050,2245,1890,2978,15245,1652.925
5051,2245,1890,2914,15215,1652.9295
5052,2245,1890,2840,15182,1652.934
5053,2245,1890,2760,15147,1652.9385
5054,2245,1890,2690,15103,1652.943
5055,2245,1890,2610,15071,1652.9475
5056,2245,1890,2544,15025,1652.952
5057,2151,1781,12056,16368,1652.9565
5058,2151,1781,11832,16328,1652.961
5059,2151,1781,11666,16299,1652.9655
5060,2151,1781,11474,16255,1652.97
5061,2151,1781,11280,16216,1652.9745
5062,2151,1781,11106,16189,1652.979
5063,2151,1781,10914,16156,1652.9835
5064,2151,1781,10728,16120,1652.988
5065,2151,1781,10552,16095,1652.9925
5066,2151,1781,10370,16062,1652.997
5067,2057,1672,10818,16239,1653.0015
5068,2057,1672,10658,16219,1653.006
5069,2057,1672,10530,16199,1653.0105
5070,2057,1672,10354,16174,1653.015
5071,2057,1672,10176,16133,1653.0195
5072,2057,1672,10016,16123,1653.024
5073,2057,1672,9842,16112,1653.0285
5074,2057,1672,9672,16092,1653.033
5075,2057,1672,9512,16063,1653.0375
5076,2057,1672,9346,16030,1653.042
5077,2057,1672,9186,15996,1653.0465
5078,1963,1563,9586,16188,1653.051
5079,1963,1563,9490,16173,1653.0555
5080,1963,1563,9330,16128,1653.06
5081,1963,1563,9168,16092,1653.0645
5082,1963,1563,9008,16047,1653.069
5083,1963,1563,8850,15996,1653.0735
5084,1963,1563,8690,15947,1653.078
5085,1869,1454,9058,16103,1653.0825
5086,1869,1454,8962,16068,1653.087
5087,1869,1454,8802,16025,1653.0915
5088,1869,1454,8658,15967,1653.096
5089,1869,1454,8520,15912,1653.1005
5090,1869,1454,8370,15855,1653.105
5091,1869,1454,8226,15800,1653.1095
5092,1869,1454,8080,15755,1653.114
5093,1869,1454,7936,15703,1653.1185
5094,1869,1454,7794,15675,1653.123
5095,1869,1454,7650,15614,1653.1275
5096,1869,1454,7512,15583,1653.132
5097,1775,1345,7848,15727,1653.1365
5098,1775,1345,7704,15694,1653.141
5099,1775,1345,7624,15675,1653.1455
5100,1775,1345,7496,15655,1653.15
5101,1775,1345,7346,15624,1653.1545
5102,1775,1345,7218,15591,1653.159
5103,1775,1345,7088,15550,1653.1635
5104,1775,1345,6960,15532,1653.168
5105,1775,1345,6834,15515,1653.1725
5106,1775,1345,6690,15486,1653.177
5107,1775,1345,6568,15471,1653.1815
5108,24703,37861,9992,29487,1653.186
5109,24703,37861,9832,29440,1653.1905
5110,24703,37861,9672,29397,1653.195
5111,24703,37861,9464,29327,1653.1995
5112,24703,37861,9320,29293,1653.204
5113,24703,37861,9186,29268,1653.2085
5114,24703,37861,9056,29226,1653.213
5115,24703,37861,8912,29179,1653.2175
5116,24275,37180,9490,29052,1653.222
5117,24275,37180,9362,29004,1653.2265
5118,24275,37180,9202,28924,1653.231
5119,24275,37180,9072,28879,1653.2355
5120,24275,37180,8944,28832,1653.24
5121,24275,37180,8818,28797,1653.2445
5122,24275,37180,8674,28731,1653.249
5123,24275,37180,8536,28662,1653.2535
5124,24275,37180,8408,28607,1653.258
5125,24275,37180,8290,28572,1653.2625
5126,24275,37180,8146,28533,1653.267
5127,24275,37180,8016,28504,1653.2715
5128,23847,36499,8514,28380,1653.276
5129,23847,36499,8418,28350,1653.2805
5130,23847,36499,8290,28318,1653.285
5131,23847,36499,8162,28280,1653.2895
5132,23847,36499,8032,28255,1653.294
5133,23847,36499,7906,28252,1653.2985
5134,23847,36499,7778,28251,1653.303
5135,23847,36499,7650,28223,1653.3075
5136,23847,36499,7528,28214,1653.312
5137,23847,36499,7400,28183,1653.3165
5138,23847,36499,7282,28155,1653.321
5139,23847,36499,7154,28128,1653.3255
5140,23847,36499,7024,28123,1653.33
5141,23419,35818,7490,28008,1653.3345
5142,23419,35818,7394,27984,1653.339
5143,23419,35818,7282,27950,1653.3435
5144,23419,35818,7136,27892,1653.348
5145,23419,35818,7024,27866,1653.3525
5146,23419,35818,6914,27829,1653.357
5147,23419,35818,6802,27801,1653.3615
5148,23419,35818,6680,27742,1653.366
5149,23419,35818,6568,27678,1653.3705
5150,22991,35137,6978,27502,1653.375
5151,22991,35137,6898,27451,1653.3795
5152,22991,35137,6786,27389,1653.384
5153,22991,35137,6680,27343,1653.3885
5154,22991,35137,6584,27303,1653.393
5155,22991,35137,6466,27243,1653.3975
5156,22991,35137,6354,27182,1653.402
5157,22991,35137,6242,27111,1653.4065
5158,22991,35137,6128,27052,1653.411
5159,22991,35137,6034,27022,1653.4155
5160,22991,35137,5938,26990,1653.42
5161,22991,35137,5842,26959,1653.4245
5162,22991,35137,5720,26902,1653.429
5163,22991,35137,5608,26854,1653.4335
5164,22556,34449,5992,26686,1653.438
5165,22556,34449,5896,26669,1653.4425
5166,22556,34449,5832,26664,1653.447
5167,22556,34449,5720,26655,1653.4515
5168,22556,34449,5624,26644,1653.456
5169,22556,34449,5538,26647,1653.4605
5170,22556,34449,5426,26621,1653.465
5171,22556,34449,5344,26601,1653.4695
5172,22556,34449,5232,26589,1653.474
5173,22556,34449,5154,26587,1653.4785
5174,22556,34449,5042,26575,1653.483
5175,22556,34449,4952,26558,1653.4875
5176,22556,34449,4872,26536,1653.492
5177,22165,33829,5202,26423,1653.4965
5178,22165,33829,5122,26383,1653.501
5179,22165,33829,5026,26378,1653.5055
5180,22165,33829,4936,26357,1653.51
5181,22165,33829,4856,26334,1653.5145
5182,22165,33829,4770,26322,1653.519
5183,22165,33829,4690,26295,1653.5235
5184,22165,33829,4592,26237,1653.528
5185,22165,33829,4512,26206,1653.5325
5186,22165,33829,4416,26166,1653.537
5187,22165,33829,4338,26142,1653.5415
5188,22165,33829,4258,26123,1653.546
5189,22165,33829,4168,26095,1653.5505
5190,22165,33829,4088,26071,1653.555
5191,21774,33209,4360,25919,1653.5595
5192,21774,33209,4280,25911,1653.564
5193,21774,33209,4232,25902,1653.5685
5194,21774,33209,4136,25900,1653.573
5195,21774,33209,4056,25903,1653.5775
5196,21774,33209,3986,25911,1653.582
5197,21774,33209,3906,25910,1653.5865
5198,21774,33209,3824,25903,1653.591
5199,21774,33209,3760,25910,1653.5955
5200,21774,33209,3666,25935,1653.6
5201,21774,33209,3602,25947,1653.6045
5202,21774,33209,3522,25968,1653.609
5203,21383,32589,3794,25853,1653.6135
5204,21383,32589,3714,25851,1653.618
5205,21383,32589,3650,25853,1653.6225
5206,21383,32589,3570,25853,1653.627
5207,21383,32589,3512,25855,1653.6315
5208,21383,32589,3432,25855,1653.636
5209,21383,32589,3368,25852,1653.6405
5210,21383,32589,3298,25840,1653.645
5211,21383,32589,3234,25819,1653.6495
5212,21383,32589,3152,25783,1653.654
5213,21383,32589,3072,25747,1653.6585
5214,20992,31969,3312,25591,1653.663
5215,20992,31969,3248,25576,1653.6675
5216,20992,31969,3184,25534,1653.672
5217,20992,31969,3120,25487,1653.6765
5218,20992,31969,3056,25436,1653.681
5219,20992,31969,2994,25398,1653.6855
5220,20992,31969,2914,25344,1653.69
5221,20992,31969,2856,25323,1653.6945
5222,20992,31969,2792,25294,1653.699
5223,20992,31969,2722,25262,1653.7035
5224,20992,31969,2642,25207,1653.708
5225,20992,31969,2594,25179,1653.7125
5226,20992,31969,2512,25134,1653.717
5227,20601,31349,10632,27308,1653.7215
5228,20601,31349,10466,27271,1653.726
5229,20601,31349,10288,27222,1653.7305
5230,20601,31349,10128,27175,1653.735
5231,20601,31349,9970,27123,1653.7395
5232,20601,31349,9826,27095,1653.744
5233,20601,31349,9672,27067,1653.7485
5234,20601,31349,9528,27060,1653.753
5235,20601,31349,9378,27051,1653.7575
5236,20601,31349,9202,27006,1653.762
5237,20601,31349,9072,26983,1653.7665
5238,20601,31349,8912,26943,1653.771
5239,20210,30729,9472,26812,1653.7755
5240,20210,30729,9328,26792,1653.78
5241,20210,30729,9232,26764,1653.7845
5242,20210,30729,9104,26737,1653.789
5243,20210,30729,8944,26680,1653.7935
5244,20210,30729,8818,26637,1653.798
5245,20210,30729,8674,26583,1653.8025
5246,20210,30729,8536,26550,1653.807
5247,20210,30729,8402,26517,1653.8115
5248,20210,30729,8258,26469,1653.816
5249,20210,30729,8112,26414,1653.8205
5250,20210,30729,7984,26360,1653.825
5251,19819,30109,8562,26285,1653.8295
5252,19819,30109,8450,26231,1653.834
5253,19819,30109,8322,26183,1653.8385
5254,19819,30109,8178,26126,1653.843
5255,19819,30109,8048,26092,1653.8475
5256,19819,30109,7920,26047,1653.852
5257,19819,30109,7810,26029,1653.8565
5258,19819,30109,7666,25998,1653.861
5259,19819,30109,7560,25975,1653.8655
5260,19819,30109,7426,25955,1653.87
5261,19819,30109,7298,25947,1653.8745
5262,19819,30109,7154,25919,1653.879
5263,19819,30109,7056,25916,1653.8835
5264,19428,29489,7522,25822,1653.888
5265,19428,29489,7442,25808,1653.8925
5266,19428,29489,7330,25804,1653.897
5267,19428,29489,7202,25786,1653.9015
5268,19428,29489,7072,25783,1653.906
5269,19428,29489,6960,25780,1653.9105
5270,19428,29489,6850,25783,1653.915
5271,19428,29489,6722,25771,1653.9195
5272,19428,29489,6600,25751,1653.924
5273,19428,29489,6488,25725,1653.9285
5274,19428,29489,6386,25709,1653.933
5275,19428,29489,6258,25678,1653.9375
5276,19037,28869,6722,25583,1653.942
5277,19037,28869,6610,25556,1653.9465
5278,19037,28869,6514,25519,1653.951
5279,19037,28869,6418,25471,1653.9555
5280,19037,28869,6322,25439,1653.96
5281,19037,28869,6192,25373,1653.9645
5282,19037,28869,6096,25334,1653.969
5283,19037,28869,6002,25307,1653.9735
5284,19037,28869,5890,25256,1653.978
5285,19037,28869,5784,25207,1653.9825
5286,19037,28869,5688,25150,1653.987
5287,19037,28869,5586,25107,1653.9915
5288,19037,28869,5474,25055,1653.996
5289,19037,28869,5376,25013,1654.0005
5290,19037,28869,5280,24974,1654.005
5291,18641,28246,5698,24847,1654.0095
5292,18641,28246,5618,24818,1654.014
5293,18641,28246,5538,24802,1654.0185
5294,18641,28246,5426,24783,1654.023
5295,18641,28246,5328,24762,1654.0275
5296,18641,28246,5232,24747,1654.032
5297,18641,28246,5138,24728,1654.0365
5298,18641,28246,5042,24696,1654.041
5299,18641,28246,4952,24670,1654.0455
5300,18641,28246,4856,24635,1654.05
5301,18641,28246,4770,24634,1654.0545
5302,18641,28246,4690,24636,1654.059
5303,18641,28246,4576,24623,1654.0635
5304,18641,28246,4496,24619,1654.068
5305,18287,27732,4802,24518,1654.0725
5306,18287,27732,4738,24500,1654.077
5307,18287,27732,4658,24479,1654.0815
5308,18287,27732,4560,24444,1654.086
5309,18287,27732,4480,24423,1654.0905
5310,18287,27732,4402,24413,1654.095
5311,18287,27732,4322,24375,1654.0995
5312,18287,27732,4226,24319,1654.104
5313,18287,27732,4136,24295,1654.1085
5314,18287,27732,4056,24267,1654.113
5315,17933,27218,4344,24164,1654.1175
5316,17933,27218,4264,24142,1654.122
5317,17933,27218,4200,24118,1654.1265
5318,17933,27218,4120,24075,1654.131
5319,17933,27218,4034,24046,1654.1355
5320,17933,27218,3970,24027,1654.14
5321,17933,27218,3890,24011,1654.1445
5322,17933,27218,3808,23991,1654.149
5323,17933,27218,3744,23988,1654.1535
5324,17933,27218,3666,23991,1654.158
5325,17933,27218,3586,23967,1654.1625
5326,17933,27218,3512,23967,1654.167
5327,17933,27218,3432,23968,1654.1715
5328,17579,26704,3698,23903,1654.176
5329,17579,26704,3634,23924,1654.1805
5330,17579,26704,3554,23935,1654.185
5331,17579,26704,3480,23952,1654.1895
5332,17579,26704,3416,23963,1654.194
5333,17579,26704,3346,23966,1654.1985
5334,17579,26704,3266,23967,1654.203
5335,17579,26704,3202,23980,1654.2075
5336,17579,26704,3120,23996,1654.212
5337,17579,26704,3056,23998,1654.2165
5338,17579,26704,2978,24015,1654.221
5339,17579,26704,2914,24014,1654.2255
5340,17579,26704,2840,23999,1654.23
5341,17579,26704,2776,23998,1654.2345
5342,17225,26190,3042,23919,1654.239
5343,17225,26190,2962,23912,1654.2435
5344,17225,26190,2898,23895,1654.248
5345,17225,26190,2840,23859,1654.2525
5346,17225,26190,2760,23814,1654.257
5347,17225,26190,2706,23795,1654.2615
5348,17225,26190,2642,23774,1654.266
5349,17225,26190,2560,23727,1654.2705
5350,16871,25676,10856,25694,1654.275
5351,16871,25676,10680,25636,1654.2795
5352,16871,25676,10530,25582,1654.284
5353,16871,25676,10354,25526,1654.2885
5354,16871,25676,10208,25467,1654.293
5355,16871,25676,10064,25448,1654.2975
5356,16871,25676,9906,25422,1654.302
5357,16871,25676,9762,25382,1654.3065
5358,16871,25676,9608,25334,1654.311
5359,16871,25676,9458,25295,1654.3155
5360,16871,25676,9298,25259,1654.32
5361,16871,25676,9136,25215,1654.3245
5362,16871,25676,9008,25208,1654.329
5363,16517,25162,9570,25168,1654.3335
5364,16517,25162,9458,25147,1654.338
5365,16517,25162,9314,25115,1654.3425
5366,16517,25162,9170,25076,1654.347
5367,16517,25162,9040,25044,1654.3515
5368,16517,25162,8898,25019,1654.356
5369,16517,25162,8770,24999,1654.3605
5370,16517,25162,8616,24960,1654.365
5371,16517,25162,8488,24931,1654.3695
5372,16517,25162,8338,24887,1654.374
5373,16517,25162,8194,24820,1654.3785
5374,16517,25162,8064,24787,1654.383
5375,16517,25162,7920,24748,1654.3875
5376,16517,25162,7794,24702,1654.392
5377,16517,25162,7666,24654,1654.3965
5378,16517,25162,7544,24603,1654.401
5379,16517,25162,7416,24540,1654.4055
5380,16163,24648,7928,24438,1654.41
5381,16163,24648,7800,24383,1654.4145
5382,16163,24648,7688,24343,1654.419
5383,16163,24648,7592,24316,1654.4235
5384,16163,24648,7480,24284,1654.428
5385,16163,24648,7346,24238,1654.4325
5386,16163,24648,7218,24188,1654.437
5387,16163,24648,7104,24148,1654.4415
5388,16163,24648,6976,24110,1654.446
5389,16163,24648,6866,24092,1654.4505
5390,16163,24648,6738,24059,1654.455
5391,16163,24648,6616,24040,1654.4595
5392,16163,24648,6504,24028,1654.464
5393,15809,24134,6994,23983,1654.4685
5394,15809,24134,6914,23965,1654.473
5395,15809,24134,6802,23966,1654.4775
5396,15809,24134,6680,23956,1654.482
5397,15809,24134,6568,23952,1654.4865
5398,15809,24134,6450,23959,1654.491
5399,15809,24134,6338,23950,1654.4955
5400,15809,24134,6224,23933,1654.5
5401,15809,24134,6112,23918,1654.5045
5402,15809,24134,6002,23919,1654.509
5403,15809,24134,5906,23918,1654.5135
5404,15809,24134,5800,23916,1654.518
5405,15809,24134,5688,23899,1654.5225
5406,15455,23620,6114,23804,1654.527
5407,15455,23620,6034,23791,1654.5315
5408,15455,23620,5938,23771,1654.536
5409,15455,23620,5842,23750,1654.5405
5410,15455,23620,5736,23727,1654.545
5411,15455,23620,5640,23695,1654.5495
5412,15455,23620,5538,23671,1654.554
5413,15455,23620,5426,23632,1654.5585
5414,15455,23620,5328,23583,1654.563
5415,15455,23620,5232,23543,1654.5675
5416,15455,23620,5138,23518,1654.572
5417,15455,23620,5042,23503,1654.5765
5418,15455,23620,4936,23475,1654.581
5419,15455,23620,4840,23447,1654.5855
5420,15099,23101,5250,23350,1654.59
5421,15099,23101,5186,23326,1654.5945
5422,15099,23101,5074,23294,1654.599
5423,15099,23101,4994,23285,1654.6035
5424,15099,23101,4904,23280,1654.608
5425,15099,23101,4808,23269,1654.6125
5426,15099,23101,4722,23255,1654.617
5427,15099,23101,4626,23230,1654.6215
5428,15099,23101,4528,23227,1654.626
5429,15099,23101,4448,23227,1654.6305
5430,15099,23101,4354,23227,1654.635
5431,15099,23101,4274,23228,1654.6395
5432,15099,23101,4184,23212,1654.644
5433,15099,23101,4088,23182,1654.6485
5434,14858,22679,4344,23063,1654.653
5435,14858,22679,4248,23039,1654.6575
5436,14858,22679,4200,23036,1654.662
5437,14858,22679,4120,23024,1654.6665
5438,14858,22679,4034,23015,1654.671
5439,14858,22679,3954,23000,1654.6755
5440,14858,22679,3874,22963,1654.68
5441,14858,22679,3792,22920,1654.6845
5442,14858,22679,3728,22895,1654.689
5443,14617,22257,3952,22752,1654.6935
5444,14617,22257,3872,22718,1654.698
5445,14617,22257,3808,22694,1654.7025
5446,14617,22257,3728,22648,1654.707
5447,14617,22257,3666,22620,1654.7115
5448,14617,22257,3586,22571,1654.716
5449,14617,22257,3512,22543,1654.7205
5450,14617,22257,3432,22519,1654.725
5451,14617,22257,3352,22499,1654.7295
5452,14617,22257,3282,22487,1654.734
5453,14617,22257,3202,22453,1654.7385
5454,14617,22257,3136,22427,1654.743
5455,14617,22257,3056,22416,1654.7475
5456,14376,21835,3280,22320,1654.752
5457,14376,21835,3200,22303,1654.7565
5458,14376,21835,3152,22319,1654.761
5459,14376,21835,3088,22312,1654.7655
5460,14376,21835,3026,22320,1654.77
5461,14376,21835,2946,22318,1654.7745
5462,14376,21835,2872,22328,1654.779
5463,14376,21835,2808,22333,1654.7835
5464,14376,21835,2744,22360,1654.788
5465,14376,21835,2674,22379,1654.7925
5466,14376,21835,2594,22381,1654.797
5467,14376,21835,2512,22375,1654.8015
5468,14135,21413,10824,24163,1654.806
5469,14135,21413,10648,24156,1654.8105
5470,14135,21413,10482,24150,1654.815
5471,14135,21413,10322,24141,1654.8195
5472,14135,21413,10144,24116,1654.824
5473,14135,21413,9984,24086,1654.8285
5474,14135,21413,9826,24067,1654.833
5475,13894,20991,10368,23956,1654.8375
5476,13894,20991,10208,23931,1654.842
5477,13894,20991,10080,23918,1654.8465
5478,13894,20991,9938,23900,1654.851
5479,13894,20991,9778,23868,1654.8555
5480,13894,20991,9608,23815,1654.86
5481,13894,20991,9464,23780,1654.8645
5482,13894,20991,9298,23742,1654.869
5483,13894,20991,9170,23720,1654.8735
5484,13894,20991,9008,23677,1654.878
5485,13653,20569,9522,23636,1654.8825
5486,13653,20569,9426,23611,1654.887
5487,13653,20569,9266,23566,1654.8915
5488,13653,20569,9104,23535,1654.896
5489,13653,20569,8976,23520,1654.9005
5490,13653,20569,8834,23515,1654.905
5491,13653,20569,8690,23503,1654.9095
5492,13653,20569,8552,23485,1654.914
5493,13653,20569,8424,23464,1654.9185
5494,13653,20569,8274,23431,1654.923
5495,13653,20569,8128,23398,1654.9275
5496,13653,20569,8000,23384,1654.932
5497,13412,20147,8448,23326,1654.9365
5498,13412,20147,8304,23320,1654.941
5499,13412,20147,8192,23280,1654.9455
5500,13412,20147,8096,23278,1654.95
5501,13412,20147,7968,23246,1654.9545
5502,13412,20147,7842,23215,1654.959
5503,13412,20147,7698,23166,1654.9635
5504,13412,20147,7576,23129,1654.968
5505,13412,20147,7448,23092,1654.9725
5506,13412,20147,7314,23037,1654.977
5507,13412,20147,7202,22999,1654.9815
5508,13412,20147,7072,22943,1654.986
5509,13412,20147,6944,22891,1654.9905
5510,13171,19725,7360,22783,1654.995
5511,13171,19725,7248,22747,1654.9995
5512,13171,19725,7152,22703,1655.004
5513,13171,19725,7040,22651,1655.0085
5514,13171,19725,6930,22617,1655.013
5515,13171,19725,6802,22557,1655.0175
5516,13171,19725,6680,22503,1655.022
5517,13171,19725,6568,22463,1655.0265
5518,13171,19725,6466,22439,1655.031
5519,13171,19725,6338,22397,1655.0355
5520,13171,19725,6224,22366,1655.04
5521,13171,19725,6096,22333,1655.0445
5522,12930,19303,6496,22279,1655.049
5523,12930,19303,6384,22263,1655.0535
5524,12930,19303,6272,22240,1655.058
5525,12930,19303,6192,22240,1655.0625
5526,12930,19303,6080,22232,1655.067
5527,12930,19303,5986,22234,1655.0715
5528,12930,19303,5874,22215,1655.076
5529,12930,19303,5768,22199,1655.0805
5530,12930,19303,5672,22191,1655.085
5531,12930,19303,5570,22187,1655.0895
5532,12930,19303,5458,22190,1655.094
5533,12930,19303,5344,22171,1655.0985
5534,12930,19303,5248,22152,1655.103
5535,12688,18872,5600,22095,1655.1075
5536,12688,18872,5504,22072,1655.112
5537,12688,18872,5408,22055,1655.1165
5538,12688,18872,5328,22044,1655.121
5539,12688,18872,5232,22013,1655.1255
5540,12688,18872,5138,21996,1655.13
5541,12688,18872,5042,21964,1655.1345
5542,12688,18872,4952,21920,1655.139
5543,12688,18872,4856,21884,1655.1435
5544,12688,18872,4770,21869,1655.148
5545,12688,18872,4658,21847,1655.1525
5546,12688,18872,4560,21815,1655.157
5547,12688,18872,4480,21779,1655.1615
5548,12434,18492,4800,21747,1655.166
5549,12434,18492,4704,21717,1655.1705
5550,12434,18492,4608,21678,1655.175
5551,12434,18492,4544,21670,1655.1795
5552,12434,18492,4464,21659,1655.184
5553,12434,18492,4386,21652,1655.1885
5554,12434,18492,4290,21626,1655.193
5555,12434,18492,4200,21606,1655.1975
5556,12434,18492,4104,21575,1655.202
5557,12180,18112,4408,21582,1655.2065
5558,12180,18112,4328,21583,1655.211
5559,12180,18112,4232,21566,1655.2155
5560,12180,18112,4168,21559,1655.22
5561,12180,18112,4088,21532,1655.2245
5562,12180,18112,4018,21531,1655.229
5563,12180,18112,3922,21512,1655.2335
5564,12180,18112,3840,21486,1655.238
5565,12180,18112,3760,21487,1655.2425
5566,12180,18112,3682,21467,1655.247
5567,12180,18112,3602,21436,1655.2515
5568,12180,18112,3538,21411,1655.256
5569,12180,18112,3448,21373,1655.2605
5570,12180,18112,3384,21359,1655.265
5571,11926,17732,3656,21341,1655.2695
5572,11926,17732,3576,21296,1655.274
5573,11926,17732,3528,21272,1655.2785
5574,11926,17732,3448,21219,1655.283
5575,11926,17732,3368,21167,1655.2875
5576,11926,17732,3298,21116,1655.292
5577,11926,17732,3234,21083,1655.2965
5578,11926,17732,3152,21038,1655.301
5579,11926,17732,3072,20982,1655.3055
5580,11926,17732,2994,20962,1655.31
5581,11926,17732,2930,20927,1655.3145
5582,11926,17732,2856,20891,1655.319
5583,11926,17732,2792,20859,1655.3235
5584,11672,17352,3042,20800,1655.328
5585,11672,17352,2978,20791,1655.3325
5586,11672,17352,2914,20772,1655.337
5587,11672,17352,2840,20747,1655.3415
5588,11672,17352,2776,20731,1655.346
5589,11672,17352,2706,20723,1655.3505
5590,11672,17352,2642,20716,1655.355
5591,11672,17352,2560,20690,1655.3595
5592,11418,16972,11154,22348,1655.364
5593,11418,16972,10978,22331,1655.3685
5594,11418,16972,10808,22318,1655.373
5595,11418,16972,10632,22301,1655.3775
5596,11418,16972,10450,22272,1655.382
5597,11418,16972,10322,22255,1655.3865
5598,11418,16972,10160,22231,1655.391
5599,11418,16972,9984,22203,1655.3955
5600,11418,16972,9842,22207,1655.4
5601,11418,16972,9688,22192,1655.4045
5602,11418,16972,9544,22168,1655.409
5603,11418,16972,9394,22139,1655.4135
5604,11418,16972,9234,22103,1655.418
5605,11418,16972,9072,22068,1655.4225
5606,11418,16972,8928,22039,1655.427
5607,11418,16972,8770,22012,1655.4315
5608,11418,16972,8626,21983,1655.436
5609,11418,16972,8488,21944,1655.4405
5610,11164,16592,9058,21912,1655.445
5611,11164,16592,8962,21877,1655.4495
5612,11164,16592,8818,21853,1655.454
5613,11164,16592,8674,21821,1655.4585
5614,11164,16592,8536,21803,1655.463
5615,11164,16592,8392,21772,1655.4675
5616,11164,16592,8258,21742,1655.472
5617,11164,16592,8112,21711,1655.4765
5618,11164,16592,7968,21692,1655.481
5619,11164,16592,7842,21693,1655.4855
5620,11164,16592,7714,21684,1655.49
5621,11164,16592,7576,21672,1655.4945
5622,11164,16592,7448,21648,1655.499
5623,10910,16212,7986,21662,1655.5035
5624,10910,16212,7906,21654,1655.508
5625,10910,16212,7778,21647,1655.5125
5626,10910,16212,7640,21646,1655.517
5627,10910,16212,7512,21656,1655.5215
5628,10910,16212,7378,21639,1655.526
5629,10910,16212,7250,21612,1655.5305
5630,10910,16212,7120,21567,1655.535
5631,10910,16212,6992,21559,1655.5395
5632,10910,16212,6882,21550,1655.544
5633,10910,16212,6754,21531,1655.5485
5634,10910,16212,6632,21492,1655.553
5635,10910,16212,6520,21455,1655.5575
5636,10656,15832,6994,21404,1655.562
5637,10656,15832,6914,21368,1655.5665
5638,10656,15832,6802,21343,1655.571
5639,10656,15832,6680,21303,1655.5755
5640,10656,15832,6568,21270,1655.58
5641,10656,15832,6450,21229,1655.5845
5642,10656,15832,6338,21175,1655.589
5643,10656,15832,6208,21103,1655.5935
5644,10656,15832,6096,21051,1655.598
5645,10656,15832,5986,21007,1655.6025
5646,10656,15832,5874,20967,1655.607
5647,10656,15832,5784,20939,1655.6115
5648,10656,15832,5672,20900,1655.616
5649,10402,15452,6114,20871,1655.6205
5650,10402,15452,6034,20855,1655.625
5651,10402,15452,5938,20838,1655.6295
5652,10402,15452,5816,20808,1655.634
5653,10402,15452,5720,20791,1655.6385
5654,10402,15452,5618,20764,1655.643
5655,10402,15452,5506,20734,1655.6475
5656,10402,15452,5410,20727,1655.652
5657,10402,15452,5296,20703,1655.6565
5658,10402,15452,5200,20700,1655.661
5659,10402,15452,5106,20695,1655.6655
5660,10402,15452,5010,20695,1655.67
5661,10402,15452,4904,20679,1655.6745
5662,10402,15452,4808,20670,1655.679
5663,10139,15070,5234,20680,1655.6835
5664,10139,15070,5154,20666,1655.688
5665,10139,15070,5058,20653,1655.6925
5666,10139,15070,4968,20638,1655.697
5667,10139,15070,4856,20605,1655.7015
5668,10139,15070,4770,20598,1655.706
5669,10139,15070,4690,20573,1655.7105
5670,10139,15070,4576,20526,1655.715
5671,10139,15070,4496,20502,1655.7195
5672,10139,15070,4402,20479,1655.724
5673,10139,15070,4306,20467,1655.7285
5674,10139,15070,4226,20444,1655.733
5675,10139,15070,4136,20415,1655.7375
5676,10139,15070,4040,20383,1655.742
5677,9944,14765,4328,20350,1655.7465
5678,9944,14765,4232,20319,1655.751
5679,9944,14765,4184,20312,1655.7555
5680,9944,14765,4088,20282,1655.76
5681,9944,14765,4002,20283,1655.7645
5682,9944,14765,3922,20279,1655.769
5683,9944,14765,3840,20251,1655.7735
5684,9944,14765,3760,20254,1655.778
5685,9944,14765,3682,20251,1655.7825
5686,9944,14765,3602,20247,1655.787
5687,9944,14765,3522,20252,1655.7915
5688,9944,14765,3432,20256,1655.796
5689,9944,14765,3368,20252,1655.8005
5690,9749,14460,3608,20219,1655.805
5691,9749,14460,3528,20214,1655.8095
5692,9749,14460,3464,20211,1655.814
5693,9749,14460,3400,20212,1655.8185
5694,9749,14460,3314,20217,1655.823
5695,9749,14460,3250,20219,1655.8275
5696,9749,14460,3168,20204,1655.832
5697,9749,14460,3088,20185,1655.8365
5698,9554,14155,3328,20174,1655.841
5699,9554,14155,3248,20158,1655.8455
5700,9554,14155,3200,20142,1655.85
5701,9554,14155,3120,20119,1655.8545
5702,9554,14155,3056,20083,1655.859
5703,9554,14155,2978,20048,1655.8635
5704,9554,14155,2914,20011,1655.868
5705,9554,14155,2840,19964,1655.8725
5706,9554,14155,2760,19933,1655.877
5707,9554,14155,2690,19900,1655.8815
5708,9554,14155,2626,19879,1655.886
5709,9554,14155,2560,19830,1655.8905
5710,9359,13850,11184,21319,1655.895
5711,9359,13850,11026,21275,1655.8995
5712,9359,13850,10850,21227,1655.904
5713,9359,13850,10680,21175,1655.9085
5714,9359,13850,10530,21140,1655.913
5715,9359,13850,10354,21095,1655.9175
5716,9359,13850,10176,21047,1655.922
5717,9359,13850,10016,21016,1655.9265
5718,9359,13850,9874,20993,1655.931
5719,9359,13850,9698,20974,1655.9355
5720,9164,13545,10242,20983,1655.94
5721,9164,13545,10098,20980,1655.9445
5722,9164,13545,10002,20969,1655.949
5723,9164,13545,9842,20951,1655.9535
5724,9164,13545,9672,20917,1655.958
5725,9164,13545,9528,20893,1655.9625
5726,9164,13545,9378,20876,1655.967
5727,9164,13545,9234,20855,1655.9715
5728,9164,13545,9072,20843,1655.976
5729,9164,13545,8928,20822,1655.9805
5730,9164,13545,8786,20799,1655.985
5731,9164,13545,8626,20767,1655.9895
5732,9164,13545,8472,20730,1655.994
5733,8969,13240,8978,20735,1655.9985
5734,8969,13240,8898,20727,1656.003
5735,8969,13240,8754,20703,1656.0075
5736,8969,13240,8600,20668,1656.012
5737,8969,13240,8456,20614,1656.0165
5738,8969,13240,8322,20570,1656.021
5739,8969,13240,8178,20523,1656.0255
5740,8969,13240,8032,20477,1656.03
5741,8969,13240,7906,20463,1656.0345
5742,8969,13240,7762,20444,1656.039
5743,8969,13240,7634,20415,1656.0435
5744,8969,13240,7512,20396,1656.048
5745,8774,12935,7986,20399,1656.0525
5746,8774,12935,7890,20379,1656.057
5747,8774,12935,7762,20350,1656.0615
5748,8774,12935,7640,20334,1656.066
5749,8774,12935,7512,20325,1656.0705
5750,8774,12935,7378,20312,1656.075
5751,8774,12935,7250,20285,1656.0795
5752,8774,12935,7120,20270,1656.084
5753,8774,12935,6992,20271,1656.0885
5754,8774,12935,6866,20280,1656.093
5755,8774,12935,6754,20277,1656.0975
5756,8774,12935,6632,20264,1656.102
5757,8774,12935,6504,20247,1656.1065
5758,8579,12630,6936,20271,1656.111
5759,8579,12630,6824,20256,1656.1155
5760,8579,12630,6728,20247,1656.12
5761,8579,12630,6616,20239,1656.1245
5762,8579,12630,6488,20222,1656.129
5763,8579,12630,6386,20206,1656.1335
5764,8579,12630,6274,20172,1656.138
5765,8579,12630,6144,20110,1656.1425
5766,8579,12630,6032,20093,1656.147
5767,8579,12630,5938,20083,1656.1515
5768,8579,12630,5810,20057,1656.156
5769,8579,12630,5704,20013,1656.1605
5770,8579,12630,5592,19959,1656.165
5771,8384,12325,5976,19903,1656.1695
5772,8384,12325,5880,19856,1656.174
5773,8384,12325,5816,19835,1656.1785
5774,8384,12325,5704,19800,1656.183
5775,8384,12325,5602,19762,1656.1875
5776,8384,12325,5490,19715,1656.192
5777,8384,12325,5392,19676,1656.1965
5778,8384,12325,5280,19632,1656.201
5779,8384,12325,5186,19598,1656.2055
5780,8384,12325,5074,19563,1656.21
5781,8384,12325,4984,19526,1656.2145
5782,8384,12325,4888,19500,1656.219
5783,8182,12014,5266,19512,1656.2235
5784,8182,12014,5202,19490,1656.228
5785,8182,12014,5090,19451,1656.2325
5786,8182,12014,5010,19446,1656.237
5787,8182,12014,4904,19431,1656.2415
5788,8182,12014,4808,19419,1656.246
5789,8182,12014,4722,19407,1656.2505
5790,8182,12014,4626,19387,1656.255
5791,8182,12014,4528,19366,1656.2595
5792,8182,12014,4432,19344,1656.264
5793,8182,12014,4338,19323,1656.2685
5794,8182,12014,4258,19311,1656.273
5795,8182,12014,4168,19291,1656.2775
5796,8182,12014,4072,19261,1656.282
5797,8008,11772,4344,19285,1656.2865
5798,8008,11772,4248,19255,1656.291
5799,8008,11772,4184,19236,1656.2955
5800,8008,11772,4088,19190,1656.3
5801,8008,11772,4018,19179,1656.3045
5802,8008,11772,3938,19160,1656.309
5803,8008,11772,3840,19116,1656.3135
5804,8008,11772,3760,19096,1656.318
5805,7834,11530,4016,19111,1656.3225
5806,7834,11530,3936,19072,1656.327
5807,7834,11530,3872,19053,1656.3315
5808,7834,11530,3792,19031,1656.336
5809,7834,11530,3712,19002,1656.3405
5810,7834,11530,3634,18997,1656.345
5811,7834,11530,3554,18973,1656.3495
5812,7834,11530,3464,18944,1656.354
5813,7834,11530,3384,18935,1656.3585
5814,7834,11530,3314,18927,1656.363
5815,7834,11530,3234,18926,1656.3675
5816,7834,11530,3152,18918,1656.372
5817,7834,11530,3072,18904,1656.3765
5818,7660,11288,3312,18927,1656.381
5819,7660,11288,3232,18923,1656.3855
5820,7660,11288,3168,18923,1656.39
5821,7660,11288,3088,18927,1656.3945
5822,7660,11288,3026,18939,1656.399
5823,7660,11288,2946,18941,1656.4035
5824,7660,11288,2866,18943,1656.408
5825,7660,11288,2808,18935,1656.4125
5826,7660,11288,2728,18928,1656.417
5827,7660,11288,2658,18924,1656.4215
5828,7660,11288,2578,18909,1656.426
5829,7660,11288,2512,18905,1656.4305
5830,7486,11046,11216,20396,1656.435
5831,7486,11046,11042,20376,1656.4395
5832,7486,11046,10866,20339,1656.444
5833,7486,11046,10696,20287,1656.4485
5834,7486,11046,10520,20251,1656.453
5835,7486,11046,10354,20216,1656.4575
5836,7312,10804,10914,20255,1656.462
5837,7312,10804,10738,20214,1656.4665
5838,7312,10804,10642,20192,1656.471
5839,7312,10804,10482,20142,1656.4755
5840,7312,10804,10306,20077,1656.48
5841,7312,10804,10144,20026,1656.4845
5842,7312,10804,9968,19980,1656.489
5843,7312,10804,9842,19959,1656.4935
5844,7312,10804,9688,19928,1656.498
5845,7312,10804,9528,19895,1656.5025
5846,7312,10804,9362,19864,1656.507
5847,7312,10804,9202,19828,1656.5115
5848,7138,10562,9730,19868,1656.516
5849,7138,10562,9570,19839,1656.5205
5850,7138,10562,9474,19823,1656.525
5851,7138,10562,9330,19799,1656.5295
5852,7138,10562,9186,19771,1656.534
5853,7138,10562,9024,19740,1656.5385
5854,7138,10562,8882,19735,1656.543
5855,7138,10562,8738,19708,1656.5475
5856,7138,10562,8584,19694,1656.552
5857,7138,10562,8440,19676,1656.5565
5858,7138,10562,8306,19655,1656.561
5859,7138,10562,8162,19622,1656.5655
5860,7138,10562,8016,19582,1656.57
5861,6964,10320,8498,19638,1656.5745
5862,6964,10320,8402,19615,1656.579
5863,6964,10320,8258,19580,1656.5835
5864,6964,10320,8128,19544,1656.588
5865,6964,10320,8000,19502,1656.5925
5866,6964,10320,7858,19455,1656.597
5867,6964,10320,7714,19417,1656.6015
5868,6964,10320,7592,19388,1656.606
5869,6964,10320,7464,19364,1656.6105
5870,6964,10320,7346,19342,1656.615
5871,6964,10320,7218,19306,1656.6195
5872,6964,10320,7088,19257,1656.624
5873,6964,10320,6960,19212,1656.6285
5874,6790,10078,7392,19228,1656.633
5875,6790,10078,7264,19192,1656.6375
5876,6790,10078,7184,19180,1656.642
5877,6790,10078,7056,19166,1656.6465
5878,6790,10078,6946,19160,1656.651
5879,6790,10078,6834,19145,1656.6555
5880,6790,10078,6696,19118,1656.66
5881,6790,10078,6584,19103,1656.6645
5882,6790,10078,6466,19096,1656.669
5883,6790,10078,6354,19086,1656.6735
5884,6790,10078,6208,19068,1656.678
5885,6790,10078,6096,19067,1656.6825
5886,6616,9836,6512,19118,1656.687
5887,6616,9836,6384,19112,1656.6915
5888,6616,9836,6272,19102,1656.696
5889,6616,9836,6192,19110,1656.7005
5890,6616,9836,6080,19102,1656.705
5891,6616,9836,5970,19110,1656.7095
5892,6616,9836,5858,19087,1656.714
5893,6616,9836,5752,19062,1656.7185
5894,6616,9836,5640,19045,1656.723
5895,6616,9836,5538,19039,1656.7275
5896,6616,9836,5426,19025,1656.732
5897,6616,9836,5312,18995,1656.7365
5898,6616,9836,5216,18967,1656.741
5899,6434,9588,5600,18974,1656.7455
5900,6434,9588,5488,18931,1656.75
5901,6434,9588,5408,18907,1656.7545
5902,6434,9588,5312,18876,1656.759
5903,6434,9588,5216,18847,1656.7635
5904,6434,9588,5106,18815,1656.768
5905,6434,9588,5026,18798,1656.7725
5906,6434,9588,4920,18751,1656.777
5907,6434,9588,4824,18715,1656.7815
5908,6434,9588,4722,18675,1656.786
5909,6434,9588,4626,18640,1656.7905
5910,6434,9588,4528,18611,1656.795
5911,6434,9588,4448,18588,1656.7995
5912,6434,9588,4354,18556,1656.804
5913,6434,9588,4258,18542,1656.8085
5914,6281,9348,4562,18526,1656.813
5915,6281,9348,4466,18511,1656.8175
5916,6281,9348,4402,18495,1656.822
5917,6281,9348,4306,18478,1656.8265
5918,6281,9348,4226,18455,1656.831
5919,6281,9348,4136,18429,1656.8355
5920,6281,9348,4040,18414,1656.84
5921,6281,9348,3954,18403,1656.8445
5922,6281,9348,3874,18395,1656.849
5923,6281,9348,3792,18380,1656.8535
5924,6281,9348,3696,18366,1656.858
5925,6128,9108,3984,18348,1656.8625
5926,6128,9108,3904,18319,1656.867
5927,6128,9108,3840,18295,1656.8715
5928,6128,9108,3760,18279,1656.876
5929,6128,9108,3682,18255,1656.8805
5930,6128,9108,3602,18230,1656.885
5931,6128,9108,3512,18199,1656.8895
5932,6128,9108,3432,18172,1656.894
5933,6128,9108,3352,18139,1656.8985
5934,6128,9108,3282,18107,1656.903
5935,6128,9108,3202,18057,1656.9075
5936,6128,9108,3120,18022,1656.912
5937,6128,9108,3056,17997,1656.9165
5938,5975,8868,3328,17986,1656.921
5939,5975,8868,3248,17975,1656.9255
5940,5975,8868,3184,17947,1656.93
5941,5975,8868,3104,17912,1656.9345
5942,5975,8868,3042,17901,1656.939
5943,5975,8868,2962,17882,1656.9435
5944,5975,8868,2898,17874,1656.948
5945,5975,8868,2808,17852,1656.9525
5946,5975,8868,2744,17847,1656.957
5947,5975,8868,2674,17839,1656.9615
5948,5975,8868,2594,17839,1656.966
5949,5975,8868,2528,17835,1656.9705
5950,5822,8628,11506,19247,1656.975
5951,5822,8628,11312,19247,1656.9795
5952,5822,8628,11120,19247,1656.984
5953,5822,8628,10962,19245,1656.9885
5954,5822,8628,10776,19214,1656.993
5955,5822,8628,10600,19207,1656.9975
5956,5822,8628,10434,19206,1657.002
5957,5822,8628,10258,19211,1657.0065
5958,5669,8388,10898,19278,1657.011
5959,5669,8388,10722,19255,1657.0155
5960,5669,8388,10610,19239,1657.02
5961,5669,8388,10450,19198,1657.0245
5962,5669,8388,10290,19179,1657.029
5963,5669,8388,10128,19159,1657.0335
5964,5669,8388,9970,19147,1657.038
5965,5669,8388,9810,19127,1657.0425
5966,5669,8388,9640,19094,1657.047
5967,5669,8388,9496,19061,1657.0515
5968,5669,8388,9330,19018,1657.056
5969,5669,8388,9170,18972,1657.0605
5970,5669,8388,9008,18930,1657.065
5971,5669,8388,8866,18909,1657.0695
5972,5669,8388,8706,18876,1657.074
5973,5516,8148,9280,18878,1657.0785
5974,5516,8148,9184,18860,1657.083
5975,5516,8148,9056,18837,1657.0875
5976,5516,8148,8898,18808,1657.092
5977,5516,8148,8754,18788,1657.0965
5978,5516,8148,8616,18762,1657.101
5979,5516,8148,8440,18726,1657.1055
5980,5516,8148,8306,18701,1657.11
5981,5516,8148,8162,18672,1657.1145
5982,5516,8148,8032,18662,1657.119
5983,5516,8148,7888,18652,1657.1235
5984,5516,8148,7746,18643,1657.128
5985,5516,8148,7608,18622,1657.1325
5986,5516,8148,7480,18607,1657.137
5987,5363,7908,8018,18643,1657.1415
5988,5363,7908,7922,18621,1657.146
5989,5363,7908,7794,18603,1657.1505
5990,5363,7908,7650,18571,1657.155
5991,5363,7908,7528,18549,1657.1595
5992,5363,7908,7394,18522,1657.164
5993,5363,7908,7250,18486,1657.1685
5994,5363,7908,7120,18430,1657.173
5995,5363,7908,6992,18406,1657.1775
5996,5363,7908,6882,18376,1657.182
5997,5363,7908,6754,18335,1657.1865
5998,5363,7908,6632,18292,1657.191
5999,5363,7908,6520,18264,1657.1955
6000,5210,7668,6994,18270,1657.2
6001,5210,7668,6898,18230,1657.2045
6002,5210,7668,6786,18182,1657.209
6003,5210,7668,6664,18140,1657.2135
6004,5210,7668,6552,18110,1657.218
6005,5210,7668,6450,18087,1657.2225
6006,5210,7668,6322,18046,1657.227
6007,5210,7668,6208,18003,1657.2315
6008,5210,7668,6096,17974,1657.236
6009,5210,7668,5986,17950,1657.2405
6010,5210,7668,5858,17918,1657.245
6011,5210,7668,5752,17903,1657.2495
6012,5210,7668,5624,17887,1657.254
6013,5057,7428,6066,17944,1657.2585
6014,5057,7428,6002,17932,1657.263
6015,5057,7428,5874,17909,1657.2675
6016,5057,7428,5784,17896,1657.272
6017,5057,7428,5672,17886,1657.2765
6018,5057,7428,5570,17885,1657.281
6019,5057,7428,5458,17887,1657.2855
6020,5057,7428,5344,17879,1657.29
6021,5057,7428,5248,17862,1657.2945
6022,5057,7428,5154,17853,1657.299
6023,5057,7428,5058,17838,1657.3035
6024,5057,7428,4952,17824,1657.308
6025,5057,7428,4840,17815,1657.3125
6026,4896,7185,5250,17869,1657.317
6027,4896,7185,5186,17854,1657.3215
6028,4896,7185,5090,17821,1657.326
6029,4896,7185,4984,17783,1657.3305
6030,4896,7185,4888,17758,1657.335
6031,4896,7185,4786,17738,1657.3395
6032,4896,7185,4706,17709,1657.344
6033,4896,7185,4592,17661,1657.3485
6034,4896,7185,4512,17637,1657.353
6035,4896,7185,4418,17600,1657.3575
6036,4896,7185,4338,17567,1657.362
6037,4896,7185,4242,17531,1657.3665
6038,4896,7185,4152,17500,1657.371
6039,4896,7185,4056,17470,1657.3755
6040,4784,7001,4296,17495,1657.38
6041,4784,7001,4232,17467,1657.3845
6042,4784,7001,4152,17439,1657.389
6043,4784,7001,4056,17415,1657.3935
6044,4784,7001,3986,17405,1657.398
6045,4784,7001,3890,17398,1657.4025
6046,4784,7001,3808,17372,1657.407
6047,4784,7001,3728,17358,1657.4115
6048,4784,7001,3634,17340,1657.416
6049,4784,7001,3570,17325,1657.4205
6050,4784,7001,3480,17311,1657.425
6051,4784,7001,3400,17304,1657.4295
6052,4672,6817,3608,17311,1657.434
6053,4672,6817,3544,17295,1657.4385
6054,4672,6817,3480,17278,1657.443
6055,4672,6817,3400,17259,1657.4475
6056,4672,6817,3314,17231,1657.452
6057,4672,6817,3250,17211,1657.4565
6058,4672,6817,3168,17174,1657.461
6059,4672,6817,3088,17143,1657.4655
6060,4672,6817,3010,17118,1657.47
6061,4672,6817,2930,17083,1657.4745
6062,4672,6817,2856,17039,1657.479
6063,4672,6817,2792,17006,1657.4835
6064,4560,6633,3000,16992,1657.488
6065,4560,6633,2936,16959,1657.4925
6066,4560,6633,2872,16939,1657.497
6067,4560,6633,2792,16892,1657.5015
6068,4560,6633,2728,16863,1657.506
6069,4560,6633,2658,16821,1657.5105
6070,4560,6633,2578,16765,1657.515
6071,4560,6633,2512,16734,1657.5195
6072,4448,6449,11554,18105,1657.524
6073,4448,6449,11360,18062,1657.5285
6074,4448,6449,11184,18031,1657.533
6075,4448,6449,11010,18003,1657.5375
6076,4448,6449,10824,17979,1657.542
6077,4448,6449,10664,17960,1657.5465
6078,4448,6449,10482,17935,1657.551
6079,4448,6449,10306,17912,1657.5555
6080,4448,6449,10144,17899,1657.56
6081,4448,6449,10002,17898,1657.5645
6082,4448,6449,9826,17883,1657.569
6083,4336,6265,10322,17947,1657.5735
6084,4336,6265,10162,17934,1657.578
6085,4336,6265,10066,17935,1657.5825
6086,4336,6265,9890,17918,1657.587
6087,4336,6265,9730,17905,1657.5915
6088,4336,6265,9576,17899,1657.596
6089,4336,6265,9426,17883,1657.6005
6090,4336,6265,9266,17852,1657.605
6091,4336,6265,9104,17832,1657.6095
6092,4336,6265,8944,17816,1657.614
6093,4336,6265,8802,17808,1657.6185
6094,4336,6265,8642,17779,1657.623
6095,4224,6081,9122,17822,1657.6275
6096,4224,6081,8978,17776,1657.632
6097,4224,6081,8866,17743,1657.6365
6098,4224,6081,8722,17707,1657.641
6099,4224,6081,8568,17663,1657.6455
6100,4224,6081,8424,17645,1657.65
6101,4224,6081,8290,17624,1657.6545
6102,4224,6081,8146,17589,1657.659
6103,4224,6081,7984,17544,1657.6635
6104,4224,6081,7858,17515,1657.668
6105,4224,6081,7714,17471,1657.6725
6106,4112,5897,8162,17547,1657.677
6107,4112,5897,8018,17526,1657.6815
6108,4112,5897,7922,17503,1657.686
6109,4112,5897,7794,17480,1657.6905
6110,4112,5897,7650,17453,1657.695
6111,4112,5897,7528,17436,1657.6995
6112,4112,5897,7378,17406,1657.704
6113,4112,5897,7266,17398,1657.7085
6114,4112,5897,7120,17374,1657.713
6115,4112,5897,7008,17358,1657.7175
6116,4112,5897,6882,17339,1657.722
6117,4112,5897,6754,17318,1657.7265
6118,4112,5897,6616,17288,1657.731
6119,4112,5897,6504,17272,1657.7355
6120,4000,5713,6904,17356,1657.74
6121,4000,5713,6792,17327,1657.7445
6122,4000,5713,6696,17305,1657.749
6123,4000,5713,6568,17263,1657.7535
6124,4000,5713,6450,17231,1657.758
6125,4000,5713,6338,17183,1657.7625
6126,4000,5713,6224,17142,1657.767
6127,4000,5713,6112,17102,1657.7715
6128,4000,5713,6002,17071,1657.776
6129,4000,5713,5874,17014,1657.7805
6130,4000,5713,5768,16958,1657.785
6131,4000,5713,5656,16899,1657.7895
6132,3888,5529,6024,16955,1657.794
6133,3888,5529,5912,16896,1657.7985
6134,3888,5529,5832,16872,1657.803
6135,3888,5529,5720,16829,1657.8075
6136,3888,5529,5618,16790,1657.812
6137,3888,5529,5506,16741,1657.8165
6138,3888,5529,5408,16694,1657.821
6139,3888,5529,5296,16639,1657.8255
6140,3888,5529,5186,16607,1657.83
6141,3888,5529,5090,16584,1657.8345
6142,3888,5529,4984,16555,1657.839
6143,3888,5529,4888,16526,1657.8435
6144,3775,5340,5234,16616,1657.848
6145,3775,5340,5154,16592,1657.8525
6146,3775,5340,5058,16571,1657.857
6147,3775,5340,4952,16559,1657.8615
6148,3775,5340,4856,16540,1657.866
6149,3775,5340,4754,16525,1657.8705
6150,3775,5340,4658,16495,1657.875
6151,3775,5340,4560,16460,1657.8795
6152,3775,5340,4464,16432,1657.884
6153,3775,5340,4386,16423,1657.8885
6154,3775,5340,4290,16404,1657.893
6155,3775,5340,4184,16380,1657.8975
6156,3775,5340,4088,16349,1657.902
6157,3660,5183,4376,16471,1657.9065
6158,3660,5183,4280,16423,1657.911
6159,3660,5183,4216,16395,1657.9155
6160,3660,5183,4120,16367,1657.92
6161,3660,5183,4050,16352,1657.9245
6162,3660,5183,3954,16327,1657.929
6163,3660,5183,3872,16284,1657.9335
6164,3660,5183,3792,16242,1657.938
6165,3545,5026,4032,16319,1657.9425
6166,3545,5026,3952,16301,1657.947
6167,3545,5026,3872,16271,1657.9515
6168,3545,5026,3808,16252,1657.956
6169,3545,5026,3728,16230,1657.9605
6170,3545,5026,3650,16205,1657.965
6171,3545,5026,3570,16174,1657.9695
6172,3545,5026,3480,16144,1657.974
6173,3545,5026,3400,16118,1657.9785
6174,3545,5026,3314,16095,1657.983
6175,3545,5026,3250,16091,1657.9875
6176,3545,5026,3168,16059,1657.992
6177,3545,5026,3088,16031,1657.9965
6178,3430,4869,3312,16155,1658.001
6179,3430,4869,3232,16141,1658.0055
6180,3430,4869,3184,16128,1658.01
6181,3430,4869,3104,16120,1658.0145
6182,3430,4869,3026,16118,1658.019
6183,3430,4869,2962,16103,1658.0235
6184,3430,4869,2872,16071,1658.028
6185,3430,4869,2808,16054,1658.0325
6186,3430,4869,2722,16040,1658.037
6187,3430,4869,2658,16014,1658.0415
6188,3430,4869,2576,15976,1658.046
6189,3315,4712,11960,17404,1658.0505
6190,3315,4712,11768,17359,1658.055
6191,3315,4712,11586,17324,1658.0595
6192,3315,4712,11392,17263,1658.064
6193,3315,4712,11216,17231,1658.0685
6194,3315,4712,11058,17203,1658.073
6195,3315,4712,10866,17145,1658.0775
6196,3315,4712,10680,17087,1658.082
6197,3315,4712,10514,17035,1658.0865
6198,3315,4712,10338,16975,1658.091
6199,3315,4712,10160,16911,1658.0955
6200,3315,4712,10000,16862,1658.1
6201,3315,4712,9826,16826,1658.1045
6202,3200,4555,10384,16927,1658.109
6203,3200,4555,10272,16888,1658.1135
6204,3200,4555,10128,16859,1658.118
6205,3200,4555,9970,16825,1658.1225
6206,3200,4555,9810,16791,1658.127
6207,3200,4555,9624,16749,1658.1315
6208,3200,4555,9480,16719,1658.136
6209,3200,4555,9314,16696,1658.1405
6210,3200,4555,9154,16664,1658.145
6211,3200,4555,9008,16633,1658.1495
6212,3200,4555,8850,16613,1658.154
6213,3200,4555,8690,16575,1658.1585
6214,3085,4398,9218,16735,1658.163
6215,3085,4398,9074,16734,1658.1675
6216,3085,4398,8962,16717,1658.172
6217,3085,4398,8818,16703,1658.1765
6218,3085,4398,8658,16667,1658.181
6219,3085,4398,8520,16637,1658.1855
6220,3085,4398,8370,16618,1658.19
6221,3085,4398,8226,16575,1658.1945
6222,3085,4398,8080,16555,1658.199
6223,3085,4398,7936,16512,1658.2035
6224,3085,4398,7794,16500,1658.208
6225,3085,4398,7666,16461,1658.2125
6226,2970,4241,8146,16599,1658.217
6227,2970,4241,8002,16560,1658.2215
6228,2970,4241,7906,16539,1658.226
6229,2970,4241,7762,16508,1658.2305
6230,2970,4241,7640,16471,1658.235
6231,2970,4241,7496,16423,1658.2395
6232,2970,4241,7362,16372,1658.244
6233,2970,4241,7234,16334,1658.2485
6234,2970,4241,7104,16299,1658.253
6235,2970,4241,6976,16272,1658.2575
6236,2970,4241,6850,16254,1658.262
6237,2970,4241,6722,16231,1658.2665
6238,2970,4241,6600,16206,1658.271
6239,2855,4084,7026,16343,1658.2755
6240,2855,4084,6930,16319,1658.28
6241,2855,4084,6818,16304,1658.2845
6242,2855,4084,6696,16283,1658.289
6243,2855,4084,6568,16268,1658.2935
6244,2855,4084,6450,16250,1658.298
6245,2855,4084,6322,16229,1658.3025
6246,2855,4084,6208,16192,1658.307
6247,2855,4084,6080,16183,1658.3115
6248,2855,4084,5970,16183,1658.316
6249,2855,4084,5858,16167,1658.3205
6250,2855,4084,5752,16139,1658.325
6251,2855,4084,5640,16111,1658.3295
6252,2740,3927,6024,16255,1658.334
6253,2740,3927,5912,16237,1658.3385
6254,2740,3927,5832,16216,1658.343
6255,2740,3927,5720,16180,1658.3475
6256,2740,3927,5608,16135,1658.352
6257,2740,3927,5506,16097,1658.3565
6258,2740,3927,5392,16046,1658.361
6259,2740,3927,5296,15997,1658.3655
6260,2740,3927,5186,15950,1658.37
6261,2740,3927,5090,15910,1658.3745
6262,2740,3927,4984,15864,1658.379
6263,2740,3927,4872,15821,1658.3835
6264,2621,3768,5234,15936,1658.388
6265,2621,3768,5170,15903,1658.3925
6266,2621,3768,5074,15850,1658.397
6267,2621,3768,4968,15791,1658.4015
6268,2621,3768,4872,15740,1658.406
6269,2621,3768,4770,15706,1658.4105
6270,2621,3768,4674,15664,1658.415
6271,2621,3768,4576,15615,1658.4195
6272,2621,3768,4480,15581,1658.424
6273,2621,3768,4386,15559,1658.4285
6274,2621,3768,4306,15533,1658.433
6275,2621,3768,4200,15486,1658.4375
6276,2621,3768,4104,15456,1658.442
6277,2513,3624,4392,15599,1658.4465
6278,2513,3624,4312,15575,1658.451
6279,2513,3624,4232,15543,1658.4555
6280,2513,3624,4152,15515,1658.46
6281,2513,3624,4050,15484,1658.4645
6282,2513,3624,3970,15469,1658.469
6283,2513,3624,3890,15454,1658.4735
6284,2513,3624,3792,15422,1658.478
6285,2513,3624,3712,15390,1658.4825
6286,2513,3624,3634,15368,1658.487
6287,2513,3624,3538,15338,1658.4915
6288,2513,3624,3464,15310,1658.496
6289,2513,3624,3368,15287,1658.5005
6290,2405,3480,3640,15407,1658.505
6291,2405,3480,3544,15357,1658.5095
6292,2405,3480,3496,15339,1658.514
6293,2405,3480,3416,15294,1658.5185
6294,2405,3480,3330,15246,1658.523
6295,2405,3480,3250,15224,1658.5275
6296,2405,3480,3168,15190,1658.532
6297,2405,3480,3088,15159,1658.5365
6298,2405,3480,3026,15145,1658.541
6299,2405,3480,2946,15100,1658.5455
6300,2405,3480,2856,15064,1658.55
6301,2405,3480,2792,15036,1658.5545
6302,2297,3336,3032,15148,1658.559
6303,2297,3336,2952,15125,1658.5635
6304,2297,3336,2888,15102,1658.568
6305,2297,3336,2808,15080,1658.5725
6306,2297,3336,2744,15069,1658.577
6307,2297,3336,2674,15062,1658.5815
6308,2297,3336,2594,15051,1658.586
6309,2297,3336,2512,15038,1658.5905
6310,2189,3192,12066,16526,1658.595
6311,2189,3192,11880,16504,1658.5995
6312,2189,3192,11698,16494,1658.604
6313,2189,3192,11506,16463,1658.6085
6314,2189,3192,11328,16431,1658.613
6315,2189,3192,11152,16422,1658.6175
6316,2189,3192,10978,16412,1658.622
6317,2189,3192,10792,16381,1658.6265
6318,2189,3192,10616,16362,1658.631
6319,2189,3192,10450,16340,1658.6355
6320,2189,3192,10256,16287,1658.64
6321,2189,3192,10096,16256,1658.6445
6322,2189,3192,9922,16231,1658.649
6323,2189,3192,9762,16199,1658.6535
6324,2081,3048,10338,16335,1658.658
6325,2081,3048,10162,16284,1658.6625
6326,2081,3048,10050,16248,1658.667
6327,2081,3048,9890,16191,1658.6715
6328,2081,3048,9730,16127,1658.676
6329,2081,3048,9576,16096,1658.6805
6330,2081,3048,9426,16056,1658.685
6331,2081,3048,9250,15996,1658.6895
6332,2081,3048,9104,15955,1658.694
6333,2081,3048,8944,15904,1658.6985
6334,2081,3048,8786,15863,1658.703
6335,1973,2904,9312,16016,1658.7075
6336,1973,2904,9200,15982,1658.712
6337,1973,2904,9056,15944,1658.7165
6338,1973,2904,8914,15916,1658.721
6339,1973,2904,8754,15868,1658.7255
6340,1973,2904,8616,15835,1658.73
6341,1973,2904,8456,15791,1658.7345
6342,1973,2904,8306,15767,1658.739
6343,1973,2904,8162,15734,1658.7435
6344,1973,2904,8032,15711,1658.748
6345,1973,2904,7890,15700,1658.7525
6346,1973,2904,7746,15662,1658.757
6347,1865,2760,8210,15814,1658.7615
6348,1865,2760,8066,15783,1658.766
6349,1865,2760,7938,15744,1658.7705
6350,1865,2760,7842,15736,1658.775
6351,1865,2760,7698,15709,1658.7795
6352,1865,2760,7560,15673,1658.784
6353,1865,2760,7426,15631,1658.7885
6354,1865,2760,7298,15591,1658.793
6355,1865,2760,7152,15536,1658.7975
6356,1865,2760,7024,15502,1658.802
6357,1865,2760,6898,15471,1658.8065
6358,1865,2760,6770,15439,1658.811
6359,1865,2760,6648,15386,1658.8155
6360,1865,2760,6520,15339,1658.82
6361,1757,2616,6936,15479,1658.8245
6362,1757,2616,6808,15431,1658.829
6363,1757,2616,6728,15404,1658.8335
6364,1757,2616,6600,15358,1658.838
6365,1757,2616,6482,15338,1658.8425
6366,1757,2616,6354,15302,1658.847
6367,1757,2616,6240,15259,1658.8515
6368,1757,2616,6128,15220,1658.856
6369,1757,2616,6018,15195,1658.8605
6370,1757,2616,5890,15165,1658.865
6371,1757,2616,5784,15151,1658.8695
6372,1757,2616,5656,15128,1658.874
6373,1649,2472,6024,15293,1658.8785
6374,1649,2472,5912,15276,1658.883
6375,1649,2472,5832,15262,1658.8875
6376,1649,2472,5736,15246,1658.892
6377,1649,2472,5618,15228,1658.8965
6378,1649,2472,5506,15214,1658.901
6379,1649,2472,5392,15195,1658.9055
6380,1649,2472,5296,15177,1658.91
6381,1649,2472,5186,15151,1658.9145
6382,1649,2472,5074,15128,1658.919
6383,1649,2472,4984,15100,1658.9235
6384,1649,2472,4872,15079,1658.928
6385,1541,2326,5208,15240,1658.9325
6386,1541,2326,5112,15207,1658.937
6387,1541,2326,5000,15165,1658.9415
6388,1541,2326,4936,15143,1658.946
6389,1541,2326,4824,15094,1658.9505
6390,1541,2326,4738,15063,1658.955
6391,1541,2326,4642,15027,1658.9595
6392,1541,2326,4544,14974,1658.964
6393,1541,2326,4448,14933,1658.9685
6394,1541,2326,4354,14874,1658.973
6395,1541,2326,4258,14821,1658.9775
6396,1541,2326,4152,14763,1658.982
6397,1453,2238,4344,14896,1658.9865
6398,1453,2238,4248,14848,1658.991
6399,1453,2238,4184,14824,1658.9955
6400,1453,2238,4088,14773,1659.0
6401,1453,2238,4002,14741,1659.0045
6402,1453,2238,3922,14710,1659.009
6403,1453,2238,3824,14655,1659.0135
6404,1453,2238,3744,14629,1659.018
6405,1365,2150,3904,14759,1659.0225
6406,1365,2150,3840,14731,1659.027
6407,1365,2150,3744,14703,1659.0315
6408,1365,2150,3666,14682,1659.036
6409,1365,2150,3586,14639,1659.0405
6410,1365,2150,3496,14612,1659.045
6411,1365,2150,3416,14588,1659.0495
6412,1365,2150,3330,14568,1659.054
6413,1365,2150,3250,14555,1659.0585
6414,1365,2150,3168,14517,1659.063
6415,1365,2150,3088,14478,1659.0675
6416,1277,2062,3248,14586,1659.072
6417,1277,2062,3184,14563,1659.0765
6418,1277,2062,3104,14527,1659.081
6419,1277,2062,3026,14509,1659.0855
6420,1277,2062,2946,14463,1659.09
6421,1277,2062,2872,14429,1659.0945
6422,1277,2062,2792,14380,1659.099
6423,1189,1974,2936,14494,1659.1035
6424,1189,1974,2872,14462,1659.108
6425,1189,1974,2792,14435,1659.1125
6426,1189,1974,2722,14411,1659.117
6427,1189,1974,2642,14367,1659.1215
6428,1189,1974,2576,14319,1659.126
6429,1101,1886,12290,15757,1659.1305
6430,1101,1886,12082,15727,1659.135
6431,1101,1886,11880,15694,1659.1395
6432,1101,1886,11698,15674,1659.144
6433,1101,1886,11506,15647,1659.1485
6434,1101,1886,11312,15611,1659.153
6435,1101,1886,11138,15591,1659.1575
6436,1101,1886,10962,15580,1659.162
6437,1101,1886,10760,15550,1659.1665
6438,1101,1886,10584,15548,1659.171
6439,1101,1886,10418,15543,1659.1755
6440,1013,1798,10786,15668,1659.18
6441,1013,1798,10658,15659,1659.1845
6442,1013,1798,10498,15644,1659.189
6443,1013,1798,10322,15644,1659.1935
6444,1013,1798,10128,15630,1659.198
6445,1013,1798,9954,15631,1659.2025
6446,1013,1798,9794,15623,1659.207
6447,1013,1798,9624,15612,1659.2115
6448,1013,1798,9464,15599,1659.216
6449,1013,1798,9298,15584,1659.2205
6450,925,1710,9634,15719,1659.225
6451,925,1710,9522,15709,1659.2295
6452,925,1710,9362,15693,1659.234
6453,925,1710,9202,15662,1659.2385
6454,925,1710,9040,15631,1659.243
6455,925,1710,8882,15597,1659.2475
6456,925,1710,8722,15551,1659.252
6457,837,1622,9042,15645,1659.2565
6458,837,1622,8946,15615,1659.261
6459,837,1622,8786,15592,1659.2655
6460,837,1622,8632,15558,1659.27
6461,837,1622,8488,15527,1659.2745
6462,837,1622,8338,15483,1659.279
6463,837,1622,8178,15431,1659.2835
6464,837,1622,8048,15390,1659.288
6465,837,1622,7890,15356,1659.2925
6466,837,1622,7746,15327,1659.297
6467,749,1534,8050,15407,1659.3015
6468,749,1534,7938,15375,1659.306
6469,749,1534,7810,15351,1659.3105
6470,749,1534,7672,15326,1659.315
6471,749,1534,7528,15309,1659.3195
6472,749,1534,7394,15287,1659.324
6473,749,1534,7250,15272,1659.3285
6474,21091,39885,10210,29855,1659.333
6475,21091,39885,10082,29827,1659.3375
6476,21091,39885,9842,29753,1659.342
6477,21091,39885,9640,29689,1659.3465
6478,21091,39885,9480,29653,1659.351
6479,21091,39885,9330,29628,1659.3555
6480,21091,39885,9202,29598,1659.36
6481,21091,39885,9040,29565,1659.3645
6482,21091,39885,8912,29534,1659.369
6483,21091,39885,8802,29494,1659.3735
6484,21091,39885,8658,29436,1659.378
6485,21091,39885,8520,29397,1659.3825
6486,20695,39127,9090,29071,1659.387
6487,20695,39127,8978,29032,1659.3915
6488,20695,39127,8850,28974,1659.396
6489,20695,39127,8706,28890,1659.4005
6490,20695,39127,8552,28799,1659.405
6491,20695,39127,8440,28739,1659.4095
6492,20695,39127,8306,28695,1659.414
6493,20695,39127,8178,28654,1659.4185
6494,20695,39127,8048,28614,1659.423
6495,20695,39127,7922,28574,1659.4275
6496,20695,39127,7794,28527,1659.432
6497,20695,39127,7656,28471,1659.4365
6498,20695,39127,7528,28430,1659.441
6499,20299,38369,8050,28115,1659.4455
6500,20299,38369,7938,28091,1659.45
6501,20299,38369,7842,28087,1659.4545
6502,20299,38369,7698,28062,1659.459
6503,20299,38369,7592,28046,1659.4635
6504,20299,38369,7464,28031,1659.468
6505,20299,38369,7330,28039,1659.4725
6506,20299,38369,7218,28047,1659.477
6507,20299,38369,7088,28060,1659.4815
6508,20299,38369,6976,28059,1659.486
6509,20299,38369,6866,28062,1659.4905
6510,20299,38369,6738,28062,1659.495
6511,20299,38369,6616,28063,1659.4995
6512,20299,38369,6504,28085,1659.504
6513,19903,37611,6978,27814,1659.5085
6514,19903,37611,6898,27808,1659.513
6515,19903,37611,6786,27802,1659.5175
6516,19903,37611,6664,27775,1659.522
6517,19903,37611,6552,27774,1659.5265
6518,19903,37611,6450,27767,1659.531
6519,19903,37611,6338,27757,1659.5355
6520,19903,37611,6224,27740,1659.54
6521,19903,37611,6112,27709,1659.5445
6522,19903,37611,6018,27693,1659.549
6523,19903,37611,5906,27647,1659.5535
6524,19903,37611,5800,27614,1659.558
6525,19903,37611,5704,27580,1659.5625
6526,19903,37611,5592,27554,1659.567
6527,19507,36853,6024,27215,1659.5715
6528,19507,36853,5912,27191,1659.576
6529,19507,36853,5832,27174,1659.5805
6530,19507,36853,5752,27149,1659.585
6531,19507,36853,5656,27119,1659.5895
6532,19507,36853,5554,27104,1659.594
6533,19507,36853,5458,27087,1659.5985
6534,19507,36853,5360,27063,1659.603
6535,19507,36853,5264,27047,1659.6075
6536,19507,36853,5170,27038,1659.612
6537,19507,36853,5074,27034,1659.6165
6538,19110,36095,5472,26726,1659.621
6539,19110,36095,5392,26720,1659.6255
6540,19110,36095,5296,26733,1659.63
6541,19110,36095,5216,26726,1659.6345
6542,19110,36095,5122,26720,1659.639
6543,19110,36095,5042,26732,1659.6435
6544,19110,36095,4936,26717,1659.648
6545,19110,36095,4856,26695,1659.6525
6546,19110,36095,4770,26683,1659.657
6547,19110,36095,4674,26670,1659.6615
6548,19110,36095,4592,26652,1659.666
6549,19110,36095,4496,26630,1659.6705
6550,19110,36095,4416,26603,1659.675
6551,19110,36095,4338,26572,1659.6795
6552,19110,36095,4258,26541,1659.684
6553,18794,35460,4546,26271,1659.6885
6554,18794,35460,4450,26240,1659.693
6555,18794,35460,4402,26223,1659.6975
6556,18794,35460,4306,26175,1659.702
6557,18794,35460,4210,26111,1659.7065
6558,18794,35460,4152,26071,1659.711
6559,18794,35460,4072,26027,1659.7155
6560,18794,35460,3986,26000,1659.72
6561,18794,35460,3906,25980,1659.7245
6562,18794,35460,3824,25964,1659.729
6563,18794,35460,3760,25950,1659.7335
6564,18478,34825,4000,25662,1659.738
6565,18478,34825,3936,25647,1659.7425
6566,18478,34825,3872,25629,1659.747
6567,18478,34825,3792,25630,1659.7515
6568,18478,34825,3712,25628,1659.756
6569,18478,34825,3650,25647,1659.7605
6570,18478,34825,3570,25647,1659.765
6571,18478,34825,3496,25645,1659.7695
6572,18478,34825,3432,25655,1659.774
6573,18478,34825,3346,25680,1659.7785
6574,18478,34825,3282,25707,1659.783
6575,18478,34825,3202,25718,1659.7875
6576,18478,34825,3136,25723,1659.792
6577,18478,34825,3056,25739,1659.7965
6578,18162,34190,3312,25534,1659.801
6579,18162,34190,3248,25548,1659.8055
6580,18162,34190,3184,25547,1659.81
6581,18162,34190,3120,25552,1659.8145
6582,18162,34190,3040,25547,1659.819
6583,18162,34190,2978,25546,1659.8235
6584,18162,34190,2914,25529,1659.828
6585,18162,34190,2840,25509,1659.8325
6586,18162,34190,2776,25496,1659.837
6587,17846,33555,3016,25272,1659.8415
6588,17846,33555,2936,25261,1659.846
6589,17846,33555,2888,25247,1659.8505
6590,17846,33555,2824,25213,1659.855
6591,17846,33555,2760,25182,1659.8595
6592,17846,33555,2690,25136,1659.864
6593,17846,33555,2626,25109,1659.8685
6594,17846,33555,2544,25075,1659.873
6595,17530,32920,10664,27406,1659.8775
6596,17530,32920,10514,27378,1659.882
6597,17530,32920,10354,27344,1659.8865
6598,17530,32920,10176,27293,1659.891
6599,17530,32920,10034,27262,1659.8955
6600,17530,32920,9874,27239,1659.9
6601,17530,32920,9720,27205,1659.9045
6602,17530,32920,9576,27199,1659.909
6603,17530,32920,9442,27183,1659.9135
6604,17530,32920,9298,27161,1659.918
6605,17530,32920,9104,27118,1659.9225
6606,17530,32920,8976,27098,1659.927
6607,17530,32920,8834,27082,1659.9315
6608,17530,32920,8690,27072,1659.936
6609,17530,32920,8552,27067,1659.9405
6610,17214,32285,9090,26842,1659.945
6611,17214,32285,8978,26816,1659.9495
6612,17214,32285,8866,26784,1659.954
6613,17214,32285,8722,26740,1659.9585
6614,17214,32285,8568,26695,1659.963
6615,17214,32285,8434,26666,1659.9675
6616,17214,32285,8290,26617,1659.972
6617,17214,32285,8144,26565,1659.9765
6618,17214,32285,8032,26523,1659.981
6619,17214,32285,7906,26477,1659.9855
6620,17214,32285,7778,26422,1659.99
6621,17214,32285,7624,26363,1659.9945
6622,17214,32285,7512,26334,1659.999
6623,16898,31650,8002,26062,1660.0035
6624,16898,31650,7922,26030,1660.008
6625,16898,31650,7794,25968,1660.0125
6626,16898,31650,7656,25893,1660.017
6627,16898,31650,7544,25838,1660.0215
6628,16898,31650,7410,25798,1660.026
6629,16898,31650,7298,25771,1660.0305
6630,16898,31650,7152,25727,1660.035
6631,16898,31650,7024,25712,1660.0395
6632,16582,31015,7522,25517,1660.044
6633,16582,31015,7442,25499,1660.0485
6634,16582,31015,7314,25486,1660.053
6635,16582,31015,7184,25463,1660.0575
6636,16582,31015,7056,25455,1660.062
6637,16582,31015,6962,25455,1660.0665
6638,16582,31015,6834,25452,1660.071
6639,16582,31015,6728,25437,1660.0755
6640,16582,31015,6600,25436,1660.08
6641,16582,31015,6482,25454,1660.0845
6642,16582,31015,6370,25455,1660.089
6643,16582,31015,6256,25462,1660.0935
6644,16582,31015,6128,25455,1660.098
6645,16266,30380,6578,25262,1660.1025
6646,16266,30380,6498,25251,1660.107
6647,16266,30380,6386,25239,1660.1115
6648,16266,30380,6274,25229,1660.116
6649,16266,30380,6160,25211,1660.1205
6650,16266,30380,6050,25208,1660.125
6651,16266,30380,5970,25191,1660.1295
6652,16266,30380,5842,25148,1660.134
6653,16266,30380,5752,25116,1660.1385
6654,16266,30380,5640,25083,1660.143
6655,16266,30380,5554,25080,1660.1475
6656,16266,30380,5442,25058,1660.152
6657,16266,30380,5344,25036,1660.1565
6658,16266,30380,5248,25009,1660.161
6659,15950,29739,5634,24771,1660.1655
6660,15950,29739,5570,24760,1660.17
6661,15950,29739,5474,24727,1660.1745
6662,15950,29739,5376,24686,1660.179
6663,15950,29739,5280,24676,1660.1835
6664,15950,29739,5186,24666,1660.188
6665,15950,29739,5090,24663,1660.1925
6666,15950,29739,4994,24659,1660.197
6667,15950,29739,4904,24667,1660.2015
6668,15950,29739,4824,24664,1660.206
6669,15950,29739,4722,24668,1660.2105
6670,15950,29739,4642,24667,1660.215
6671,15950,29739,4544,24663,1660.2195
6672,15950,29739,4448,24668,1660.224
6673,15950,29739,4370,24670,1660.2285
6674,15950,29739,4274,24669,1660.233
6675,15663,29211,4578,24492,1660.2375
6676,15663,29211,4482,24492,1660.242
6677,15663,29211,4418,24492,1660.2465
6678,15663,29211,4338,24491,1660.251
6679,15663,29211,4258,24477,1660.2555
6680,15663,29211,4168,24446,1660.26
6681,15663,29211,4088,24412,1660.2645
6682,15663,29211,4018,24396,1660.269
6683,15663,29211,3938,24377,1660.2735
6684,15663,29211,3858,24354,1660.278
6685,15663,29211,3760,24316,1660.2825
6686,15663,29211,3696,24282,1660.287
6687,15376,28683,3952,24020,1660.2915
6688,15376,28683,3872,23974,1660.296
6689,15376,28683,3824,23951,1660.3005
6690,15376,28683,3744,23926,1660.305
6691,15376,28683,3666,23911,1660.3095
6692,15376,28683,3586,23872,1660.314
6693,15376,28683,3512,23843,1660.3185
6694,15376,28683,3432,23798,1660.323
6695,15376,28683,3368,23772,1660.3275
6696,15089,28155,3624,23590,1660.332
6697,15089,28155,3560,23579,1660.3365
6698,15089,28155,3496,23579,1660.341
6699,15089,28155,3416,23566,1660.3455
6700,15089,28155,3346,23551,1660.35
6701,15089,28155,3266,23550,1660.3545
6702,15089,28155,3202,23550,1660.359
6703,15089,28155,3120,23567,1660.3635
6704,15089,28155,3056,23580,1660.368
6705,15089,28155,2994,23598,1660.3725
6706,15089,28155,2914,23598,1660.377
6707,15089,28155,2840,23582,1660.3815
6708,15089,28155,2776,23581,1660.386
6709,14802,27627,3042,23439,1660.3905
6710,14802,27627,2978,23463,1660.395
6711,14802,27627,2898,23480,1660.3995
6712,14802,27627,2840,23479,1660.404
6713,14802,27627,2760,23464,1660.4085
6714,14802,27627,2706,23453,1660.413
6715,14802,27627,2626,23431,1660.4175
6716,14802,27627,2560,23412,1660.422
6717,14515,27099,10840,25576,1660.4265
6718,14515,27099,10664,25544,1660.431
6719,14515,27099,10498,25496,1660.4355
6720,14515,27099,10338,25451,1660.44
6721,14515,27099,10160,25391,1660.4445
6722,14515,27099,10018,25371,1660.449
6723,14515,27099,9858,25338,1660.4535
6724,14515,27099,9704,25310,1660.458
6725,14515,27099,9560,25278,1660.4625
6726,14515,27099,9410,25243,1660.467
6727,14515,27099,9250,25199,1660.4715
6728,14515,27099,9104,25164,1660.476
6729,14228,26571,9666,25010,1660.4805
6730,14228,26571,9522,24992,1660.485
6731,14228,26571,9410,24983,1660.4895
6732,14228,26571,9250,24955,1660.494
6733,14228,26571,9120,24934,1660.4985
6734,14228,26571,8978,24918,1660.503
6735,14228,26571,8818,24904,1660.5075
6736,14228,26571,8680,24891,1660.512
6737,14228,26571,8536,24894,1660.5165
6738,14228,26571,8402,24896,1660.521
6739,14228,26571,8258,24879,1660.5255
6740,14228,26571,8112,24860,1660.53
6741,14228,26571,7968,24828,1660.5345
6742,13941,26043,8512,24692,1660.539
6743,13941,26043,8368,24670,1660.5435
6744,13941,26043,8224,24639,1660.548
6745,13941,26043,8144,24623,1660.5525
6746,13941,26043,8016,24600,1660.557
6747,13941,26043,7890,24572,1660.5615
6748,13941,26043,7762,24534,1660.566
6749,13941,26043,7640,24494,1660.5705
6750,13941,26043,7512,24445,1660.575
6751,13941,26043,7394,24402,1660.5795
6752,13941,26043,7266,24351,1660.584
6753,13941,26043,7136,24300,1660.5885
6754,13941,26043,7008,24247,1660.593
6755,13654,25515,7490,24045,1660.5975
6756,13654,25515,7410,24013,1660.602
6757,13654,25515,7298,23966,1660.6065
6758,13654,25515,7168,23916,1660.611
6759,13654,25515,7056,23888,1660.6155
6760,13654,25515,6930,23848,1660.62
6761,13654,25515,6818,23805,1660.6245
6762,13654,25515,6696,23767,1660.629
6763,13654,25515,6584,23734,1660.6335
6764,13654,25515,6466,23711,1660.638
6765,13654,25515,6354,23691,1660.6425
6766,13654,25515,6224,23660,1660.647
6767,13654,25515,6112,23639,1660.6515
6768,13367,24987,6562,23502,1660.656
6769,13367,24987,6482,23500,1660.6605
6770,13367,24987,6370,23486,1660.665
6771,13367,24987,6256,23479,1660.6695
6772,13367,24987,6144,23456,1660.674
6773,13367,24987,6050,23471,1660.6785
6774,13367,24987,5954,23463,1660.683
6775,13367,24987,5842,23451,1660.6875
6776,13367,24987,5736,23437,1660.692
6777,13367,24987,5618,23423,1660.6965
6778,13367,24987,5522,23435,1660.701
6779,13367,24987,5426,23424,1660.7055
6780,13367,24987,5312,23391,1660.71
6781,13367,24987,5216,23366,1660.7145
6782,13075,24453,5634,23192,1660.719
6783,13075,24453,5570,23180,1660.7235
6784,13075,24453,5458,23163,1660.728
6785,13075,24453,5360,23140,1660.7325
6786,13075,24453,5264,23125,1660.737
6787,13075,24453,5170,23100,1660.7415
6788,13075,24453,5074,23062,1660.746
6789,13075,24453,4968,23022,1660.7505
6790,13075,24453,4888,23000,1660.755
6791,13075,24453,4786,22975,1660.7595
6792,13075,24453,4690,22967,1660.764
6793,13075,24453,4592,22951,1660.7685
6794,13075,24453,4496,22951,1660.773
6795,12817,24018,4818,22839,1660.7775
6796,12817,24018,4754,22829,1660.782
6797,12817,24018,4658,22814,1660.7865
6798,12817,24018,4560,22810,1660.791
6799,12817,24018,4480,22808,1660.7955
6800,12817,24018,4402,22828,1660.8
6801,12817,24018,4306,22827,1660.8045
6802,12817,24018,4216,22829,1660.809
6803,12817,24018,4136,22830,1660.8135
6804,12817,24018,4040,22837,1660.818
6805,12559,23583,4328,22731,1660.8225
6806,12559,23583,4248,22739,1660.827
6807,12559,23583,4184,22743,1660.8315
6808,12559,23583,4088,22734,1660.836
6809,12559,23583,4018,22741,1660.8405
6810,12559,23583,3938,22726,1660.845
6811,12559,23583,3856,22703,1660.8495
6812,12559,23583,3776,22686,1660.854
6813,12559,23583,3696,22683,1660.8585
6814,12559,23583,3634,22670,1660.863
6815,12559,23583,3538,22636,1660.8675
6816,12559,23583,3464,22594,1660.872
6817,12559,23583,3384,22557,1660.8765
6818,12301,23148,3656,22400,1660.881
6819,12301,23148,3576,22372,1660.8855
6820,12301,23148,3528,22362,1660.89
6821,12301,23148,3448,22327,1660.8945
6822,12301,23148,3368,22282,1660.899
6823,12301,23148,3298,22239,1660.9035
6824,12301,23148,3218,22202,1660.908
6825,12301,23148,3152,22174,1660.9125
6826,12301,23148,3072,22140,1660.917
6827,12301,23148,3010,22135,1660.9215
6828,12301,23148,2930,22119,1660.926
6829,12301,23148,2872,22100,1660.9305
6830,12301,23148,2792,22071,1660.935
6831,12301,23148,2728,22060,1660.9395
6832,12043,22713,2984,21947,1660.944
6833,12043,22713,2904,21950,1660.9485
6834,12043,22713,2856,21947,1660.953
6835,12043,22713,2792,21936,1660.9575
6836,12043,22713,2722,21931,1660.962
6837,12043,22713,2658,21927,1660.9665
6838,12043,22713,2576,21928,1660.971
6839,11785,22278,11010,23853,1660.9755
6840,11785,22278,10840,23853,1660.98
6841,11785,22278,10664,23838,1660.9845
6842,11785,22278,10498,23806,1660.989
6843,11785,22278,10338,23787,1660.9935
6844,11785,22278,10160,23757,1660.998
6845,11785,22278,10002,23741,1661.0025
6846,11785,22278,9858,23728,1661.007
6847,11785,22278,9688,23710,1661.0115
6848,11785,22278,9528,23677,1661.016
6849,11785,22278,9378,23644,1661.0205
6850,11785,22278,9218,23595,1661.025
6851,11527,21843,9826,23471,1661.0295
6852,11527,21843,9666,23440,1661.034
6853,11527,21843,9522,23418,1661.0385
6854,11527,21843,9426,23406,1661.043
6855,11527,21843,9266,23367,1661.0475
6856,11527,21843,9120,23326,1661.052
6857,11527,21843,8976,23293,1661.0565
6858,11527,21843,8834,23276,1661.061
6859,11527,21843,8680,23253,1661.0655
6860,11527,21843,8552,23235,1661.07
6861,11527,21843,8402,23222,1661.0745
6862,11527,21843,8242,23199,1661.079
6863,11527,21843,8112,23189,1661.0835
6864,11527,21843,7968,23191,1661.088
6865,11269,21408,8496,23063,1661.0925
6866,11269,21408,8336,23063,1661.097
6867,11269,21408,8192,23036,1661.1015
6868,11269,21408,8096,23039,1661.106
6869,11269,21408,7984,23038,1661.1105
6870,11269,21408,7842,23038,1661.115
6871,11269,21408,7730,23036,1661.1195
6872,11269,21408,7576,23035,1661.124
6873,11269,21408,7464,23035,1661.1285
6874,11269,21408,7330,23037,1661.133
6875,11269,21408,7186,23031,1661.1375
6876,11269,21408,7072,23020,1661.142
6877,11011,20973,7586,22892,1661.1465
6878,11011,20973,7442,22848,1661.151
6879,11011,20973,7378,22840,1661.1555
6880,11011,20973,7250,22811,1661.16
6881,11011,20973,7104,22774,1661.1645
6882,11011,20973,6992,22749,1661.169
6883,11011,20973,6882,22716,1661.1735
6884,11011,20973,6770,22681,1661.178
6885,11011,20973,6632,22622,1661.1825
6886,11011,20973,6520,22581,1661.187
6887,11011,20973,6402,22542,1661.1915
6888,11011,20973,6290,22512,1661.196
6889,10753,20538,6738,22333,1661.2005
6890,10753,20538,6626,22299,1661.205
6891,10753,20538,6514,22263,1661.2095
6892,10753,20538,6434,22239,1661.214
6893,10753,20538,6322,22207,1661.2185
6894,10753,20538,6192,22175,1661.223
6895,10753,20538,6096,22158,1661.2275
6896,10753,20538,5986,22141,1661.232
6897,10753,20538,5874,22123,1661.2365
6898,10753,20538,5784,22108,1661.241
6899,10753,20538,5672,22094,1661.2455
6900,10753,20538,5570,22094,1661.25
6901,10753,20538,5458,22109,1661.2545
6902,10753,20538,5360,22100,1661.259
6903,10753,20538,5248,22087,1661.2635
6904,10486,20096,5682,21940,1661.268
6905,10486,20096,5618,21927,1661.2725
6906,10486,20096,5506,21915,1661.277
6907,10486,20096,5408,21911,1661.2815
6908,10486,20096,5296,21918,1661.286
6909,10486,20096,5200,21912,1661.2905
6910,10486,20096,5106,21894,1661.295
6911,10486,20096,5010,21879,1661.2995
6912,10486,20096,4920,21854,1661.304
6913,10486,20096,4824,21840,1661.3085
6914,10486,20096,4722,21823,1661.313
6915,10486,20096,4642,21807,1661.3175
6916,10486,20096,4544,21775,1661.322
6917,10486,20096,4448,21743,1661.3265
6918,10287,19703,4768,21566,1661.331
6919,10287,19703,4672,21548,1661.3355
6920,10287,19703,4608,21527,1661.34
6921,10287,19703,4512,21520,1661.3445
6922,10287,19703,4432,21503,1661.349
6923,10287,19703,4338,21491,1661.3535
6924,10287,19703,4258,21473,1661.358
6925,10287,19703,4168,21460,1661.3625
6926,10287,19703,4072,21448,1661.367
6927,10088,19310,4376,21309,1661.3715
6928,10088,19310,4280,21323,1661.376
6929,10088,19310,4216,21320,1661.3805
6930,10088,19310,4136,21319,1661.385
6931,10088,19310,4056,21311,1661.3895
6932,10088,19310,3970,21331,1661.394
6933,10088,19310,3890,21352,1661.3985
6934,10088,19310,3808,21367,1661.403
6935,10088,19310,3728,21392,1661.4075
6936,10088,19310,3666,21419,1661.412
6937,10088,19310,3570,21424,1661.4165
6938,10088,19310,3496,21431,1661.421
6939,10088,19310,3416,21431,1661.4255
6940,10088,19310,3336,21427,1661.43
6941,9889,18917,3608,21279,1661.4345
6942,9889,18917,3528,21284,1661.439
6943,9889,18917,3480,21295,1661.4435
6944,9889,18917,3400,21295,1661.448
6945,9889,18917,3330,21276,1661.4525
6946,9889,18917,3250,21263,1661.457
6947,9889,18917,3168,21232,1661.4615
6948,9889,18917,3088,21207,1661.466
6949,9889,18917,3026,21205,1661.4705
6950,9889,18917,2946,21174,1661.475
6951,9889,18917,2882,21151,1661.4795
6952,9889,18917,2808,21110,1661.484
6953,9889,18917,2744,21087,1661.4885
6954,9690,18524,2984,20895,1661.493
6955,9690,18524,2920,20878,1661.4975
6956,9690,18524,2856,20857,1661.502
6957,9690,18524,2792,20839,1661.5065
6958,9690,18524,2722,20822,1661.511
6959,9690,18524,2658,20799,1661.5155
6960,9690,18524,2578,20780,1661.52
6961,9690,18524,2512,20766,1661.5245
6962,9491,18131,10994,22526,1661.529
6963,9491,18131,10824,22507,1661.5335
6964,9491,18131,10648,22488,1661.538
6965,9491,18131,10482,22461,1661.5425
6966,9491,18131,10322,22446,1661.547
6967,9491,18131,10160,22423,1661.5515
6968,9491,18131,10018,22423,1661.556
6969,9491,18131,9842,22423,1661.5605
6970,9491,18131,9688,22414,1661.565
6971,9491,18131,9528,22395,1661.5695
6972,9491,18131,9378,22375,1661.574
6973,9491,18131,9202,22343,1661.5785
6974,9292,17738,9810,22191,1661.583
6975,9292,17738,9666,22168,1661.5875
6976,9292,17738,9522,22142,1661.592
6977,9292,17738,9410,22127,1661.5965
6978,9292,17738,9250,22087,1661.601
6979,9292,17738,9088,22045,1661.6055
6980,9292,17738,8946,22013,1661.61
6981,9292,17738,8802,21990,1661.6145
6982,9292,17738,8664,21959,1661.619
6983,9292,17738,8520,21935,1661.6235
6984,9292,17738,8370,21901,1661.628
6985,9292,17738,8226,21853,1661.6325
6986,9292,17738,8080,21807,1661.637
6987,9093,17345,8626,21640,1661.6415
6988,9093,17345,8482,21614,1661.646
6989,9093,17345,8402,21607,1661.6505
6990,9093,17345,8242,21582,1661.655
6991,9093,17345,8112,21562,1661.6595
6992,9093,17345,7984,21546,1661.664
6993,9093,17345,7842,21534,1661.6685
6994,9093,17345,7714,21510,1661.673
6995,9093,17345,7576,21504,1661.6775
6996,9093,17345,7442,21511,1661.682
6997,9093,17345,7314,21519,1661.6865
6998,9093,17345,7168,21495,1661.691
6999,9093,17345,7040,21500,1661.6955
7000,8894,16952,7570,21404,1661.7
7001,8894,16952,7442,21404,1661.7045
7002,8894,16952,7346,21415,1661.709
7003,8894,16952,7218,21422,1661.7135
7004,8894,16952,7088,21427,1661.718
7005,8894,16952,6962,21438,1661.7225
7006,8894,16952,6850,21431,1661.727
7007,8894,16952,6728,21415,1661.7315
7008,8894,16952,6600,21397,1661.736
7009,8894,16952,6482,21390,1661.7405
7010,8894,16952,6354,21374,1661.745
7011,8695,16559,6824,21239,1661.7495
7012,8695,16559,6728,21223,1661.754
7013,8695,16559,6632,21206,1661.7585
7014,8695,16559,6498,21171,1661.763
7015,8695,16559,6402,21140,1661.7675
7016,8695,16559,6274,21107,1661.772
7017,8695,16559,6160,21079,1661.7765
7018,8695,16559,6050,21054,1661.781
7019,8695,16559,5938,21021,1661.7855
7020,8695,16559,5832,20975,1661.79
7021,8695,16559,5736,20943,1661.7945
7022,8493,16166,6162,20798,1661.799
7023,8493,16166,6050,20775,1661.8035
7024,8493,16166,5970,20763,1661.808
7025,8493,16166,5858,20731,1661.8125
7026,8493,16166,5752,20707,1661.817
7027,8493,16166,5656,20689,1661.8215
7028,8493,16166,5554,20679,1661.826
7029,8493,16166,5458,20671,1661.8305
7030,8493,16166,5344,20655,1661.835
7031,8493,16166,5232,20640,1661.8395
7032,8493,16166,5154,20631,1661.844
7033,8493,16166,5042,20605,1661.8485
7034,8493,16166,4952,20589,1661.853
7035,8493,16166,4840,20571,1661.8575
7036,8315,15849,5144,20470,1661.862
7037,8315,15849,5048,20471,1661.8665
7038,8315,15849,4984,20470,1661.871
7039,8315,15849,4888,20459,1661.8755
7040,8315,15849,4786,20439,1661.88
7041,8315,15849,4706,20414,1661.8845
7042,8315,15849,4610,20382,1661.889
7043,8315,15849,4512,20362,1661.8935
7044,8315,15849,4416,20336,1661.898
7045,8315,15849,4338,20319,1661.9025
7046,8315,15849,4258,20287,1661.907
7047,8315,15849,4152,20237,1661.9115
7048,8315,15849,4056,20204,1661.916
7049,8137,15532,4360,20092,1661.9205
7050,8137,15532,4280,20079,1661.925
7051,8137,15532,4200,20060,1661.9295
7052,8137,15532,4120,20027,1661.934
7053,8137,15532,4034,19998,1661.9385
7054,8137,15532,3954,19971,1661.943
7055,8137,15532,3874,19951,1661.9475
7056,8137,15532,3792,19934,1661.952
7057,8137,15532,3696,19923,1661.9565
7058,8137,15532,3618,19918,1661.961
7059,8137,15532,3538,19911,1661.9655
7060,8137,15532,3464,19902,1661.97
7061,8137,15532,3384,19902,1661.9745
7062,7959,15215,3656,19830,1661.979
7063,7959,15215,3576,19836,1661.9835
7064,7959,15215,3512,19856,1661.988
7065,7959,15215,3448,19866,1661.9925
7066,7959,15215,3368,19879,1661.997
7067,7959,15215,3282,19884,1662.0015
7068,7959,15215,3202,19885,1662.006
7069,7959,15215,3136,19886,1662.0105
7070,7959,15215,3056,19896,1662.015
7071,7959,15215,2994,19916,1662.0195
7072,7959,15215,2914,19926,1662.024
7073,7959,15215,2824,19928,1662.0285
7074,7959,15215,2760,19933,1662.033
7075,7781,14898,3016,19838,1662.0375
7076,7781,14898,2952,19832,1662.042
7077,7781,14898,2888,19815,1662.0465
7078,7781,14898,2808,19801,1662.051
7079,7781,14898,2744,19792,1662.0555
7080,7781,14898,2674,19782,1662.06
7081,7781,14898,2610,19767,1662.0645
7082,7781,14898,2528,19732,1662.069
7083,7603,14581,11184,21369,1662.0735
7084,7603,14581,11026,21343,1662.078
7085,7603,14581,10850,21323,1662.0825
7086,7603,14581,10664,21295,1662.087
7087,7603,14581,10514,21271,1662.0915
7088,7603,14581,10354,21238,1662.096
7089,7603,14581,10176,21198,1662.1005
7090,7603,14581,10016,21175,1662.105
7091,7603,14581,9858,21157,1662.1095
7092,7425,14264,10416,21023,1662.114
7093,7425,14264,10320,21015,1662.1185
7094,7425,14264,10144,20990,1662.123
7095,7425,14264,10002,20986,1662.1275
7096,7425,14264,9842,20973,1662.132
7097,7425,14264,9688,20958,1662.1365
7098,7425,14264,9528,20956,1662.141
7099,7425,14264,9394,20955,1662.1455
7100,7425,14264,9218,20939,1662.15
7101,7425,14264,9072,20925,1662.1545
7102,7425,14264,8930,20907,1662.159
7103,7425,14264,8770,20862,1662.1635
7104,7425,14264,8632,20844,1662.168
7105,7425,14264,8472,20830,1662.1725
7106,7247,13947,9058,20766,1662.177
7107,7247,13947,8946,20745,1662.1815
7108,7247,13947,8802,20718,1662.186
7109,7247,13947,8648,20671,1662.1905
7110,7247,13947,8504,20637,1662.195
7111,7247,13947,8370,20605,1662.1995
7112,7247,13947,8226,20569,1662.204
7113,7247,13947,8080,20526,1662.2085
7114,7247,13947,7936,20471,1662.213
7115,7247,13947,7810,20432,1662.2175
7116,7247,13947,7672,20383,1662.222
7117,7247,13947,7544,20347,1662.2265
7118,7069,13630,8050,20238,1662.231
7119,7069,13630,7938,20216,1662.2355
7120,7069,13630,7842,20204,1662.24
7121,7069,13630,7698,20175,1662.2445
7122,7069,13630,7576,20148,1662.249
7123,7069,13630,7442,20119,1662.2535
7124,7069,13630,7314,20094,1662.258
7125,7069,13630,7184,20078,1662.2625
7126,7069,13630,7056,20080,1662.267
7127,7069,13630,6946,20077,1662.2715
7128,7069,13630,6818,20062,1662.276
7129,7069,13630,6696,20043,1662.2805
7130,7069,13630,6568,20040,1662.285
7131,6891,13313,7026,19963,1662.2895
7132,6891,13313,6946,19968,1662.294
7133,6891,13313,6834,19996,1662.2985
7134,6891,13313,6696,19996,1662.303
7135,6891,13313,6584,19996,1662.3075
7136,6891,13313,6466,19983,1662.312
7137,6891,13313,6338,19973,1662.3165
7138,6891,13313,6224,19963,1662.321
7139,6891,13313,6112,19957,1662.3255
7140,6891,13313,6002,19964,1662.33
7141,6891,13313,5874,19959,1662.3345
7142,6891,13313,5784,19949,1662.339
7143,6891,13313,5656,19929,1662.3435
7144,6711,12994,6098,19831,1662.348
7145,6711,12994,6034,19822,1662.3525
7146,6711,12994,5922,19803,1662.357
7147,6711,12994,5816,19775,1662.3615
7148,6711,12994,5704,19751,1662.366
7149,6711,12994,5602,19724,1662.3705
7150,6711,12994,5490,19694,1662.375
7151,6711,12994,5392,19664,1662.3795
7152,6711,12994,5280,19640,1662.384
7153,6711,12994,5186,19623,1662.3885
7154,6711,12994,5074,19597,1662.393
7155,6711,12994,4984,19576,1662.3975
7156,6711,12994,4888,19559,1662.402
7157,6554,12712,5224,19447,1662.4065
7158,6554,12712,5112,19436,1662.411
7159,6554,12712,5016,19437,1662.4155
7160,6554,12712,4936,19431,1662.42
7161,6554,12712,4840,19422,1662.4245
7162,6554,12712,4754,19413,1662.429
7163,6554,12712,4658,19400,1662.4335
7164,6554,12712,4560,19383,1662.438
7165,6554,12712,4464,19383,1662.4425
7166,6554,12712,4386,19383,1662.447
7167,6554,12712,4290,19380,1662.4515
7168,6554,12712,4200,19375,1662.456
7169,6554,12712,4104,19355,1662.4605
7170,6397,12430,4424,19247,1662.465
7171,6397,12430,4328,19223,1662.4695
7172,6397,12430,4232,19195,1662.474
7173,6397,12430,4168,19183,1662.4785
7174,6397,12430,4088,19159,1662.483
7175,6397,12430,4002,19141,1662.4875
7176,6397,12430,3922,19116,1662.492
7177,6397,12430,3824,19069,1662.4965
7178,6397,12430,3744,19048,1662.501
7179,6240,12148,4032,18905,1662.5055
7180,6240,12148,3952,18879,1662.51
7181,6240,12148,3872,18847,1662.5145
7182,6240,12148,3792,18811,1662.519
7183,6240,12148,3728,18780,1662.5235
7184,6240,12148,3650,18743,1662.528
7185,6240,12148,3570,18716,1662.5325
7186,6240,12148,3480,18688,1662.537
7187,6240,12148,3416,18679,1662.5415
7188,6240,12148,3330,18660,1662.546
7189,6240,12148,3250,18648,1662.5505
7190,6240,12148,3168,18622,1662.555
7191,6240,12148,3088,18614,1662.5595
7192,6083,11866,3362,18527,1662.564
7193,6083,11866,3314,18525,1662.5685
7194,6083,11866,3234,18528,1662.573
7195,6083,11866,3152,18527,1662.5775
7196,6083,11866,3088,18527,1662.582
7197,6083,11866,3010,18535,1662.5865
7198,6083,11866,2930,18542,1662.591
7199,6083,11866,2856,18552,1662.5955
7200,6083,11866,2776,18574,1662.6
7201,6083,11866,2722,18585,1662.6045
7202,6083,11866,2642,18606,1662.609
7203,6083,11866,2578,18605,1662.6135
7204,6083,11866,2496,18599,1662.618
7205,5926,11584,11296,20184,1662.6225
7206,5926,11584,11120,20175,1662.627
7207,5926,11584,10946,20167,1662.6315
7208,5926,11584,10760,20155,1662.636
7209,5926,11584,10600,20151,1662.6405
7210,5926,11584,10434,20131,1662.645
7211,5926,11584,10258,20114,1662.6495
7212,5926,11584,10080,20092,1662.654
7213,5926,11584,9922,20077,1662.6585
7214,5926,11584,9762,20052,1662.663
7215,5769,11302,10400,19942,1662.6675
7216,5769,11302,10304,19927,1662.672
7217,5769,11302,10144,19905,1662.6765
7218,5769,11302,9970,19887,1662.681
7219,5769,11302,9842,19871,1662.6855
7220,5769,11302,9672,19839,1662.69
7221,5769,11302,9512,19831,1662.6945
7222,5769,11302,9362,19823,1662.699
7223,5769,11302,9202,19807,1662.7035
7224,5769,11302,9056,19799,1662.708
7225,5769,11302,8898,19783,1662.7125
7226,5769,11302,8738,19770,1662.717
7227,5612,11020,9328,19687,1662.7215
7228,5612,11020,9216,19676,1662.726
7229,5612,11020,9072,19691,1662.7305
7230,5612,11020,8930,19680,1662.735
7231,5612,11020,8786,19670,1662.7395
7232,5612,11020,8632,19645,1662.744
7233,5612,11020,8504,19639,1662.7485
7234,5612,11020,8354,19635,1662.753
7235,5612,11020,8210,19628,1662.7575
7236,5612,11020,8048,19613,1662.762
7237,5612,11020,7922,19604,1662.7665
7238,5612,11020,7778,19574,1662.771
7239,5612,11020,7640,19535,1662.7755
7240,5612,11020,7512,19509,1662.78
7241,5455,10738,8066,19403,1662.7845
7242,5455,10738,7938,19375,1662.789
7243,5455,10738,7842,19356,1662.7935
7244,5455,10738,7698,19304,1662.798
7245,5455,10738,7560,19253,1662.8025
7246,5455,10738,7442,19214,1662.807
7247,5455,10738,7314,19181,1662.8115
7248,5455,10738,7184,19143,1662.816
7249,5455,10738,7056,19118,1662.8205
7250,5455,10738,6930,19078,1662.825
7251,5455,10738,6818,19038,1662.8295
7252,5455,10738,6680,18982,1662.834
7253,5455,10738,6552,18948,1662.8385
7254,5298,10456,7042,18844,1662.843
7255,5298,10456,6962,18839,1662.8475
7256,5298,10456,6850,18814,1662.852
7257,5298,10456,6728,18793,1662.8565
7258,5298,10456,6616,18773,1662.861
7259,5298,10456,6482,18763,1662.8655
7260,5298,10456,6370,18747,1662.87
7261,5298,10456,6240,18739,1662.8745
7262,5298,10456,6128,18734,1662.879
7263,5298,10456,6018,18742,1662.8835
7264,5298,10456,5906,18739,1662.888
7265,5298,10456,5800,18727,1662.8925
7266,5298,10456,5672,18715,1662.897
7267,5138,10169,6130,18631,1662.9015
7268,5138,10169,6050,18636,1662.906
7269,5138,10169,5954,18639,1662.9105
7270,5138,10169,5832,18636,1662.915
7271,5138,10169,5736,18623,1662.9195
7272,5138,10169,5618,18615,1662.924
7273,5138,10169,5522,18604,1662.9285
7274,5138,10169,5408,18575,1662.933
7275,5138,10169,5296,18560,1662.9375
7276,5138,10169,5202,18552,1662.942
7277,5138,10169,5090,18535,1662.9465
7278,5138,10169,5000,18517,1662.951
7279,5138,10169,4904,18494,1662.9555
7280,5002,9921,5234,18391,1662.96
7281,5002,9921,5170,18379,1662.9645
7282,5002,9921,5074,18360,1662.969
7283,5002,9921,4984,18342,1662.9735
7284,5002,9921,4888,18327,1662.978
7285,5002,9921,4786,18316,1662.9825
7286,5002,9921,4690,18301,1662.987
7287,5002,9921,4592,18284,1662.9915
7288,5002,9921,4496,18279,1662.996
7289,5002,9921,4402,18277,1663.0005
7290,5002,9921,4306,18267,1663.005
7291,5002,9921,4216,18255,1663.0095
7292,5002,9921,4136,18254,1663.014
7293,4866,9673,4450,18174,1663.0185
7294,4866,9673,4370,18173,1663.023
7295,4866,9673,4290,18172,1663.0275
7296,4866,9673,4200,18174,1663.032
7297,4866,9673,4104,18171,1663.0365
7298,4866,9673,4018,18174,1663.041
7299,4866,9673,3938,18174,1663.0455
7300,4866,9673,3856,18167,1663.05
7301,4866,9673,3776,18158,1663.0545
7302,4866,9673,3698,18158,1663.059
7303,4866,9673,3602,18143,1663.0635
7304,4866,9673,3522,18139,1663.068
7305,4866,9673,3448,18124,1663.0725
7306,4866,9673,3368,18103,1663.077
7307,4730,9425,3656,17980,1663.0815
7308,4730,9425,3576,17948,1663.086
7309,4730,9425,3512,17929,1663.0905
7310,4730,9425,3448,17910,1663.095
7311,4730,9425,3368,17884,1663.0995
7312,4730,9425,3282,17846,1663.104
7313,4730,9425,3202,17803,1663.1085
7314,4730,9425,3120,17763,1663.113
7315,4730,9425,3056,17727,1663.1175
7316,4730,9425,2978,17709,1663.122
7317,4730,9425,2898,17685,1663.1265
7318,4730,9425,2824,17656,1663.131
7319,4730,9425,2744,17633,1663.1355
7320,4594,9177,3016,17500,1663.14
7321,4594,9177,2936,17472,1663.1445
7322,4594,9177,2888,17469,1663.149
7323,4594,9177,2824,17459,1663.1535
7324,4594,9177,2744,17453,1663.158
7325,4594,9177,2674,17439,1663.1625
7326,4594,9177,2594,17431,1663.167
7327,4594,9177,2528,17415,1663.1715
7328,4458,8929,11602,18919,1663.176
7329,4458,8929,11408,18909,1663.1805
7330,4458,8929,11232,18907,1663.185
7331,4458,8929,11058,18920,1663.1895
7332,4458,8929,10882,18911,1663.194
7333,4458,8929,10712,18903,1663.1985
7334,4458,8929,10530,18887,1663.203
7335,4458,8929,10354,18875,1663.2075
7336,4458,8929,10192,18862,1663.212
7337,4458,8929,10032,18860,1663.2165
7338,4458,8929,9858,18855,1663.221
7339,4458,8929,9698,18846,1663.2255
7340,4458,8929,9528,18830,1663.23
7341,4458,8929,9378,18807,1663.2345
7342,4458,8929,9218,18773,1663.239
7343,4322,8681,9864,18677,1663.2435
7344,4322,8681,9752,18670,1663.248
7345,4322,8681,9608,18653,1663.2525
7346,4322,8681,9442,18636,1663.257
7347,4322,8681,9298,18614,1663.2615
7348,4322,8681,9120,18572,1663.266
7349,4322,8681,8976,18550,1663.2705
7350,4322,8681,8834,18535,1663.275
7351,4322,8681,8674,18519,1663.2795
7352,4322,8681,8520,18504,1663.284
7353,4322,8681,8370,18491,1663.2885
7354,4322,8681,8210,18477,1663.293
7355,4186,8433,8808,18411,1663.2975
7356,4186,8433,8712,18398,1663.302
7357,4186,8433,8584,18399,1663.3065
7358,4186,8433,8424,18396,1663.311
7359,4186,8433,8290,18396,1663.3155
7360,4186,8433,8144,18384,1663.32
7361,4186,8433,8016,18387,1663.3245
7362,4186,8433,7874,18389,1663.329
7363,4186,8433,7730,18396,1663.3335
7364,4186,8433,7592,18398,1663.338
7365,4186,8433,7448,18399,1663.3425
7366,4186,8433,7330,18398,1663.347
7367,4186,8433,7186,18383,1663.3515
7368,4186,8433,7056,18364,1663.356
7369,4050,8185,7602,18285,1663.3605
7370,4050,8185,7474,18271,1663.365
7371,4050,8185,7378,18261,1663.3695
7372,4050,8185,7250,18238,1663.374
7373,4050,8185,7120,18199,1663.3785
7374,4050,8185,7008,18164,1663.383
7375,4050,8185,6882,18134,1663.3875
7376,4050,8185,6754,18095,1663.392
7377,4050,8185,6616,18063,1663.3965
7378,4050,8185,6498,18038,1663.401
7379,4050,8185,6370,17997,1663.4055
7380,4050,8185,6256,17947,1663.41
7381,4050,8185,6128,17895,1663.4145
7382,3914,7937,6642,17806,1663.419
7383,3914,7937,6530,17776,1663.4235
7384,3914,7937,6450,17758,1663.428
7385,3914,7937,6322,17726,1663.4325
7386,3914,7937,6208,17688,1663.437
7387,3914,7937,6080,17656,1663.4415
7388,3914,7937,5986,17643,1663.446
7389,3914,7937,5874,17615,1663.4505
7390,3914,7937,5752,17594,1663.455
7391,3914,7937,5640,17581,1663.4595
7392,3914,7937,5538,17579,1663.464
7393,3914,7937,5426,17566,1663.4685
7394,3914,7937,5328,17548,1663.473
7395,3775,7689,5762,17484,1663.4775
7396,3775,7689,5666,17471,1663.482
7397,3775,7689,5586,17471,1663.4865
7398,3775,7689,5490,17470,1663.491
7399,3775,7689,5376,17453,1663.4955
7400,3775,7689,5264,17455,1663.5
7401,3775,7689,5170,17448,1663.5045
7402,3775,7689,5074,17431,1663.509
7403,3775,7689,4968,17403,1663.5135
7404,3775,7689,4872,17385,1663.518
7405,3775,7689,4770,17374,1663.5225
7406,3775,7689,4674,17359,1663.527
7407,3775,7689,4576,17339,1663.5315
7408,3775,7689,4480,17320,1663.536
7409,3775,7689,4386,17303,1663.5405
7410,3775,7689,4290,17275,1663.545
7411,3660,7498,4594,17215,1663.5495
7412,3660,7498,4514,17206,1663.554
7413,3660,7498,4418,17182,1663.5585
7414,3660,7498,4338,17160,1663.563
7415,3660,7498,4258,17140,1663.5675
7416,3660,7498,4168,17116,1663.572
7417,3660,7498,4072,17095,1663.5765
7418,3660,7498,3986,17087,1663.581
7419,3660,7498,3906,17080,1663.5855
7420,3660,7498,3808,17071,1663.59
7421,3660,7498,3728,17069,1663.5945
7422,3545,7307,4000,17019,1663.599
7423,3545,7307,3904,17020,1663.6035
7424,3545,7307,3856,17020,1663.608
7425,3545,7307,3760,17023,1663.6125
7426,3545,7307,3682,17035,1663.617
7427,3545,7307,3602,17037,1663.6215
7428,3545,7307,3512,17036,1663.626
7429,3545,7307,3432,17031,1663.6305
7430,3545,7307,3346,17023,1663.635
7431,3545,7307,3266,17022,1663.6395
7432,3545,7307,3184,17036,1663.644
7433,3545,7307,3104,17046,1663.6485
7434,3430,7116,3360,16991,1663.653
7435,3430,7116,3296,16984,1663.6575
7436,3430,7116,3200,16952,1663.662
7437,3430,7116,3152,16943,1663.6665
7438,3430,7116,3072,16918,1663.671
7439,3430,7116,2994,16916,1663.6755
7440,3430,7116,2914,16892,1663.68
7441,3430,7116,2840,16869,1663.6845
7442,3430,7116,2776,16847,1663.689
7443,3430,7116,2690,16811,1663.6935
7444,3430,7116,2626,16782,1663.698
7445,3430,7116,2544,16752,1663.7025
7446,3315,6925,11752,18192,1663.707
7447,3315,6925,11570,18171,1663.7115
7448,3315,6925,11376,18131,1663.716
7449,3315,6925,11184,18087,1663.7205
7450,3315,6925,11026,18055,1663.725
7451,3315,6925,10850,18022,1663.7295
7452,3315,6925,10664,17990,1663.734
7453,3315,6925,10482,17966,1663.7385
7454,3315,6925,10322,17946,1663.743
7455,3200,6734,10930,17870,1663.7475
7456,3200,6734,10754,17838,1663.752
7457,3200,6734,10658,17840,1663.7565
7458,3200,6734,10466,17831,1663.761
7459,3200,6734,10306,17821,1663.7655
7460,3200,6734,10144,17816,1663.77
7461,3200,6734,9970,17805,1663.7745
7462,3200,6734,9810,17787,1663.779
7463,3200,6734,9640,17768,1663.7835
7464,3200,6734,9480,17747,1663.788
7465,3200,6734,9314,17742,1663.7925
7466,3085,6543,9912,17707,1663.797
7467,3085,6543,9800,17700,1663.8015
7468,3085,6543,9640,17693,1663.806
7469,3085,6543,9464,17662,1663.8105
7470,3085,6543,9314,17652,1663.815
7471,3085,6543,9168,17625,1663.8195
7472,3085,6543,9008,17598,1663.824
7473,3085,6543,8850,17582,1663.8285
7474,3085,6543,8706,17551,1663.833
7475,3085,6543,8552,17529,1663.8375
7476,3085,6543,8402,17505,1663.842
7477,3085,6543,8242,17472,1663.8465
7478,2970,6352,8776,17399,1663.851
7479,2970,6352,8680,17380,1663.8555
7480,2970,6352,8536,17357,1663.86
7481,2970,6352,8386,17338,1663.8645
7482,2970,6352,8242,17327,1663.869
7483,2970,6352,8112,17310,1663.8735
7484,2970,6352,7952,17293,1663.878
7485,2970,6352,7826,17279,1663.8825
7486,2970,6352,7682,17263,1663.887
7487,2970,6352,7544,17251,1663.8915
7488,2970,6352,7410,17244,1663.896
7489,2970,6352,7282,17243,1663.9005
7490,2970,6352,7136,17238,1663.905
7491,2970,6352,7008,17247,1663.9095
7492,2855,6161,7504,17213,1663.914
7493,2855,6161,7360,17214,1663.9185
7494,2855,6161,7232,17215,1663.923
7495,2855,6161,7136,17215,1663.9275
7496,2855,6161,7024,17224,1663.932
7497,2855,6161,6898,17215,1663.9365
7498,2855,6161,6770,17213,1663.941
7499,2855,6161,6632,17198,1663.9455
7500,2855,6161,6520,17196,1663.95
7501,2855,6161,6386,17192,1663.9545
7502,2855,6161,6272,17179,1663.959
7503,2855,6161,6128,17166,1663.9635
7504,2740,5970,6594,17102,1663.968
7505,2740,5970,6498,17086,1663.9725
7506,2740,5970,6402,17062,1663.977
7507,2740,5970,6272,17026,1663.9815
7508,2740,5970,6160,17007,1663.986
7509,2740,5970,6034,16983,1663.9905
7510,2740,5970,5922,16942,1663.995
7511,2740,5970,5816,16901,1663.9995
7512,2740,5970,5704,16865,1664.004
7513,2740,5970,5602,16843,1664.0085
7514,2740,5970,5490,16820,1664.013
7515,2740,5970,5360,16781,1664.0175
7516,2740,5970,5248,16751,1664.022
7517,2621,5775,5682,16671,1664.0265
7518,2621,5775,5602,16652,1664.031
7519,2621,5775,5490,16627,1664.0355
7520,2621,5775,5376,16591,1664.04
7521,2621,5775,5280,16585,1664.0445
7522,2621,5775,5170,16572,1664.049
7523,2621,5775,5074,16556,1664.0535
7524,2621,5775,4968,16533,1664.058
7525,2621,5775,4872,16508,1664.0625
7526,2621,5775,4770,16502,1664.067
7527,2621,5775,4674,16496,1664.0715
7528,2621,5775,4576,16499,1664.076
7529,2621,5775,4464,16503,1664.0805
7530,2621,5775,4370,16493,1664.085
7531,2621,5775,4274,16478,1664.0895
7532,2513,5611,4594,16399,1664.094
7533,2513,5611,4498,16382,1664.0985
7534,2513,5611,4418,16372,1664.103
7535,2513,5611,4338,16364,1664.1075
7536,2513,5611,4242,16349,1664.112
7537,2513,5611,4152,16332,1664.1165
7538,2513,5611,4056,16305,1664.121
7539,2513,5611,3970,16283,1664.1255
7540,2513,5611,3890,16267,1664.13
7541,2513,5611,3792,16238,1664.1345
7542,2513,5611,3696,16216,1664.139
7543,2405,5447,4000,16135,1664.1435
7544,2405,5447,3904,16110,1664.148
7545,2405,5447,3840,16090,1664.1525
7546,2405,5447,3760,16078,1664.157
7547,2405,5447,3682,16059,1664.1615
7548,2405,5447,3602,16040,1664.166
7549,2405,5447,3512,16023,1664.1705
7550,2405,5447,3416,16010,1664.175
7551,2405,5447,3346,15999,1664.1795
7552,2405,5447,3266,15995,1664.184
7553,2405,5447,3184,15991,1664.1885
7554,2405,5447,3088,15990,1664.193
7555,2297,5283,3360,15923,1664.1975
7556,2297,5283,3280,15926,1664.202
7557,2297,5283,3200,15919,1664.2065
7558,2297,5283,3136,15924,1664.211
7559,2297,5283,3056,15928,1664.2155
7560,2297,5283,2994,15948,1664.22
7561,2297,5283,2914,15963,1664.2245
7562,2297,5283,2824,15975,1664.229
7563,2297,5283,2760,15990,1664.2335
7564,2297,5283,2674,15994,1664.238
7565,2297,5283,2594,15991,1664.2425
7566,2297,5283,2528,15979,1664.247
7567,2189,5119,11944,17404,1664.2515
7568,2189,5119,11736,17398,1664.256
7569,2189,5119,11554,17399,1664.2605
7570,2189,5119,11360,17390,1664.265
7571,2189,5119,11184,17382,1664.2695
7572,2189,5119,10978,17358,1664.274
7573,2189,5119,10808,17332,1664.2785
7574,2189,5119,10632,17310,1664.283
7575,2189,5119,10450,17296,1664.2875
7576,2189,5119,10258,17271,1664.292
7577,2081,4955,10914,17187,1664.2965
7578,2081,4955,10754,17144,1664.301
7579,2081,4955,10642,17127,1664.3055
7580,2081,4955,10466,17086,1664.31
7581,2081,4955,10290,17062,1664.3145
7582,2081,4955,10128,17039,1664.319
7583,2081,4955,9954,17023,1664.3235
7584,2081,4955,9794,17007,1664.328
7585,2081,4955,9624,16991,1664.3325
7586,2081,4955,9448,16967,1664.337
7587,2081,4955,9298,16952,1664.3415
7588,1973,4791,9880,16879,1664.346
7589,1973,4791,9768,16872,1664.3505
7590,1973,4791,9624,16863,1664.355
7591,1973,4791,9458,16855,1664.3595
7592,1973,4791,9298,16831,1664.364
7593,1973,4791,9136,16816,1664.3685
7594,1973,4791,8992,16800,1664.373
7595,1973,4791,8834,16803,1664.3775
7596,1973,4791,8674,16808,1664.382
7597,1973,4791,8520,16800,1664.3865
7598,1973,4791,8354,16789,1664.391
7599,1973,4791,8210,16763,1664.3955
7600,1865,4627,8754,16671,1664.4
7601,1865,4627,8610,16647,1664.4045
7602,1865,4627,8466,16627,1664.409
7603,1865,4627,8354,16609,1664.4135
7604,1865,4627,8210,16583,1664.418
7605,1865,4627,8064,16550,1664.4225
7606,1865,4627,7922,16526,1664.427
7607,1865,4627,7794,16503,1664.4315
7608,1865,4627,7656,16473,1664.436
7609,1865,4627,7512,16444,1664.4405
7610,1865,4627,7362,16412,1664.445
7611,1865,4627,7234,16383,1664.4495
7612,1757,4463,7730,16302,1664.454
7613,1757,4463,7586,16271,1664.4585
7614,1757,4463,7458,16244,1664.463
7615,1757,4463,7362,16223,1664.4675
7616,1757,4463,7234,16206,1664.472
7617,1757,4463,7104,16186,1664.4765
7618,1757,4463,6962,16183,1664.481
7619,1757,4463,6850,16173,1664.4855
7620,1757,4463,6712,16167,1664.49
7621,1757,4463,6584,16164,1664.4945
7622,1757,4463,6466,16167,1664.499
7623,1757,4463,6338,16171,1664.5035
7624,1649,4299,6786,16110,1664.508
7625,1649,4299,6658,16103,1664.5125
7626,1649,4299,6530,16099,1664.517
7627,1649,4299,6450,16104,1664.5215
7628,1649,4299,6322,16104,1664.526
7629,1649,4299,6208,16094,1664.5305
7630,1649,4299,6080,16099,1664.535
7631,1649,4299,5970,16116,1664.5395
7632,1649,4299,5832,16112,1664.544
7633,1649,4299,5736,16110,1664.5485
7634,1649,4299,5618,16093,1664.553
7635,1649,4299,5522,16078,1664.5575
7636,1649,4299,5408,16051,1664.562
7637,1649,4299,5280,16041,1664.5665
7638,1541,4135,5698,15959,1664.571
7639,1541,4135,5602,15935,1664.5755
7640,1541,4135,5506,15911,1664.58
7641,1541,4135,5392,15870,1664.5845
7642,1541,4135,5296,15851,1664.589
7643,1541,4135,5186,15831,1664.5935
7644,1541,4135,5074,15806,1664.598
7645,1541,4135,4968,15788,1664.6025
7646,1541,4135,4872,15758,1664.607
7647,1541,4135,4770,15734,1664.6115
7648,1541,4135,4658,15707,1664.616
7649,1541,4135,4560,15675,1664.6205
7650,1541,4135,4464,15659,1664.625
7651,1444,3984,4784,15573,1664.6295
7652,1444,3984,4688,15559,1664.634
7653,1444,3984,4608,15540,1664.6385
7654,1444,3984,4528,15533,1664.643
7655,1444,3984,4418,15518,1664.6475
7656,1444,3984,4338,15507,1664.652
7657,1444,3984,4232,15498,1664.6565
7658,1444,3984,4136,15496,1664.661
7659,1444,3984,4050,15496,1664.6655
7660,1444,3984,3954,15482,1664.67
7661,1444,3984,3872,15464,1664.6745
7662,1444,3984,3776,15446,1664.679
7663,1347,3833,4064,15353,1664.6835
7664,1347,3833,3984,15355,1664.688
7665,1347,3833,3888,15352,1664.6925
7666,1347,3833,3824,15343,1664.697
7667,1347,3833,3744,15328,1664.7015
7668,1347,3833,3666,15310,1664.706
7669,1347,3833,3570,15271,1664.7105
7670,1347,3833,3496,15246,1664.715
7671,1347,3833,3400,15220,1664.7195
7672,1250,3682,3672,15135,1664.724
7673,1250,3682,3592,15098,1664.7285
7674,1250,3682,3528,15071,1664.733
7675,1250,3682,3448,15039,1664.7375
7676,1250,3682,3362,15007,1664.742
7677,1250,3682,3282,14974,1664.7465
7678,1250,3682,3200,14944,1664.751
7679,1250,3682,3120,14928,1664.7555
7680,1250,3682,3042,14906,1664.76
7681,1250,3682,2962,14892,1664.7645
7682,1250,3682,2888,14870,1664.769
7683,1250,3682,2808,14847,1664.7735
7684,1153,3531,3064,14781,1664.778
7685,1153,3531,2984,14780,1664.7825
7686,1153,3531,2904,14768,1664.787
7687,1153,3531,2840,14758,1664.7915
7688,1153,3531,2776,14752,1664.796
7689,1153,3531,2690,14759,1664.8005
7690,1153,3531,2626,14766,1664.805
7691,1153,3531,2544,14767,1664.8095
7692,1056,3380,12274,16250,1664.814
7693,1056,3380,12072,16252,1664.8185
7694,1056,3380,11880,16247,1664.823
7695,1056,3380,11698,16240,1664.8275
7696,1056,3380,11506,16227,1664.832
7697,1056,3380,11312,16223,1664.8365
7698,1056,3380,11122,16228,1664.841
7699,1056,3380,10946,16224,1664.8455
7700,1056,3380,10776,16211,1664.85
7701,1056,3380,10600,16192,1664.8545
7702,1056,3380,10434,16175,1664.859
7703,1056,3380,10240,16139,1664.8635
7704,1056,3380,10064,16127,1664.868
7705,1056,3380,9906,16121,1664.8725
7706,1056,3380,9720,16093,1664.877
7707,1056,3380,9560,16079,1664.8815
7708,1056,3380,9394,16054,1664.886
7709,1056,3380,9218,16011,1664.8905
7710,959,3229,9826,15962,1664.895
7711,959,3229,9666,15931,1664.8995
7712,959,3229,9522,15912,1664.904
7713,959,3229,9394,15892,1664.9085
7714,959,3229,9234,15862,1664.913
7715,959,3229,9072,15836,1664.9175
7716,959,3229,8930,15812,1664.922
7717,959,3229,8754,15791,1664.9265
7718,959,3229,8600,15774,1664.931
7719,959,3229,8456,15759,1664.9355
7720,959,3229,8306,15744,1664.94
7721,862,3078,8840,15711,1664.9445
7722,862,3078,8712,15692,1664.949
7723,862,3078,8584,15675,1664.9535
7724,862,3078,8434,15660,1664.958
7725,862,3078,8290,15645,1664.9625
7726,862,3078,8128,15624,1664.967
7727,862,3078,8000,15615,1664.9715
7728,862,3078,7842,15611,1664.976
7729,862,3078,7688,15580,1664.9805
7730,862,3078,7560,15562,1664.985
7731,862,3078,7426,15533,1664.9895
7732,862,3078,7282,15512,1664.994
7733,765,2927,7778,15486,1664.9985
7734,765,2927,7618,15454,1665.003
7735,765,2927,7490,15423,1665.0075
7736,765,2927,7410,15402,1665.012
7737,765,2927,7266,15351,1665.0165
7738,765,2927,7136,15307,1665.021
7739,765,2927,7008,15271,1665.0255
7740,765,2927,6882,15229,1665.03
7741,765,2927,6728,15189,1665.0345
7742,765,2927,6616,15154,1665.039
7743,765,2927,6498,15117,1665.0435
7744,765,2927,6354,15078,1665.048
7745,668,2776,6802,15055,1665.0525
7746,668,2776,6674,15014,1665.057
7747,668,2776,6546,14974,1665.0615
7748,668,2776,6466,14956,1665.066
7749,668,2776,6338,14923,1665.0705
7750,668,2776,6224,14896,1665.075
7751,668,2776,6112,14871,1665.0795
7752,668,2776,5986,14854,1665.084
7753,668,2776,5832,14831,1665.0885
7754,668,2776,5752,14824,1665.093
7755,668,2776,5618,14812,1665.0975
7756,668,2776,5522,14805,1665.102
7757,668,2776,5408,14782,1665.1065
7758,668,2776,5296,14775,1665.111
7759,22279,2628,3528,22047,1665.1155
7760,22279,2628,3400,22044,1665.12
7761,22279,2628,3314,22062,1665.1245
7762,22279,2628,3218,22071,1665.129
7763,22279,2628,3136,22058,1665.1335
7764,22279,2628,3056,22045,1665.138
7765,22279,2628,2978,22060,1665.1425
7766,22279,2628,2898,22064,1665.147
7767,22279,2628,2824,22064,1665.1515
7768,22279,2628,2744,22077,1665.156
7769,21883,2480,3042,21871,1665.1605
7770,21883,2480,2978,21862,1665.165
7771,21883,2480,2914,21846,1665.1695
7772,21883,2480,2840,21815,1665.174
7773,21883,2480,2776,21805,1665.1785
7774,21883,2480,2706,21790,1665.183
7775,21883,2480,2626,21774,1665.1875
7776,21883,2480,2544,21743,1665.192
7777,21487,2332,11234,23289,1665.1965
7778,21487,2332,11042,23255,1665.201
7779,21487,2332,10872,23219,1665.2055
7780,21487,2332,10696,23191,1665.21
7781,21487,2332,10530,23176,1665.2145
7782,21487,2332,10370,23151,1665.219
7783,21487,2332,10208,23123,1665.2235
7784,21487,2332,10050,23110,1665.228
7785,21487,2332,9874,23095,1665.2325
7786,21487,2332,9704,23069,1665.237
7787,21487,2332,9544,23071,1665.2415
7788,21487,2332,9394,23085,1665.246
7789,21487,2332,9218,23056,1665.2505
7790,21091,2184,9848,22936,1665.255
7791,21091,2184,9736,22906,1665.2595
7792,21091,2184,9592,22899,1665.264
7793,21091,2184,9442,22895,1665.2685
7794,21091,2184,9298,22895,1665.273
7795,21091,2184,9136,22879,1665.2775
7796,21091,2184,8992,22869,1665.282
7797,21091,2184,8850,22844,1665.2865
7798,21091,2184,8690,22798,1665.291
7799,21091,2184,8552,22765,1665.2955
7800,21091,2184,8402,22736,1665.3
7801,21091,2184,8242,22703,1665.3045
7802,21091,2184,8096,22667,1665.309
7803,21091,2184,7952,22638,1665.3135
7804,20695,2036,8546,22453,1665.318
7805,20695,2036,8434,22399,1665.3225
7806,20695,2036,8306,22365,1665.327
7807,20695,2036,8160,22302,1665.3315
7808,20695,2036,8032,22264,1665.336
7809,20695,2036,7906,22239,1665.3405
7810,20695,2036,7762,22198,1665.345
7811,20695,2036,7640,22142,1665.3495
7812,20695,2036,7496,22109,1665.354
7813,20695,2036,7362,22073,1665.3585
7814,20695,2036,7234,22042,1665.363
7815,20695,2036,7104,22004,1665.3675
7816,20695,2036,6976,21988,1665.372
7817,20299,1888,7490,21854,1665.3765
7818,20299,1888,7410,21852,1665.381
7819,20299,1888,7282,21847,1665.3855
7820,20299,1888,7152,21822,1665.39
7821,20299,1888,7024,21823,1665.3945
7822,20299,1888,6914,21821,1665.399
7823,20299,1888,6786,21821,1665.4035
7824,20299,1888,6664,21816,1665.408
7825,20299,1888,6552,21821,1665.4125
7826,20299,1888,6434,21821,1665.417
7827,20299,1888,6322,21838,1665.4215
7828,20299,1888,6192,21832,1665.426
7829,20299,1888,6064,21851,1665.4305
7830,19903,1740,6546,21742,1665.435
7831,19903,1740,6466,21735,1665.4395
7832,19903,1740,6354,21726,1665.444
7833,19903,1740,6242,21711,1665.4485
7834,19903,1740,6128,21686,1665.453
7835,19903,1740,6032,21679,1665.4575
7836,19903,1740,5922,21678,1665.462
7837,19903,1740,5810,21672,1665.4665
7838,19903,1740,5688,21630,1665.471
7839,19903,1740,5592,21619,1665.4755
7840,19903,1740,5490,21605,1665.48
7841,19903,1740,5378,21590,1665.4845
7842,19903,1740,5280,21579,1665.489
7843,19903,1740,5168,21566,1665.4935
7844,19507,1592,5600,21415,1665.498
7845,19507,1592,5488,21399,1665.5025
7846,19507,1592,5408,21372,1665.507
7847,19507,1592,5328,21360,1665.5115
7848,19507,1592,5232,21342,1665.516
7849,19507,1592,5122,21340,1665.5205
7850,19507,1592,5026,21358,1665.525
7851,19507,1592,4936,21366,1665.5295
7852,19507,1592,4840,21367,1665.534
7853,19507,1592,4738,21370,1665.5385
7854,19507,1592,4642,21373,1665.543
7855,19507,1592,4544,21374,1665.5475
7856,19507,1592,4448,21408,1665.552
7857,19507,1592,4354,21424,1665.5565
7858,19507,1592,4258,21437,1665.561
7859,17101,40109,2624,26351,1665.5655
7860,17101,40109,10082,29696,1665.57
7861,17101,40109,9880,29688,1665.5745
7862,17101,40109,9768,29670,1665.579
7863,17101,40109,9586,29655,1665.5835
7864,17101,40109,9474,29628,1665.588
7865,17101,40109,9330,29599,1665.5925
7866,17101,40109,9184,29544,1665.597
7867,17101,40109,9056,29488,1665.6015
7868,17101,40109,8930,29435,1665.606
7869,17101,40109,8818,29391,1665.6105
7870,17101,40109,8680,29325,1665.615
7871,17101,40109,8552,29270,1665.6195
7872,17101,40109,8434,29212,1665.624
7873,17101,40109,8322,29146,1665.6285
7874,17101,40109,8176,29062,1665.633
7875,17101,40109,8080,29015,1665.6375
7876,17101,40109,7938,28949,1665.642
7877,17101,40109,7842,28926,1665.6465
7878,17101,40109,7730,28895,1665.651
7879,17101,40109,7608,28857,1665.6555
7880,17101,40109,7496,28821,1665.66
7881,17101,40109,7378,28783,1665.6645
7882,17101,40109,7266,28755,1665.669
7883,17101,40109,7152,28720,1665.6735
7884,17101,40109,7040,28696,1665.678
7885,17101,40109,6930,28686,1665.6825
7886,17101,40109,6802,28679,1665.687
7887,17101,40109,6696,28681,1665.6915
7888,17101,40109,6600,28695,1665.696
7889,17101,40109,6488,28727,1665.7005
7890,17101,40109,6386,28758,1665.705
7891,17101,40109,6274,28780,1665.7095
7892,17101,40109,6160,28783,1665.714
7893,17101,40109,6064,28791,1665.7185
7894,17101,40109,5954,28792,1665.723
7895,17101,40109,5858,28794,1665.7275
7896,17101,40109,5752,28811,1665.732
7897,17101,40109,5656,28831,1665.7365
7898,16824,39504,5944,28399,1665.741
7899,16824,39504,5848,28408,1665.7455
7900,16824,39504,5784,28407,1665.75
7901,16824,39504,5672,28398,1665.7545
7902,16824,39504,5586,28396,1665.759
7903,16824,39504,5490,28399,1665.7635
7904,16824,39504,5394,28399,1665.768
7905,16824,39504,5296,28396,1665.7725
7906,16824,39504,5200,28379,1665.777
7907,16824,39504,5106,28350,1665.7815
7908,16824,39504,5026,28336,1665.786
7909,16489,38785,5392,27799,1665.7905
7910,16489,38785,5312,27789,1665.795
7911,16489,38785,5216,27795,1665.7995
7912,16489,38785,5122,27807,1665.804
7913,16489,38785,5042,27829,1665.8085
7914,16489,38785,4952,27834,1665.813
7915,16489,38785,4856,27838,1665.8175
7916,16489,38785,4760,27866,1665.822
7917,16489,38785,4690,27884,1665.8265
7918,16489,38785,4594,27901,1665.831
7919,16489,38785,4512,27919,1665.8355
7920,16489,38785,4432,27945,1665.84
7921,16489,38785,4338,27965,1665.8445
7922,16489,38785,4258,27991,1665.849
7923,16154,38066,4608,27503,1665.8535
7924,16154,38066,4528,27562,1665.858
7925,16154,38066,4448,27600,1665.8625
7926,16154,38066,4370,27631,1665.867
7927,16154,38066,4290,27638,1665.8715
7928,16154,38066,4210,27643,1665.876
7929,16154,38066,4136,27638,1665.8805
7930,16154,38066,4056,27643,1665.885
7931,16154,38066,3970,27643,1665.8895
7932,16154,38066,3890,27644,1665.894
7933,16154,38066,3808,27627,1665.8985
7934,16154,38066,3744,27616,1665.903
7935,15819,37347,4050,27095,1665.9075
7936,15819,37347,3986,27076,1665.912
7937,15819,37347,3922,27054,1665.9165
7938,15819,37347,3840,27015,1665.921
7939,15819,37347,3760,26996,1665.9255
7940,15819,37347,3696,26968,1665.93
7941,15819,37347,3618,26931,1665.9345
7942,15819,37347,3554,26901,1665.939
7943,15819,37347,3480,26863,1665.9435
7944,15819,37347,3400,26825,1665.948
7945,15819,37347,3330,26803,1665.9525
7946,15819,37347,3266,26790,1665.957
7947,15819,37347,3186,26776,1665.9615
7948,15819,37347,3104,26749,1665.966
7949,15819,37347,3040,26744,1665.9705
7950,15484,36628,3328,26268,1665.975
7951,15484,36628,3248,26271,1665.9795
7952,15484,36628,3200,26265,1665.984
7953,15484,36628,3136,26267,1665.9885
7954,15484,36628,3056,26271,1665.993
7955,15484,36628,2994,26295,1665.9975
7956,15484,36628,2930,26303,1666.002
7957,15484,36628,2856,26319,1666.0065
7958,15484,36628,2792,26332,1666.011
7959,15484,36628,2722,26352,1666.0155
7960,15484,36628,2658,26367,1666.02
7961,15484,36628,2576,26368,1666.0245
7962,15149,35909,10658,29519,1666.029
7963,15149,35909,10514,29534,1666.0335
7964,15149,35909,10336,29501,1666.038
7965,15149,35909,10176,29478,1666.0425
7966,15149,35909,10034,29479,1666.047
7967,15149,35909,9800,29446,1666.0515
7968,15149,35909,9704,29431,1666.056
7969,15149,35909,9522,29395,1666.0605
7970,15149,35909,9426,29371,1666.065
7971,14814,35190,10072,28759,1666.0695
7972,14814,35190,9912,28736,1666.074
7973,14814,35190,9800,28714,1666.0785
7974,14814,35190,9656,28694,1666.083
7975,14814,35190,9506,28655,1666.0875
7976,14814,35190,9362,28628,1666.092
7977,14814,35190,9200,28591,1666.0965
7978,14814,35190,9010,28576,1666.101
7979,14814,35190,8930,28574,1666.1055
7980,14814,35190,8728,28576,1666.11
7981,14814,35190,8648,28575,1666.1145
7982,14814,35190,8450,28561,1666.119
7983,14814,35190,8370,28564,1666.1235
7984,14814,35190,8192,28542,1666.128
7985,14814,35190,8080,28571,1666.1325
7986,14479,34471,8706,28070,1666.137
7987,14479,34471,8578,28094,1666.1415
7988,14479,34471,8450,28093,1666.146
7989,14479,34471,8338,28095,1666.1505
7990,14479,34471,8192,28071,1666.155
7991,14479,34471,8064,28088,1666.1595
7992,14479,34471,7938,28118,1666.164
7993,14479,34471,7826,28151,1666.1685
7994,14479,34471,7656,28174,1666.173
7995,14479,34471,7544,28171,1666.1775
7996,14479,34471,7426,28151,1666.182
7997,14479,34471,7314,28135,1666.1865
7998,14479,34471,7184,28111,1666.191
7999,14479,34471,7056,28096,1666.1955
8000,14144,33752,7618,27513,1666.2
8001,14144,33752,7490,27486,1666.2045
8002,14144,33752,7394,27456,1666.209
8003,14144,33752,7282,27420,1666.2135
8004,14144,33752,7152,27372,1666.218
8005,14144,33752,7024,27341,1666.2225
8006,14144,33752,6930,27321,1666.227
8007,14144,33752,6818,27286,1666.2315
8008,14144,33752,6696,27243,1666.236
8009,14144,33752,6584,27196,1666.2405
8010,14144,33752,6450,27148,1666.245
8011,14144,33752,6354,27118,1666.2495
8012,13809,33033,6872,26545,1666.254
8013,13809,33033,6760,26525,1666.2585
8014,13809,33033,6680,26508,1666.263
8015,13809,33033,6568,26494,1666.2675
8016,13809,33033,6466,26479,1666.272
8017,13809,33033,6354,26476,1666.2765
8018,13809,33033,6240,26469,1666.281
8019,13809,33033,6128,26471,1666.2855
8020,13809,33033,6034,26488,1666.29
8021,13809,33033,5938,26490,1666.2945
8022,13809,33033,5832,26486,1666.299
8023,13809,33033,5736,26487,1666.3035
8024,13809,33033,5624,26493,1666.308
8025,13809,33033,5522,26511,1666.3125
8026,13809,33033,5426,26528,1666.317
8027,13809,33033,5328,26543,1666.3215
8028,13809,33033,5232,26555,1666.326
8029,13468,32313,5698,26006,1666.3305
8030,13468,32313,5618,26000,1666.335
8031,13468,32313,5538,26002,1666.3395
8032,13468,32313,5442,25983,1666.344
8033,13468,32313,5344,25977,1666.3485
8034,13468,32313,5248,25965,1666.353
8035,13468,32313,5154,25964,1666.3575
8036,13468,32313,5074,25958,1666.362
8037,13468,32313,4978,25948,1666.3665
8038,13468,32313,4888,25941,1666.371
8039,13468,32313,4808,25935,1666.3755
8040,13468,32313,4722,25935,1666.38
8041,13468,32313,4626,25936,1666.3845
8042,13468,32313,4528,25942,1666.389
8043,13468,32313,4448,25936,1666.3935
8044,13205,31714,4786,25464,1666.398
8045,13205,31714,4706,25461,1666.4025
8046,13205,31714,4610,25462,1666.407
8047,13205,31714,4528,25483,1666.4115
8048,13205,31714,4448,25511,1666.416
8049,13205,31714,4354,25536,1666.4205
8050,13205,31714,4290,25575,1666.425
8051,13205,31714,4200,25599,1666.4295
8052,13205,31714,4120,25630,1666.434
8053,13205,31714,4040,25663,1666.4385
8054,12942,31115,4344,25261,1666.443
8055,12942,31115,4264,25308,1666.4475
8056,12942,31115,4200,25328,1666.452
8057,12942,31115,4120,25355,1666.4565
8058,12942,31115,4056,25368,1666.461
8059,12942,31115,3970,25390,1666.4655
8060,12942,31115,3890,25422,1666.47
8061,12942,31115,3824,25442,1666.4745
8062,12942,31115,3728,25487,1666.479
8063,12942,31115,3666,25512,1666.4835
8064,12942,31115,3602,25512,1666.488
8065,12942,31115,3512,25502,1666.4925
8066,12942,31115,3448,25487,1666.497
8067,12679,30516,3714,25008,1666.5015
8068,12679,30516,3666,25006,1666.506
8069,12679,30516,3586,24989,1666.5105
8070,12679,30516,3512,24972,1666.515
8071,12679,30516,3448,24944,1666.5195
8072,12679,30516,3362,24906,1666.524
8073,12679,30516,3298,24887,1666.5285
8074,12679,30516,3234,24871,1666.533
8075,12679,30516,3152,24851,1666.5375
8076,12679,30516,3072,24822,1666.542
8077,12679,30516,3026,24815,1666.5465
8078,12679,30516,2946,24791,1666.551
8079,12679,30516,2872,24771,1666.5555
8080,12679,30516,2808,24751,1666.56
8081,12416,29917,3074,24306,1666.5645
8082,12416,29917,3010,24304,1666.569
8083,12416,29917,2946,24303,1666.5735
8084,12416,29917,2872,24301,1666.578
8085,12416,29917,2808,24296,1666.5825
8086,12416,29917,2738,24303,1666.587
8087,12416,29917,2674,24303,1666.5915
8088,12416,29917,2592,24307,1666.596
8089,12153,29318,10808,26862,1666.6005
8090,12153,29318,10642,26863,1666.605
8091,12153,29318,10482,26855,1666.6095
8092,12153,29318,10320,26830,1666.614
8093,12153,29318,10114,26807,1666.6185
8094,12153,29318,10002,26799,1666.623
8095,12153,29318,9800,26779,1666.6275
8096,12153,29318,9688,26767,1666.632
8097,12153,29318,9522,26752,1666.6365
8098,12153,29318,9394,26735,1666.641
8099,12153,29318,9200,26687,1666.6455
8100,12153,29318,9072,26669,1666.65
8101,12153,29318,8914,26639,1666.6545
8102,12153,29318,8770,26615,1666.659
8103,11890,28719,9408,26107,1666.6635
8104,11890,28719,9248,26076,1666.668
8105,11890,28719,9152,26054,1666.6725
8106,11890,28719,8978,26010,1666.677
8107,11890,28719,8882,25991,1666.6815
8108,11890,28719,8712,25959,1666.686
8109,11890,28719,8584,25963,1666.6905
8110,11890,28719,8450,25952,1666.695
8111,11890,28719,8306,25948,1666.6995
8112,11890,28719,8160,25918,1666.704
8113,11890,28719,8032,25916,1666.7085
8114,11890,28719,7890,25922,1666.713
8115,11890,28719,7778,25935,1666.7175
8116,11627,28120,8352,25497,1666.722
8117,11627,28120,8224,25511,1666.7265
8118,11627,28120,8128,25526,1666.731
8119,11627,28120,7954,25556,1666.7355
8120,11627,28120,7874,25565,1666.74
8121,11627,28120,7746,25580,1666.7445
8122,11627,28120,7608,25599,1666.749
8123,11627,28120,7458,25656,1666.7535
8124,11627,28120,7362,25680,1666.758
8125,11627,28120,7234,25703,1666.7625
8126,11627,28120,7104,25707,1666.767
8127,11627,28120,6992,25711,1666.7715
8128,11364,27521,7506,25246,1666.776
8129,11364,27521,7410,25255,1666.7805
8130,11364,27521,7314,25270,1666.785
8131,11364,27521,7184,25271,1666.7895
8132,11364,27521,7056,25263,1666.794
8133,11364,27521,6946,25245,1666.7985
8134,11364,27521,6834,25229,1666.803
8135,11364,27521,6712,25208,1666.8075
8136,11364,27521,6600,25195,1666.812
8137,11364,27521,6498,25183,1666.8165
8138,11364,27521,6370,25164,1666.821
8139,11364,27521,6258,25133,1666.8255
8140,11364,27521,6128,25087,1666.83
8141,11101,26922,6642,24600,1666.8345
8142,11101,26922,6514,24580,1666.839
8143,11101,26922,6450,24570,1666.8435
8144,11101,26922,6354,24555,1666.848
8145,11101,26922,6240,24531,1666.8525
8146,11101,26922,6128,24510,1666.857
8147,11101,26922,6018,24508,1666.8615
8148,11101,26922,5922,24509,1666.866
8149,11101,26922,5826,24508,1666.8705
8150,11101,26922,5720,24510,1666.875
8151,11101,26922,5608,24507,1666.8795
8152,11101,26922,5506,24508,1666.884
8153,11101,26922,5410,24510,1666.8885
8154,11101,26922,5312,24515,1666.893
8155,11101,26922,5216,24526,1666.8975
8156,10838,26315,5666,24056,1666.902
8157,10838,26315,5586,24058,1666.9065
8158,10838,26315,5490,24056,1666.911
8159,10838,26315,5410,24051,1666.9155
8160,10838,26315,5296,24048,1666.92
8161,10838,26315,5200,24051,1666.9245
8162,10838,26315,5106,24048,1666.929
8163,10838,26315,5026,24047,1666.9335
8164,10838,26315,4920,24046,1666.938
8165,10838,26315,4840,24035,1666.9425
8166,10838,26315,4754,24023,1666.947
8167,10838,26315,4658,23997,1666.9515
8168,10838,26315,4562,23984,1666.956
8169,10838,26315,4480,23958,1666.9605
8170,10838,26315,4400,23948,1666.965
8171,10838,26315,4306,23935,1666.9695
8172,10838,26315,4226,23927,1666.974
8173,10636,25820,4514,23512,1666.9785
8174,10636,25820,4434,23501,1666.983
8175,10636,25820,4370,23485,1666.9875
8176,10636,25820,4290,23478,1666.992
8177,10636,25820,4194,23483,1666.9965
8178,10636,25820,4120,23486,1667.001
8179,10636,25820,4040,23511,1667.0055
8180,10636,25820,3954,23536,1667.01
8181,10636,25820,3874,23546,1667.0145
8182,10636,25820,3792,23549,1667.019
8183,10636,25820,3712,23564,1667.0235
8184,10434,25325,4018,23215,1667.028
8185,10434,25325,3938,23262,1667.0325
8186,10434,25325,3858,23295,1667.037
8187,10434,25325,3792,23327,1667.0415
8188,10434,25325,3712,23356,1667.046
8189,10434,25325,3634,23391,1667.0505
8190,10434,25325,3554,23422,1667.055
8191,10434,25325,3480,23462,1667.0595
8192,10434,25325,3416,23494,1667.064
8193,10232,24830,3682,23120,1667.0685
8194,10232,24830,3602,23143,1667.073
8195,10232,24830,3538,23149,1667.0775
8196,10232,24830,3464,23149,1667.082
8197,10232,24830,3384,23159,1667.0865
8198,10232,24830,3314,23166,1667.091
8199,10232,24830,3250,23192,1667.0955
8200,10232,24830,3168,23192,1667.1
8201,10232,24830,3088,23177,1667.1045
8202,10232,24830,3026,23163,1667.109
8203,10232,24830,2962,23150,1667.1135
8204,10232,24830,2888,23131,1667.118
8205,10232,24830,2808,23119,1667.1225
8206,10232,24830,2744,23119,1667.127
8207,10030,24335,3016,22744,1667.1315
8208,10030,24335,2936,22715,1667.136
8209,10030,24335,2888,22702,1667.1405
8210,10030,24335,2824,22687,1667.145
8211,10030,24335,2738,22696,1667.1495
8212,10030,24335,2690,22687,1667.154
8213,10030,24335,2610,22686,1667.1585
8214,10030,24335,2544,22672,1667.163
8215,9828,23840,10808,24946,1667.1675
8216,9828,23840,10642,24939,1667.172
8217,9828,23840,10482,24927,1667.1765
8218,9828,23840,10320,24920,1667.181
8219,9828,23840,10082,24917,1667.1855
8220,9828,23840,9970,24912,1667.19
8221,9828,23840,9800,24894,1667.1945
8222,9828,23840,9672,24879,1667.199
8223,9828,23840,9506,24862,1667.2035
8224,9828,23840,9346,24856,1667.208
8225,9626,23345,9960,24494,1667.2125
8226,9626,23345,9816,24488,1667.217
8227,9626,23345,9720,24471,1667.2215
8228,9626,23345,9522,24442,1667.226
8229,9626,23345,9426,24417,1667.2305
8230,9626,23345,9232,24367,1667.235
8231,9626,23345,9104,24347,1667.2395
8232,9626,23345,8946,24318,1667.244
8233,9626,23345,8818,24292,1667.2485
8234,9626,23345,8664,24248,1667.253
8235,9626,23345,8466,24192,1667.2575
8236,9626,23345,8386,24173,1667.262
8237,9626,23345,8192,24108,1667.2665
8238,9626,23345,8096,24091,1667.271
8239,9424,22850,8658,23708,1667.2755
8240,9424,22850,8514,23674,1667.28
8241,9424,22850,8434,23660,1667.2845
8242,9424,22850,8290,23628,1667.289
8243,9424,22850,8144,23593,1667.2935
8244,9424,22850,7970,23567,1667.298
8245,9424,22850,7874,23562,1667.3025
8246,9424,22850,7688,23552,1667.307
8247,9424,22850,7608,23563,1667.3115
8248,9424,22850,7442,23555,1667.316
8249,9424,22850,7362,23559,1667.3205
8250,9424,22850,7200,23551,1667.325
8251,9424,22850,7088,23580,1667.3295
8252,9222,22355,7634,23274,1667.334
8253,9222,22355,7506,23289,1667.3385
8254,9222,22355,7410,23294,1667.343
8255,9222,22355,7282,23309,1667.3475
8256,9222,22355,7152,23302,1667.352
8257,9222,22355,7024,23318,1667.3565
8258,9222,22355,6930,23326,1667.361
8259,9222,22355,6802,23343,1667.3655
8260,9222,22355,6680,23352,1667.37
8261,9222,22355,6552,23372,1667.3745
8262,9222,22355,6450,23383,1667.379
8263,9222,22355,6322,23375,1667.3835
8264,9020,21860,6808,23008,1667.388
8265,9020,21860,6728,22996,1667.3925
8266,9020,21860,6616,22985,1667.397
8267,9020,21860,6498,22971,1667.4015
8268,9020,21860,6386,22958,1667.406
8269,9020,21860,6272,22928,1667.4105
8270,9020,21860,6144,22902,1667.415
8271,9020,21860,6050,22892,1667.4195
8272,9020,21860,5954,22871,1667.424
8273,9020,21860,5832,22845,1667.4285
8274,9020,21860,5736,22840,1667.433
8275,9020,21860,5624,22831,1667.4375
8276,9020,21860,5522,22831,1667.442
8277,9020,21860,5410,22812,1667.4465
8278,8811,21358,5864,22444,1667.451
8279,8811,21358,5800,22430,1667.4555
8280,8811,21358,5704,22421,1667.46
8281,8811,21358,5602,22416,1667.4645
8282,8811,21358,5490,22423,1667.469
8283,8811,21358,5392,22421,1667.4735
8284,8811,21358,5280,22431,1667.478
8285,8811,21358,5202,22446,1667.4825
8286,8811,21358,5090,22453,1667.487
8287,8811,21358,4994,22459,1667.4915
8288,8811,21358,4904,22462,1667.496
8289,8811,21358,4808,22464,1667.5005
8290,8630,20953,5128,22184,1667.505
8291,8630,20953,5048,22181,1667.5095
8292,8630,20953,4968,22174,1667.514
8293,8630,20953,4872,22163,1667.5185
8294,8630,20953,4786,22162,1667.523
8295,8630,20953,4690,22152,1667.5275
8296,8630,20953,4594,22135,1667.532
8297,8630,20953,4512,22116,1667.5365
8298,8630,20953,4432,22097,1667.541
8299,8630,20953,4338,22075,1667.5455
8300,8630,20953,4258,22060,1667.55
8301,8630,20953,4152,22031,1667.5545
8302,8630,20953,4072,22005,1667.559
8303,8449,20548,4376,21679,1667.5635
8304,8449,20548,4280,21632,1667.568
8305,8449,20548,4216,21607,1667.5725
8306,8449,20548,4136,21582,1667.577
8307,8449,20548,4056,21561,1667.5815
8308,8449,20548,3970,21556,1667.586
8309,8449,20548,3890,21564,1667.5905
8310,8449,20548,3808,21559,1667.595
8311,8449,20548,3728,21550,1667.5995
8312,8449,20548,3650,21534,1667.604
8313,8449,20548,3570,21520,1667.6085
8314,8449,20548,3496,21531,1667.613
8315,8449,20548,3416,21552,1667.6175
8316,8268,20143,3714,21308,1667.622
8317,8268,20143,3650,21323,1667.6265
8318,8268,20143,3570,21329,1667.631
8319,8268,20143,3496,21336,1667.6355
8320,8268,20143,3416,21356,1667.64
8321,8268,20143,3346,21377,1667.6445
8322,8268,20143,3266,21422,1667.649
8323,8268,20143,3186,21454,1667.6535
8324,8268,20143,3120,21455,1667.658
8325,8268,20143,3040,21462,1667.6625
8326,8268,20143,2962,21471,1667.667
8327,8268,20143,2898,21478,1667.6715
8328,8268,20143,2824,21481,1667.676
8329,8268,20143,2760,21493,1667.6805
8330,8087,19738,3016,21240,1667.685
8331,8087,19738,2952,21239,1667.6895
8332,8087,19738,2888,21230,1667.694
8333,8087,19738,2824,21220,1667.6985
8334,8087,19738,2760,21214,1667.703
8335,8087,19738,2690,21212,1667.7075
8336,8087,19738,2610,21212,1667.712
8337,8087,19738,2544,21200,1667.7165
8338,7906,19333,10962,23286,1667.721
8339,7906,19333,10792,23255,1667.7255
8340,7906,19333,10610,23227,1667.73
8341,7906,19333,10450,23207,1667.7345
8342,7906,19333,10272,23182,1667.739
8343,7906,19333,10096,23176,1667.7435
8344,7906,19333,9954,23167,1667.748
8345,7906,19333,9784,23156,1667.7525
8346,7906,19333,9640,23152,1667.757
8347,7906,19333,9474,23145,1667.7615
8348,7906,19333,9314,23144,1667.766
8349,7725,18928,9944,22848,1667.7705
8350,7725,18928,9800,22839,1667.775
8351,7725,18928,9688,22831,1667.7795
8352,7725,18928,9522,22831,1667.784
8353,7725,18928,9378,22839,1667.7885
8354,7725,18928,9216,22828,1667.793
8355,7725,18928,9072,22843,1667.7975
8356,7725,18928,8930,22843,1667.802
8357,7725,18928,8786,22831,1667.8065
8358,7725,18928,8616,22808,1667.811
8359,7725,18928,8450,22774,1667.8155
8360,7725,18928,8338,22760,1667.82
8361,7725,18928,8176,22727,1667.8245
8362,7725,18928,8032,22716,1667.829
8363,7544,18523,8642,22421,1667.8335
8364,7544,18523,8498,22391,1667.838
8365,7544,18523,8402,22364,1667.8425
8366,7544,18523,8258,22319,1667.847
8367,7544,18523,8096,22268,1667.8515
8368,7544,18523,7938,22229,1667.856
8369,7544,18523,7858,22215,1667.8605
8370,7544,18523,7688,22170,1667.865
8371,7544,18523,7576,22151,1667.8695
8372,7363,18118,8130,21836,1667.874
8373,7363,18118,8002,21792,1667.8785
8374,7363,18118,7906,21760,1667.883
8375,7363,18118,7778,21730,1667.8875
8376,7363,18118,7656,21709,1667.892
8377,7363,18118,7512,21695,1667.8965
8378,7363,18118,7394,21692,1667.901
8379,7363,18118,7266,21688,1667.9055
8380,7363,18118,7120,21675,1667.91
8381,7363,18118,6978,21671,1667.9145
8382,7363,18118,6882,21664,1667.919
8383,7363,18118,6770,21669,1667.9235
8384,7363,18118,6632,21665,1667.928
8385,7182,17713,7138,21399,1667.9325
8386,7182,17713,7010,21407,1667.937
8387,7182,17713,6914,21403,1667.9415
8388,7182,17713,6802,21414,1667.946
8389,7182,17713,6680,21420,1667.9505
8390,7182,17713,6552,21438,1667.955
8391,7182,17713,6450,21454,1667.9595
8392,7182,17713,6322,21467,1667.964
8393,7182,17713,6192,21455,1667.9685
8394,7182,17713,6080,21440,1667.973
8395,7182,17713,5986,21436,1667.9775
8396,7182,17713,5874,21431,1667.982
8397,7182,17713,5752,21426,1667.9865
8398,7182,17713,5640,21423,1667.991
8399,6993,17300,6130,21138,1667.9955
8400,6993,17300,6050,21121,1668.0
8401,6993,17300,5954,21108,1668.0045
8402,6993,17300,5842,21095,1668.009
8403,6993,17300,5736,21081,1668.0135
8404,6993,17300,5624,21066,1668.018
8405,6993,17300,5538,21071,1668.0225
8406,6993,17300,5426,21055,1668.027
8407,6993,17300,5328,21037,1668.0315
8408,6993,17300,5216,21015,1668.036
8409,6993,17300,5106,20991,1668.0405
8410,6993,17300,5010,20991,1668.045
8411,6993,17300,4920,20999,1668.0495
8412,6993,17300,4824,21018,1668.054
8413,6833,16937,5202,20772,1668.0585
8414,6833,16937,5106,20779,1668.063
8415,6833,16937,5026,20787,1668.0675
8416,6833,16937,4920,20797,1668.072
8417,6833,16937,4840,20812,1668.0765
8418,6833,16937,4738,20826,1668.081
8419,6833,16937,4642,20831,1668.0855
8420,6833,16937,4544,20827,1668.09
8421,6833,16937,4464,20830,1668.0945
8422,6833,16937,4370,20847,1668.099
8423,6833,16937,4274,20859,1668.1035
8424,6833,16937,4184,20863,1668.108
8425,6833,16937,4088,20863,1668.1125
8426,6833,16937,4008,20879,1668.117
8427,6673,16574,4344,20589,1668.1215
8428,6673,16574,4264,20571,1668.126
8429,6673,16574,4184,20550,1668.1305
8430,6673,16574,4104,20525,1668.135
8431,6673,16574,4018,20509,1668.1395
8432,6673,16574,3938,20490,1668.144
8433,6673,16574,3858,20467,1668.1485
8434,6673,16574,3776,20442,1668.153
8435,6673,16574,3696,20416,1668.1575
8436,6513,16211,4016,20140,1668.162
8437,6513,16211,3936,20119,1668.1665
8438,6513,16211,3872,20095,1668.171
8439,6513,16211,3792,20088,1668.1755
8440,6513,16211,3712,20062,1668.18
8441,6513,16211,3634,20046,1668.1845
8442,6513,16211,3554,20021,1668.189
8443,6513,16211,3480,20007,1668.1935
8444,6513,16211,3400,19998,1668.198
8445,6513,16211,3314,20007,1668.2025
8446,6513,16211,3250,20014,1668.207
8447,6513,16211,3168,20011,1668.2115
8448,6513,16211,3088,20014,1668.216
8449,6353,15848,3378,19768,1668.2205
8450,6353,15848,3330,19767,1668.225
8451,6353,15848,3250,19797,1668.2295
8452,6353,15848,3168,19806,1668.234
8453,6353,15848,3104,19823,1668.2385
8454,6353,15848,3026,19839,1668.243
8455,6353,15848,2962,19840,1668.2475
8456,6353,15848,2872,19838,1668.252
8457,6353,15848,2808,19838,1668.2565
8458,6353,15848,2738,19863,1668.261
8459,6353,15848,2674,19881,1668.2655
8460,6353,15848,2594,19899,1668.27
8461,6353,15848,2512,19910,1668.2745
8462,6193,15485,11170,21754,1668.279
8463,6193,15485,10962,21735,1668.2835
8464,6193,15485,10792,21705,1668.288
8465,6193,15485,10610,21688,1668.2925
8466,6193,15485,10450,21676,1668.297
8467,6193,15485,10256,21644,1668.3015
8468,6193,15485,10082,21626,1668.306
8469,6193,15485,9938,21609,1668.3105
8470,6193,15485,9768,21583,1668.315
8471,6193,15485,9592,21564,1668.3195
8472,6033,15122,10306,21292,1668.324
8473,6033,15122,10146,21288,1668.3285
8474,6033,15122,10034,21279,1668.333
8475,6033,15122,9874,21272,1668.3375
8476,6033,15122,9704,21246,1668.342
8477,6033,15122,9522,21240,1668.3465
8478,6033,15122,9394,21231,1668.351
8479,6033,15122,9216,21214,1668.3555
8480,6033,15122,9088,21222,1668.36
8481,6033,15122,8914,21232,1668.3645
8482,6033,15122,8770,21238,1668.369
8483,6033,15122,8616,21243,1668.3735
8484,5873,14759,9266,21008,1668.378
8485,5873,14759,9122,21021,1668.3825
8486,5873,14759,8978,21026,1668.387
8487,5873,14759,8882,21038,1668.3915
8488,5873,14759,8712,21022,1668.396
8489,5873,14759,8584,21020,1668.4005
8490,5873,14759,8434,21019,1668.405
8491,5873,14759,8290,21016,1668.4095
8492,5873,14759,8144,21004,1668.414
8493,5873,14759,7984,20998,1668.4185
8494,5873,14759,7858,20988,1668.423
8495,5873,14759,7730,20973,1668.4275
8496,5873,14759,7592,20947,1668.432
8497,5713,14396,8178,20654,1668.4365
8498,5713,14396,8050,20632,1668.441
8499,5713,14396,7938,20603,1668.4455
8500,5713,14396,7826,20586,1668.45
8501,5713,14396,7672,20539,1668.4545
8502,5713,14396,7544,20507,1668.459
8503,5713,14396,7410,20464,1668.4635
8504,5713,14396,7298,20428,1668.468
8505,5713,14396,7152,20391,1668.4725
8506,5713,14396,7040,20366,1668.477
8507,5713,14396,6914,20350,1668.4815
8508,5713,14396,6786,20341,1668.486
8509,5713,14396,6664,20316,1668.4905
8510,5713,14396,6536,20290,1668.495
8511,5553,14033,7106,20030,1668.4995
8512,5553,14033,6978,20014,1668.504
8513,5553,14033,6882,20008,1668.5085
8514,5553,14033,6770,20007,1668.513
8515,5553,14033,6648,19998,1668.5175
8516,5553,14033,6536,20007,1668.522
8517,5553,14033,6418,20006,1668.5265
8518,5553,14033,6290,19999,1668.531
8519,5553,14033,6176,19983,1668.5355
8520,5553,14033,6050,20004,1668.54
8521,5553,14033,5954,20014,1668.5445
8522,5553,14033,5832,20027,1668.549
8523,5553,14033,5736,20030,1668.5535
8524,5386,13669,6242,19791,1668.558
8525,5386,13669,6130,19768,1668.5625
8526,5386,13669,6050,19760,1668.567
8527,5386,13669,5938,19763,1668.5715
8528,5386,13669,5832,19759,1668.576
8529,5386,13669,5720,19759,1668.5805
8530,5386,13669,5618,19744,1668.585
8531,5386,13669,5522,19736,1668.5895
8532,5386,13669,5408,19704,1668.594
8533,5386,13669,5296,19688,1668.5985
8534,5386,13669,5202,19679,1668.603
8535,5386,13669,5106,19671,1668.6075
8536,5386,13669,5010,19662,1668.612
8537,5386,13669,4904,19640,1668.6165
8538,5386,13669,4792,19614,1668.621
8539,5225,13379,5176,19413,1668.6255
8540,5225,13379,5080,19411,1668.63
8541,5225,13379,5000,19413,1668.6345
8542,5225,13379,4920,19418,1668.639
8543,5225,13379,4824,19420,1668.6435
8544,5225,13379,4722,19416,1668.648
8545,5225,13379,4626,19414,1668.6525
8546,5225,13379,4528,19419,1668.657
8547,5225,13379,4432,19435,1668.6615
8548,5225,13379,4338,19449,1668.666
8549,5225,13379,4242,19456,1668.6705
8550,5225,13379,4152,19464,1668.675
8551,5225,13379,4056,19478,1668.6795
8552,5064,13089,4418,19295,1668.684
8553,5064,13089,4354,19310,1668.6885
8554,5064,13089,4258,19327,1668.693
8555,5064,13089,4168,19350,1668.6975
8556,5064,13089,4088,19352,1668.702
8557,5064,13089,4002,19359,1668.7065
8558,5064,13089,3922,19360,1668.711
8559,5064,13089,3824,19355,1668.7155
8560,5064,13089,3744,19353,1668.72
8561,5064,13089,3666,19359,1668.7245
8562,5064,13089,3586,19352,1668.729
8563,5064,13089,3496,19343,1668.7335
8564,5064,13089,3416,19322,1668.738
8565,4903,12799,3746,19076,1668.7425
8566,4903,12799,3682,19059,1668.747
8567,4903,12799,3602,19035,1668.7515
8568,4903,12799,3522,19015,1668.756
8569,4903,12799,3448,18997,1668.7605
8570,4903,12799,3368,18973,1668.765
8571,4903,12799,3282,18951,1668.7695
8572,4903,12799,3202,18927,1668.774
8573,4903,12799,3136,18909,1668.7785
8574,4903,12799,3056,18892,1668.783
8575,4903,12799,2978,18884,1668.7875
8576,4903,12799,2898,18875,1668.792
8577,4903,12799,2824,18862,1668.7965
8578,4903,12799,2760,18860,1668.801
8579,4742,12509,3058,18616,1668.8055
8580,4742,12509,2994,18619,1668.81
8581,4742,12509,2930,18622,1668.8145
8582,4742,12509,2856,18634,1668.819
8583,4742,12509,2792,18644,1668.8235
8584,4742,12509,2706,18660,1668.828
8585,4742,12509,2642,18670,1668.8325
8586,4742,12509,2560,18668,1668.837
8587,4581,12219,11472,20411,1668.8415
8588,4581,12219,11280,20407,1668.846
8589,4581,12219,11106,20415,1668.8505
8590,4581,12219,10936,20430,1668.855
8591,4581,12219,10744,20435,1668.8595
8592,4581,12219,10594,20440,1668.864
8593,4581,12219,10418,20427,1668.8685
8594,4581,12219,10240,20395,1668.873
8595,4581,12219,10082,20390,1668.8775
8596,4581,12219,9922,20382,1668.882
8597,4581,12219,9752,20381,1668.8865
8598,4581,12219,9592,20382,1668.891
8599,4581,12219,9442,20372,1668.8955
8600,4581,12219,9282,20345,1668.9
8601,4420,11929,9976,20034,1668.9045
8602,4420,11929,9816,20024,1668.909
8603,4420,11929,9720,20015,1668.9135
8604,4420,11929,9522,20019,1668.918
8605,4420,11929,9410,20015,1668.9225
8606,4420,11929,9248,19996,1668.927
8607,4420,11929,9088,19982,1668.9315
8608,4420,11929,8930,19981,1668.936
8609,4420,11929,8786,19983,1668.9405
8610,4420,11929,8648,19992,1668.945
8611,4420,11929,8450,20011,1668.9495
8612,4420,11929,8338,20030,1668.954
8613,4420,11929,8176,20030,1668.9585
8614,4420,11929,8048,20043,1668.963
8615,4259,11639,8690,19775,1668.9675
8616,4259,11639,8546,19806,1668.972
8617,4259,11639,8450,19814,1668.9765
8618,4259,11639,8306,19837,1668.981
8619,4259,11639,8160,19847,1668.9855
8620,4259,11639,8016,19867,1668.99
8621,4259,11639,7890,19882,1668.9945
8622,4259,11639,7762,19895,1668.999
8623,4259,11639,7608,19917,1669.0035
8624,4259,11639,7442,19934,1669.008
8625,4259,11639,7330,19935,1669.0125
8626,4259,11639,7200,19928,1669.017
8627,4259,11639,7072,19918,1669.0215
8628,4098,11349,7650,19588,1669.026
8629,4098,11349,7522,19583,1669.0305
8630,4098,11349,7442,19578,1669.035
8631,4098,11349,7298,19570,1669.0395
8632,4098,11349,7168,19542,1669.044
8633,4098,11349,7040,19514,1669.0485
8634,4098,11349,6930,19495,1669.053
8635,4098,11349,6802,19475,1669.0575
8636,4098,11349,6664,19452,1669.062
8637,4098,11349,6552,19444,1669.0665
8638,4098,11349,6434,19435,1669.071
8639,4098,11349,6322,19420,1669.0755
8640,4098,11349,6192,19389,1669.08
8641,3937,11059,6738,19039,1669.0845
8642,3937,11059,6610,19023,1669.089
8643,3937,11059,6514,19021,1669.0935
8644,3937,11059,6418,19023,1669.098
8645,3937,11059,6272,19020,1669.1025
8646,3937,11059,6192,19022,1669.107
8647,3937,11059,6050,19023,1669.1115
8648,3937,11059,5954,19022,1669.116
8649,3937,11059,5832,19024,1669.1205
8650,3937,11059,5736,19037,1669.125
8651,3937,11059,5618,19054,1669.1295
8652,3937,11059,5522,19070,1669.134
8653,3937,11059,5392,19080,1669.1385
8654,3937,11059,5296,19084,1669.143
8655,3937,11059,5202,19084,1669.1475
8656,3937,11059,5090,19079,1669.152
8657,3775,10767,5568,18703,1669.1565
8658,3775,10767,5456,18718,1669.161
8659,3775,10767,5392,18725,1669.1655
8660,3775,10767,5280,18730,1669.17
8661,3775,10767,5186,18731,1669.1745
8662,3775,10767,5090,18727,1669.179
8663,3775,10767,4984,18717,1669.1835
8664,3775,10767,4888,18708,1669.188
8665,3775,10767,4786,18706,1669.1925
8666,3775,10767,4690,18700,1669.197
8667,3775,10767,4592,18686,1669.2015
8668,3775,10767,4496,18681,1669.206
8669,3775,10767,4402,18672,1669.2105
8670,3775,10767,4306,18667,1669.215
8671,3660,10512,4640,18311,1669.2195
8672,3660,10512,4576,18319,1669.224
8673,3660,10512,4480,18331,1669.2285
8674,3660,10512,4402,18345,1669.233
8675,3660,10512,4306,18351,1669.2375
8676,3660,10512,4200,18358,1669.242
8677,3660,10512,4120,18365,1669.2465
8678,3660,10512,4034,18391,1669.251
8679,3660,10512,3938,18418,1669.2555
8680,3660,10512,3856,18430,1669.26
8681,3660,10512,3776,18460,1669.2645
8682,3660,10512,3696,18488,1669.269
8683,3545,10257,4000,18175,1669.2735
8684,3545,10257,3920,18220,1669.278
8685,3545,10257,3856,18240,1669.2825
8686,3545,10257,3760,18288,1669.287
8687,3545,10257,3682,18318,1669.2915
8688,3545,10257,3602,18335,1669.296
8689,3545,10257,3522,18359,1669.3005
8690,3545,10257,3432,18382,1669.305
8691,3545,10257,3368,18396,1669.3095
8692,3545,10257,3282,18422,1669.314
8693,3545,10257,3186,18431,1669.3185
8694,3545,10257,3120,18432,1669.323
8695,3545,10257,3040,18435,1669.3275
8696,3430,10002,3328,18093,1669.332
8697,3430,10002,3264,18101,1669.3365
8698,3430,10002,3200,18101,1669.341
8699,3430,10002,3120,18107,1669.3455
8700,3430,10002,3040,18102,1669.35
8701,3430,10002,2978,18099,1669.3545
8702,3430,10002,2898,18084,1669.359
8703,3430,10002,2824,18065,1669.3635
8704,3430,10002,2744,18059,1669.368
8705,3430,10002,2674,18054,1669.3725
8706,3430,10002,2610,18054,1669.377
8707,3430,10002,2528,18054,1669.3815
8708,3315,9747,11472,19640,1669.386
8709,3315,9747,11264,19631,1669.3905
8710,3315,9747,11090,19631,1669.395
8711,3315,9747,10930,19630,1669.3995
8712,3315,9747,10744,19623,1669.404
8713,3315,9747,10562,19638,1669.4085
8714,3315,9747,10370,19646,1669.413
8715,3315,9747,10208,19647,1669.4175
8716,3315,9747,10050,19666,1669.422
8717,3315,9747,9890,19672,1669.4265
8718,3200,9492,10560,19275,1669.431
8719,3200,9492,10400,19291,1669.4355
8720,3200,9492,10272,19295,1669.44
8721,3200,9492,10112,19311,1669.4445
8722,3200,9492,9954,19327,1669.449
8723,3200,9492,9794,19327,1669.4535
8724,3200,9492,9624,19327,1669.458
8725,3200,9492,9474,19319,1669.4625
8726,3200,9492,9314,19317,1669.467
8727,3200,9492,9152,19307,1669.4715
8728,3200,9492,8992,19309,1669.476
8729,3200,9492,8850,19311,1669.4805
8730,3085,9237,9488,18909,1669.485
8731,3085,9237,9344,18895,1669.4895
8732,3085,9237,9232,18886,1669.494
8733,3085,9237,9072,18879,1669.4985
8734,3085,9237,8946,18875,1669.503
8735,3085,9237,8786,18871,1669.5075
8736,3085,9237,8632,18855,1669.512
8737,3085,9237,8504,18842,1669.5165
8738,3085,9237,8354,18827,1669.521
8739,3085,9237,8176,18812,1669.5255
8740,3085,9237,8048,18824,1669.53
8741,3085,9237,7922,18839,1669.5345
8742,3085,9237,7778,18855,1669.539
8743,2970,8982,8352,18493,1669.5435
8744,2970,8982,8208,18495,1669.548
8745,2970,8982,8128,18503,1669.5525
8746,2970,8982,7938,18536,1669.557
8747,2970,8982,7858,18558,1669.5615
8748,2970,8982,7688,18588,1669.566
8749,2970,8982,7592,18607,1669.5705
8750,2970,8982,7442,18624,1669.575
8751,2970,8982,7314,18647,1669.5795
8752,2970,8982,7168,18659,1669.584
8753,2970,8982,7024,18703,1669.5885
8754,2970,8982,6914,18735,1669.593
8755,2970,8982,6786,18764,1669.5975
8756,2970,8982,6648,18780,1669.602
8757,2855,8727,7202,18417,1669.6065
8758,2855,8727,7058,18428,1669.611
8759,2855,8727,6962,18430,1669.6155
8760,2855,8727,6850,18431,1669.62
8761,2855,8727,6728,18439,1669.6245
8762,2855,8727,6600,18446,1669.629
8763,2855,8727,6482,18446,1669.6335
8764,2855,8727,6354,18431,1669.638
8765,2855,8727,6224,18416,1669.6425
8766,2855,8727,6112,18411,1669.647
8767,2855,8727,5986,18415,1669.6515
8768,2855,8727,5874,18411,1669.656
8769,2855,8727,5768,18400,1669.6605
8770,2855,8727,5640,18381,1669.665
8771,2740,8472,6146,17990,1669.6695
8772,2740,8472,6050,17982,1669.674
8773,2740,8472,5954,17978,1669.6785
8774,2740,8472,5832,17976,1669.683
8775,2740,8472,5736,17976,1669.6875
8776,2740,8472,5618,17974,1669.692
8777,2740,8472,5506,17974,1669.6965
8778,2740,8472,5392,17971,1669.701
8779,2740,8472,5280,17975,1669.7055
8780,2740,8472,5186,17980,1669.71
8781,2740,8472,5074,17995,1669.7145
8782,2740,8472,4968,18007,1669.719
8783,2740,8472,4872,18008,1669.7235
8784,2621,8210,5346,17643,1669.728
8785,2621,8210,5234,17643,1669.7325
8786,2621,8210,5170,17640,1669.737
8787,2621,8210,5058,17643,1669.7415
8788,2621,8210,4952,17651,1669.746
8789,2621,8210,4856,17656,1669.7505
8790,2621,8210,4754,17663,1669.755
8791,2621,8210,4658,17661,1669.7595
8792,2621,8210,4560,17649,1669.764
8793,2621,8210,4464,17640,1669.7685
8794,2621,8210,4370,17628,1669.773
8795,2621,8210,4274,17614,1669.7775
8796,2621,8210,4184,17599,1669.782
8797,2621,8210,4088,17592,1669.7865
8798,2527,8012,4392,17293,1669.791
8799,2527,8012,4296,17278,1669.7955
8800,2527,8012,4232,17264,1669.8
8801,2527,8012,4152,17253,1669.8045
8802,2527,8012,4056,17242,1669.809
8803,2527,8012,3970,17238,1669.8135
8804,2527,8012,3874,17238,1669.818
8805,2527,8012,3792,17229,1669.8225
8806,2527,8012,3696,17220,1669.827
8807,2433,7814,3984,16925,1669.8315
8808,2433,7814,3904,16926,1669.836
8809,2433,7814,3840,16935,1669.8405
8810,2433,7814,3760,16958,1669.845
8811,2433,7814,3666,16989,1669.8495
8812,2433,7814,3586,17003,1669.854
8813,2433,7814,3496,17028,1669.8585
8814,2433,7814,3416,17052,1669.863
8815,2433,7814,3330,17078,1669.8675
8816,2433,7814,3250,17111,1669.872
8817,2433,7814,3168,17135,1669.8765
8818,2433,7814,3088,17159,1669.881
8819,2339,7616,3344,16898,1669.8855
8820,2339,7616,3264,16927,1669.89
8821,2339,7616,3200,16951,1669.8945
8822,2339,7616,3136,16975,1669.899
8823,2339,7616,3056,17007,1669.9035
8824,2339,7616,2978,17039,1669.908
8825,2339,7616,2914,17056,1669.9125
8826,2339,7616,2824,17072,1669.917
8827,2339,7616,2744,17081,1669.9215
8828,2339,7616,2674,17087,1669.926
8829,2339,7616,2594,17097,1669.9305
8830,2245,7418,2850,16819,1669.935
8831,2245,7418,2786,16819,1669.9395
8832,2245,7418,2722,16814,1669.944
8833,2245,7418,2642,16810,1669.9485
8834,2245,7418,2560,16798,1669.953
8835,2151,7220,11746,18350,1669.9575
8836,2151,7220,11570,18350,1669.962
8837,2151,7220,11360,18336,1669.9665
8838,2151,7220,11186,18331,1669.971
8839,2151,7220,11026,18315,1669.9755
8840,2151,7220,10840,18294,1669.98
8841,2151,7220,10664,18275,1669.9845
8842,2151,7220,10482,18270,1669.989
8843,2151,7220,10304,18265,1669.9935
8844,2151,7220,10128,18272,1669.998
8845,2151,7220,9970,18287,1670.0025
8846,2151,7220,9800,18293,1670.007
8847,2151,7220,9640,18295,1670.0115
8848,2151,7220,9458,18295,1670.016
8849,2151,7220,9298,18297,1670.0205
8850,2057,7022,9906,18030,1670.025
8851,2057,7022,9746,18035,1670.0295
8852,2057,7022,9586,18038,1670.034
8853,2057,7022,9474,18029,1670.0385
8854,2057,7022,9314,18023,1670.043
8855,2057,7022,9152,18008,1670.0475
8856,2057,7022,8978,18006,1670.052
8857,2057,7022,8850,18005,1670.0565
8858,2057,7022,8680,17998,1670.061
8859,2057,7022,8520,17995,1670.0655
8860,2057,7022,8370,17980,1670.07
8861,1963,6824,8936,17691,1670.0745
8862,1963,6824,8792,17660,1670.079
8863,1963,6824,8696,17639,1670.0835
8864,1963,6824,8536,17621,1670.088
8865,1963,6824,8386,17592,1670.0925
8866,1963,6824,8192,17544,1670.097
8867,1963,6824,8096,17534,1670.1015
8868,1963,6824,7938,17506,1670.106
8869,1963,6824,7810,17488,1670.1105
8870,1963,6824,7656,17466,1670.115
8871,1963,6824,7512,17455,1670.1195
8872,1963,6824,7394,17453,1670.124
8873,1869,6626,7912,17181,1670.1285
8874,1869,6626,7768,17166,1670.133
8875,1869,6626,7656,17150,1670.1375
8876,1869,6626,7528,17147,1670.142
8877,1869,6626,7394,17143,1670.1465
8878,1869,6626,7232,17143,1670.151
8879,1869,6626,7136,17145,1670.1555
8880,1869,6626,6962,17166,1670.16
8881,1869,6626,6866,17175,1670.1645
8882,1869,6626,6728,17183,1670.169
8883,1869,6626,6600,17199,1670.1735
8884,1869,6626,6466,17222,1670.178
8885,1869,6626,6354,17245,1670.1825
8886,1775,6428,6818,17007,1670.187
8887,1775,6428,6690,17006,1670.1915
8888,1775,6428,6578,17006,1670.196
8889,1775,6428,6482,17008,1670.2005
8890,1775,6428,6354,17015,1670.205
8891,1775,6428,6224,17019,1670.2095
8892,1775,6428,6096,17023,1670.214
8893,1775,6428,6002,17038,1670.2185
8894,1775,6428,5874,17031,1670.223
8895,1775,6428,5752,17021,1670.2275
8896,1775,6428,5640,17012,1670.232
8897,1678,6228,6088,16759,1670.2365
8898,1678,6228,5976,16752,1670.241
8899,1678,6228,5848,16745,1670.2455
8900,1678,6228,5784,16735,1670.25
8901,1678,6228,5672,16715,1670.2545
8902,1678,6228,5554,16695,1670.259
8903,1678,6228,5408,16671,1670.2635
8904,1678,6228,5344,16668,1670.268
8905,1678,6228,5232,16669,1670.2725
8906,1678,6228,5106,16667,1670.277
8907,1678,6228,5010,16664,1670.2815
8908,1678,6228,4904,16657,1670.286
8909,1585,6077,5224,16479,1670.2905
8910,1585,6077,5112,16474,1670.295
8911,1585,6077,5000,16478,1670.2995
8912,1585,6077,4936,16486,1670.304
8913,1585,6077,4840,16492,1670.3085
8914,1585,6077,4738,16500,1670.313
8915,1585,6077,4626,16503,1670.3175
8916,1585,6077,4528,16506,1670.322
8917,1585,6077,4432,16511,1670.3265
8918,1585,6077,4338,16525,1670.331
8919,1585,6077,4242,16540,1670.3355
8920,1585,6077,4136,16543,1670.34
8921,1492,5926,4424,16363,1670.3445
8922,1492,5926,4328,16356,1670.349
8923,1492,5926,4232,16344,1670.3535
8924,1492,5926,4168,16332,1670.358
8925,1492,5926,4072,16318,1670.3625
8926,1492,5926,3986,16318,1670.367
8927,1492,5926,3890,16307,1670.3715
8928,1492,5926,3808,16292,1670.376
8929,1492,5926,3712,16272,1670.3805
8930,1399,5775,3984,16057,1670.385
8931,1399,5775,3904,16031,1670.3895
8932,1399,5775,3824,16014,1670.394
8933,1399,5775,3744,15995,1670.3985
8934,1399,5775,3666,15989,1670.403
8935,1399,5775,3570,15966,1670.4075
8936,1399,5775,3496,15949,1670.412
8937,1399,5775,3416,15927,1670.4165
8938,1399,5775,3314,15910,1670.421
8939,1399,5775,3250,15902,1670.4255
8940,1399,5775,3152,15893,1670.43
8941,1399,5775,3072,15886,1670.4345
8942,1306,5624,3328,15680,1670.439
8943,1306,5624,3248,15695,1670.4435
8944,1306,5624,3184,15695,1670.448
8945,1306,5624,3104,15700,1670.4525
8946,1306,5624,3026,15719,1670.457
8947,1306,5624,2946,15735,1670.4615
8948,1306,5624,2872,15758,1670.466
8949,1306,5624,2792,15775,1670.4705
8950,1213,5473,3032,15590,1670.475
8951,1213,5473,2952,15603,1670.4795
8952,1213,5473,2888,15614,1670.484
8953,1213,5473,2808,15644,1670.4885
8954,1213,5473,2738,15668,1670.493
8955,1213,5473,2658,15692,1670.4975
8956,1213,5473,2576,15702,1670.502
8957,1120,5322,11928,17271,1670.5065
8958,1120,5322,11746,17272,1670.511
8959,1120,5322,11538,17279,1670.5155
8960,1120,5322,11360,17280,1670.52
8961,1120,5322,11186,17296,1670.5245
8962,1120,5322,10994,17295,1670.529
8963,1120,5322,10808,17285,1670.5335
8964,1120,5322,10642,17278,1670.538
8965,1120,5322,10450,17272,1670.5425
8966,1120,5322,10256,17262,1670.547
8967,1120,5322,10082,17266,1670.5515
8968,1120,5322,9938,17268,1670.556
8969,1120,5322,9752,17262,1670.5605
8970,1120,5322,9576,17254,1670.565
8971,1120,5322,9410,17243,1670.5695
8972,1027,5171,9976,17003,1670.574
8973,1027,5171,9816,17010,1670.5785
8974,1027,5171,9704,17013,1670.583
8975,1027,5171,9522,17022,1670.5875
8976,1027,5171,9362,17024,1670.592
8977,1027,5171,9200,17020,1670.5965
8978,1027,5171,9040,17024,1670.601
8979,1027,5171,8882,17038,1670.6055
8980,934,5020,9426,16838,1670.61
8981,934,5020,9266,16851,1670.6145
8982,934,5020,9106,16860,1670.619
8983,934,5020,8978,16864,1670.6235
8984,934,5020,8834,16871,1670.628
8985,934,5020,8680,16875,1670.6325
8986,934,5020,8466,16879,1670.637
8987,934,5020,8370,16879,1670.6415
8988,934,5020,8192,16871,1670.646
8989,934,5020,8064,16878,1670.6505
8990,934,5020,7922,16880,1670.655
8991,841,4869,8416,16644,1670.6595
8992,841,4869,8256,16622,1670.664
8993,841,4869,8176,16607,1670.6685
8994,841,4869,7986,16597,1670.673
8995,841,4869,7890,16584,1670.6775
8996,841,4869,7704,16557,1670.682
8997,841,4869,7608,16540,1670.6865
8998,841,4869,7442,16506,1670.691
8999,841,4869,7314,16477,1670.6955
9000,841,4869,7168,16437,1670.7
9001,841,4869,6994,16423,1670.7045
9002,841,4869,6898,16408,1670.709
9003,23310,4786,3970,25278,1670.7135
9004,23310,4786,3858,25286,1670.718
9005,23310,4786,3744,25278,1670.7225
9006,23310,4786,3664,25287,1670.727
9007,23310,4786,3570,25296,1670.7315
9008,23310,4786,3490,25319,1670.736
9009,23310,4786,3400,25340,1670.7405
9010,23310,4786,3320,25372,1670.745
9011,22905,4615,3698,24667,1670.7495
9012,22905,4615,3634,24687,1670.754
9013,22905,4615,3570,24699,1670.7585
9014,22905,4615,3480,24733,1670.763
9015,22905,4615,3400,24766,1670.7675
9016,22905,4615,3330,24803,1670.772
9017,22905,4615,3234,24864,1670.7765
9018,22905,4615,3152,24895,1670.781
9019,22905,4615,3072,24925,1670.7855
9020,22905,4615,2994,24971,1670.79
9021,22905,4615,2914,25007,1670.7945
9022,22500,4444,3280,24359,1670.799
9023,22500,4444,3200,24373,1670.8035
9024,22500,4444,3136,24398,1670.808
9025,22500,4444,3056,24413,1670.8125
9026,22500,4444,2994,24431,1670.817
9027,22500,4444,2914,24446,1670.8215
9028,22500,4444,2824,24464,1670.826
9029,22500,4444,2760,24488,1670.8305
9030,22500,4444,2674,24504,1670.835
9031,22500,4444,2610,24507,1670.8395
9032,22500,4444,2512,24504,1670.844
9033,22095,4273,11058,26397,1670.8485
9034,22095,4273,10872,26381,1670.853
9035,22095,4273,10696,26383,1670.8575
9036,22095,4273,10514,26397,1670.862
9037,22095,4273,10338,26400,1670.8665
9038,22095,4273,10160,26399,1670.871
9039,22095,4273,9986,26406,1670.8755
9040,22095,4273,9810,26416,1670.88
9041,22095,4273,9640,26429,1670.8845
9042,22095,4273,9464,26459,1670.889
9043,22095,4273,9298,26494,1670.8935
9044,21690,4102,10098,25832,1670.898
9045,21690,4102,10002,25838,1670.9025
9046,21690,4102,9826,25854,1670.907
9047,21690,4102,9656,25871,1670.9115
9048,21690,4102,9496,25888,1670.916
9049,21690,4102,9346,25918,1670.9205
9050,21690,4102,9186,25962,1670.925
9051,21690,4102,9024,25995,1670.9295
9052,21690,4102,8866,26032,1670.934
9053,21690,4102,8690,26047,1670.9385
9054,21690,4102,8552,26062,1670.943
9055,21690,4102,8392,26077,1670.9475
9056,21690,4102,8226,26091,1670.952
9057,21690,4102,8066,26109,1670.9565
9058,21285,3931,8840,25450,1670.961
9059,21285,3931,8712,25427,1670.9655
9060,21285,3931,8600,25435,1670.97
9061,21285,3931,8456,25403,1670.9745
9062,21285,3931,8306,25388,1670.979
9063,21285,3931,8162,25358,1670.9835
9064,21285,3931,8016,25351,1670.988
9065,21285,3931,7872,25338,1670.9925
9066,21285,3931,7746,25335,1670.997
9067,21285,3931,7602,25312,1671.0015
9068,21285,3931,7464,25291,1671.006
9069,21285,3931,7330,25275,1671.0105
9070,21285,3931,7186,25271,1671.015
9071,20880,3760,7848,24568,1671.0195
9072,20880,3760,7688,24551,1671.024
9073,20880,3760,7624,24557,1671.0285
9074,20880,3760,7496,24551,1671.033
9075,20880,3760,7362,24543,1671.0375
9076,20880,3760,7234,24550,1671.042
9077,20880,3760,7088,24563,1671.0465
9078,20880,3760,6960,24591,1671.051
9079,20880,3760,6834,24623,1671.0555
9080,20880,3760,6706,24653,1671.06
9081,20880,3760,6568,24677,1671.0645
9082,20880,3760,6456,24703,1671.069
9083,20475,3589,7074,24111,1671.0735
9084,20475,3589,6962,24128,1671.078
9085,20475,3589,6866,24175,1671.0825
9086,20475,3589,6738,24203,1671.087
9087,20475,3589,6616,24217,1671.0915
9088,20475,3589,6504,24230,1671.096
9089,20475,3589,6386,24240,1671.1005
9090,20475,3589,6258,24263,1671.105
9091,20475,3589,6144,24269,1671.1095
9092,20475,3589,6032,24308,1671.114
9093,20475,3589,5922,24333,1671.1185
9094,20475,3589,5810,24350,1671.123
9095,20475,3589,5688,24348,1671.1275
9096,20475,3589,5576,24366,1671.132
9097,20475,3589,5458,24398,1671.1365
9098,20475,3589,5346,24419,1671.141
9099,20065,3417,5928,23791,1671.1455
9100,20065,3417,5832,23783,1671.15
9101,20065,3417,5752,23772,1671.1545
9102,20065,3417,5640,23759,1671.159
9103,20065,3417,5538,23771,1671.1635
9104,20065,3417,5426,23790,1671.168
9105,20065,3417,5328,23803,1671.1725
9106,20065,3417,5216,23831,1671.177
9107,20065,3417,5106,23861,1671.1815
9108,20065,3417,5010,23887,1671.186
9109,20065,3417,4904,23912,1671.1905
9110,20065,3417,4792,23949,1671.195
9111,20065,3417,4706,23991,1671.1995
9112,20065,3417,4594,24031,1671.204
9113,19697,3281,5000,23547,1671.2085
9114,19697,3281,4920,23580,1671.213
9115,19697,3281,4840,23606,1671.2175
9116,19697,3281,4738,23638,1671.222
9117,19697,3281,4642,23676,1671.2265
9118,19697,3281,4544,23712,1671.231
9119,19697,3281,4448,23760,1671.2355
9120,19697,3281,4354,23794,1671.24
9121,19697,3281,4258,23835,1671.2445
9122,19697,3281,4168,23856,1671.249
9123,19697,3281,4072,23863,1671.2535
9124,19329,3145,4450,23358,1671.258
9125,19329,3145,4386,23357,1671.2625
9126,19329,3145,4290,23356,1671.267
9127,19329,3145,4200,23356,1671.2715
9128,19329,3145,4104,23350,1671.276
9129,19329,3145,4018,23351,1671.2805
9130,19329,3145,3938,23331,1671.285
9131,19329,3145,3840,23295,1671.2895
9132,19329,3145,3760,23294,1671.294
9133,19329,3145,3682,23291,1671.2985
9134,19329,3145,3586,23279,1671.303
9135,18961,3009,3920,22767,1671.3075
9136,18961,3009,3872,22748,1671.312
9137,18961,3009,3792,22727,1671.3165
9138,18961,3009,3698,22704,1671.321
9139,18961,3009,3618,22703,1671.3255
9140,18961,3009,3528,22704,1671.33
9141,18961,3009,3464,22716,1671.3345
9142,18961,3009,3362,22721,1671.339
9143,18961,3009,3298,22731,1671.3435
9144,18961,3009,3200,22720,1671.348
9145,18961,3009,3120,22749,1671.3525
9146,18961,3009,3042,22772,1671.357
9147,18961,3009,2962,22811,1671.3615
9148,18593,2873,3296,22343,1671.366
9149,18593,2873,3216,22360,1671.3705
9150,18593,2873,3168,22366,1671.375
9151,18593,2873,3058,22391,1671.3795
9152,18593,2873,3010,22398,1671.384
9153,18593,2873,2930,22437,1671.3885
9154,18593,2873,2856,22459,1671.393
9155,18593,2873,2776,22486,1671.3975
9156,18593,2873,2690,22493,1671.402
9157,18593,2873,2610,22503,1671.4065
9158,18593,2873,2528,22507,1671.411
9159,18225,2737,11186,24280,1671.4155
9160,18225,2737,10978,24280,1671.42
9161,18225,2737,10808,24270,1671.4245
9162,18225,2737,10610,24254,1671.429
9163,18225,2737,10434,24238,1671.4335
9164,18225,2737,10224,24216,1671.438
9165,18225,2737,10064,24220,1671.4425
9166,18225,2737,9890,24234,1671.447
9167,18225,2737,9704,24238,1671.4515
9168,18225,2737,9528,24247,1671.456
9169,18225,2737,9362,24246,1671.4605
9170,18225,2737,9170,24235,1671.465
9171,17857,2601,9944,23702,1671.4695
9172,17857,2601,9800,23695,1671.474
9173,17857,2601,9656,23711,1671.4785
9174,17857,2601,9490,23740,1671.483
9175,17857,2601,9330,23760,1671.4875
9176,17857,2601,9152,23772,1671.492
9177,17857,2601,8992,23798,1671.4965
9178,17857,2601,8834,23828,1671.501
9179,17857,2601,8658,23870,1671.5055
9180,17857,2601,8488,23914,1671.51
9181,17857,2601,8338,23960,1671.5145
9182,17857,2601,8162,23999,1671.519
9183,17489,2465,8872,23509,1671.5235
9184,17489,2465,8712,23517,1671.528
9185,17489,2465,8616,23534,1671.5325
9186,17489,2465,8456,23550,1671.537
9187,17489,2465,8306,23607,1671.5415
9188,17489,2465,8146,23645,1671.546
9189,17489,2465,8016,23670,1671.5505
9190,17489,2465,7856,23694,1671.555
9191,17489,2465,7714,23709,1671.5595
9192,17489,2465,7560,23722,1671.564
9193,17489,2465,7416,23727,1671.5685
9194,17489,2465,7266,23743,1671.573
9195,17489,2465,7122,23758,1671.5775
9196,17121,2329,7768,23167,1671.582
9197,17121,2329,7672,23159,1671.5865
9198,17121,2329,7544,23151,1671.591
9199,17121,2329,7400,23143,1671.5955
9200,17121,2329,7266,23134,1671.6
9201,17121,2329,7122,23127,1671.6045
9202,17121,2329,6992,23128,1671.609
9203,17121,2329,6864,23134,1671.6135
9204,17121,2329,6722,23133,1671.618
9205,17121,2329,6584,23128,1671.6225
9206,17121,2329,6456,23128,1671.627
9207,16753,2193,7010,22542,1671.6315
9208,16753,2193,6930,22551,1671.636
9209,16753,2193,6818,22571,1671.6405
9210,16753,2193,6690,22590,1671.645
9211,16753,2193,6568,22614,1671.6495
9212,16753,2193,6440,22623,1671.654
9213,16753,2193,6322,22651,1671.6585
9214,16753,2193,6194,22681,1671.663
9215,16753,2193,6064,22711,1671.6675
9216,16753,2193,5954,22748,1671.672
9217,16753,2193,5826,22782,1671.6765
9218,16384,2053,6352,22186,1671.681
9219,16384,2053,6256,22197,1671.6855
9220,16384,2053,6144,22204,1671.69
9221,16384,2053,6032,22247,1671.6945
9222,16384,2053,5906,22279,1671.699
9223,16384,2053,5810,22310,1671.7035
9224,16384,2053,5704,22320,1671.708
9225,16384,2053,5592,22331,1671.7125
9226,16384,2053,5474,22347,1671.717
9227,16384,2053,5362,22352,1671.7215
9228,16384,2053,5264,22363,1671.726
9229,16384,2053,5138,22389,1671.7305
9230,16384,2053,5042,22399,1671.735
9231,16133,1934,5410,21933,1671.7395
9232,16133,1934,5314,21927,1671.744
9233,16133,1934,5202,21929,1671.7485
9234,16133,1934,5122,21931,1671.753
9235,16133,1934,5026,21952,1671.7575
9236,16133,1934,4920,21983,1671.762
9237,16133,1934,4808,22008,1671.7665
9238,16133,1934,4706,22015,1671.771
9239,16133,1934,4610,22030,1671.7755
9240,16133,1934,4512,22047,1671.78
9241,15882,1815,4850,21614,1671.7845
9242,15882,1815,4786,21630,1671.789
9243,15882,1815,4674,21678,1671.7935
9244,15882,1815,4576,21711,1671.798
9245,15882,1815,4480,21748,1671.8025
9246,15882,1815,4402,21800,1671.807
9247,15882,1815,4290,21851,1671.8115
9248,15882,1815,4200,21887,1671.816
9249,15882,1815,4104,21943,1671.8205
9250,15882,1815,4002,22007,1671.825
9251,15882,1815,3922,22058,1671.8295
9252,15631,1696,4226,21618,1671.834
9253,15631,1696,4130,21643,1671.8385
9254,15631,1696,4050,21664,1671.843
9255,15631,1696,3986,21688,1671.8475
9256,15631,1696,3872,21720,1671.852
9257,15631,1696,3808,21751,1671.8565
9258,15631,1696,3698,21802,1671.861
9259,15631,1696,3618,21822,1671.8655
9260,15631,1696,3528,21828,1671.87
9261,15631,1696,3448,21839,1671.8745
9262,15380,1577,3752,21375,1671.879
9263,15380,1577,3656,21373,1671.8835
9264,15380,1577,3576,21371,1671.888
9265,15380,1577,3512,21373,1671.8925
9266,15380,1577,3432,21368,1671.897
9267,15380,1577,3346,21364,1671.9015
9268,15380,1577,3266,21358,1671.906
9269,15380,1577,3168,21343,1671.9105
9270,15380,1577,3088,21350,1671.915
9271,15380,1577,3010,21366,1671.9195
9272,15129,1458,3280,20950,1671.924
9273,15129,1458,3200,20940,1671.9285
9274,15129,1458,3136,20942,1671.933
9275,15129,1458,3042,20944,1671.9375
9276,15129,1458,2994,20955,1671.942
9277,15129,1458,2888,20963,1671.9465
9278,15129,1458,2824,20984,1671.951
9279,15129,1458,2738,21023,1671.9555
9280,15129,1458,2658,21051,1671.96
9281,15129,1458,2576,21056,1671.9645
9282,14878,1339,11312,22715,1671.969
9283,14878,1339,11106,22736,1671.9735
9284,14878,1339,10920,22752,1671.978
9285,14878,1339,10712,22767,1671.9825
9286,14878,1339,10546,22776,1671.987
9287,14878,1339,10352,22768,1671.9915
9288,14878,1339,10160,22773,1671.996
9289,14878,1339,9954,22779,1672.0005
9290,14878,1339,9778,22792,1672.005
9291,14627,1220,10434,22381,1672.0095
9292,14627,1220,10242,22363,1672.014
9293,14627,1220,10082,22364,1672.0185
9294,14627,1220,9954,22360,1672.023
9295,14627,1220,9784,22333,1672.0275
9296,14627,1220,9592,22320,1672.032
9297,14627,1220,9426,22326,1672.0365
9298,14627,1220,9250,22319,1672.041
9299,14627,1220,9072,22319,1672.0455
9300,14627,1220,8898,22316,1672.05
9301,14627,1220,8722,22299,1672.0545
9302,14376,1101,9330,21852,1672.059
9303,14376,1101,9186,21847,1672.0635
9304,14376,1101,9010,21871,1672.068
9305,14376,1101,8898,21878,1672.0725
9306,14376,1101,8722,21886,1672.077
9307,14376,1101,8568,21903,1672.0815
9308,14376,1101,8408,21915,1672.086
9309,14376,1101,8242,21935,1672.0905
9310,14376,1101,8080,21952,1672.095
9311,14376,1101,7920,22004,1672.0995
9312,14125,982,8480,21624,1672.104
9313,14125,982,8336,21658,1672.1085
9314,14125,982,8192,21663,1672.113
9315,14125,982,8064,21707,1672.1175
9316,14125,982,7920,21744,1672.122
9317,14125,982,7762,21807,1672.1265
9318,14125,982,7608,21852,1672.131
9319,14125,982,7464,21902,1672.1355
9320,14125,982,7314,21951,1672.14
9321,14125,982,7154,21984,1672.1445
9322,12646,38310,4056,28071,1672.149
9323,12646,38310,3986,28102,1672.1535
9324,12646,38310,3922,28129,1672.158
9325,12646,38310,3842,28172,1672.1625
9326,12646,38310,3776,28205,1672.167
9327,12646,38310,3728,28230,1672.1715
9328,12646,38310,3664,28253,1672.176
9329,12646,38310,3602,28258,1672.1805
9330,12646,38310,3538,28264,1672.185
9331,12646,38310,3480,28266,1672.1895
9332,12646,38310,3416,28269,1672.194
9333,12646,38310,3368,28271,1672.1985
9334,12646,38310,3298,28271,1672.203
9335,12646,38310,3250,28267,1672.2075
9336,12646,38310,3186,28261,1672.212
9337,12646,38310,3120,28255,1672.2165
9338,12646,38310,3056,28254,1672.221
9339,12646,38310,3010,28266,1672.2255
9340,12646,38310,2946,28283,1672.23
9341,12646,38310,2888,28304,1672.2345
9342,12646,38310,2824,28324,1672.239
9343,12646,38310,2760,28342,1672.2435
9344,12646,38310,2690,28357,1672.248
9345,12646,38310,2642,28367,1672.2525
9346,12646,38310,2576,28385,1672.257
9347,12646,38310,2512,28412,1672.2615
9348,12375,37618,2706,27615,1672.266
9349,12375,37618,2642,27645,1672.2705
9350,12375,37618,2592,27638,1672.275
9351,12375,37618,2528,27679,1672.2795
9352,12104,36926,2690,26887,1672.284
9353,12104,36926,2624,26919,1672.2885
9354,11833,36234,10370,30672,1672.293
9355,11833,36234,10240,30655,1672.2975
9356,11833,36234,10128,30635,1672.302
9357,11833,36234,10002,30606,1672.3065
9358,11833,36234,9874,30582,1672.311
9359,11833,36234,9752,30562,1672.3155
9360,11833,36234,9640,30550,1672.32
9361,11833,36234,9506,30524,1672.3245
9362,11833,36234,9394,30489,1672.329
9363,11833,36234,9248,30444,1672.3335
9364,11833,36234,9136,30407,1672.338
9365,11833,36234,8978,30340,1672.3425
9366,11833,36234,8898,30354,1672.347
9367,11833,36234,8770,30338,1672.3515
9368,11833,36234,8648,30321,1672.356
9369,11833,36234,8536,30298,1672.3605
9370,11833,36234,8402,30267,1672.365
9371,11833,36234,8290,30245,1672.3695
9372,11833,36234,8160,30239,1672.374
9373,11833,36234,8048,30258,1672.3785
9374,11833,36234,7922,30286,1672.383
9375,11833,36234,7826,30309,1672.3875
9376,11833,36234,7688,30293,1672.392
9377,11833,36234,7576,30347,1672.3965
9378,11833,36234,7442,30369,1672.401
9379,11833,36234,7346,30428,1672.4055
9380,11833,36234,7218,30491,1672.41
9381,11833,36234,7120,30533,1672.4145
9382,11833,36234,7008,30590,1672.419
9383,11833,36234,6898,30648,1672.4235
9384,11833,36234,6786,30695,1672.428
9385,11833,36234,6680,30743,1672.4325
9386,11833,36234,6568,30807,1672.437
9387,11833,36234,6466,30870,1672.4415
9388,11833,36234,6370,30927,1672.446
9389,11833,36234,6258,30996,1672.4505
9390,11833,36234,6128,31054,1672.455
9391,11833,36234,6064,31070,1672.4595
9392,11560,35542,6482,29936,1672.464
9393,11560,35542,6386,29944,1672.4685
9394,11560,35542,6274,29967,1672.473
9395,11560,35542,6176,29998,1672.4775
9396,11560,35542,6080,30024,1672.482
9397,11560,35542,5986,30044,1672.4865
