IDX,FM DAC,BM DAC,PH DAC,SOA DAC,WL Target
0,7486,8192,11168,19710,1650.823500000
1,7486,8192,11165,19710,1650.823553105
2,7486,8192,11162,19709,1650.823606211
3,7486,8192,11159,19709,1650.823659316
4,7486,8192,11156,19709,1650.823712421
5,7486,8192,11153,19709,1650.823765527
6,7486,8192,11150,19708,1650.823818632
7,7486,8192,11147,19708,1650.823871737
8,7486,8192,11144,19708,1650.823924842
9,7486,8192,11141,19708,1650.823977948
10,7486,8192,11138,19708,1650.824031053
11,7486,8192,11135,19707,1650.824084158
12,7486,8192,11132,19707,1650.824137264
13,7486,8192,11129,19707,1650.824190369
14,7486,8192,11126,19707,1650.824243474
15,7486,8192,11124,19706,1650.824296580
16,7486,8192,11121,19706,1650.824349685
17,7486,8192,11118,19706,1650.824402790
18,7486,8192,11116,19706,1650.824455896
19,7486,8192,11113,19706,1650.824509001
20,7486,8192,11110,19706,1650.824562106
21,7486,8192,11108,19705,1650.824615212
22,7486,8192,11105,19705,1650.824668317
23,7486,8192,11102,19705,1650.824721422
24,7486,8192,11100,19705,1650.824774527
25,7486,8192,11097,19705,1650.824827633
26,7486,8192,11095,19705,1650.824880738
27,7486,8192,11092,19705,1650.824933843
28,7486,8193,11090,19704,1650.824986949
29,7486,8193,11088,19704,1650.825040054
30,7486,8193,11085,19704,1650.825093159
31,7486,8193,11083,19704,1650.825146265
32,7486,8193,11080,19704,1650.825199370
33,7486,8193,11078,19704,1650.825252475
34,7486,8193,11076,19704,1650.825305581
35,7486,8193,11073,19704,1650.825358686
36,7486,8193,11071,19704,1650.825411791
37,7486,8193,11069,19703,1650.825464896
38,7486,8193,11067,19703,1650.825518002
39,7486,8193,11064,19703,1650.825571107
40,7486,8193,11062,19703,1650.825624212
41,7486,8193,11060,19703,1650.825677318
42,7486,8193,11058,19703,1650.825730423
43,7486,8193,11056,19703,1650.825783528
44,7486,8193,11053,19703,1650.825836634
45,7486,8192,11051,19703,1650.825889739
46,7486,8192,11049,19703,1650.825942844
47,7486,8192,11047,19703,1650.825995950
48,7486,8192,11045,19703,1650.826049055
49,7486,8192,11043,19703,1650.826102160
50,7486,8192,11041,19703,1650.826155266
51,7486,8192,11039,19703,1650.826208371
52,7486,8192,11037,19703,1650.826261476
53,7486,8192,11035,19702,1650.826314581
54,7486,8192,11033,19702,1650.826367687
55,7486,8192,11031,19702,1650.826420792
56,7486,8192,11029,19702,1650.826473897
57,7486,8192,11027,19702,1650.826527003
58,7486,8192,11025,19702,1650.826580108
59,7486,8192,11023,19702,1650.826633213
60,7486,8192,11021,19702,1650.826686319
61,7486,8192,11019,19702,1650.826739424
62,7486,8192,11018,19702,1650.826792529
63,7486,8192,11016,19702,1650.826845635
64,7486,8192,11014,19702,1650.826898740
65,7486,8192,11012,19702,1650.826951845
66,7486,8192,11010,19702,1650.827004950
67,7486,8192,11008,19702,1650.827058056
68,7486,8192,11007,19702,1650.827111161
69,7486,8192,11005,19702,1650.827164266
70,7486,8192,11003,19702,1650.827217372
71,7486,8192,11001,19702,1650.827270477
72,7486,8192,11000,19702,1650.827323582
73,7486,8192,10998,19702,1650.827376688
74,7486,8192,10996,19702,1650.827429793
75,7486,8192,10994,19702,1650.827482898
76,7486,8192,10993,19702,1650.827536004
77,7486,8192,10991,19702,1650.827589109
78,7486,8192,10989,19702,1650.827642214
79,7486,8192,10988,19702,1650.827695320
80,7486,8192,10986,19702,1650.827748425
81,7486,8192,10984,19702,1650.827801530
82,7486,8192,10983,19702,1650.827854635
83,7486,8192,10981,19702,1650.827907741
84,7486,8192,10979,19702,1650.827960846
85,7486,8192,10978,19702,1650.828013951
86,7486,8192,10976,19702,1650.828067057
87,7486,8192,10974,19702,1650.828120162
88,7486,8192,10973,19702,1650.828173267
89,7486,8192,10971,19702,1650.828226373
90,7486,8192,10969,19702,1650.828279478
91,7486,8192,10968,19702,1650.828332583
92,7486,8192,10966,19702,1650.828385689
93,7486,8192,10965,19702,1650.828438794
94,7486,8192,10963,19702,1650.828491899
95,7486,8192,10961,19702,1650.828545005
96,7486,8192,10960,19702,1650.828598110
97,7486,8192,10958,19702,1650.828651215
98,7486,8192,10957,19702,1650.828704320
99,7486,8192,10955,19702,1650.828757426
100,7486,8192,10953,19702,1650.828810531
101,7486,8192,10952,19702,1650.828863636
102,7486,8192,10950,19702,1650.828916742
103,7486,8192,10949,19702,1650.828969847
104,7486,8192,10947,19702,1650.829022952
105,7486,8192,10946,19702,1650.829076058
106,7486,8192,10944,19702,1650.829129163
107,7486,8192,10942,19702,1650.829182268
108,7486,8192,10941,19702,1650.829235374
109,7486,8192,10939,19702,1650.829288479
110,7486,8192,10938,19702,1650.829341584
111,7486,8192,10936,19702,1650.829394689
112,7486,8192,10935,19702,1650.829447795
113,7486,8192,10933,19702,1650.829500900
114,7486,8192,10931,19701,1650.829554005
115,7486,8192,10930,19701,1650.829607111
116,7486,8192,10928,19701,1650.829660216
117,7486,8192,10927,19701,1650.829713321
118,7486,8192,10925,19701,1650.829766427
119,7486,8192,10924,19701,1650.829819532
120,7486,8192,10922,19701,1650.829872637
121,7486,8192,10920,19701,1650.829925743
122,7486,8192,10919,19701,1650.829978848
123,7486,8192,10917,19701,1650.830031953
124,7486,8192,10916,19701,1650.830085059
125,7486,8191,10914,19701,1650.830138164
126,7486,8191,10912,19701,1650.830191269
127,7486,8191,10911,19701,1650.830244374
128,7486,8191,10909,19701,1650.830297480
129,7486,8191,10908,19701,1650.830350585
130,7486,8191,10906,19700,1650.830403690
131,7486,8191,10904,19700,1650.830456796
132,7486,8191,10903,19700,1650.830509901
133,7486,8191,10901,19700,1650.830563006
134,7486,8191,10899,19700,1650.830616112
135,7486,8191,10898,19700,1650.830669217
136,7486,8191,10896,19700,1650.830722322
137,7486,8191,10894,19700,1650.830775428
138,7486,8191,10893,19700,1650.830828533
139,7486,8191,10891,19699,1650.830881638
140,7486,8191,10889,19699,1650.830934743
141,7486,8191,10887,19699,1650.830987849
142,7486,8192,10886,19699,1650.831040954
143,7486,8192,10884,19699,1650.831094059
144,7486,8192,10882,19699,1650.831147165
145,7486,8192,10881,19699,1650.831200270
146,7486,8192,10879,19698,1650.831253375
147,7486,8192,10877,19698,1650.831306481
148,7486,8192,10875,19698,1650.831359586
149,7486,8192,10873,19698,1650.831412691
150,7486,8192,10872,19698,1650.831465797
151,7486,8192,10870,19698,1650.831518902
152,7486,8192,10868,19697,1650.831572007
153,7486,8192,10866,19697,1650.831625113
154,7486,8192,10864,19697,1650.831678218
155,7486,8192,10862,19697,1650.831731323
156,7486,8192,10861,19697,1650.831784428
157,7486,8192,10859,19696,1650.831837534
158,7486,8192,10857,19696,1650.831890639
159,7486,8192,10855,19696,1650.831943744
160,7486,8192,10853,19696,1650.831996850
161,7486,8192,10851,19695,1650.832049955
162,7486,8192,10849,19695,1650.832103060
163,7486,8192,10847,19695,1650.832156166
164,7486,8192,10845,19695,1650.832209271
165,7486,8192,10843,19694,1650.832262376
166,7486,8192,10841,19694,1650.832315482
167,7486,8192,10839,19694,1650.832368587
168,7486,8192,10837,19693,1650.832421692
169,7486,8192,10835,19693,1650.832474797
170,7486,8192,10833,19693,1650.832527903
171,7486,8192,10831,19693,1650.832581008
172,7486,8192,10829,19692,1650.832634113
173,7486,8192,10827,19692,1650.832687219
174,7486,8192,10824,19692,1650.832740324
175,7486,8192,10822,19691,1650.832793429
176,7486,8192,10820,19691,1650.832846535
177,7486,8192,10818,19691,1650.832899640
178,7486,8192,10816,19690,1650.832952745
179,7486,8192,10814,19690,1650.833005851
180,7486,8192,10811,19689,1650.833058956
181,7486,8192,10809,19689,1650.833112061
182,7486,8192,10807,19689,1650.833165167
183,7486,8193,10805,19688,1650.833218272
184,7486,8193,10802,19688,1650.833271377
185,7486,8193,10800,19688,1650.833324482
186,7487,8193,10798,19687,1650.833377588
187,7487,8193,10795,19687,1650.833430693
188,7487,8193,10793,19686,1650.833483798
189,7487,8193,10791,19686,1650.833536904
190,7487,8193,10789,19686,1650.833590009
191,7487,8193,10786,19685,1650.833643114
192,7487,8193,10784,19685,1650.833696220
193,7487,8193,10782,19684,1650.833749325
194,7487,8193,10779,19684,1650.833802430
195,7487,8193,10777,19684,1650.833855536
196,7487,8193,10775,19683,1650.833908641
197,7487,8193,10772,19683,1650.833961746
198,7487,8193,10770,19682,1650.834014851
199,7487,8193,10768,19682,1650.834067957
200,7487,8193,10765,19681,1650.834121062
201,7487,8193,10763,19681,1650.834174167
202,7487,8193,10760,19681,1650.834227273
203,7487,8193,10758,19680,1650.834280378
204,7487,8193,10756,19680,1650.834333483
205,7487,8193,10753,19679,1650.834386589
206,7487,8193,10751,19679,1650.834439694
207,7487,8193,10749,19678,1650.834492799
208,7487,8193,10746,19678,1650.834545905
209,7487,8193,10744,19678,1650.834599010
210,7487,8193,10742,19677,1650.834652115
211,7487,8194,10739,19677,1650.834705221
212,7487,8194,10737,19676,1650.834758326
213,7487,8194,10735,19676,1650.834811431
214,7487,8194,10732,19675,1650.834864536
215,7487,8194,10730,19675,1650.834917642
216,7487,8194,10728,19675,1650.834970747
217,7487,8194,10725,19674,1650.835023852
218,7487,8194,10723,19674,1650.835076958
219,7487,8194,10721,19673,1650.835130063
220,7487,8194,10718,19673,1650.835183168
221,7487,8194,10716,19673,1650.835236274
222,7487,8194,10714,19672,1650.835289379
223,7487,8194,10711,19672,1650.835342484
224,7487,8194,10709,19671,1650.835395590
225,7487,8194,10707,19671,1650.835448695
226,7487,8194,10705,19671,1650.835501800
227,7487,8194,10703,19670,1650.835554905
228,7487,8194,10700,19670,1650.835608011
229,7487,8194,10698,19669,1650.835661116
230,7487,8194,10696,19669,1650.835714221
231,7487,8194,10694,19669,1650.835767327
232,7487,8193,10692,19668,1650.835820432
233,7487,8193,10689,19668,1650.835873537
234,7487,8193,10687,19668,1650.835926643
235,7487,8193,10685,19667,1650.835979748
236,7487,8193,10683,19667,1650.836032853
237,7487,8193,10681,19667,1650.836085959
238,7487,8193,10679,19666,1650.836139064
239,7487,8193,10677,19666,1650.836192169
240,7487,8193,10675,19666,1650.836245275
241,7487,8193,10673,19665,1650.836298380
242,7487,8193,10671,19665,1650.836351485
243,7487,8193,10669,19665,1650.836404590
244,7487,8193,10667,19664,1650.836457696
245,7487,8193,10665,19664,1650.836510801
246,7487,8193,10663,19664,1650.836563906
247,7487,8193,10661,19664,1650.836617012
248,7487,8193,10659,19663,1650.836670117
249,7486,8193,10657,19663,1650.836723222
250,7486,8192,10655,19663,1650.836776328
251,7486,8192,10654,19663,1650.836829433
252,7486,8192,10652,19662,1650.836882538
253,7486,8192,10650,19662,1650.836935644
254,7486,8192,10648,19662,1650.836988749
255,7486,8192,10647,19662,1650.837041854
256,7486,8192,10645,19662,1650.837094959
257,7486,8192,10643,19661,1650.837148065
258,7486,8192,10642,19661,1650.837201170
259,7486,8191,10640,19661,1650.837254275
260,7485,8191,10638,19661,1650.837307381
261,7485,8191,10637,19661,1650.837360486
262,7485,8191,10635,19661,1650.837413591
263,7485,8191,10634,19661,1650.837466697
264,7485,8191,10632,19661,1650.837519802
265,7485,8191,10631,19660,1650.837572907
266,7485,8190,10629,19660,1650.837626013
267,7485,8190,10628,19660,1650.837679118
268,7484,8190,10626,19660,1650.837732223
269,7484,8190,10625,19660,1650.837785329
270,7484,8190,10623,19660,1650.837838434
271,7484,8190,10622,19660,1650.837891539
272,7484,8190,10620,19660,1650.837944644
273,7484,8189,10619,19660,1650.837997750
274,7484,8189,10617,19660,1650.838050855
275,7484,8189,10616,19659,1650.838103960
276,7483,8189,10614,19659,1650.838157066
277,7483,8189,10613,19659,1650.838210171
278,7483,8189,10612,19659,1650.838263276
279,7483,8188,10610,19659,1650.838316382
280,7483,8188,10609,19659,1650.838369487
281,7483,8188,10607,19659,1650.838422592
282,7483,8188,10606,19659,1650.838475698
283,7483,8188,10604,19659,1650.838528803
284,7482,8188,10603,19659,1650.838581908
285,7482,8188,10601,19659,1650.838635014
286,7482,8187,10600,19659,1650.838688119
287,7482,8187,10599,19659,1650.838741224
288,7482,8187,10597,19658,1650.838794329
289,7482,8187,10596,19658,1650.838847435
290,7482,8187,10594,19658,1650.838900540
291,7482,8187,10592,19658,1650.838953645
292,7482,8187,10591,19658,1650.839006751
293,7482,8187,10589,19658,1650.839059856
294,7481,8187,10588,19658,1650.839112961
295,7481,8187,10586,19658,1650.839166067
296,7481,8186,10585,19658,1650.839219172
297,7481,8186,10583,19658,1650.839272277
298,7481,8186,10581,19657,1650.839325383
299,7481,8186,10580,19657,1650.839378488
300,7481,8186,10578,19657,1650.839431593
301,7481,8186,10576,19657,1650.839484698
302,7481,8186,10574,19657,1650.839537804
303,7481,8186,10573,19657,1650.839590909
304,7481,8186,10571,19657,1650.839644014
305,7481,8186,10569,19656,1650.839697120
306,7481,8186,10567,19656,1650.839750225
307,7481,8186,10565,19656,1650.839803330
308,7481,8186,10563,19656,1650.839856436
309,7481,8186,10561,19655,1650.839909541
310,7481,8186,10559,19655,1650.839962646
311,7481,8186,10557,19655,1650.840015752
312,7481,8186,10555,19655,1650.840068857
313,7481,8186,10553,19654,1650.840121962
314,7481,8186,10551,19654,1650.840175068
315,7481,8186,10549,19654,1650.840228173
316,7481,8186,10547,19654,1650.840281278
317,7481,8187,10544,19653,1650.840334383
318,7481,8187,10542,19653,1650.840387489
319,7482,8187,10540,19653,1650.840440594
320,7482,8187,10537,19652,1650.840493699
321,7482,8187,10535,19652,1650.840546805
322,7482,8187,10532,19651,1650.840599910
323,7482,8187,10530,19651,1650.840653015
324,7482,8188,10527,19651,1650.840706121
325,7482,8188,10525,19650,1650.840759226
326,7483,8188,10522,19650,1650.840812331
327,7483,8188,10519,19649,1650.840865437
328,7483,8188,10516,19649,1650.840918542
329,7483,8189,10514,19648,1650.840971647
330,7483,8189,10511,19648,1650.841024752
331,7484,8189,10508,19647,1650.841077858
332,7484,8189,10505,19647,1650.841130963
333,7484,8190,10502,19646,1650.841184068
334,7484,8190,10498,19645,1650.841237174
335,7485,8190,10495,19645,1650.841290279
336,7485,8191,10492,19644,1650.841343384
337,7485,8191,10489,19643,1650.841396490
338,7486,8192,10485,19643,1650.841449595
339,7486,8192,10482,19642,1650.841502700
340,7486,8192,10478,19641,1650.841555806
341,7487,8193,10475,19640,1650.841608911
342,7487,8193,10471,19640,1650.841662016
343,7488,8194,10467,19639,1650.841715122
344,7488,8194,10464,19638,1650.841768227
345,7488,8195,10460,19637,1650.841821332
346,7489,8195,10456,19636,1650.841874437
347,7489,8196,10452,19636,1650.841927543
348,7490,8196,10448,19635,1650.841980648
349,7490,8197,10444,19634,1650.842033753
350,7491,8197,10440,19633,1650.842086859
351,7491,8198,10436,19632,1650.842139964
352,7491,8199,10432,19631,1650.842193069
353,7492,8199,10428,19630,1650.842246175
354,7492,8200,10424,19629,1650.842299280
355,7493,8200,10420,19628,1650.842352385
356,7493,8201,10416,19627,1650.842405491
357,7494,8201,10412,19626,1650.842458596
358,7494,8202,10408,19625,1650.842511701
359,7495,8203,10403,19625,1650.842564806
360,7495,8203,10399,19624,1650.842617912
361,7496,8204,10395,19623,1650.842671017
362,7496,8204,10391,19622,1650.842724122
363,7497,8205,10387,19621,1650.842777228
364,7497,8205,10383,19620,1650.842830333
365,7498,8206,10379,19619,1650.842883438
366,7498,8206,10375,19618,1650.842936544
367,7498,8207,10371,19617,1650.842989649
368,7499,8207,10367,19616,1650.843042754
369,7499,8208,10363,19615,1650.843095860
370,7500,8208,10359,19614,1650.843148965
371,7500,8209,10355,19614,1650.843202070
372,7501,8209,10352,19613,1650.843255176
373,7501,8210,10348,19612,1650.843308281
374,7501,8210,10344,19611,1650.843361386
375,7502,8211,10341,19610,1650.843414491
376,7502,8211,10337,19609,1650.843467597
377,7502,8211,10334,19609,1650.843520702
378,7503,8212,10330,19608,1650.843573807
379,7503,8212,10327,19607,1650.843626913
380,7503,8213,10324,19606,1650.843680018
381,7503,8213,10320,19606,1650.843733123
382,7504,8213,10317,19605,1650.843786229
383,7504,8213,10314,19604,1650.843839334
384,7504,8214,10311,19604,1650.843892439
385,7504,8214,10308,19603,1650.843945545
386,7504,8214,10306,19603,1650.843998650
387,7505,8214,10303,19602,1650.844051755
388,7505,8214,10300,19602,1650.844104860
389,7505,8214,10298,19601,1650.844157966
390,7505,8214,10296,19601,1650.844211071
391,7505,8214,10293,19600,1650.844264176
392,7505,8214,10291,19600,1650.844317282
393,7505,8214,10289,19600,1650.844370387
394,7505,8214,10288,19600,1650.844423492
395,7505,8214,10286,19599,1650.844476598
396,7504,8214,10284,19599,1650.844529703
397,7504,8214,10283,19599,1650.844582808
398,7504,8214,10281,19599,1650.844635914
399,7504,8213,10280,19599,1650.844689019
400,7504,8213,10279,19599,1650.844742124
401,7503,8213,10278,19599,1650.844795230
402,7503,8212,10278,19599,1650.844848335
403,7503,8212,10277,19599,1650.844901440
404,7502,8212,10277,19599,1650.844954545
405,7502,8211,10276,19599,1650.845007651
406,7501,8210,10276,19600,1650.845060756
407,7501,8210,10276,19600,1650.845113861
408,7500,8209,10277,19600,1650.845166967
409,7500,8208,10277,19601,1650.845220072
410,7499,8208,10278,19601,1650.845273177
411,7499,8207,10278,19602,1650.845326283
412,7498,8206,10279,19602,1650.845379388
413,7497,8205,10281,19603,1650.845432493
414,7496,8204,10282,19604,1650.845485599
415,7495,8203,10283,19604,1650.845538704
416,7494,8202,10285,19605,1650.845591809
417,7494,8201,10287,19606,1650.845644914
418,7493,8200,10289,19607,1650.845698020
419,7492,8199,10292,19608,1650.845751125
420,7490,8197,10294,19609,1650.845804230
421,7489,8196,10297,19611,1650.845857336
422,7488,8195,10300,19612,1650.845910441
423,7487,8193,10304,19613,1650.845963546
424,7486,8192,10307,19614,1650.846016652
425,7484,8190,10311,19616,1650.846069757
426,7483,8188,10315,19617,1650.846122862
427,7481,8187,10319,19619,1650.846175968
428,7480,8185,10323,19621,1650.846229073
429,7478,8183,10328,19622,1650.846282178
430,7477,8181,10333,19624,1650.846335284
431,7475,8179,10338,19626,1650.846388389
432,7473,8177,10343,19628,1650.846441494
433,7472,8175,10349,19630,1650.846494599
434,7470,8173,10354,19632,1650.846547705
435,7468,8171,10360,19634,1650.846600810
436,7466,8168,10366,19636,1650.846653915
437,7464,8166,10372,19638,1650.846707021
438,7463,8164,10378,19641,1650.846760126
439,7461,8162,10385,19643,1650.846813231
440,7459,8159,10391,19645,1650.846866337
441,7457,8157,10398,19647,1650.846919442
442,7455,8154,10405,19650,1650.846972547
443,7452,8152,10412,19652,1650.847025653
444,7450,8149,10419,19655,1650.847078758
445,7448,8147,10426,19657,1650.847131863
446,7446,8144,10433,19660,1650.847184968
447,7444,8142,10441,19663,1650.847238074
448,7442,8139,10448,19665,1650.847291179
449,7439,8136,10456,19668,1650.847344284
450,7437,8134,10463,19671,1650.847397390
451,7435,8131,10471,19673,1650.847450495
452,7433,8128,10479,19676,1650.847503600
453,7430,8125,10487,19679,1650.847556706
454,7428,8123,10495,19682,1650.847609811
455,7426,8120,10503,19684,1650.847662916
456,7423,8117,10511,19687,1650.847716022
457,7421,8114,10520,19690,1650.847769127
458,7418,8111,10528,19693,1650.847822232
459,7416,8108,10536,19696,1650.847875338
460,7414,8106,10545,19699,1650.847928443
461,7411,8103,10553,19702,1650.847981548
462,7409,8100,10561,19705,1650.848034653
463,7406,8097,10570,19708,1650.848087759
464,7404,8094,10578,19710,1650.848140864
465,7402,8091,10587,19713,1650.848193969
466,7399,8088,10595,19716,1650.848247075
467,7397,8085,10604,19719,1650.848300180
468,7394,8082,10612,19722,1650.848353285
469,7392,8079,10621,19725,1650.848406391
470,7389,8077,10629,19728,1650.848459496
471,7387,8074,10637,19731,1650.848512601
472,7385,8071,10646,19734,1650.848565707
473,7382,8068,10654,19737,1650.848618812
474,7380,8065,10662,19740,1650.848671917
475,7377,8062,10671,19743,1650.848725023
476,7375,8059,10679,19746,1650.848778128
477,7373,8057,10687,19748,1650.848831233
478,7370,8054,10695,19751,1650.848884338
479,7368,8051,10703,19754,1650.848937444
480,7366,8048,10711,19757,1650.848990549
481,7363,8045,10719,19760,1650.849043654
482,7361,8043,10726,19762,1650.849096760
483,7359,8040,10734,19765,1650.849149865
484,7357,8037,10742,19768,1650.849202970
485,7354,8035,10749,19771,1650.849256076
486,7352,8032,10757,19773,1650.849309181
487,7350,8029,10764,19776,1650.849362286
488,7348,8027,10771,19778,1650.849415392
489,7346,8024,10778,19781,1650.849468497
490,7344,8022,10785,19784,1650.849521602
491,7342,8019,10792,19786,1650.849574707
492,7340,8017,10798,19788,1650.849627813
493,7338,8015,10805,19791,1650.849680918
494,7336,8012,10811,19793,1650.849734023
495,7334,8010,10817,19795,1650.849787129
496,7332,8008,10823,19798,1650.849840234
497,7330,8006,10829,19800,1650.849893339
498,7328,8003,10835,19802,1650.849946445
499,7326,8001,10840,19804,1650.849999550
500,7325,7999,10845,19806,1650.850052655
501,7323,7997,10851,19808,1650.850105761
502,7321,7995,10855,19810,1650.850158866
503,7320,7993,10860,19812,1650.850211971
504,7318,7991,10865,19814,1650.850265077
505,7317,7990,10869,19816,1650.850318182
506,7315,7988,10873,19817,1650.850371287
507,7314,7986,10877,19819,1650.850424392
508,7313,7985,10881,19820,1650.850477498
509,7311,7983,10884,19822,1650.850530603
510,7310,7982,10887,19823,1650.850583708
511,7309,7980,10890,19825,1650.850636814
512,7308,7979,10893,19826,1650.850689919
513,7307,7978,10895,19827,1650.850743024
514,7306,7976,10897,19828,1650.850796130
515,7305,7975,10899,19829,1650.850849235
516,7304,7974,10901,19830,1650.850902340
517,7303,7973,10903,19831,1650.850955446
518,7302,7972,10904,19832,1650.851008551
519,7301,7971,10906,19833,1650.851061656
520,7300,7970,10907,19834,1650.851114761
521,7300,7969,10907,19834,1650.851167867
522,7299,7968,10908,19835,1650.851220972
523,7298,7968,10908,19836,1650.851274077
524,7298,7967,10909,19836,1650.851327183
525,7297,7966,10909,19837,1650.851380288
526,7297,7966,10909,19837,1650.851433393
527,7296,7965,10908,19838,1650.851486499
528,7296,7965,10908,19838,1650.851539604
529,7295,7964,10907,19838,1650.851592709
530,7295,7964,10907,19839,1650.851645815
531,7295,7963,10906,19839,1650.851698920
532,7294,7963,10905,19839,1650.851752025
533,7294,7963,10904,19839,1650.851805131
534,7294,7962,10902,19839,1650.851858236
535,7294,7962,10901,19839,1650.851911341
536,7294,7962,10899,19839,1650.851964446
537,7293,7962,10897,19839,1650.852017552
538,7293,7962,10896,19839,1650.852070657
539,7293,7962,10894,19839,1650.852123762
540,7293,7962,10891,19839,1650.852176868
541,7293,7962,10889,19838,1650.852229973
542,7293,7962,10887,19838,1650.852283078
543,7293,7962,10884,19838,1650.852336184
544,7293,7962,10882,19838,1650.852389289
545,7293,7962,10879,19837,1650.852442394
546,7294,7962,10876,19837,1650.852495500
547,7294,7962,10874,19836,1650.852548605
548,7294,7962,10871,19836,1650.852601710
549,7294,7963,10868,19835,1650.852654815
550,7294,7963,10865,19835,1650.852707921
551,7295,7963,10861,19834,1650.852761026
552,7295,7963,10858,19834,1650.852814131
553,7295,7964,10855,19833,1650.852867237
554,7295,7964,10851,19833,1650.852920342
555,7296,7964,10848,19832,1650.852973447
556,7296,7965,10844,19831,1650.853026553
557,7296,7965,10841,19831,1650.853079658
558,7297,7966,10837,19830,1650.853132763
559,7297,7966,10833,19829,1650.853185869
560,7297,7967,10830,19829,1650.853238974
561,7298,7967,10826,19828,1650.853292079
562,7298,7968,10822,19827,1650.853345185
563,7299,7968,10818,19827,1650.853398290
564,7299,7969,10814,19826,1650.853451395
565,7299,7969,10811,19825,1650.853504500
566,7300,7970,10807,19824,1650.853557606
567,7300,7970,10803,19823,1650.853610711
568,7301,7971,10799,19823,1650.853663816
569,7301,7971,10795,19822,1650.853716922
570,7302,7972,10791,19821,1650.853770027
571,7302,7972,10787,19820,1650.853823132
572,7303,7973,10783,19819,1650.853876238
573,7303,7973,10779,19819,1650.853929343
574,7304,7974,10775,19818,1650.853982448
575,7304,7975,10771,19817,1650.854035554
576,7305,7975,10767,19816,1650.854088659
577,7305,7976,10763,19815,1650.854141764
578,7306,7976,10759,19814,1650.854194869
579,7306,7977,10755,19814,1650.854247975
580,7306,7977,10752,19813,1650.854301080
581,7307,7978,10748,19812,1650.854354185
582,7307,7979,10744,19811,1650.854407291
583,7308,7979,10740,19810,1650.854460396
584,7308,7980,10737,19810,1650.854513501
585,7309,7980,10733,19809,1650.854566607
586,7309,7981,10730,19808,1650.854619712
587,7310,7981,10726,19807,1650.854672817
588,7310,7982,10723,19807,1650.854725923
589,7310,7982,10719,19806,1650.854779028
590,7311,7983,10716,19805,1650.854832133
591,7311,7983,10713,19804,1650.854885239
592,7312,7984,10710,19804,1650.854938344
593,7312,7984,10706,19803,1650.854991449
594,7312,7984,10703,19802,1650.855044554
595,7313,7985,10701,19802,1650.855097660
596,7313,7985,10698,19801,1650.855150765
597,7313,7985,10695,19801,1650.855203870
598,7314,7986,10692,19800,1650.855256976
599,7314,7986,10690,19800,1650.855310081
600,7314,7986,10687,19799,1650.855363186
601,7314,7987,10685,19799,1650.855416292
602,7315,7987,10682,19798,1650.855469397
603,7315,7987,10680,19798,1650.855522502
604,7315,7988,10678,19797,1650.855575608
605,7315,7988,10676,19797,1650.855628713
606,7315,7988,10674,19796,1650.855681818
607,7316,7988,10672,19796,1650.855734923
608,7316,7988,10670,19795,1650.855788029
609,7316,7989,10668,19795,1650.855841134
610,7316,7989,10666,19795,1650.855894239
611,7316,7989,10664,19794,1650.855947345
612,7316,7989,10663,19794,1650.856000450
613,7316,7989,10661,19794,1650.856053555
614,7316,7989,10659,19793,1650.856106661
615,7317,7989,10658,19793,1650.856159766
616,7317,7990,10656,19793,1650.856212871
617,7317,7990,10655,19793,1650.856265977
618,7317,7990,10654,19792,1650.856319082
619,7317,7990,10652,19792,1650.856372187
620,7317,7990,10651,19792,1650.856425293
621,7317,7990,10650,19792,1650.856478398
622,7317,7990,10649,19791,1650.856531503
623,7317,7990,10647,19791,1650.856584608
624,7317,7990,10646,19791,1650.856637714
625,7317,7990,10645,19791,1650.856690819
626,7317,7990,10644,19791,1650.856743924
627,7317,7990,10643,19790,1650.856797030
628,7317,7990,10642,19790,1650.856850135
629,7317,7990,10641,19790,1650.856903240
630,7317,7990,10641,19790,1650.856956346
631,7317,7990,10640,19790,1650.857009451
632,7317,7990,10639,19790,1650.857062556
633,7317,7990,10638,19790,1650.857115662
634,7317,7990,10637,19790,1650.857168767
635,7317,7990,10637,19789,1650.857221872
636,7317,7990,10636,19789,1650.857274977
637,7317,7989,10635,19789,1650.857328083
638,7317,7989,10635,19789,1650.857381188
639,7316,7989,10634,19789,1650.857434293
640,7316,7989,10633,19789,1650.857487399
641,7316,7989,10633,19789,1650.857540504
642,7316,7989,10632,19789,1650.857593609
643,7316,7989,10632,19789,1650.857646715
644,7316,7989,10631,19789,1650.857699820
645,7316,7989,10630,19789,1650.857752925
646,7316,7989,10630,19789,1650.857806031
647,7316,7988,10629,19789,1650.857859136
648,7316,7988,10629,19789,1650.857912241
649,7315,7988,10628,19789,1650.857965347
650,7315,7988,10628,19789,1650.858018452
651,7315,7988,10627,19788,1650.858071557
652,7315,7988,10627,19788,1650.858124662
653,7315,7988,10626,19788,1650.858177768
654,7315,7987,10626,19788,1650.858230873
655,7315,7987,10625,19788,1650.858283978
656,7315,7987,10625,19788,1650.858337084
657,7314,7987,10624,19788,1650.858390189
658,7314,7987,10624,19788,1650.858443294
659,7314,7987,10623,19788,1650.858496400
660,7314,7986,10623,19788,1650.858549505
661,7314,7986,10622,19788,1650.858602610
662,7314,7986,10622,19788,1650.858655716
663,7314,7986,10621,19788,1650.858708821
664,7314,7986,10620,19788,1650.858761926
665,7313,7986,10620,19788,1650.858815032
666,7313,7986,10619,19788,1650.858868137
667,7313,7985,10619,19788,1650.858921242
668,7313,7985,10618,19788,1650.858974347
669,7313,7985,10617,19788,1650.859027453
670,7313,7985,10617,19788,1650.859080558
671,7313,7985,10616,19788,1650.859133663
672,7313,7985,10615,19788,1650.859186769
673,7312,7985,10614,19787,1650.859239874
674,7312,7984,10613,19787,1650.859292979
675,7312,7984,10613,19787,1650.859346085
676,7312,7984,10612,19787,1650.859399190
677,7312,7984,10611,19787,1650.859452295
678,7312,7984,10610,19787,1650.859505401
679,7312,7984,10609,19787,1650.859558506
680,7312,7984,10608,19787,1650.859611611
681,7312,7984,10607,19787,1650.859664716
682,7312,7984,10606,19786,1650.859717822
683,7312,7983,10605,19786,1650.859770927
684,7311,7983,10603,19786,1650.859824032
685,7311,7983,10602,19786,1650.859877138
686,7311,7983,10601,19786,1650.859930243
687,7311,7983,10600,19786,1650.859983348
688,7311,7983,10599,19786,1650.860036454
689,7311,7983,10597,19785,1650.860089559
690,7311,7983,10596,19785,1650.860142664
691,7311,7983,10594,19785,1650.860195770
692,7311,7983,10593,19785,1650.860248875
693,7311,7983,10592,19785,1650.860301980
694,7311,7983,10590,19784,1650.860355086
695,7311,7983,10589,19784,1650.860408191
696,7311,7983,10587,19784,1650.860461296
697,7311,7983,10586,19784,1650.860514401
698,7311,7983,10584,19783,1650.860567507
699,7311,7983,10582,19783,1650.860620612
700,7311,7983,10581,19783,1650.860673717
701,7311,7982,10579,19783,1650.860726823
702,7311,7982,10578,19782,1650.860779928
703,7311,7982,10576,19782,1650.860833033
704,7311,7982,10574,19782,1650.860886139
705,7311,7982,10572,19781,1650.860939244
706,7311,7982,10571,19781,1650.860992349
707,7311,7982,10569,19781,1650.861045455
708,7311,7982,10567,19781,1650.861098560
709,7311,7982,10565,19780,1650.861151665
710,7311,7982,10563,19780,1650.861204770
711,7311,7982,10561,19780,1650.861257876
712,7311,7982,10560,19779,1650.861310981
713,7311,7982,10558,19779,1650.861364086
714,7311,7982,10556,19779,1650.861417192
715,7311,7982,10554,19778,1650.861470297
716,7311,7982,10552,19778,1650.861523402
717,7311,7982,10550,19778,1650.861576508
718,7311,7982,10548,19777,1650.861629613
719,7311,7982,10546,19777,1650.861682718
720,7311,7982,10544,19776,1650.861735824
721,7311,7983,10542,19776,1650.861788929
722,7311,7983,10540,19776,1650.861842034
723,7311,7983,10538,19775,1650.861895140
724,7311,7983,10535,19775,1650.861948245
725,7311,7983,10533,19775,1650.862001350
726,7311,7983,10531,19774,1650.862054455
727,7311,7983,10529,19774,1650.862107561
728,7311,7983,10527,19773,1650.862160666
729,7311,7983,10525,19773,1650.862213771
730,7311,7983,10523,19772,1650.862266877
731,7311,7983,10521,19772,1650.862319982
732,7311,7983,10518,19772,1650.862373087
733,7311,7983,10516,19771,1650.862426193
734,7311,7983,10514,19771,1650.862479298
735,7311,7983,10512,19770,1650.862532403
736,7311,7983,10510,19770,1650.862585509
737,7311,7983,10507,19769,1650.862638614
738,7311,7983,10505,19769,1650.862691719
739,7311,7983,10503,19768,1650.862744824
740,7311,7983,10501,19768,1650.862797930
741,7311,7983,10498,19767,1650.862851035
742,7311,7983,10496,19767,1650.862904140
743,7311,7983,10494,19766,1650.862957246
744,7311,7983,10492,19766,1650.863010351
745,7311,7983,10490,19765,1650.863063456
746,7311,7983,10487,19765,1650.863116562
747,7312,7983,10485,19764,1650.863169667
748,7312,7983,10483,19764,1650.863222772
749,7312,7984,10480,19763,1650.863275878
750,7312,7984,10478,19763,1650.863328983
751,7312,7984,10476,19762,1650.863382088
752,7312,7984,10474,19762,1650.863435194
753,7312,7984,10471,19761,1650.863488299
754,7312,7984,10469,19761,1650.863541404
755,7312,7984,10467,19760,1650.863594509
756,7312,7984,10465,19760,1650.863647615
757,7312,7984,10463,19759,1650.863700720
758,7312,7984,10460,19759,1650.863753825
759,7312,7984,10458,19758,1650.863806931
760,7312,7984,10456,19757,1650.863860036
761,7312,7984,10454,19757,1650.863913141
762,7312,7984,10451,19756,1650.863966247
763,7312,7984,10449,19756,1650.864019352
764,7312,7984,10447,19755,1650.864072457
765,7312,7984,10445,19755,1650.864125563
766,7312,7984,10443,19754,1650.864178668
767,7312,7984,10440,19753,1650.864231773
768,7312,7984,10438,19753,1650.864284878
769,7312,7984,10436,19752,1650.864337984
770,7312,7984,10434,19752,1650.864391089
771,7312,7984,10432,19751,1650.864444194
772,7312,7984,10430,19751,1650.864497300
773,7312,7984,10427,19750,1650.864550405
774,7312,7984,10425,19749,1650.864603510
775,7312,7984,10423,19749,1650.864656616
776,7312,7984,10421,19748,1650.864709721
777,7312,7984,10419,19747,1650.864762826
778,7312,7984,10417,19747,1650.864815932
779,7312,7984,10415,19746,1650.864869037
780,7312,7984,10413,19746,1650.864922142
781,7312,7984,10411,19745,1650.864975248
782,7312,7984,10408,19744,1650.865028353
783,7312,7984,10406,19744,1650.865081458
784,7312,7984,10404,19743,1650.865134563
785,7312,7984,10402,19742,1650.865187669
786,7312,7984,10400,19742,1650.865240774
787,7312,7984,10398,19741,1650.865293879
788,7312,7984,10396,19740,1650.865346985
789,7312,7984,10394,19740,1650.865400090
790,7312,7984,10392,19739,1650.865453195
791,7312,7984,10390,19739,1650.865506301
792,7312,7984,10388,19738,1650.865559406
793,7312,7984,10386,19737,1650.865612511
794,7312,7984,10384,19737,1650.865665617
795,7312,7984,10381,19736,1650.865718722
796,7312,7984,10379,19735,1650.865771827
797,7312,7984,10377,19735,1650.865824932
798,7312,7984,10375,19734,1650.865878038
799,7312,7984,10373,19733,1650.865931143
800,7312,7984,10371,19733,1650.865984248
801,7312,7984,10369,19732,1650.866037354
802,7312,7984,10367,19731,1650.866090459
803,7312,7984,10365,19731,1650.866143564
804,7312,7984,10363,19730,1650.866196670
805,7312,7984,10361,19729,1650.866249775
806,7312,7984,10359,19729,1650.866302880
807,7312,7984,10357,19728,1650.866355986
808,7312,7984,10355,19727,1650.866409091
809,7312,7984,10353,19726,1650.866462196
810,7312,7984,10351,19726,1650.866515302
811,7312,7984,10349,19725,1650.866568407
812,7312,7984,10347,19724,1650.866621512
813,7312,7984,10345,19724,1650.866674617
814,7312,7984,10343,19723,1650.866727723
815,7312,7984,10341,19722,1650.866780828
816,7312,7984,10339,19722,1650.866833933
817,7312,7984,10337,19721,1650.866887039
818,7312,7984,10335,19720,1650.866940144
819,7312,7984,10333,19720,1650.866993249
820,7312,7984,10331,19719,1650.867046355
821,7312,7984,10329,19718,1650.867099460
822,7312,7984,10326,19718,1650.867152565
823,7312,7984,10324,19717,1650.867205671
824,7312,7984,10322,19716,1650.867258776
825,7312,7984,10320,19715,1650.867311881
826,7312,7984,10318,19715,1650.867364986
827,7312,7984,10316,19714,1650.867418092
828,7312,7984,10314,19713,1650.867471197
829,7312,7984,10312,19713,1650.867524302
830,7312,7984,10310,19712,1650.867577408
831,7312,7984,10308,19711,1650.867630513
832,7312,7984,10306,19711,1650.867683618
833,7312,7984,10304,19710,1650.867736724
834,7312,7984,10302,19709,1650.867789829
835,7312,7984,10300,19709,1650.867842934
836,7312,7984,10298,19708,1650.867896040
837,7312,7984,10296,19707,1650.867949145
838,7312,7984,10294,19706,1650.868002250
839,7312,7984,10292,19706,1650.868055356
840,7312,7984,10289,19705,1650.868108461
841,7312,7984,10287,19704,1650.868161566
842,7312,7984,10285,19704,1650.868214671
843,7312,7984,10283,19703,1650.868267777
844,7312,7984,10281,19702,1650.868320882
845,7312,7984,10279,19702,1650.868373987
846,7312,7984,10277,19701,1650.868427093
847,7312,7984,10275,19700,1650.868480198
848,7312,7984,10273,19700,1650.868533303
849,7312,7984,10271,19699,1650.868586409
850,7312,7984,10268,19698,1650.868639514
851,7312,7984,10266,19698,1650.868692619
852,7312,7984,10264,19697,1650.868745725
853,7312,7984,10262,19696,1650.868798830
854,7312,7984,10260,19695,1650.868851935
855,7312,7984,10258,19695,1650.868905041
856,7312,7984,10256,19694,1650.868958146
857,7312,7984,10253,19693,1650.869011251
858,7312,7984,10251,19693,1650.869064356
859,7312,7984,10249,19692,1650.869117462
860,7312,7984,10247,19691,1650.869170567
861,7312,7984,10245,19691,1650.869223672
862,7312,7984,10243,19690,1650.869276778
863,7312,7984,10240,19689,1650.869329883
864,7312,7984,10238,19689,1650.869382988
865,7312,7984,10236,19688,1650.869436094
866,7312,7984,10234,19687,1650.869489199
867,7312,7984,10232,19687,1650.869542304
868,7312,7984,10230,19686,1650.869595410
869,7312,7984,10227,19686,1650.869648515
870,7312,7984,10225,19685,1650.869701620
871,7312,7984,10223,19684,1650.869754725
872,7312,7984,10221,19684,1650.869807831
873,7312,7984,10219,19683,1650.869860936
874,7312,7984,10217,19682,1650.869914041
875,7312,7984,10214,19682,1650.869967147
876,7312,7984,10212,19681,1650.870020252
877,7312,7984,10210,19680,1650.870073357
878,7312,7984,10208,19680,1650.870126463
879,7312,7984,10206,19679,1650.870179568
880,7312,7984,10203,19679,1650.870232673
881,7312,7984,10201,19678,1650.870285779
882,7312,7984,10199,19677,1650.870338884
883,7312,7984,10197,19677,1650.870391989
884,7312,7984,10195,19676,1650.870445095
885,7312,7984,10193,19675,1650.870498200
886,7312,7984,10190,19675,1650.870551305
887,7312,7984,10188,19674,1650.870604410
888,7312,7984,10186,19674,1650.870657516
889,7312,7984,10184,19673,1650.870710621
890,7312,7984,10182,19673,1650.870763726
891,7312,7984,10180,19672,1650.870816832
892,7312,7984,10178,19671,1650.870869937
893,7312,7984,10175,19671,1650.870923042
894,7312,7984,10173,19670,1650.870976148
895,7312,7984,10171,19670,1650.871029253
896,7312,7984,10169,19669,1650.871082358
897,7312,7984,10167,19669,1650.871135464
898,7312,7984,10165,19668,1650.871188569
899,7312,7984,10163,19667,1650.871241674
900,7312,7984,10160,19667,1650.871294779
901,7312,7984,10158,19666,1650.871347885
902,7312,7984,10156,19666,1650.871400990
903,7312,7984,10154,19665,1650.871454095
904,7312,7984,10152,19665,1650.871507201
905,7312,7984,10150,19664,1650.871560306
906,7312,7984,10148,19664,1650.871613411
907,7312,7984,10146,19663,1650.871666517
908,7312,7984,10144,19663,1650.871719622
909,7312,7984,10142,19662,1650.871772727
910,7312,7984,10140,19662,1650.871825833
911,7312,7984,10138,19661,1650.871878938
912,7312,7984,10135,19661,1650.871932043
913,7312,7984,10133,19660,1650.871985149
914,7312,7984,10131,19660,1650.872038254
915,7312,7984,10129,19659,1650.872091359
916,7312,7984,10127,19659,1650.872144464
917,7312,7984,10125,19658,1650.872197570
918,7312,7984,10123,19658,1650.872250675
919,7312,7984,10121,19657,1650.872303780
920,7312,7984,10119,19657,1650.872356886
921,7312,7984,10117,19657,1650.872409991
922,7312,7984,10115,19656,1650.872463096
923,7312,7984,10113,19656,1650.872516202
924,7312,7984,10111,19655,1650.872569307
925,7312,7984,10110,19655,1650.872622412
926,7312,7984,10108,19654,1650.872675518
927,7312,7984,10106,19654,1650.872728623
928,7312,7984,10104,19654,1650.872781728
929,7312,7984,10102,19653,1650.872834833
930,7312,7984,10100,19653,1650.872887939
931,7312,7984,10098,19652,1650.872941044
932,7312,7984,10096,19652,1650.872994149
933,7312,7984,10094,19652,1650.873047255
934,7312,7984,10092,19651,1650.873100360
935,7312,7984,10091,19651,1650.873153465
936,7312,7984,10089,19651,1650.873206571
937,7312,7984,10087,19650,1650.873259676
938,7312,7984,10085,19650,1650.873312781
939,7312,7984,10083,19650,1650.873365887
940,7312,7984,10082,19649,1650.873418992
941,7312,7984,10080,19649,1650.873472097
942,7312,7984,10078,19649,1650.873525203
943,7312,7984,10076,19648,1650.873578308
944,7312,7984,10074,19648,1650.873631413
945,7312,7984,10073,19648,1650.873684518
946,7312,7984,10071,19647,1650.873737624
947,7312,7984,10069,19647,1650.873790729
948,7312,7984,10068,19647,1650.873843834
949,7312,7984,10066,19647,1650.873896940
950,7312,7984,10064,19646,1650.873950045
951,7312,7984,10062,19646,1650.874003150
952,7312,7984,10061,19646,1650.874056256
953,7312,7984,10059,19645,1650.874109361
954,7312,7984,10057,19645,1650.874162466
955,7312,7984,10056,19645,1650.874215572
956,7312,7984,10054,19645,1650.874268677
957,7312,7984,10052,19644,1650.874321782
958,7312,7984,10051,19644,1650.874374887
959,7312,7984,10049,19644,1650.874427993
960,7312,7984,10047,19644,1650.874481098
961,7312,7984,10046,19643,1650.874534203
962,7312,7984,10044,19643,1650.874587309
963,7312,7984,10042,19643,1650.874640414
964,7312,7984,10041,19643,1650.874693519
965,7312,7984,10039,19642,1650.874746625
966,7312,7984,10037,19642,1650.874799730
967,7312,7984,10036,19642,1650.874852835
968,7312,7984,10034,19642,1650.874905941
969,7312,7984,10033,19641,1650.874959046
970,7312,7984,10031,19641,1650.875012151
971,7312,7984,10029,19641,1650.875065257
972,7312,7984,10028,19641,1650.875118362
973,7312,7984,10026,19640,1650.875171467
974,7312,7984,10024,19640,1650.875224572
975,7312,7984,10023,19640,1650.875277678
976,7312,7984,10021,19640,1650.875330783
977,7312,7984,10020,19639,1650.875383888
978,7312,7984,10018,19639,1650.875436994
979,7312,7984,10016,19639,1650.875490099
980,7312,7984,10015,19639,1650.875543204
981,7312,7984,10013,19638,1650.875596310
982,7312,7984,10012,19638,1650.875649415
983,7312,7984,10010,19638,1650.875702520
984,7312,7984,10008,19638,1650.875755626
985,7312,7984,10007,19637,1650.875808731
986,7312,7984,10005,19637,1650.875861836
987,7312,7984,10004,19637,1650.875914941
988,7312,7984,10002,19637,1650.875968047
989,7312,7984,10000,19636,1650.876021152
990,7312,7984,9999,19636,1650.876074257
991,7312,7984,9997,19636,1650.876127363
992,7312,7984,9995,19635,1650.876180468
993,7312,7984,9994,19635,1650.876233573
994,7312,7984,9992,19635,1650.876286679
995,7312,7984,9991,19635,1650.876339784
996,7312,7984,9989,19634,1650.876392889
997,7312,7984,9987,19634,1650.876445995
998,7312,7984,9986,19634,1650.876499100
999,7312,7984,9984,19633,1650.876552205
1000,7312,7984,9982,19633,1650.876605311
1001,7312,7984,9981,19633,1650.876658416
1002,7312,7984,9979,19632,1650.876711521
1003,7312,7984,9977,19632,1650.876764626
1004,7312,7984,9976,19632,1650.876817732
1005,7312,7984,9974,19631,1650.876870837
1006,7312,7984,9972,19631,1650.876923942
1007,7312,7984,9971,19631,1650.876977048
1008,7312,7984,9969,19630,1650.877030153
1009,7312,7984,9967,19630,1650.877083258
1010,7312,7984,9966,19630,1650.877136364
1011,7312,7984,9964,19629,1650.877189469
1012,7312,7984,9962,19629,1650.877242574
1013,7312,7984,9961,19629,1650.877295680
1014,7312,7984,9959,19628,1650.877348785
1015,7312,7984,9957,19628,1650.877401890
1016,7312,7984,9955,19627,1650.877454995
1017,7312,7984,9954,19627,1650.877508101
1018,7312,7984,9952,19627,1650.877561206
1019,7312,7984,9950,19626,1650.877614311
1020,7312,7984,9948,19626,1650.877667417
1021,7312,7984,9947,19625,1650.877720522
1022,7312,7984,9945,19625,1650.877773627
1023,7312,7984,9943,19624,1650.877826733
1024,7312,7984,9941,19624,1650.877879838
1025,7312,7984,9940,19623,1650.877932943
1026,7312,7984,9938,19623,1650.877986049
1027,7312,7984,9936,19622,1650.878039154
1028,7312,7984,9934,19622,1650.878092259
1029,7312,7984,9932,19621,1650.878145365
1030,7312,7984,9930,19621,1650.878198470
1031,7312,7984,9929,19620,1650.878251575
1032,7312,7984,9927,19620,1650.878304680
1033,7312,7984,9925,19619,1650.878357786
1034,7312,7984,9923,19619,1650.878410891
1035,7312,7984,9921,19618,1650.878463996
1036,7312,7984,9919,19618,1650.878517102
1037,7312,7984,9918,19617,1650.878570207
1038,7312,7984,9916,19617,1650.878623312
1039,7312,7984,9914,19616,1650.878676418
1040,7312,7984,9912,19616,1650.878729523
1041,7312,7984,9910,19615,1650.878782628
1042,7312,7984,9908,19615,1650.878835734
1043,7312,7984,9906,19614,1650.878888839
1044,7312,7984,9904,19613,1650.878941944
1045,7312,7984,9902,19613,1650.878995050
1046,7312,7984,9901,19612,1650.879048155
1047,7312,7984,9899,19612,1650.879101260
1048,7312,7984,9897,19611,1650.879154365
1049,7312,7984,9895,19610,1650.879207471
1050,7312,7984,9893,19610,1650.879260576
1051,7312,7984,9891,19609,1650.879313681
1052,7312,7984,9889,19609,1650.879366787
1053,7312,7984,9887,19608,1650.879419892
1054,7312,7984,9885,19608,1650.879472997
1055,7312,7984,9883,19607,1650.879526103
1056,7312,7984,9881,19606,1650.879579208
1057,7312,7984,9879,19606,1650.879632313
1058,7312,7984,9878,19605,1650.879685419
1059,7312,7984,9876,19604,1650.879738524
1060,7312,7984,9874,19604,1650.879791629
1061,7312,7984,9872,19603,1650.879844734
1062,7312,7984,9870,19603,1650.879897840
1063,7312,7984,9868,19602,1650.879950945
1064,7312,7984,9866,19601,1650.880004050
1065,7312,7984,9864,19601,1650.880057156
1066,7312,7984,9862,19600,1650.880110261
1067,7312,7984,9860,19600,1650.880163366
1068,7312,7984,9858,19599,1650.880216472
1069,7312,7984,9856,19598,1650.880269577
1070,7312,7984,9854,19598,1650.880322682
1071,7312,7984,9852,19597,1650.880375788
1072,7312,7984,9850,19597,1650.880428893
1073,7312,7984,9849,19596,1650.880481998
1074,7312,7984,9847,19595,1650.880535104
1075,7312,7984,9845,19595,1650.880588209
1076,7312,7984,9843,19594,1650.880641314
1077,7312,7984,9841,19593,1650.880694419
1078,7312,7984,9839,19593,1650.880747525
1079,7312,7984,9837,19592,1650.880800630
1080,7312,7984,9835,19592,1650.880853735
1081,7312,7984,9833,19591,1650.880906841
1082,7312,7984,9831,19590,1650.880959946
1083,7312,7984,9829,19590,1650.881013051
1084,7312,7984,9827,19589,1650.881066157
1085,7312,7984,9825,19589,1650.881119262
1086,7312,7984,9823,19588,1650.881172367
1087,7312,7984,9822,19587,1650.881225473
1088,7312,7984,9820,19587,1650.881278578
1089,7312,7984,9818,19586,1650.881331683
1090,7312,7984,9816,19586,1650.881384788
1091,7312,7984,9814,19585,1650.881437894
1092,7312,7984,9812,19584,1650.881490999
1093,7312,7984,9810,19584,1650.881544104
1094,7312,7984,9808,19583,1650.881597210
1095,7312,7984,9806,19583,1650.881650315
1096,7312,7984,9804,19582,1650.881703420
1097,7312,7984,9803,19582,1650.881756526
1098,7312,7984,9801,19581,1650.881809631
1099,7312,7984,9799,19580,1650.881862736
1100,7312,7984,9797,19580,1650.881915842
1101,7312,7984,9795,19579,1650.881968947
1102,7312,7984,9793,19579,1650.882022052
1103,7312,7984,9791,19578,1650.882075158
1104,7312,7984,9790,19578,1650.882128263
1105,7312,7984,9788,19577,1650.882181368
1106,7312,7984,9786,19577,1650.882234473
1107,7312,7984,9784,19576,1650.882287579
1108,7312,7984,9782,19576,1650.882340684
1109,7312,7984,9780,19575,1650.882393789
1110,7312,7984,9779,19575,1650.882446895
1111,7312,7984,9777,19574,1650.882500000
1112,7312,7984,9775,19574,1650.882553105
1113,7312,7984,9773,19573,1650.882606211
1114,7312,7984,9771,19573,1650.882659316
1115,7312,7984,9769,19572,1650.882712421
1116,7312,7984,9768,19572,1650.882765527
1117,7312,7984,9766,19571,1650.882818632
1118,7312,7984,9764,19571,1650.882871737
1119,7312,7984,9762,19570,1650.882924842
1120,7312,7984,9761,19570,1650.882977948
1121,7312,7984,9759,19569,1650.883031053
1122,7312,7984,9757,19569,1650.883084158
1123,7312,7984,9755,19568,1650.883137264
1124,7312,7984,9753,19568,1650.883190369
1125,7312,7984,9752,19567,1650.883243474
1126,7312,7984,9750,19567,1650.883296580
1127,7312,7984,9748,19566,1650.883349685
1128,7312,7984,9746,19566,1650.883402790
1129,7312,7984,9744,19565,1650.883455896
1130,7312,7984,9743,19565,1650.883509001
1131,7312,7984,9741,19564,1650.883562106
1132,7312,7984,9739,19564,1650.883615212
1133,7312,7984,9737,19563,1650.883668317
1134,7312,7984,9736,19563,1650.883721422
1135,7312,7984,9734,19562,1650.883774527
1136,7312,7984,9732,19562,1650.883827633
1137,7312,7984,9730,19561,1650.883880738
1138,7312,7984,9729,19561,1650.883933843
1139,7312,7984,9727,19560,1650.883986949
1140,7312,7984,9725,19560,1650.884040054
1141,7312,7984,9723,19559,1650.884093159
1142,7312,7984,9721,19559,1650.884146265
1143,7312,7984,9720,19558,1650.884199370
1144,7312,7984,9718,19558,1650.884252475
1145,7312,7984,9716,19557,1650.884305581
1146,7312,7984,9714,19557,1650.884358686
1147,7312,7984,9713,19556,1650.884411791
1148,7312,7984,9711,19556,1650.884464896
1149,7312,7984,9709,19555,1650.884518002
1150,7312,7984,9707,19555,1650.884571107
1151,7312,7984,9705,19554,1650.884624212
1152,7312,7984,9704,19554,1650.884677318
1153,7312,7984,9702,19553,1650.884730423
1154,7312,7984,9700,19553,1650.884783528
1155,7312,7984,9698,19552,1650.884836634
1156,7312,7984,9696,19551,1650.884889739
1157,7312,7984,9695,19551,1650.884942844
1158,7312,7984,9693,19550,1650.884995950
1159,7312,7984,9691,19550,1650.885049055
1160,7312,7984,9689,19549,1650.885102160
1161,7312,7984,9687,19549,1650.885155266
1162,7312,7984,9686,19548,1650.885208371
1163,7312,7984,9684,19548,1650.885261476
1164,7312,7984,9682,19547,1650.885314581
1165,7312,7984,9680,19546,1650.885367687
1166,7312,7984,9678,19546,1650.885420792
1167,7312,7984,9676,19545,1650.885473897
1168,7312,7984,9675,19545,1650.885527003
1169,7312,7984,9673,19544,1650.885580108
1170,7312,7984,9671,19543,1650.885633213
1171,7312,7984,9669,19543,1650.885686319
1172,7312,7984,9667,19542,1650.885739424
1173,7312,7984,9665,19541,1650.885792529
1174,7312,7984,9664,19541,1650.885845635
1175,7312,7984,9662,19540,1650.885898740
1176,7312,7984,9660,19539,1650.885951845
1177,7312,7984,9658,19539,1650.886004950
1178,7312,7984,9656,19538,1650.886058056
1179,7312,7984,9654,19537,1650.886111161
1180,7312,7984,9652,19537,1650.886164266
1181,7312,7984,9650,19536,1650.886217372
1182,7312,7984,9648,19535,1650.886270477
1183,7312,7984,9646,19534,1650.886323582
1184,7312,7984,9645,19534,1650.886376688
1185,7312,7984,9643,19533,1650.886429793
1186,7312,7984,9641,19532,1650.886482898
1187,7312,7984,9639,19531,1650.886536004
1188,7312,7984,9637,19531,1650.886589109
1189,7312,7984,9635,19530,1650.886642214
1190,7312,7984,9633,19529,1650.886695320
1191,7312,7984,9631,19528,1650.886748425
1192,7312,7984,9629,19528,1650.886801530
1193,7312,7984,9627,19527,1650.886854635
1194,7312,7984,9625,19526,1650.886907741
1195,7312,7984,9623,19525,1650.886960846
1196,7312,7984,9621,19524,1650.887013951
1197,7312,7984,9619,19523,1650.887067057
1198,7312,7984,9617,19523,1650.887120162
1199,7312,7984,9615,19522,1650.887173267
1200,7312,7984,9613,19521,1650.887226373
1201,7312,7985,9611,19520,1650.887279478
1202,7312,7985,9609,19519,1650.887332583
1203,7313,7985,9607,19518,1650.887385689
1204,7313,7985,9605,19517,1650.887438794
1205,7313,7985,9603,19516,1650.887491899
1206,7313,7985,9601,19515,1650.887545005
1207,7313,7985,9599,19515,1650.887598110
1208,7313,7985,9597,19514,1650.887651215
1209,7313,7985,9595,19513,1650.887704320
1210,7313,7985,9593,19512,1650.887757426
1211,7313,7985,9590,19511,1650.887810531
1212,7313,7985,9588,19510,1650.887863636
1213,7313,7985,9586,19509,1650.887916742
1214,7313,7985,9584,19508,1650.887969847
1215,7313,7985,9582,19507,1650.888022952
1216,7313,7985,9580,19506,1650.888076058
1217,7313,7985,9578,19505,1650.888129163
1218,7313,7985,9576,19504,1650.888182268
1219,7313,7985,9574,19504,1650.888235374
1220,7313,7985,9572,19503,1650.888288479
1221,7313,7985,9570,19502,1650.888341584
1222,7313,7985,9568,19501,1650.888394689
1223,7313,7985,9566,19500,1650.888447795
1224,7313,7985,9564,19499,1650.888500900
1225,7313,7985,9562,19498,1650.888554005
1226,7313,7985,9560,19497,1650.888607111
1227,7313,7985,9558,19496,1650.888660216
1228,7313,7985,9556,19495,1650.888713321
1229,7313,7986,9554,19494,1650.888766427
1230,7313,7986,9552,19493,1650.888819532
1231,7313,7986,9550,19492,1650.888872637
1232,7313,7986,9548,19492,1650.888925743
1233,7313,7986,9546,19491,1650.888978848
1234,7313,7986,9544,19490,1650.889031953
1235,7313,7986,9543,19489,1650.889085059
1236,7313,7986,9541,19488,1650.889138164
1237,7313,7986,9539,19487,1650.889191269
1238,7313,7986,9537,19486,1650.889244374
1239,7313,7986,9535,19485,1650.889297480
1240,7313,7986,9533,19484,1650.889350585
1241,7313,7986,9531,19483,1650.889403690
1242,7313,7986,9529,19483,1650.889456796
1243,7313,7986,9527,19482,1650.889509901
1244,7313,7986,9525,19481,1650.889563006
1245,7313,7986,9524,19480,1650.889616112
1246,7313,7986,9522,19479,1650.889669217
1247,7313,7986,9520,19478,1650.889722322
1248,7313,7986,9518,19478,1650.889775428
1249,7313,7985,9516,19477,1650.889828533
1250,7313,7985,9514,19476,1650.889881638
1251,7313,7985,9513,19475,1650.889934743
1252,7313,7985,9511,19474,1650.889987849
1253,7313,7985,9509,19473,1650.890040954
1254,7313,7985,9507,19473,1650.890094059
1255,7313,7985,9506,19472,1650.890147165
1256,7313,7985,9504,19471,1650.890200270
1257,7313,7985,9502,19470,1650.890253375
1258,7313,7985,9501,19470,1650.890306481
1259,7313,7985,9499,19469,1650.890359586
1260,7313,7985,9497,19468,1650.890412691
1261,7313,7985,9496,19467,1650.890465797
1262,7313,7985,9494,19467,1650.890518902
1263,7313,7985,9492,19466,1650.890572007
1264,7313,7985,9491,19465,1650.890625113
1265,7312,7985,9489,19465,1650.890678218
1266,7312,7985,9488,19464,1650.890731323
1267,7312,7984,9486,19463,1650.890784428
1268,7312,7984,9485,19463,1650.890837534
1269,7312,7984,9483,19462,1650.890890639
1270,7312,7984,9482,19462,1650.890943744
1271,7312,7984,9480,19461,1650.890996850
1272,7312,7984,9479,19460,1650.891049955
1273,7312,7984,9477,19460,1650.891103060
1274,7312,7984,9476,19459,1650.891156166
1275,7312,7984,9474,19459,1650.891209271
1276,7311,7983,9473,19458,1650.891262376
1277,7311,7983,9472,19458,1650.891315482
1278,7311,7983,9470,19457,1650.891368587
1279,7311,7983,9469,19457,1650.891421692
1280,7311,7983,9468,19456,1650.891474797
1281,7311,7983,9466,19456,1650.891527903
1282,7311,7983,9465,19455,1650.891581008
1283,7311,7982,9464,19455,1650.891634113
1284,7311,7982,9462,19455,1650.891687219
1285,7310,7982,9461,19454,1650.891740324
1286,7310,7982,9460,19454,1650.891793429
1287,7310,7982,9458,19453,1650.891846535
1288,7310,7982,9457,19453,1650.891899640
1289,7310,7982,9456,19452,1650.891952745
1290,7310,7981,9455,19452,1650.892005851
1291,7310,7981,9453,19452,1650.892058956
1292,7310,7981,9452,19451,1650.892112061
1293,7309,7981,9451,19451,1650.892165167
1294,7309,7981,9449,19451,1650.892218272
1295,7309,7981,9448,19450,1650.892271377
1296,7309,7980,9447,19450,1650.892324482
1297,7309,7980,9446,19449,1650.892377588
1298,7309,7980,9444,19449,1650.892430693
1299,7309,7980,9443,19449,1650.892483798
1300,7309,7980,9442,19448,1650.892536904
1301,7308,7980,9440,19448,1650.892590009
1302,7308,7980,9439,19448,1650.892643114
1303,7308,7979,9438,19447,1650.892696220
1304,7308,7979,9436,19447,1650.892749325
1305,7308,7979,9435,19447,1650.892802430
1306,7308,7979,9434,19446,1650.892855536
1307,7308,7979,9432,19446,1650.892908641
1308,7308,7979,9431,19446,1650.892961746
1309,7308,7979,9429,19445,1650.893014851
1310,7308,7979,9428,19445,1650.893067957
1311,7307,7979,9427,19444,1650.893121062
1312,7307,7979,9425,19444,1650.893174167
1313,7307,7978,9424,19444,1650.893227273
1314,7307,7978,9422,19443,1650.893280378
1315,7307,7978,9421,19443,1650.893333483
1316,7307,7978,9419,19443,1650.893386589
1317,7307,7978,9418,19442,1650.893439694
1318,7307,7978,9416,19442,1650.893492799
1319,7307,7978,9414,19441,1650.893545905
1320,7307,7978,9413,19441,1650.893599010
1321,7307,7978,9411,19441,1650.893652115
1322,7307,7978,9409,19440,1650.893705221
1323,7307,7978,9408,19440,1650.893758326
1324,7307,7978,9406,19439,1650.893811431
1325,7307,7978,9404,19439,1650.893864536
1326,7307,7978,9402,19438,1650.893917642
1327,7307,7978,9400,19438,1650.893970747
1328,7307,7978,9399,19438,1650.894023852
1329,7307,7978,9397,19437,1650.894076958
1330,7307,7978,9395,19437,1650.894130063
1331,7307,7978,9393,19436,1650.894183168
1332,7307,7978,9391,19436,1650.894236274
1333,7307,7978,9389,19435,1650.894289379
1334,7307,7979,9387,19435,1650.894342484
1335,7308,7979,9385,19434,1650.894395590
1336,7308,7979,9382,19433,1650.894448695
1337,7308,7979,9380,19433,1650.894501800
1338,7308,7979,9378,19432,1650.894554905
1339,7308,7979,9376,19432,1650.894608011
1340,7308,7979,9373,19431,1650.894661116
1341,7308,7980,9371,19430,1650.894714221
1342,7308,7980,9368,19430,1650.894767327
1343,7309,7980,9366,19429,1650.894820432
1344,7309,7980,9364,19428,1650.894873537
1345,7309,7980,9361,19428,1650.894926643
1346,7309,7981,9358,19427,1650.894979748
1347,7309,7981,9356,19426,1650.895032853
1348,7310,7981,9353,19426,1650.895085959
1349,7310,7982,9350,19425,1650.895139064
1350,7310,7982,9347,19424,1650.895192169
1351,7310,7982,9345,19423,1650.895245275
1352,7311,7983,9342,19422,1650.895298380
1353,7311,7983,9339,19421,1650.895351485
1354,7311,7983,9336,19421,1650.895404590
1355,7312,7984,9333,19420,1650.895457696
1356,7312,7984,9329,19419,1650.895510801
1357,7312,7985,9326,19418,1650.895563906
1358,7313,7985,9323,19417,1650.895617012
1359,7313,7985,9320,19416,1650.895670117
1360,7314,7986,9316,19415,1650.895723222
1361,7314,7986,9313,19414,1650.895776328
1362,7314,7987,9309,19413,1650.895829433
1363,7315,7987,9306,19412,1650.895882538
1364,7315,7988,9302,19411,1650.895935644
1365,7316,7988,9299,19410,1650.895988749
1366,7316,7989,9295,19409,1650.896041854
1367,7317,7990,9292,19408,1650.896094959
1368,7317,7990,9288,19406,1650.896148065
1369,7318,7991,9284,19405,1650.896201170
1370,7318,7991,9281,19404,1650.896254275
1371,7318,7992,9277,19403,1650.896307381
1372,7319,7992,9273,19402,1650.896360486
1373,7319,7993,9270,19401,1650.896413591
1374,7320,7993,9266,19400,1650.896466697
1375,7320,7994,9262,19399,1650.896519802
1376,7321,7995,9258,19397,1650.896572907
1377,7321,7995,9255,19396,1650.896626013
1378,7322,7996,9251,19395,1650.896679118
1379,7322,7996,9247,19394,1650.896732223
1380,7323,7997,9244,19393,1650.896785329
1381,7323,7997,9240,19392,1650.896838434
1382,7324,7998,9236,19390,1650.896891539
1383,7324,7998,9233,19389,1650.896944644
1384,7325,7999,9229,19388,1650.896997750
1385,7325,7999,9226,19387,1650.897050855
1386,7325,8000,9222,19386,1650.897103960
1387,7326,8000,9219,19385,1650.897157066
1388,7326,8001,9215,19384,1650.897210171
1389,7327,8001,9212,19383,1650.897263276
1390,7327,8002,9208,19382,1650.897316382
1391,7327,8002,9205,19381,1650.897369487
1392,7328,8003,9202,19379,1650.897422592
1393,7328,8003,9199,19378,1650.897475698
1394,7328,8004,9195,19377,1650.897528803
1395,7329,8004,9192,19376,1650.897581908
1396,7329,8004,9189,19375,1650.897635014
1397,7329,8005,9186,19374,1650.897688119
1398,7329,8005,9184,19374,1650.897741224
1399,7330,8005,9181,19373,1650.897794329
1400,7330,8005,9178,19372,1650.897847435
1401,7330,8006,9175,19371,1650.897900540
1402,7330,8006,9173,19370,1650.897953645
1403,7330,8006,9170,19369,1650.898006751
1404,7331,8006,9168,19368,1650.898059856
1405,7331,8006,9166,19368,1650.898112961
1406,7331,8006,9163,19367,1650.898166067
1407,7331,8006,9161,19366,1650.898219172
1408,7331,8006,9159,19365,1650.898272277
1409,7331,8006,9157,19365,1650.898325383
1410,7331,8006,9156,19364,1650.898378488
1411,7331,8006,9154,19364,1650.898431593
1412,7331,8006,9152,19363,1650.898484698
1413,7330,8006,9151,19362,1650.898537804
1414,7330,8006,9150,19362,1650.898590909
1415,7330,8006,9149,19362,1650.898644014
1416,7330,8005,9147,19361,1650.898697120
1417,7330,8005,9147,19361,1650.898750225
1418,7329,8005,9146,19360,1650.898803330
1419,7329,8004,9145,19360,1650.898856436
1420,7329,8004,9145,19360,1650.898909541
1421,7328,8003,9144,19360,1650.898962646
1422,7328,8003,9144,19360,1650.899015752
1423,7327,8002,9144,19359,1650.899068857
1424,7327,8002,9144,19359,1650.899121962
1425,7326,8001,9144,19359,1650.899175068
1426,7326,8000,9145,19359,1650.899228173
1427,7325,8000,9145,19359,1650.899281278
1428,7324,7999,9146,19360,1650.899334383
1429,7324,7998,9147,19360,1650.899387489
1430,7323,7997,9148,19360,1650.899440594
1431,7322,7996,9149,19360,1650.899493699
1432,7321,7995,9150,19361,1650.899546805
1433,7320,7994,9152,19361,1650.899599910
1434,7319,7993,9154,19362,1650.899653015
1435,7318,7992,9156,19362,1650.899706121
1436,7317,7990,9158,19363,1650.899759226
1437,7316,7989,9160,19363,1650.899812331
1438,7315,7988,9163,19364,1650.899865437
1439,7314,7986,9165,19365,1650.899918542
1440,7313,7985,9168,19366,1650.899971647
1441,7311,7983,9171,19366,1650.900024752
1442,7310,7982,9175,19367,1650.900077858
1443,7309,7980,9178,19368,1650.900130963
1444,7307,7978,9182,19369,1650.900184068
1445,7306,7976,9186,19371,1650.900237174
1446,7304,7975,9190,19372,1650.900290279
1447,7303,7973,9194,19373,1650.900343384
1448,7301,7971,9199,19374,1650.900396490
1449,7299,7969,9204,19376,1650.900449595
1450,7297,7967,9208,19377,1650.900502700
1451,7296,7965,9213,19379,1650.900555806
1452,7294,7962,9219,19380,1650.900608911
1453,7292,7960,9224,19382,1650.900662016
1454,7290,7958,9229,19383,1650.900715122
1455,7288,7956,9235,19385,1650.900768227
1456,7286,7953,9241,19386,1650.900821332
1457,7284,7951,9246,19388,1650.900874437
1458,7282,7948,9252,19390,1650.900927543
1459,7280,7946,9258,19392,1650.900980648
1460,7278,7943,9265,19394,1650.901033753
1461,7276,7941,9271,19395,1650.901086859
1462,7274,7938,9277,19397,1650.901139964
1463,7272,7936,9284,19399,1650.901193069
1464,7270,7933,9290,19401,1650.901246175
1465,7267,7931,9297,19403,1650.901299280
1466,7265,7928,9304,19405,1650.901352385
1467,7263,7925,9311,19407,1650.901405491
1468,7261,7922,9318,19409,1650.901458596
1469,7258,7920,9325,19411,1650.901511701
1470,7256,7917,9332,19414,1650.901564806
1471,7254,7914,9339,19416,1650.901617912
1472,7251,7911,9346,19418,1650.901671017
1473,7249,7909,9354,19420,1650.901724122
1474,7246,7906,9361,19422,1650.901777228
1475,7244,7903,9368,19424,1650.901830333
1476,7242,7900,9376,19426,1650.901883438
1477,7239,7897,9383,19429,1650.901936544
1478,7237,7894,9391,19431,1650.901989649
1479,7234,7891,9398,19433,1650.902042754
1480,7232,7888,9406,19435,1650.902095860
1481,7230,7886,9413,19438,1650.902148965
1482,7227,7883,9421,19440,1650.902202070
1483,7225,7880,9428,19442,1650.902255176
1484,7222,7877,9436,19444,1650.902308281
1485,7220,7874,9443,19446,1650.902361386
1486,7217,7871,9451,19449,1650.902414491
1487,7215,7868,9458,19451,1650.902467597
1488,7213,7865,9466,19453,1650.902520702
1489,7210,7862,9473,19455,1650.902573807
1490,7208,7859,9480,19457,1650.902626913
1491,7205,7857,9488,19460,1650.902680018
1492,7203,7854,9495,19462,1650.902733123
1493,7201,7851,9502,19464,1650.902786229
1494,7198,7848,9510,19466,1650.902839334
1495,7196,7845,9517,19468,1650.902892439
1496,7194,7843,9524,19470,1650.902945545
1497,7191,7840,9531,19472,1650.902998650
1498,7189,7837,9538,19474,1650.903051755
1499,7187,7834,9545,19476,1650.903104860
1500,7185,7832,9552,19478,1650.903157966
1501,7182,7829,9558,19480,1650.903211071
1502,7180,7826,9565,19482,1650.903264176
1503,7178,7824,9571,19484,1650.903317282
1504,7176,7821,9578,19486,1650.903370387
1505,7174,7819,9584,19488,1650.903423492
1506,7171,7816,9590,19490,1650.903476598
1507,7169,7814,9597,19491,1650.903529703
1508,7167,7811,9603,19493,1650.903582808
1509,7165,7809,9608,19495,1650.903635914
1510,7163,7806,9614,19496,1650.903689019
1511,7161,7804,9620,19498,1650.903742124
1512,7159,7802,9625,19500,1650.903795230
1513,7158,7799,9631,19501,1650.903848335
1514,7156,7797,9636,19502,1650.903901440
1515,7154,7795,9641,19504,1650.903954545
1516,7152,7793,9646,19505,1650.904007651
1517,7150,7791,9650,19507,1650.904060756
1518,7149,7789,9655,19508,1650.904113861
1519,7147,7787,9659,19509,1650.904166967
1520,7146,7785,9663,19510,1650.904220072
1521,7144,7783,9667,19511,1650.904273177
1522,7143,7781,9671,19512,1650.904326283
1523,7141,7780,9675,19513,1650.904379388
1524,7140,7778,9678,19514,1650.904432493
1525,7138,7776,9681,19515,1650.904485599
1526,7137,7775,9684,19516,1650.904538704
1527,7136,7773,9687,19516,1650.904591809
1528,7135,7772,9689,19517,1650.904644914
1529,7134,7771,9692,19517,1650.904698020
1530,7132,7769,9694,19518,1650.904751125
1531,7131,7768,9696,19518,1650.904804230
1532,7130,7767,9698,19519,1650.904857336
1533,7129,7766,9699,19519,1650.904910441
1534,7129,7765,9701,19519,1650.904963546
1535,7128,7764,9702,19519,1650.905016652
1536,7127,7763,9703,19520,1650.905069757
1537,7126,7762,9704,19520,1650.905122862
1538,7125,7761,9705,19520,1650.905175968
1539,7125,7760,9705,19520,1650.905229073
1540,7124,7759,9705,19520,1650.905282178
1541,7124,7759,9706,19519,1650.905335284
1542,7123,7758,9706,19519,1650.905388389
1543,7123,7758,9706,19519,1650.905441494
1544,7122,7757,9705,19519,1650.905494599
1545,7122,7756,9705,19518,1650.905547705
1546,7121,7756,9704,19518,1650.905600810
1547,7121,7756,9704,19518,1650.905653915
1548,7121,7755,9703,19517,1650.905707021
1549,7120,7755,9702,19517,1650.905760126
1550,7120,7755,9701,19516,1650.905813231
1551,7120,7754,9700,19516,1650.905866337
1552,7120,7754,9698,19515,1650.905919442
1553,7120,7754,9697,19514,1650.905972547
1554,7119,7754,9695,19514,1650.906025653
1555,7119,7754,9693,19513,1650.906078758
1556,7119,7754,9692,19512,1650.906131863
1557,7119,7754,9690,19511,1650.906184968
1558,7119,7754,9688,19511,1650.906238074
1559,7119,7754,9686,19510,1650.906291179
1560,7119,7754,9683,19509,1650.906344284
1561,7119,7754,9681,19508,1650.906397390
1562,7120,7754,9679,19507,1650.906450495
1563,7120,7754,9676,19506,1650.906503600
1564,7120,7754,9674,19505,1650.906556706
1565,7120,7754,9671,19504,1650.906609811
1566,7120,7755,9668,19503,1650.906662916
1567,7120,7755,9665,19502,1650.906716022
1568,7121,7755,9662,19501,1650.906769127
1569,7121,7756,9660,19500,1650.906822232
1570,7121,7756,9657,19499,1650.906875338
1571,7121,7756,9653,19498,1650.906928443
1572,7122,7757,9650,19497,1650.906981548
1573,7122,7757,9647,19495,1650.907034653
1574,7122,7757,9644,19494,1650.907087759
1575,7123,7758,9641,19493,1650.907140864
1576,7123,7758,9637,19492,1650.907193969
1577,7123,7759,9634,19491,1650.907247075
1578,7124,7759,9631,19489,1650.907300180
1579,7124,7760,9627,19488,1650.907353285
1580,7125,7760,9624,19487,1650.907406391
1581,7125,7761,9620,19486,1650.907459496
1582,7126,7761,9617,19485,1650.907512601
1583,7126,7762,9613,19483,1650.907565707
1584,7126,7762,9609,19482,1650.907618812
1585,7127,7763,9606,19481,1650.907671917
1586,7127,7763,9602,19480,1650.907725023
1587,7128,7764,9599,19478,1650.907778128
1588,7128,7764,9595,19477,1650.907831233
1589,7129,7765,9592,19476,1650.907884338
1590,7129,7766,9588,19475,1650.907937444
1591,7130,7766,9584,19473,1650.907990549
1592,7130,7767,9581,19472,1650.908043654
1593,7131,7767,9577,19471,1650.908096760
1594,7131,7768,9574,19470,1650.908149865
1595,7132,7768,9570,19469,1650.908202970
1596,7132,7769,9567,19468,1650.908256076
1597,7133,7769,9563,19466,1650.908309181
1598,7133,7770,9560,19465,1650.908362286
1599,7133,7771,9556,19464,1650.908415392
1600,7134,7771,9553,19463,1650.908468497
1601,7134,7772,9550,19462,1650.908521602
1602,7135,7772,9546,19461,1650.908574707
1603,7135,7773,9543,19460,1650.908627813
1604,7136,7773,9540,19459,1650.908680918
1605,7136,7774,9537,19458,1650.908734023
1606,7136,7774,9534,19457,1650.908787129
1607,7137,7775,9531,19456,1650.908840234
1608,7137,7775,9528,19455,1650.908893339
1609,7138,7776,9525,19454,1650.908946445
1610,7138,7776,9522,19453,1650.908999550
1611,7138,7776,9519,19452,1650.909052655
1612,7139,7777,9517,19451,1650.909105761
1613,7139,7777,9514,19451,1650.909158866
1614,7139,7778,9511,19450,1650.909211971
1615,7140,7778,9509,19449,1650.909265077
1616,7140,7778,9507,19448,1650.909318182
1617,7140,7779,9504,19448,1650.909371287
1618,7140,7779,9502,19447,1650.909424392
1619,7141,7779,9500,19446,1650.909477498
1620,7141,7779,9498,19446,1650.909530603
1621,7141,7780,9496,19445,1650.909583708
1622,7141,7780,9494,19444,1650.909636814
1623,7141,7780,9492,19444,1650.909689919
1624,7142,7780,9490,19443,1650.909743024
1625,7142,7780,9488,19443,1650.909796130
1626,7142,7781,9486,19442,1650.909849235
1627,7142,7781,9484,19442,1650.909902340
1628,7142,7781,9483,19441,1650.909955446
1629,7142,7781,9481,19441,1650.910008551
1630,7142,7781,9479,19441,1650.910061656
1631,7143,7781,9478,19440,1650.910114761
1632,7143,7782,9476,19440,1650.910167867
1633,7143,7782,9475,19439,1650.910220972
1634,7143,7782,9474,19439,1650.910274077
1635,7143,7782,9472,19439,1650.910327183
1636,7143,7782,9471,19438,1650.910380288
1637,7143,7782,9470,19438,1650.910433393
1638,7143,7782,9468,19438,1650.910486499
1639,7143,7782,9467,19438,1650.910539604
1640,7143,7782,9466,19437,1650.910592709
1641,7143,7782,9465,19437,1650.910645815
1642,7143,7782,9464,19437,1650.910698920
1643,7143,7782,9463,19437,1650.910752025
1644,7143,7782,9462,19437,1650.910805131
1645,7143,7782,9461,19436,1650.910858236
1646,7143,7782,9460,19436,1650.910911341
1647,7143,7782,9459,19436,1650.910964446
1648,7143,7782,9458,19436,1650.911017552
1649,7143,7782,9457,19436,1650.911070657
1650,7143,7782,9456,19436,1650.911123762
1651,7143,7782,9456,19435,1650.911176868
1652,7143,7782,9455,19435,1650.911229973
1653,7143,7782,9454,19435,1650.911283078
1654,7143,7781,9453,19435,1650.911336184
1655,7143,7781,9453,19435,1650.911389289
1656,7142,7781,9452,19435,1650.911442394
1657,7142,7781,9451,19435,1650.911495500
1658,7142,7781,9451,19435,1650.911548605
1659,7142,7781,9450,19435,1650.911601710
1660,7142,7781,9449,19435,1650.911654815
1661,7142,7781,9449,19434,1650.911707921
1662,7142,7781,9448,19434,1650.911761026
1663,7142,7780,9447,19434,1650.911814131
1664,7142,7780,9447,19434,1650.911867237
1665,7142,7780,9446,19434,1650.911920342
1666,7141,7780,9446,19434,1650.911973447
1667,7141,7780,9445,19434,1650.912026553
1668,7141,7780,9444,19434,1650.912079658
1669,7141,7780,9444,19434,1650.912132763
1670,7141,7780,9443,19434,1650.912185869
1671,7141,7779,9443,19434,1650.912238974
1672,7141,7779,9442,19434,1650.912292079
1673,7141,7779,9442,19434,1650.912345185
1674,7140,7779,9441,19433,1650.912398290
1675,7140,7779,9440,19433,1650.912451395
1676,7140,7779,9440,19433,1650.912504500
1677,7140,7778,9439,19433,1650.912557606
1678,7140,7778,9439,19433,1650.912610711
1679,7140,7778,9438,19433,1650.912663816
1680,7140,7778,9437,19433,1650.912716922
1681,7140,7778,9437,19433,1650.912770027
1682,7139,7778,9436,19433,1650.912823132
1683,7139,7778,9435,19432,1650.912876238
1684,7139,7777,9435,19432,1650.912929343
1685,7139,7777,9434,19432,1650.912982448
1686,7139,7777,9433,19432,1650.913035554
1687,7139,7777,9433,19432,1650.913088659
1688,7139,7777,9432,19432,1650.913141764
1689,7139,7777,9431,19431,1650.913194869
1690,7138,7777,9430,19431,1650.913247975
1691,7138,7776,9429,19431,1650.913301080
1692,7138,7776,9428,19431,1650.913354185
1693,7138,7776,9428,19430,1650.913407291
1694,7138,7776,9427,19430,1650.913460396
1695,7138,7776,9426,19430,1650.913513501
1696,7138,7776,9425,19430,1650.913566607
1697,7138,7776,9424,19429,1650.913619712
1698,7138,7776,9423,19429,1650.913672817
1699,7138,7776,9422,19429,1650.913725923
1700,7138,7775,9421,19428,1650.913779028
1701,7137,7775,9419,19428,1650.913832133
1702,7137,7775,9418,19428,1650.913885239
1703,7137,7775,9417,19427,1650.913938344
1704,7137,7775,9416,19427,1650.913991449
1705,7137,7775,9415,19426,1650.914044554
1706,7137,7775,9413,19426,1650.914097660
1707,7137,7775,9412,19425,1650.914150765
1708,7137,7775,9411,19425,1650.914203870
1709,7137,7775,9410,19425,1650.914256976
1710,7137,7775,9408,19424,1650.914310081
1711,7137,7775,9407,19424,1650.914363186
1712,7137,7775,9405,19423,1650.914416292
1713,7137,7775,9404,19423,1650.914469397
1714,7137,7775,9403,19422,1650.914522502
1715,7137,7775,9401,19422,1650.914575608
1716,7137,7775,9400,19421,1650.914628713
1717,7137,7775,9398,19420,1650.914681818
1718,7137,7774,9397,19420,1650.914734923
1719,7137,7774,9395,19419,1650.914788029
1720,7137,7774,9394,19419,1650.914841134
1721,7137,7774,9392,19418,1650.914894239
1722,7137,7774,9390,19417,1650.914947345
1723,7137,7774,9389,19417,1650.915000450
1724,7137,7774,9387,19416,1650.915053555
1725,7137,7774,9385,19416,1650.915106661
1726,7137,7774,9384,19415,1650.915159766
1727,7137,7774,9382,19414,1650.915212871
1728,7137,7774,9380,19414,1650.915265977
1729,7137,7774,9379,19413,1650.915319082
1730,7137,7774,9377,19412,1650.915372187
1731,7137,7774,9375,19412,1650.915425293
1732,7137,7774,9373,19411,1650.915478398
1733,7137,7774,9372,19410,1650.915531503
1734,7137,7774,9370,19410,1650.915584608
1735,7137,7774,9368,19409,1650.915637714
1736,7137,7774,9366,19408,1650.915690819
1737,7137,7774,9364,19407,1650.915743924
1738,7137,7775,9363,19407,1650.915797030
1739,7137,7775,9361,19406,1650.915850135
1740,7137,7775,9359,19405,1650.915903240
1741,7137,7775,9357,19405,1650.915956346
1742,7137,7775,9355,19404,1650.916009451
1743,7137,7775,9353,19403,1650.916062556
1744,7137,7775,9351,19402,1650.916115662
1745,7137,7775,9349,19402,1650.916168767
1746,7137,7775,9348,19401,1650.916221872
1747,7137,7775,9346,19400,1650.916274977
1748,7137,7775,9344,19399,1650.916328083
1749,7137,7775,9342,19398,1650.916381188
1750,7137,7775,9340,19398,1650.916434293
1751,7137,7775,9338,19397,1650.916487399
1752,7137,7775,9336,19396,1650.916540504
1753,7137,7775,9334,19395,1650.916593609
1754,7137,7775,9332,19394,1650.916646715
1755,7137,7775,9330,19394,1650.916699820
1756,7137,7775,9328,19393,1650.916752925
1757,7137,7775,9326,19392,1650.916806031
1758,7137,7775,9324,19391,1650.916859136
1759,7137,7775,9322,19390,1650.916912241
1760,7137,7775,9320,19390,1650.916965347
1761,7137,7775,9318,19389,1650.917018452
1762,7137,7775,9316,19388,1650.917071557
1763,7137,7775,9314,19387,1650.917124662
1764,7138,7775,9312,19386,1650.917177768
1765,7138,7775,9310,19386,1650.917230873
1766,7138,7776,9308,19385,1650.917283978
1767,7138,7776,9306,19384,1650.917337084
1768,7138,7776,9304,19383,1650.917390189
1769,7138,7776,9302,19382,1650.917443294
1770,7138,7776,9300,19382,1650.917496400
1771,7138,7776,9298,19381,1650.917549505
1772,7138,7776,9296,19380,1650.917602610
1773,7138,7776,9295,19379,1650.917655716
1774,7138,7776,9293,19378,1650.917708821
1775,7138,7776,9291,19378,1650.917761926
1776,7138,7776,9289,19377,1650.917815032
1777,7138,7776,9287,19376,1650.917868137
1778,7138,7776,9285,19375,1650.917921242
1779,7138,7776,9283,19374,1650.917974347
1780,7138,7776,9281,19374,1650.918027453
1781,7138,7776,9279,19373,1650.918080558
1782,7138,7776,9277,19372,1650.918133663
1783,7138,7776,9275,19371,1650.918186769
1784,7138,7776,9273,19370,1650.918239874
1785,7138,7776,9272,19370,1650.918292979
1786,7138,7776,9270,19369,1650.918346085
1787,7138,7776,9268,19368,1650.918399190
1788,7138,7776,9266,19367,1650.918452295
1789,7138,7776,9264,19367,1650.918505401
1790,7138,7776,9262,19366,1650.918558506
1791,7138,7776,9260,19365,1650.918611611
1792,7138,7776,9259,19364,1650.918664716
1793,7138,7776,9257,19364,1650.918717822
1794,7138,7776,9255,19363,1650.918770927
1795,7138,7776,9253,19362,1650.918824032
1796,7138,7776,9251,19361,1650.918877138
1797,7138,7776,9250,19361,1650.918930243
1798,7138,7776,9248,19360,1650.918983348
1799,7138,7776,9246,19359,1650.919036454
1800,7138,7776,9244,19358,1650.919089559
1801,7138,7776,9242,19358,1650.919142664
1802,7138,7776,9241,19357,1650.919195770
1803,7138,7776,9239,19356,1650.919248875
1804,7138,7776,9237,19355,1650.919301980
1805,7138,7776,9235,19355,1650.919355086
1806,7138,7776,9234,19354,1650.919408191
1807,7138,7776,9232,19353,1650.919461296
1808,7138,7776,9230,19352,1650.919514401
1809,7138,7776,9228,19352,1650.919567507
1810,7138,7776,9227,19351,1650.919620612
1811,7138,7776,9225,19350,1650.919673717
1812,7138,7776,9223,19350,1650.919726823
1813,7138,7776,9221,19349,1650.919779928
1814,7138,7776,9220,19348,1650.919833033
1815,7138,7776,9218,19347,1650.919886139
1816,7138,7776,9216,19347,1650.919939244
1817,7138,7776,9215,19346,1650.919992349
1818,7138,7776,9213,19345,1650.920045455
1819,7138,7776,9211,19345,1650.920098560
1820,7138,7776,9209,19344,1650.920151665
1821,7138,7776,9208,19343,1650.920204770
1822,7138,7776,9206,19342,1650.920257876
1823,7138,7776,9204,19342,1650.920310981
1824,7138,7776,9203,19341,1650.920364086
1825,7138,7776,9201,19340,1650.920417192
1826,7138,7776,9199,19340,1650.920470297
1827,7138,7776,9198,19339,1650.920523402
1828,7138,7776,9196,19338,1650.920576508
1829,7138,7776,9194,19337,1650.920629613
1830,7138,7776,9193,19337,1650.920682718
1831,7138,7776,9191,19336,1650.920735824
1832,7138,7776,9189,19335,1650.920788929
1833,7138,7776,9188,19335,1650.920842034
1834,7138,7776,9186,19334,1650.920895140
1835,7138,7776,9184,19333,1650.920948245
1836,7138,7776,9183,19333,1650.921001350
1837,7138,7776,9181,19332,1650.921054455
1838,7138,7776,9179,19331,1650.921107561
1839,7138,7776,9178,19330,1650.921160666
1840,7138,7776,9176,19330,1650.921213771
1841,7138,7776,9174,19329,1650.921266877
1842,7138,7776,9173,19328,1650.921319982
1843,7138,7776,9171,19328,1650.921373087
1844,7138,7776,9169,19327,1650.921426193
1845,7138,7776,9168,19326,1650.921479298
1846,7138,7776,9166,19326,1650.921532403
1847,7138,7776,9164,19325,1650.921585509
1848,7138,7776,9163,19324,1650.921638614
1849,7138,7776,9161,19324,1650.921691719
1850,7138,7776,9160,19323,1650.921744824
1851,7138,7776,9158,19322,1650.921797930
1852,7138,7776,9156,19321,1650.921851035
1853,7138,7776,9155,19321,1650.921904140
1854,7138,7776,9153,19320,1650.921957246
1855,7138,7776,9151,19319,1650.922010351
1856,7138,7776,9150,19319,1650.922063456
1857,7138,7776,9148,19318,1650.922116562
1858,7138,7776,9146,19317,1650.922169667
1859,7138,7776,9145,19317,1650.922222772
1860,7138,7776,9143,19316,1650.922275878
1861,7138,7776,9141,19315,1650.922328983
1862,7138,7776,9140,19315,1650.922382088
1863,7138,7776,9138,19314,1650.922435194
1864,7138,7776,9136,19313,1650.922488299
1865,7138,7776,9135,19312,1650.922541404
1866,7138,7776,9133,19312,1650.922594509
1867,7138,7776,9131,19311,1650.922647615
1868,7138,7776,9130,19310,1650.922700720
1869,7138,7776,9128,19310,1650.922753825
1870,7138,7776,9126,19309,1650.922806931
1871,7138,7776,9125,19308,1650.922860036
1872,7138,7776,9123,19308,1650.922913141
1873,7138,7776,9121,19307,1650.922966247
1874,7138,7776,9120,19306,1650.923019352
1875,7138,7776,9118,19305,1650.923072457
1876,7138,7776,9116,19305,1650.923125563
1877,7138,7776,9115,19304,1650.923178668
1878,7138,7776,9113,19303,1650.923231773
1879,7138,7776,9111,19303,1650.923284878
1880,7138,7776,9110,19302,1650.923337984
1881,7138,7776,9108,19301,1650.923391089
1882,7138,7776,9106,19301,1650.923444194
1883,7138,7776,9104,19300,1650.923497300
1884,7138,7776,9103,19299,1650.923550405
1885,7138,7776,9101,19298,1650.923603510
1886,7138,7776,9099,19298,1650.923656616
1887,7138,7776,9098,19297,1650.923709721
1888,7138,7776,9096,19296,1650.923762826
1889,7138,7776,9094,19296,1650.923815932
1890,7138,7776,9093,19295,1650.923869037
1891,7138,7776,9091,19294,1650.923922142
1892,7138,7776,9089,19294,1650.923975248
1893,7138,7776,9088,19293,1650.924028353
1894,7138,7776,9086,19292,1650.924081458
1895,7138,7776,9084,19292,1650.924134563
1896,7138,7776,9082,19291,1650.924187669
1897,7138,7776,9081,19290,1650.924240774
1898,7138,7776,9079,19290,1650.924293879
1899,7138,7776,9077,19289,1650.924346985
1900,7138,7776,9076,19288,1650.924400090
1901,7138,7776,9074,19288,1650.924453195
1902,7138,7776,9072,19287,1650.924506301
1903,7138,7776,9071,19286,1650.924559406
1904,7138,7776,9069,19286,1650.924612511
1905,7138,7776,9067,19285,1650.924665617
1906,7138,7776,9065,19284,1650.924718722
1907,7138,7776,9064,19284,1650.924771827
1908,7138,7776,9062,19283,1650.924824932
1909,7138,7776,9060,19282,1650.924878038
1910,7138,7776,9059,19282,1650.924931143
1911,7138,7776,9057,19281,1650.924984248
1912,7138,7776,9055,19280,1650.925037354
1913,7138,7776,9053,19280,1650.925090459
1914,7138,7776,9052,19279,1650.925143564
1915,7138,7776,9050,19278,1650.925196670
1916,7138,7776,9048,19278,1650.925249775
1917,7138,7776,9047,19277,1650.925302880
1918,7138,7776,9045,19277,1650.925355986
1919,7138,7776,9043,19276,1650.925409091
1920,7138,7776,9041,19275,1650.925462196
1921,7138,7776,9040,19275,1650.925515302
1922,7138,7776,9038,19274,1650.925568407
1923,7138,7776,9036,19273,1650.925621512
1924,7138,7776,9035,19273,1650.925674617
1925,7138,7776,9033,19272,1650.925727723
1926,7138,7776,9031,19272,1650.925780828
1927,7138,7776,9029,19271,1650.925833933
1928,7138,7776,9028,19270,1650.925887039
1929,7138,7776,9026,19270,1650.925940144
1930,7138,7776,9024,19269,1650.925993249
1931,7138,7776,9023,19269,1650.926046355
1932,7138,7776,9021,19268,1650.926099460
1933,7138,7776,9019,19268,1650.926152565
1934,7138,7776,9018,19267,1650.926205671
1935,7138,7776,9016,19266,1650.926258776
1936,7138,7776,9014,19266,1650.926311881
1937,7138,7776,9012,19265,1650.926364986
1938,7138,7776,9011,19265,1650.926418092
1939,7138,7776,9009,19264,1650.926471197
1940,7138,7776,9007,19264,1650.926524302
1941,7138,7776,9006,19263,1650.926577408
1942,7138,7776,9004,19263,1650.926630513
1943,7138,7776,9002,19262,1650.926683618
1944,7138,7776,9000,19262,1650.926736724
1945,7138,7776,8999,19261,1650.926789829
1946,7138,7776,8997,19260,1650.926842934
1947,7138,7776,8995,19260,1650.926896040
1948,7138,7776,8994,19259,1650.926949145
1949,7138,7776,8992,19259,1650.927002250
1950,7138,7776,8990,19258,1650.927055356
1951,7138,7776,8989,19258,1650.927108461
1952,7138,7776,8987,19258,1650.927161566
1953,7138,7776,8985,19257,1650.927214671
1954,7138,7776,8983,19257,1650.927267777
1955,7138,7776,8982,19256,1650.927320882
1956,7138,7776,8980,19256,1650.927373987
1957,7138,7776,8978,19255,1650.927427093
1958,7138,7776,8977,19255,1650.927480198
1959,7138,7776,8975,19254,1650.927533303
1960,7138,7776,8973,19254,1650.927586409
1961,7138,7776,8972,19253,1650.927639514
1962,7138,7776,8970,19253,1650.927692619
1963,7138,7776,8968,19253,1650.927745725
1964,7138,7776,8967,19252,1650.927798830
1965,7138,7776,8965,19252,1650.927851935
1966,7138,7776,8963,19251,1650.927905041
1967,7138,7776,8961,19251,1650.927958146
1968,7138,7776,8960,19250,1650.928011251
1969,7138,7776,8958,19250,1650.928064356
1970,7138,7776,8956,19250,1650.928117462
1971,7138,7776,8955,19249,1650.928170567
1972,7138,7776,8953,19249,1650.928223672
1973,7138,7776,8951,19248,1650.928276778
1974,7138,7776,8950,19248,1650.928329883
1975,7138,7776,8948,19248,1650.928382988
1976,7138,7776,8946,19247,1650.928436094
1977,7138,7776,8945,19247,1650.928489199
1978,7138,7776,8943,19246,1650.928542304
1979,7138,7776,8941,19246,1650.928595410
1980,7138,7776,8940,19246,1650.928648515
1981,7138,7776,8938,19245,1650.928701620
1982,7138,7776,8936,19245,1650.928754725
1983,7138,7776,8935,19244,1650.928807831
1984,7138,7776,8933,19244,1650.928860936
1985,7138,7776,8931,19244,1650.928914041
1986,7138,7776,8930,19243,1650.928967147
1987,7138,7776,8928,19243,1650.929020252
1988,7138,7776,8926,19242,1650.929073357
1989,7138,7776,8924,19242,1650.929126463
1990,7138,7776,8923,19242,1650.929179568
1991,7138,7776,8921,19241,1650.929232673
1992,7138,7776,8919,19241,1650.929285779
1993,7138,7776,8918,19240,1650.929338884
1994,7138,7776,8916,19240,1650.929391989
1995,7138,7776,8914,19240,1650.929445095
1996,7138,7776,8913,19239,1650.929498200
1997,7138,7776,8911,19239,1650.929551305
1998,7138,7776,8909,19238,1650.929604410
1999,7138,7776,8908,19238,1650.929657516
2000,7138,7776,8906,19237,1650.929710621
2001,7138,7776,8904,19237,1650.929763726
2002,7138,7776,8903,19237,1650.929816832
2003,7138,7776,8901,19236,1650.929869937
2004,7138,7776,8899,19236,1650.929923042
2005,7138,7776,8898,19235,1650.929976148
2006,7138,7776,8896,19235,1650.930029253
2007,7138,7776,8894,19234,1650.930082358
2008,7138,7776,8893,19234,1650.930135464
2009,7138,7776,8891,19234,1650.930188569
2010,7138,7776,8889,19233,1650.930241674
2011,7138,7776,8888,19233,1650.930294779
2012,7138,7776,8886,19232,1650.930347885
2013,7138,7776,8884,19232,1650.930400990
2014,7138,7776,8883,19231,1650.930454095
2015,7138,7776,8881,19231,1650.930507201
2016,7138,7776,8879,19230,1650.930560306
2017,7138,7776,8878,19230,1650.930613411
2018,7138,7776,8876,19229,1650.930666517
2019,7138,7776,8874,19229,1650.930719622
2020,7138,7776,8873,19228,1650.930772727
2021,7138,7776,8871,19228,1650.930825833
2022,7138,7776,8869,19227,1650.930878938
2023,7138,7776,8868,19227,1650.930932043
2024,7138,7776,8866,19226,1650.930985149
2025,7138,7776,8864,19226,1650.931038254
2026,7138,7776,8863,19225,1650.931091359
2027,7138,7776,8861,19225,1650.931144464
2028,7138,7776,8859,19224,1650.931197570
2029,7138,7776,8858,19224,1650.931250675
2030,7138,7776,8856,19223,1650.931303780
2031,7138,7776,8854,19223,1650.931356886
2032,7138,7776,8853,19222,1650.931409991
2033,7138,7776,8851,19221,1650.931463096
2034,7138,7776,8849,19221,1650.931516202
2035,7138,7776,8848,19220,1650.931569307
2036,7138,7776,8846,19220,1650.931622412
2037,7138,7776,8845,19219,1650.931675518
2038,7138,7776,8843,19218,1650.931728623
2039,7138,7776,8841,19218,1650.931781728
2040,7138,7776,8840,19217,1650.931834833
2041,7138,7776,8838,19217,1650.931887939
2042,7138,7776,8836,19216,1650.931941044
2043,7138,7776,8835,19215,1650.931994149
2044,7138,7776,8833,19215,1650.932047255
2045,7138,7776,8831,19214,1650.932100360
2046,7138,7776,8830,19213,1650.932153465
2047,7138,7776,8828,19213,1650.932206571
2048,7138,7776,8826,19212,1650.932259676
2049,7138,7776,8825,19211,1650.932312781
2050,7138,7776,8823,19211,1650.932365887
2051,7138,7776,8821,19210,1650.932418992
2052,7138,7776,8820,19209,1650.932472097
2053,7138,7776,8818,19208,1650.932525203
2054,7138,7776,8816,19208,1650.932578308
2055,7138,7776,8815,19207,1650.932631413
2056,7138,7776,8813,19206,1650.932684518
2057,7138,7776,8811,19206,1650.932737624
2058,7138,7776,8810,19205,1650.932790729
2059,7138,7776,8808,19204,1650.932843834
2060,7138,7776,8806,19203,1650.932896940
2061,7138,7776,8805,19203,1650.932950045
2062,7138,7776,8803,19202,1650.933003150
2063,7138,7776,8801,19201,1650.933056256
2064,7138,7776,8800,19201,1650.933109361
2065,7138,7776,8798,19200,1650.933162466
2066,7138,7776,8796,19199,1650.933215572
2067,7138,7776,8795,19198,1650.933268677
2068,7138,7776,8793,19198,1650.933321782
2069,7138,7776,8791,19197,1650.933374887
2070,7138,7776,8789,19196,1650.933427993
2071,7138,7776,8788,19195,1650.933481098
2072,7138,7776,8786,19195,1650.933534203
2073,7138,7776,8784,19194,1650.933587309
2074,7138,7776,8783,19193,1650.933640414
2075,7138,7776,8781,19192,1650.933693519
2076,7138,7776,8779,19192,1650.933746625
2077,7138,7776,8778,19191,1650.933799730
2078,7138,7776,8776,19190,1650.933852835
2079,7138,7776,8774,19189,1650.933905941
2080,7138,7776,8773,19189,1650.933959046
2081,7138,7776,8771,19188,1650.934012151
2082,7138,7776,8769,19187,1650.934065257
2083,7138,7776,8768,19187,1650.934118362
2084,7138,7776,8766,19186,1650.934171467
2085,7138,7776,8764,19185,1650.934224572
2086,7138,7776,8762,19184,1650.934277678
2087,7138,7776,8761,19184,1650.934330783
2088,7138,7776,8759,19183,1650.934383888
2089,7138,7776,8757,19182,1650.934436994
2090,7138,7776,8756,19181,1650.934490099
2091,7138,7776,8754,19181,1650.934543204
2092,7138,7776,8752,19180,1650.934596310
2093,7138,7776,8750,19179,1650.934649415
2094,7138,7776,8749,19179,1650.934702520
2095,7138,7776,8747,19178,1650.934755626
2096,7138,7776,8745,19177,1650.934808731
2097,7138,7776,8744,19176,1650.934861836
2098,7138,7776,8742,19176,1650.934914941
2099,7138,7776,8740,19175,1650.934968047
2100,7138,7776,8738,19174,1650.935021152
2101,7138,7776,8737,19174,1650.935074257
2102,7138,7776,8735,19173,1650.935127363
2103,7138,7776,8733,19172,1650.935180468
2104,7138,7776,8731,19172,1650.935233573
2105,7138,7776,8730,19171,1650.935286679
2106,7138,7776,8728,19170,1650.935339784
2107,7138,7776,8726,19170,1650.935392889
2108,7138,7776,8724,19169,1650.935445995
2109,7138,7776,8723,19169,1650.935499100
2110,7138,7776,8721,19168,1650.935552205
2111,7138,7776,8719,19167,1650.935605311
2112,7138,7776,8717,19167,1650.935658416
2113,7138,7776,8716,19166,1650.935711521
2114,7138,7776,8714,19166,1650.935764626
2115,7138,7776,8712,19165,1650.935817732
2116,7138,7776,8710,19164,1650.935870837
2117,7138,7776,8709,19164,1650.935923942
2118,7138,7776,8707,19163,1650.935977048
2119,7138,7776,8705,19163,1650.936030153
2120,7138,7776,8703,19162,1650.936083258
2121,7138,7776,8701,19162,1650.936136364
2122,7138,7776,8700,19161,1650.936189469
2123,7138,7776,8698,19161,1650.936242574
2124,7138,7776,8696,19160,1650.936295680
2125,7138,7776,8694,19160,1650.936348785
2126,7138,7776,8692,19159,1650.936401890
2127,7138,7776,8691,19159,1650.936454995
2128,7138,7776,8689,19158,1650.936508101
2129,7138,7776,8687,19158,1650.936561206
2130,7138,7776,8685,19157,1650.936614311
2131,7138,7776,8683,19157,1650.936667417
2132,7138,7776,8682,19156,1650.936720522
2133,7138,7776,8680,19156,1650.936773627
2134,7138,7776,8678,19155,1650.936826733
2135,7138,7776,8676,19155,1650.936879838
2136,7138,7776,8674,19154,1650.936932943
2137,7138,7776,8673,19154,1650.936986049
2138,7138,7776,8671,19154,1650.937039154
2139,7138,7776,8669,19153,1650.937092259
2140,7138,7776,8667,19153,1650.937145365
2141,7138,7776,8665,19152,1650.937198470
2142,7138,7776,8663,19152,1650.937251575
2143,7138,7776,8662,19152,1650.937304680
2144,7138,7776,8660,19151,1650.937357786
2145,7138,7776,8658,19151,1650.937410891
2146,7138,7776,8656,19150,1650.937463996
2147,7138,7776,8654,19150,1650.937517102
2148,7138,7776,8652,19150,1650.937570207
2149,7138,7776,8651,19149,1650.937623312
2150,7138,7776,8649,19149,1650.937676418
2151,7138,7776,8647,19149,1650.937729523
2152,7138,7776,8645,19148,1650.937782628
2153,7138,7776,8643,19148,1650.937835734
2154,7138,7776,8641,19148,1650.937888839
2155,7138,7776,8640,19147,1650.937941944
2156,7138,7776,8638,19147,1650.937995050
2157,7138,7776,8636,19147,1650.938048155
2158,7138,7776,8634,19146,1650.938101260
2159,7138,7776,8632,19146,1650.938154365
2160,7138,7776,8630,19146,1650.938207471
2161,7138,7776,8629,19145,1650.938260576
2162,7138,7776,8627,19145,1650.938313681
2163,7138,7776,8625,19145,1650.938366787
2164,7138,7776,8623,19144,1650.938419892
2165,7138,7776,8621,19144,1650.938472997
2166,7138,7776,8619,19144,1650.938526103
2167,7138,7776,8617,19143,1650.938579208
2168,7138,7776,8616,19143,1650.938632313
2169,7138,7776,8614,19143,1650.938685419
2170,7138,7776,8612,19142,1650.938738524
2171,7138,7776,8610,19142,1650.938791629
2172,7138,7776,8608,19142,1650.938844734
2173,7138,7776,8606,19142,1650.938897840
2174,7138,7776,8605,19141,1650.938950945
2175,7138,7776,8603,19141,1650.939004050
2176,7138,7776,8601,19141,1650.939057156
2177,7138,7776,8599,19140,1650.939110261
2178,7138,7776,8597,19140,1650.939163366
2179,7138,7776,8596,19140,1650.939216472
2180,7138,7776,8594,19139,1650.939269577
2181,7138,7776,8592,19139,1650.939322682
2182,7138,7776,8590,19139,1650.939375788
2183,7138,7776,8588,19139,1650.939428893
2184,7138,7776,8586,19138,1650.939481998
2185,7138,7776,8585,19138,1650.939535104
2186,7138,7776,8583,19138,1650.939588209
2187,7138,7776,8581,19137,1650.939641314
2188,7138,7776,8579,19137,1650.939694419
2189,7138,7776,8577,19137,1650.939747525
2190,7138,7776,8576,19136,1650.939800630
2191,7138,7776,8574,19136,1650.939853735
2192,7138,7776,8572,19136,1650.939906841
2193,7138,7776,8570,19135,1650.939959946
2194,7138,7776,8568,19135,1650.940013051
2195,7138,7776,8567,19135,1650.940066157
2196,7138,7776,8565,19134,1650.940119262
2197,7138,7776,8563,19134,1650.940172367
2198,7138,7776,8561,19134,1650.940225473
2199,7138,7776,8559,19133,1650.940278578
2200,7138,7776,8558,19133,1650.940331683
2201,7138,7776,8556,19133,1650.940384788
2202,7138,7776,8554,19132,1650.940437894
2203,7138,7776,8552,19132,1650.940490999
2204,7138,7776,8551,19132,1650.940544104
2205,7138,7776,8549,19131,1650.940597210
2206,7138,7776,8547,19131,1650.940650315
2207,7138,7776,8545,19131,1650.940703420
2208,7138,7776,8543,19130,1650.940756526
2209,7138,7776,8542,19130,1650.940809631
2210,7138,7776,8540,19130,1650.940862736
2211,7138,7776,8538,19129,1650.940915842
2212,7138,7776,8537,19129,1650.940968947
2213,7138,7776,8535,19128,1650.941022052
2214,7138,7776,8533,19128,1650.941075158
2215,7138,7776,8531,19128,1650.941128263
2216,7138,7776,8530,19127,1650.941181368
2217,7138,7776,8528,19127,1650.941234473
2218,7138,7776,8526,19126,1650.941287579
2219,7138,7776,8524,19126,1650.941340684
2220,7138,7776,8523,19126,1650.941393789
2221,7138,7776,8521,19125,1650.941446895
2222,7138,7776,8519,19125,1650.941500000
2223,7138,7776,8517,19124,1650.941553105
2224,7138,7776,8516,19124,1650.941606211
2225,7138,7776,8514,19124,1650.941659316
2226,7138,7776,8512,19123,1650.941712421
2227,7138,7776,8511,19123,1650.941765527
2228,7138,7776,8509,19122,1650.941818632
2229,7138,7776,8507,19122,1650.941871737
2230,7138,7776,8506,19121,1650.941924842
2231,7138,7776,8504,19121,1650.941977948
2232,7138,7776,8502,19121,1650.942031053
2233,7138,7776,8500,19120,1650.942084158
2234,7138,7776,8499,19120,1650.942137264
2235,7138,7776,8497,19119,1650.942190369
2236,7138,7776,8495,19119,1650.942243474
2237,7138,7776,8494,19118,1650.942296580
2238,7138,7776,8492,19118,1650.942349685
2239,7138,7776,8490,19117,1650.942402790
2240,7138,7776,8489,19117,1650.942455896
2241,7138,7776,8487,19117,1650.942509001
2242,7138,7776,8485,19116,1650.942562106
2243,7138,7776,8484,19116,1650.942615212
2244,7138,7776,8482,19115,1650.942668317
2245,7138,7776,8480,19115,1650.942721422
2246,7138,7776,8478,19114,1650.942774527
2247,7138,7776,8477,19114,1650.942827633
2248,7138,7776,8475,19113,1650.942880738
2249,7138,7776,8473,19113,1650.942933843
2250,7138,7776,8472,19112,1650.942986949
2251,7138,7776,8470,19112,1650.943040054
2252,7138,7776,8468,19111,1650.943093159
2253,7138,7776,8467,19111,1650.943146265
2254,7138,7776,8465,19111,1650.943199370
2255,7138,7776,8463,19110,1650.943252475
2256,7138,7776,8462,19110,1650.943305581
2257,7138,7776,8460,19109,1650.943358686
2258,7138,7776,8458,19109,1650.943411791
2259,7138,7776,8457,19108,1650.943464896
2260,7138,7776,8455,19108,1650.943518002
2261,7138,7776,8453,19107,1650.943571107
2262,7138,7776,8452,19107,1650.943624212
2263,7138,7776,8450,19106,1650.943677318
2264,7138,7776,8448,19106,1650.943730423
2265,7138,7776,8447,19105,1650.943783528
2266,7138,7776,8445,19105,1650.943836634
2267,7138,7776,8443,19104,1650.943889739
2268,7138,7776,8442,19104,1650.943942844
2269,7138,7776,8440,19103,1650.943995950
2270,7138,7776,8438,19103,1650.944049055
2271,7138,7776,8437,19102,1650.944102160
2272,7138,7776,8435,19102,1650.944155266
2273,7138,7776,8433,19101,1650.944208371
2274,7138,7776,8431,19101,1650.944261476
2275,7138,7776,8430,19100,1650.944314581
2276,7138,7776,8428,19100,1650.944367687
2277,7138,7776,8426,19099,1650.944420792
2278,7138,7776,8425,19099,1650.944473897
2279,7138,7776,8423,19098,1650.944527003
2280,7138,7776,8421,19098,1650.944580108
2281,7138,7776,8420,19097,1650.944633213
2282,7138,7776,8418,19097,1650.944686319
2283,7138,7776,8416,19096,1650.944739424
2284,7138,7776,8415,19096,1650.944792529
2285,7138,7776,8413,19095,1650.944845635
2286,7138,7776,8411,19095,1650.944898740
2287,7138,7776,8410,19094,1650.944951845
2288,7138,7776,8408,19094,1650.945004950
2289,7138,7776,8406,19093,1650.945058056
2290,7138,7776,8404,19093,1650.945111161
2291,7138,7776,8403,19092,1650.945164266
2292,7138,7776,8401,19092,1650.945217372
2293,7138,7776,8399,19092,1650.945270477
2294,7138,7776,8398,19091,1650.945323582
2295,7138,7776,8396,19091,1650.945376688
2296,7138,7776,8394,19090,1650.945429793
2297,7138,7776,8393,19090,1650.945482898
2298,7138,7776,8391,19089,1650.945536004
2299,7138,7776,8389,19089,1650.945589109
2300,7138,7776,8387,19088,1650.945642214
2301,7138,7776,8386,19088,1650.945695320
2302,7138,7777,8384,19087,1650.945748425
2303,7138,7777,8382,19087,1650.945801530
2304,7138,7777,8381,19086,1650.945854635
2305,7139,7777,8379,19086,1650.945907741
2306,7139,7777,8377,19085,1650.945960846
2307,7139,7777,8375,19085,1650.946013951
2308,7139,7777,8374,19084,1650.946067057
2309,7139,7777,8372,19084,1650.946120162
2310,7139,7777,8370,19083,1650.946173267
2311,7139,7777,8369,19083,1650.946226373
2312,7139,7777,8367,19082,1650.946279478
2313,7139,7777,8365,19082,1650.946332583
2314,7139,7777,8364,19081,1650.946385689
2315,7139,7777,8362,19081,1650.946438794
2316,7139,7777,8360,19080,1650.946491899
2317,7139,7777,8359,19080,1650.946545005
2318,7139,7777,8357,19079,1650.946598110
2319,7139,7777,8355,19079,1650.946651215
2320,7139,7777,8354,19079,1650.946704320
2321,7139,7777,8352,19078,1650.946757426
2322,7139,7777,8350,19078,1650.946810531
2323,7139,7777,8349,19077,1650.946863636
2324,7139,7777,8347,19077,1650.946916742
2325,7139,7777,8345,19076,1650.946969847
2326,7139,7777,8344,19076,1650.947022952
2327,7139,7777,8342,19075,1650.947076058
2328,7139,7777,8340,19075,1650.947129163
2329,7139,7777,8339,19074,1650.947182268
2330,7139,7777,8337,19074,1650.947235374
2331,7139,7778,8335,19073,1650.947288479
2332,7139,7778,8334,19073,1650.947341584
2333,7139,7778,8332,19072,1650.947394689
2334,7139,7778,8331,19072,1650.947447795
2335,7139,7778,8329,19072,1650.947500900
2336,7139,7778,8327,19071,1650.947554005
2337,7139,7778,8326,19071,1650.947607111
2338,7139,7778,8324,19070,1650.947660216
2339,7139,7778,8323,19070,1650.947713321
2340,7139,7778,8321,19069,1650.947766427
2341,7139,7778,8320,19069,1650.947819532
2342,7139,7778,8318,19068,1650.947872637
2343,7139,7778,8316,19068,1650.947925743
2344,7139,7778,8315,19067,1650.947978848
2345,7139,7778,8313,19067,1650.948031953
2346,7139,7778,8312,19067,1650.948085059
2347,7139,7778,8310,19066,1650.948138164
2348,7139,7778,8309,19066,1650.948191269
2349,7139,7778,8307,19065,1650.948244374
2350,7139,7777,8306,19065,1650.948297480
2351,7139,7777,8304,19064,1650.948350585
2352,7139,7777,8303,19064,1650.948403690
2353,7139,7777,8301,19063,1650.948456796
2354,7139,7777,8300,19063,1650.948509901
2355,7139,7777,8298,19063,1650.948563006
2356,7139,7777,8297,19062,1650.948616112
2357,7139,7777,8295,19062,1650.948669217
2358,7139,7777,8294,19061,1650.948722322
2359,7139,7777,8293,19061,1650.948775428
2360,7139,7777,8291,19060,1650.948828533
2361,7139,7777,8290,19060,1650.948881638
2362,7139,7777,8288,19060,1650.948934743
2363,7139,7777,8287,19059,1650.948987849
2364,7139,7777,8286,19059,1650.949040954
2365,7139,7777,8284,19058,1650.949094059
2366,7139,7777,8283,19058,1650.949147165
2367,7138,7777,8281,19057,1650.949200270
2368,7138,7776,8280,19057,1650.949253375
2369,7138,7776,8279,19057,1650.949306481
2370,7138,7776,8277,19056,1650.949359586
2371,7138,7776,8276,19056,1650.949412691
2372,7138,7776,8275,19055,1650.949465797
2373,7138,7776,8274,19055,1650.949518902
2374,7138,7776,8272,19054,1650.949572007
2375,7138,7776,8271,19054,1650.949625113
2376,7138,7776,8270,19054,1650.949678218
2377,7138,7775,8268,19053,1650.949731323
2378,7137,7775,8267,19053,1650.949784428
2379,7137,7775,8266,19052,1650.949837534
2380,7137,7775,8265,19052,1650.949890639
2381,7137,7775,8264,19052,1650.949943744
2382,7137,7775,8262,19051,1650.949996850
2383,7137,7775,8261,19051,1650.950049955
2384,7137,7774,8260,19050,1650.950103060
2385,7137,7774,8259,19050,1650.950156166
2386,7136,7774,8258,19049,1650.950209271
2387,7136,7774,8256,19049,1650.950262376
2388,7136,7774,8255,19049,1650.950315482
2389,7136,7774,8254,19048,1650.950368587
2390,7136,7774,8253,19048,1650.950421692
2391,7136,7773,8252,19047,1650.950474797
2392,7136,7773,8250,19047,1650.950527903
2393,7136,7773,8249,19046,1650.950581008
2394,7135,7773,8248,19046,1650.950634113
2395,7135,7773,8247,19046,1650.950687219
2396,7135,7773,8245,19045,1650.950740324
2397,7135,7773,8244,19045,1650.950793429
2398,7135,7772,8243,19044,1650.950846535
2399,7135,7772,8242,19044,1650.950899640
2400,7135,7772,8241,19043,1650.950952745
2401,7135,7772,8239,19043,1650.951005851
2402,7135,7772,8238,19042,1650.951058956
2403,7134,7772,8237,19042,1650.951112061
2404,7134,7772,8235,19041,1650.951165167
2405,7134,7771,8234,19041,1650.951218272
2406,7134,7771,8233,19041,1650.951271377
2407,7134,7771,8231,19040,1650.951324482
2408,7134,7771,8230,19040,1650.951377588
2409,7134,7771,8229,19039,1650.951430693
2410,7134,7771,8227,19039,1650.951483798
2411,7134,7771,8226,19038,1650.951536904
2412,7134,7771,8225,19038,1650.951590009
2413,7133,7771,8223,19037,1650.951643114
2414,7133,7770,8222,19036,1650.951696220
2415,7133,7770,8220,19036,1650.951749325
2416,7133,7770,8219,19035,1650.951802430
2417,7133,7770,8217,19035,1650.951855536
2418,7133,7770,8216,19034,1650.951908641
2419,7133,7770,8214,19034,1650.951961746
2420,7133,7770,8213,19033,1650.952014851
2421,7133,7770,8211,19033,1650.952067957
2422,7133,7770,8209,19032,1650.952121062
2423,7133,7770,8208,19031,1650.952174167
2424,7133,7770,8206,19031,1650.952227273
2425,7133,7770,8204,19030,1650.952280378
2426,7133,7770,8203,19029,1650.952333483
2427,7133,7770,8201,19029,1650.952386589
2428,7133,7770,8199,19028,1650.952439694
2429,7133,7770,8197,19028,1650.952492799
2430,7133,7770,8195,19027,1650.952545905
2431,7133,7770,8194,19026,1650.952599010
2432,7133,7770,8192,19026,1650.952652115
2433,7133,7770,8190,19025,1650.952705221
2434,7133,7770,8188,19024,1650.952758326
2435,7133,7770,8186,19023,1650.952811431
2436,7133,7771,8184,19023,1650.952864536
2437,7134,7771,8182,19022,1650.952917642
2438,7134,7771,8179,19021,1650.952970747
2439,7134,7771,8177,19020,1650.953023852
2440,7134,7771,8175,19020,1650.953076958
2441,7134,7771,8173,19019,1650.953130063
2442,7134,7771,8171,19018,1650.953183168
2443,7134,7772,8168,19017,1650.953236274
2444,7135,7772,8166,19016,1650.953289379
2445,7135,7772,8163,19016,1650.953342484
2446,7135,7772,8161,19015,1650.953395590
2447,7135,7773,8159,19014,1650.953448695
2448,7135,7773,8156,19013,1650.953501800
2449,7136,7773,8153,19012,1650.953554905
2450,7136,7773,8151,19011,1650.953608011
2451,7136,7774,8148,19010,1650.953661116
2452,7136,7774,8145,19009,1650.953714221
2453,7137,7774,8143,19008,1650.953767327
2454,7137,7775,8140,19007,1650.953820432
2455,7137,7775,8137,19006,1650.953873537
2456,7138,7775,8134,19005,1650.953926643
2457,7138,7776,8131,19004,1650.953979748
2458,7138,7776,8128,19003,1650.954032853
2459,7139,7777,8125,19002,1650.954085959
2460,7139,7777,8122,19001,1650.954139064
2461,7139,7778,8119,19000,1650.954192169
2462,7140,7778,8116,18999,1650.954245275
2463,7140,7779,8112,18998,1650.954298380
2464,7141,7779,8109,18997,1650.954351485
2465,7141,7780,8106,18996,1650.954404590
2466,7141,7780,8102,18995,1650.954457696
2467,7142,7781,8099,18994,1650.954510801
2468,7142,7781,8096,18992,1650.954563906
2469,7143,7782,8092,18991,1650.954617012
2470,7143,7782,8089,18990,1650.954670117
2471,7144,7783,8085,18989,1650.954723222
2472,7144,7783,8082,18988,1650.954776328
2473,7145,7784,8079,18987,1650.954829433
2474,7145,7785,8075,18986,1650.954882538
2475,7146,7785,8072,18984,1650.954935644
2476,7146,7786,8068,18983,1650.954988749
2477,7147,7786,8065,18982,1650.955041854
2478,7147,7787,8061,18981,1650.955094959
2479,7148,7787,8058,18980,1650.955148065
2480,7148,7788,8054,18979,1650.955201170
2481,7148,7789,8051,18978,1650.955254275
2482,7149,7789,8048,18977,1650.955307381
2483,7149,7790,8044,18976,1650.955360486
2484,7150,7790,8041,18974,1650.955413591
2485,7150,7791,8037,18973,1650.955466697
2486,7151,7791,8034,18972,1650.955519802
2487,7151,7792,8031,18971,1650.955572907
2488,7152,7792,8028,18970,1650.955626013
2489,7152,7793,8024,18969,1650.955679118
2490,7152,7793,8021,18968,1650.955732223
2491,7153,7794,8018,18967,1650.955785329
2492,7153,7794,8015,18966,1650.955838434
2493,7153,7794,8012,18965,1650.955891539
2494,7154,7795,8009,18964,1650.955944644
2495,7154,7795,8006,18963,1650.955997750
2496,7154,7796,8003,18963,1650.956050855
2497,7155,7796,8000,18962,1650.956103960
2498,7155,7796,7998,18961,1650.956157066
2499,7155,7797,7995,18960,1650.956210171
2500,7156,7797,7992,18959,1650.956263276
2501,7156,7797,7990,18959,1650.956316382
2502,7156,7797,7987,18958,1650.956369487
2503,7156,7798,7985,18957,1650.956422592
2504,7156,7798,7983,18956,1650.956475698
2505,7156,7798,7980,18956,1650.956528803
2506,7157,7798,7978,18955,1650.956581908
2507,7157,7798,7976,18955,1650.956635014
2508,7157,7798,7974,18954,1650.956688119
2509,7157,7798,7972,18954,1650.956741224
2510,7157,7798,7971,18953,1650.956794329
2511,7157,7798,7969,18953,1650.956847435
2512,7157,7798,7967,18952,1650.956900540
2513,7157,7798,7966,18952,1650.956953645
2514,7157,7798,7965,18952,1650.957006751
2515,7156,7798,7963,18951,1650.957059856
2516,7156,7798,7962,18951,1650.957112961
2517,7156,7798,7961,18951,1650.957166067
2518,7156,7797,7961,18951,1650.957219172
2519,7156,7797,7960,18951,1650.957272277
2520,7155,7797,7959,18951,1650.957325383
2521,7155,7796,7959,18951,1650.957378488
2522,7155,7796,7958,18951,1650.957431593
2523,7154,7795,7958,18951,1650.957484698
2524,7154,7795,7958,18951,1650.957537804
2525,7153,7794,7958,18951,1650.957590909
2526,7153,7793,7958,18952,1650.957644014
2527,7152,7793,7959,18952,1650.957697120
2528,7151,7792,7959,18952,1650.957750225
2529,7151,7791,7960,18953,1650.957803330
2530,7150,7790,7961,18953,1650.957856436
2531,7149,7790,7962,18954,1650.957909541
2532,7149,7789,7963,18954,1650.957962646
2533,7148,7788,7964,18955,1650.958015752
2534,7147,7787,7965,18956,1650.958068857
2535,7146,7786,7967,18957,1650.958121962
2536,7145,7784,7969,18957,1650.958175068
2537,7144,7783,7971,18958,1650.958228173
2538,7143,7782,7973,18959,1650.958281278
2539,7142,7781,7975,18960,1650.958334383
2540,7141,7779,7978,18961,1650.958387489
2541,7139,7778,7981,18963,1650.958440594
2542,7138,7776,7984,18964,1650.958493699
2543,7137,7775,7987,18965,1650.958546805
2544,7135,7773,7990,18967,1650.958599910
2545,7134,7771,7994,18968,1650.958653015
2546,7133,7769,7997,18970,1650.958706121
2547,7131,7768,8001,18971,1650.958759226
2548,7129,7766,8005,18973,1650.958812331
2549,7128,7764,8009,18974,1650.958865437
2550,7126,7762,8014,18976,1650.958918542
2551,7124,7760,8018,18978,1650.958971647
2552,7123,7758,8023,18980,1650.959024752
2553,7121,7756,8028,18982,1650.959077858
2554,7119,7753,8033,18984,1650.959130963
2555,7117,7751,8038,18986,1650.959184068
2556,7115,7749,8043,18988,1650.959237174
2557,7113,7747,8048,18990,1650.959290279
2558,7111,7744,8054,18992,1650.959343384
2559,7109,7742,8059,18994,1650.959396490
2560,7107,7739,8065,18997,1650.959449595
2561,7105,7737,8071,18999,1650.959502700
2562,7103,7734,8077,19001,1650.959555806
2563,7101,7732,8083,19004,1650.959608911
2564,7099,7729,8089,19006,1650.959662016
2565,7097,7727,8095,19009,1650.959715122
2566,7095,7724,8102,19011,1650.959768227
2567,7092,7721,8108,19014,1650.959821332
2568,7090,7719,8115,19016,1650.959874437
2569,7088,7716,8121,19019,1650.959927543
2570,7086,7713,8128,19021,1650.959980648
2571,7083,7711,8135,19024,1650.960033753
2572,7081,7708,8141,19027,1650.960086859
2573,7079,7705,8148,19029,1650.960139964
2574,7076,7702,8155,19032,1650.960193069
2575,7074,7699,8162,19035,1650.960246175
2576,7071,7696,8169,19037,1650.960299280
2577,7069,7694,8176,19040,1650.960352385
2578,7067,7691,8183,19043,1650.960405491
2579,7064,7688,8190,19046,1650.960458596
2580,7062,7685,8198,19048,1650.960511701
2581,7059,7682,8205,19051,1650.960564806
2582,7057,7679,8212,19054,1650.960617912
2583,7055,7676,8219,19057,1650.960671017
2584,7052,7673,8226,19059,1650.960724122
2585,7050,7671,8234,19062,1650.960777228
2586,7047,7668,8241,19065,1650.960830333
2587,7045,7665,8248,19068,1650.960883438
2588,7042,7662,8255,19071,1650.960936544
2589,7040,7659,8263,19073,1650.960989649
2590,7038,7656,8270,19076,1650.961042754
2591,7035,7653,8277,19079,1650.961095860
2592,7033,7650,8284,19082,1650.961148965
2593,7030,7647,8291,19084,1650.961202070
2594,7028,7645,8298,19087,1650.961255176
2595,7026,7642,8305,19090,1650.961308281
2596,7023,7639,8312,19093,1650.961361386
2597,7021,7636,8319,19095,1650.961414491
2598,7019,7633,8326,19098,1650.961467597
2599,7016,7631,8333,19101,1650.961520702
2600,7014,7628,8340,19103,1650.961573807
2601,7012,7625,8346,19106,1650.961626913
2602,7010,7622,8353,19108,1650.961680018
2603,7007,7620,8360,19111,1650.961733123
2604,7005,7617,8366,19113,1650.961786229
2605,7003,7615,8372,19116,1650.961839334
2606,7001,7612,8379,19118,1650.961892439
2607,6999,7609,8385,19121,1650.961945545
2608,6997,7607,8391,19123,1650.961998650
2609,6995,7605,8397,19125,1650.962051755
2610,6993,7602,8403,19128,1650.962104860
2611,6990,7600,8409,19130,1650.962157966
2612,6989,7597,8414,19132,1650.962211071
2613,6987,7595,8420,19134,1650.962264176
2614,6985,7593,8425,19137,1650.962317282
2615,6983,7591,8431,19139,1650.962370387
2616,6981,7588,8436,19141,1650.962423492
2617,6979,7586,8441,19143,1650.962476598
2618,6977,7584,8446,19145,1650.962529703
2619,6976,7582,8450,19146,1650.962582808
2620,6974,7580,8455,19148,1650.962635914
2621,6972,7578,8459,19150,1650.962689019
2622,6971,7576,8464,19152,1650.962742124
2623,6969,7574,8468,19153,1650.962795230
2624,6968,7573,8472,19155,1650.962848335
2625,6967,7571,8476,19156,1650.962901440
2626,6965,7569,8479,19158,1650.962954545
2627,6964,7568,8482,19159,1650.963007651
2628,6963,7566,8486,19161,1650.963060756
2629,6961,7565,8489,19162,1650.963113861
2630,6960,7563,8492,19163,1650.963166967
2631,6959,7562,8494,19164,1650.963220072
2632,6958,7561,8497,19165,1650.963273177
2633,6957,7560,8499,19166,1650.963326283
2634,6956,7558,8501,19167,1650.963379388
2635,6955,7557,8503,19168,1650.963432493
2636,6954,7556,8505,19169,1650.963485599
2637,6953,7555,8507,19169,1650.963538704
2638,6953,7554,8508,19170,1650.963591809
2639,6952,7554,8509,19171,1650.963644914
2640,6951,7553,8510,19171,1650.963698020
2641,6951,7552,8512,19172,1650.963751125
2642,6950,7551,8512,19172,1650.963804230
2643,6949,7550,8513,19173,1650.963857336
2644,6949,7550,8514,19173,1650.963910441
2645,6948,7549,8514,19173,1650.963963546
2646,6948,7549,8514,19174,1650.964016652
2647,6947,7548,8515,19174,1650.964069757
2648,6947,7548,8515,19174,1650.964122862
2649,6947,7547,8515,19174,1650.964175968
2650,6946,7547,8514,19174,1650.964229073
2651,6946,7547,8514,19174,1650.964282178
2652,6946,7546,8514,19174,1650.964335284
2653,6946,7546,8513,19174,1650.964388389
2654,6946,7546,8512,19174,1650.964441494
2655,6945,7546,8511,19174,1650.964494599
2656,6945,7546,8511,19174,1650.964547705
2657,6945,7546,8509,19173,1650.964600810
2658,6945,7546,8508,19173,1650.964653915
2659,6945,7546,8507,19173,1650.964707021
2660,6945,7546,8506,19172,1650.964760126
2661,6945,7546,8504,19172,1650.964813231
2662,6945,7546,8503,19172,1650.964866337
2663,6945,7546,8501,19171,1650.964919442
2664,6946,7546,8500,19171,1650.964972547
2665,6946,7546,8498,19170,1650.965025653
2666,6946,7546,8496,19170,1650.965078758
2667,6946,7547,8494,19169,1650.965131863
2668,6946,7547,8492,19169,1650.965184968
2669,6946,7547,8490,19168,1650.965238074
2670,6947,7547,8488,19167,1650.965291179
2671,6947,7548,8485,19167,1650.965344284
2672,6947,7548,8483,19166,1650.965397390
2673,6948,7548,8481,19166,1650.965450495
2674,6948,7549,8478,19165,1650.965503600
2675,6948,7549,8476,19164,1650.965556706
2676,6949,7550,8473,19163,1650.965609811
2677,6949,7550,8471,19163,1650.965662916
2678,6949,7550,8468,19162,1650.965716022
2679,6950,7551,8465,19161,1650.965769127
2680,6950,7551,8463,19160,1650.965822232
2681,6950,7552,8460,19159,1650.965875338
2682,6951,7552,8457,19159,1650.965928443
2683,6951,7553,8454,19158,1650.965981548
2684,6952,7553,8451,19157,1650.966034653
2685,6952,7554,8448,19156,1650.966087759
2686,6953,7554,8446,19155,1650.966140864
2687,6953,7555,8443,19154,1650.966193969
2688,6954,7556,8440,19153,1650.966247075
2689,6954,7556,8437,19153,1650.966300180
2690,6954,7557,8434,19152,1650.966353285
2691,6955,7557,8431,19151,1650.966406391
2692,6955,7558,8428,19150,1650.966459496
2693,6956,7558,8425,19149,1650.966512601
2694,6956,7559,8421,19148,1650.966565707
2695,6957,7559,8418,19147,1650.966618812
2696,6957,7560,8415,19146,1650.966671917
2697,6958,7561,8412,19146,1650.966725023
2698,6958,7561,8409,19145,1650.966778128
2699,6959,7562,8406,19144,1650.966831233
2700,6959,7562,8403,19143,1650.966884338
2701,6960,7563,8400,19142,1650.966937444
2702,6960,7563,8397,19141,1650.966990549
2703,6961,7564,8394,19140,1650.967043654
2704,6961,7564,8391,19140,1650.967096760
2705,6961,7565,8388,19139,1650.967149865
2706,6962,7565,8386,19138,1650.967202970
2707,6962,7566,8383,19137,1650.967256076
2708,6963,7566,8380,19137,1650.967309181
2709,6963,7567,8377,19136,1650.967362286
2710,6963,7567,8374,19135,1650.967415392
2711,6964,7568,8372,19134,1650.967468497
2712,6964,7568,8369,19134,1650.967521602
2713,6964,7569,8366,19133,1650.967574707
2714,6965,7569,8364,19132,1650.967627813
2715,6965,7569,8361,19132,1650.967680918
2716,6965,7570,8359,19131,1650.967734023
2717,6966,7570,8356,19131,1650.967787129
2718,6966,7570,8354,19130,1650.967840234
2719,6966,7571,8352,19130,1650.967893339
2720,6966,7571,8349,19129,1650.967946445
2721,6967,7571,8347,19129,1650.967999550
2722,6967,7571,8345,19128,1650.968052655
2723,6967,7572,8343,19128,1650.968105761
2724,6967,7572,8340,19127,1650.968158866
2725,6967,7572,8338,19127,1650.968211971
2726,6968,7572,8336,19126,1650.968265077
2727,6968,7573,8334,19126,1650.968318182
2728,6968,7573,8332,19125,1650.968371287
2729,6968,7573,8330,19125,1650.968424392
2730,6968,7573,8328,19125,1650.968477498
2731,6968,7573,8326,19124,1650.968530603
2732,6968,7573,8324,19124,1650.968583708
2733,6969,7573,8323,19124,1650.968636814
2734,6969,7574,8321,19123,1650.968689919
2735,6969,7574,8319,19123,1650.968743024
2736,6969,7574,8317,19123,1650.968796130
2737,6969,7574,8316,19123,1650.968849235
2738,6969,7574,8314,19122,1650.968902340
2739,6969,7574,8312,19122,1650.968955446
2740,6969,7574,8311,19122,1650.969008551
2741,6969,7574,8309,19122,1650.969061656
2742,6969,7574,8307,19121,1650.969114761
2743,6969,7574,8306,19121,1650.969167867
2744,6969,7574,8304,19121,1650.969220972
2745,6969,7574,8303,19121,1650.969274077
2746,6969,7574,8301,19121,1650.969327183
2747,6969,7574,8300,19121,1650.969380288
2748,6969,7574,8299,19120,1650.969433393
2749,6969,7574,8297,19120,1650.969486499
2750,6969,7574,8296,19120,1650.969539604
2751,6969,7574,8294,19120,1650.969592709
2752,6969,7574,8293,19120,1650.969645815
2753,6969,7574,8292,19120,1650.969698920
2754,6969,7574,8290,19120,1650.969752025
2755,6969,7574,8289,19120,1650.969805131
2756,6969,7573,8288,19120,1650.969858236
2757,6968,7573,8287,19119,1650.969911341
2758,6968,7573,8285,19119,1650.969964446
2759,6968,7573,8284,19119,1650.970017552
2760,6968,7573,8283,19119,1650.970070657
2761,6968,7573,8282,19119,1650.970123762
2762,6968,7573,8280,19119,1650.970176868
2763,6968,7573,8279,19119,1650.970229973
2764,6968,7573,8278,19119,1650.970283078
2765,6968,7572,8277,19119,1650.970336184
2766,6968,7572,8276,19119,1650.970389289
2767,6967,7572,8275,19119,1650.970442394
2768,6967,7572,8274,19119,1650.970495500
2769,6967,7572,8272,19119,1650.970548605
2770,6967,7572,8271,19119,1650.970601710
2771,6967,7572,8270,19119,1650.970654815
2772,6967,7571,8269,19119,1650.970707921
2773,6967,7571,8268,19119,1650.970761026
2774,6967,7571,8267,19119,1650.970814131
2775,6967,7571,8266,19119,1650.970867237
2776,6966,7571,8265,19119,1650.970920342
2777,6966,7571,8264,19118,1650.970973447
2778,6966,7571,8262,19118,1650.971026553
2779,6966,7570,8261,19118,1650.971079658
2780,6966,7570,8260,19118,1650.971132763
2781,6966,7570,8259,19118,1650.971185869
2782,6966,7570,8258,19118,1650.971238974
2783,6966,7570,8257,19118,1650.971292079
2784,6965,7570,8256,19118,1650.971345185
2785,6965,7569,8255,19118,1650.971398290
2786,6965,7569,8254,19118,1650.971451395
2787,6965,7569,8253,19118,1650.971504500
2788,6965,7569,8252,19118,1650.971557606
2789,6965,7569,8250,19118,1650.971610711
2790,6965,7569,8249,19118,1650.971663816
2791,6965,7569,8248,19118,1650.971716922
2792,6964,7569,8247,19118,1650.971770027
2793,6964,7568,8246,19117,1650.971823132
2794,6964,7568,8245,19117,1650.971876238
2795,6964,7568,8244,19117,1650.971929343
2796,6964,7568,8242,19117,1650.971982448
2797,6964,7568,8241,19117,1650.972035554
2798,6964,7568,8240,19117,1650.972088659
2799,6964,7568,8239,19117,1650.972141764
2800,6964,7568,8238,19116,1650.972194869
2801,6964,7568,8236,19116,1650.972247975
2802,6964,7567,8235,19116,1650.972301080
2803,6963,7567,8234,19116,1650.972354185
2804,6963,7567,8233,19116,1650.972407291
2805,6963,7567,8231,19116,1650.972460396
2806,6963,7567,8230,19115,1650.972513501
2807,6963,7567,8229,19115,1650.972566607
2808,6963,7567,8227,19115,1650.972619712
2809,6963,7567,8226,19115,1650.972672817
2810,6963,7567,8225,19114,1650.972725923
2811,6963,7567,8223,19114,1650.972779028
2812,6963,7567,8222,19114,1650.972832133
2813,6963,7567,8221,19114,1650.972885239
2814,6963,7567,8219,19113,1650.972938344
2815,6963,7567,8218,19113,1650.972991449
2816,6963,7567,8217,19113,1650.973044554
2817,6963,7567,8215,19113,1650.973097660
2818,6963,7567,8214,19112,1650.973150765
2819,6963,7567,8212,19112,1650.973203870
2820,6963,7566,8211,19112,1650.973256976
2821,6963,7566,8209,19111,1650.973310081
2822,6963,7566,8208,19111,1650.973363186
2823,6963,7566,8207,19111,1650.973416292
2824,6963,7566,8205,19111,1650.973469397
2825,6963,7566,8204,19110,1650.973522502
2826,6963,7566,8202,19110,1650.973575608
2827,6963,7566,8201,19110,1650.973628713
2828,6963,7566,8199,19109,1650.973681818
2829,6963,7566,8198,19109,1650.973734923
2830,6963,7566,8196,19109,1650.973788029
2831,6963,7566,8195,19108,1650.973841134
2832,6963,7566,8193,19108,1650.973894239
2833,6963,7566,8192,19107,1650.973947345
2834,6963,7566,8190,19107,1650.974000450
2835,6963,7566,8188,19107,1650.974053555
2836,6963,7566,8187,19106,1650.974106661
2837,6963,7566,8185,19106,1650.974159766
2838,6963,7566,8184,19106,1650.974212871
2839,6963,7567,8182,19105,1650.974265977
2840,6963,7567,8181,19105,1650.974319082
2841,6963,7567,8179,19104,1650.974372187
2842,6963,7567,8178,19104,1650.974425293
2843,6963,7567,8176,19104,1650.974478398
2844,6963,7567,8174,19103,1650.974531503
2845,6963,7567,8173,19103,1650.974584608
2846,6963,7567,8171,19102,1650.974637714
2847,6963,7567,8169,19102,1650.974690819
2848,6963,7567,8168,19101,1650.974743924
2849,6963,7567,8166,19101,1650.974797030
2850,6963,7567,8165,19101,1650.974850135
2851,6963,7567,8163,19100,1650.974903240
2852,6963,7567,8161,19100,1650.974956346
2853,6963,7567,8160,19099,1650.975009451
2854,6963,7567,8158,19099,1650.975062556
2855,6963,7567,8156,19098,1650.975115662
2856,6963,7567,8155,19098,1650.975168767
2857,6963,7567,8153,19097,1650.975221872
2858,6963,7567,8151,19097,1650.975274977
2859,6963,7567,8150,19097,1650.975328083
2860,6963,7567,8148,19096,1650.975381188
2861,6963,7567,8146,19096,1650.975434293
2862,6963,7567,8145,19095,1650.975487399
2863,6963,7567,8143,19095,1650.975540504
2864,6963,7567,8141,19094,1650.975593609
2865,6964,7567,8140,19094,1650.975646715
2866,6964,7567,8138,19093,1650.975699820
2867,6964,7567,8136,19093,1650.975752925
2868,6964,7568,8134,19092,1650.975806031
2869,6964,7568,8133,19092,1650.975859136
2870,6964,7568,8131,19091,1650.975912241
2871,6964,7568,8129,19091,1650.975965347
2872,6964,7568,8128,19090,1650.976018452
2873,6964,7568,8126,19090,1650.976071557
2874,6964,7568,8124,19089,1650.976124662
2875,6964,7568,8122,19089,1650.976177768
2876,6964,7568,8121,19088,1650.976230873
2877,6964,7568,8119,19088,1650.976283978
2878,6964,7568,8117,19088,1650.976337084
2879,6964,7568,8116,19087,1650.976390189
2880,6964,7568,8114,19087,1650.976443294
2881,6964,7568,8112,19086,1650.976496400
2882,6964,7568,8110,19086,1650.976549505
2883,6964,7568,8109,19085,1650.976602610
2884,6964,7568,8107,19085,1650.976655716
2885,6964,7568,8105,19084,1650.976708821
2886,6964,7568,8103,19084,1650.976761926
2887,6964,7568,8102,19083,1650.976815032
2888,6964,7568,8100,19083,1650.976868137
2889,6964,7568,8098,19082,1650.976921242
2890,6964,7568,8097,19082,1650.976974347
2891,6964,7568,8095,19081,1650.977027453
2892,6964,7568,8093,19081,1650.977080558
2893,6964,7568,8091,19080,1650.977133663
2894,6964,7568,8090,19080,1650.977186769
2895,6964,7568,8088,19079,1650.977239874
2896,6964,7568,8086,19079,1650.977292979
2897,6964,7568,8084,19078,1650.977346085
2898,6964,7568,8083,19078,1650.977399190
2899,6964,7568,8081,19077,1650.977452295
2900,6964,7568,8079,19077,1650.977505401
2901,6964,7568,8077,19076,1650.977558506
2902,6964,7568,8076,19076,1650.977611611
2903,6964,7568,8074,19075,1650.977664716
2904,6964,7568,8072,19075,1650.977717822
2905,6964,7568,8071,19074,1650.977770927
2906,6964,7568,8069,19074,1650.977824032
2907,6964,7568,8067,19073,1650.977877138
2908,6964,7568,8065,19073,1650.977930243
2909,6964,7568,8064,19072,1650.977983348
2910,6964,7568,8062,19072,1650.978036454
2911,6964,7568,8060,19071,1650.978089559
2912,6964,7568,8058,19071,1650.978142664
2913,6964,7568,8057,19070,1650.978195770
2914,6964,7568,8055,19070,1650.978248875
2915,6964,7568,8053,19069,1650.978301980
2916,6964,7568,8051,19069,1650.978355086
2917,6964,7568,8050,19068,1650.978408191
2918,6964,7568,8048,19068,1650.978461296
2919,6964,7568,8046,19067,1650.978514401
2920,6964,7568,8045,19067,1650.978567507
2921,6964,7568,8043,19067,1650.978620612
2922,6964,7568,8041,19066,1650.978673717
2923,6964,7568,8039,19066,1650.978726823
2924,6964,7568,8038,19065,1650.978779928
2925,6964,7568,8036,19065,1650.978833033
2926,6964,7568,8034,19064,1650.978886139
2927,6964,7568,8033,19064,1650.978939244
2928,6964,7568,8031,19063,1650.978992349
2929,6964,7568,8029,19063,1650.979045455
2930,6964,7568,8027,19062,1650.979098560
2931,6964,7568,8026,19062,1650.979151665
2932,6964,7568,8024,19061,1650.979204770
2933,6964,7568,8022,19061,1650.979257876
2934,6964,7568,8021,19060,1650.979310981
2935,6964,7568,8019,19060,1650.979364086
2936,6964,7568,8017,19060,1650.979417192
2937,6964,7568,8016,19059,1650.979470297
2938,6964,7568,8014,19059,1650.979523402
2939,6964,7568,8012,19058,1650.979576508
2940,6964,7568,8010,19058,1650.979629613
2941,6964,7568,8009,19057,1650.979682718
2942,6964,7568,8007,19057,1650.979735824
2943,6964,7568,8005,19056,1650.979788929
2944,6964,7568,8004,19056,1650.979842034
2945,6964,7568,8002,19056,1650.979895140
2946,6964,7568,8000,19055,1650.979948245
2947,6964,7568,7999,19055,1650.980001350
2948,6964,7568,7997,19054,1650.980054455
2949,6964,7568,7995,19054,1650.980107561
2950,6964,7568,7994,19053,1650.980160666
2951,6964,7568,7992,19053,1650.980213771
2952,6964,7568,7990,19053,1650.980266877
2953,6964,7568,7989,19052,1650.980319982
2954,6964,7568,7987,19052,1650.980373087
2955,6964,7568,7986,19051,1650.980426193
2956,6964,7568,7984,19051,1650.980479298
2957,6964,7568,7982,19050,1650.980532403
2958,6964,7568,7981,19050,1650.980585509
2959,6964,7568,7979,19050,1650.980638614
2960,6964,7568,7977,19049,1650.980691719
2961,6964,7568,7976,19049,1650.980744824
2962,6964,7568,7974,19048,1650.980797930
2963,6964,7568,7973,19048,1650.980851035
2964,6964,7568,7971,19048,1650.980904140
2965,6964,7568,7969,19047,1650.980957246
2966,6964,7568,7968,19047,1650.981010351
2967,6964,7568,7966,19047,1650.981063456
2968,6964,7568,7964,19046,1650.981116562
2969,6964,7568,7963,19046,1650.981169667
2970,6964,7568,7961,19045,1650.981222772
2971,6964,7568,7960,19045,1650.981275878
2972,6964,7568,7958,19045,1650.981328983
2973,6964,7568,7957,19044,1650.981382088
2974,6964,7568,7955,19044,1650.981435194
2975,6964,7568,7953,19044,1650.981488299
2976,6964,7568,7952,19043,1650.981541404
2977,6964,7568,7950,19043,1650.981594509
2978,6964,7568,7949,19043,1650.981647615
2979,6964,7568,7947,19042,1650.981700720
2980,6964,7568,7946,19042,1650.981753825
2981,6964,7568,7944,19041,1650.981806931
2982,6964,7568,7943,19041,1650.981860036
2983,6964,7568,7941,19041,1650.981913141
2984,6964,7568,7939,19040,1650.981966247
2985,6964,7568,7938,19040,1650.982019352
2986,6964,7568,7936,19040,1650.982072457
2987,6964,7568,7935,19039,1650.982125563
2988,6964,7568,7933,19039,1650.982178668
2989,6964,7568,7932,19039,1650.982231773
2990,6964,7568,7930,19038,1650.982284878
2991,6964,7568,7929,19038,1650.982337984
2992,6964,7568,7927,19038,1650.982391089
2993,6964,7568,7926,19037,1650.982444194
2994,6964,7568,7924,19037,1650.982497300
2995,6964,7568,7923,19037,1650.982550405
2996,6964,7568,7921,19036,1650.982603510
2997,6964,7568,7920,19036,1650.982656616
2998,6964,7568,7918,19036,1650.982709721
2999,6964,7568,7917,19036,1650.982762826
3000,6964,7568,7915,19035,1650.982815932
3001,6964,7568,7914,19035,1650.982869037
3002,6964,7568,7912,19035,1650.982922142
3003,6964,7568,7911,19034,1650.982975248
3004,6964,7568,7909,19034,1650.983028353
3005,6964,7568,7908,19034,1650.983081458
3006,6964,7568,7906,19033,1650.983134563
3007,6964,7568,7905,19033,1650.983187669
3008,6964,7568,7903,19033,1650.983240774
3009,6964,7568,7902,19032,1650.983293879
3010,6964,7568,7900,19032,1650.983346985
3011,6964,7568,7899,19032,1650.983400090
3012,6964,7568,7897,19032,1650.983453195
3013,6964,7568,7896,19031,1650.983506301
3014,6964,7568,7895,19031,1650.983559406
3015,6964,7568,7893,19031,1650.983612511
3016,6964,7568,7892,19030,1650.983665617
3017,6964,7568,7890,19030,1650.983718722
3018,6964,7568,7889,19030,1650.983771827
3019,6964,7568,7887,19029,1650.983824932
3020,6964,7568,7886,19029,1650.983878038
3021,6964,7568,7884,19029,1650.983931143
3022,6964,7568,7883,19029,1650.983984248
3023,6964,7568,7881,19028,1650.984037354
3024,6964,7568,7880,19028,1650.984090459
3025,6964,7568,7879,19028,1650.984143564
3026,6964,7568,7877,19027,1650.984196670
3027,6964,7568,7876,19027,1650.984249775
3028,6964,7568,7874,19027,1650.984302880
3029,6964,7568,7873,19026,1650.984355986
3030,6964,7568,7871,19026,1650.984409091
3031,6964,7568,7870,19026,1650.984462196
3032,6964,7568,7868,19026,1650.984515302
3033,6964,7568,7867,19025,1650.984568407
3034,6964,7568,7866,19025,1650.984621512
3035,6964,7568,7864,19025,1650.984674617
3036,6964,7568,7863,19024,1650.984727723
3037,6964,7568,7861,19024,1650.984780828
3038,6964,7568,7860,19024,1650.984833933
3039,6964,7568,7858,19023,1650.984887039
3040,6964,7568,7857,19023,1650.984940144
3041,6964,7568,7856,19023,1650.984993249
3042,6964,7568,7854,19023,1650.985046355
3043,6964,7568,7853,19022,1650.985099460
3044,6964,7568,7851,19022,1650.985152565
3045,6964,7568,7850,19022,1650.985205671
3046,6964,7568,7848,19021,1650.985258776
3047,6964,7568,7847,19021,1650.985311881
3048,6964,7568,7846,19021,1650.985364986
3049,6964,7568,7844,19020,1650.985418092
3050,6964,7568,7843,19020,1650.985471197
3051,6964,7568,7841,19020,1650.985524302
3052,6964,7568,7840,19020,1650.985577408
3053,6964,7568,7839,19019,1650.985630513
3054,6964,7568,7837,19019,1650.985683618
3055,6964,7568,7836,19019,1650.985736724
3056,6964,7568,7834,19018,1650.985789829
3057,6964,7568,7833,19018,1650.985842934
3058,6964,7568,7831,19018,1650.985896040
3059,6964,7568,7830,19017,1650.985949145
3060,6964,7568,7829,19017,1650.986002250
3061,6964,7568,7827,19017,1650.986055356
3062,6964,7568,7826,19016,1650.986108461
3063,6964,7568,7824,19016,1650.986161566
3064,6964,7568,7823,19016,1650.986214671
3065,6964,7568,7821,19015,1650.986267777
3066,6964,7568,7820,19015,1650.986320882
3067,6964,7568,7819,19015,1650.986373987
3068,6964,7568,7817,19014,1650.986427093
3069,6964,7568,7816,19014,1650.986480198
3070,6964,7568,7814,19014,1650.986533303
3071,6964,7568,7813,19013,1650.986586409
3072,6964,7568,7811,19013,1650.986639514
3073,6964,7568,7810,19013,1650.986692619
3074,6964,7568,7809,19012,1650.986745725
3075,6964,7568,7807,19012,1650.986798830
3076,6964,7568,7806,19012,1650.986851935
3077,6964,7568,7804,19011,1650.986905041
3078,6964,7568,7803,19011,1650.986958146
3079,6964,7568,7801,19011,1650.987011251
3080,6964,7568,7800,19010,1650.987064356
3081,6964,7568,7799,19010,1650.987117462
3082,6964,7568,7797,19010,1650.987170567
3083,6964,7568,7796,19009,1650.987223672
3084,6964,7568,7794,19009,1650.987276778
3085,6964,7568,7793,19009,1650.987329883
3086,6964,7568,7791,19008,1650.987382988
3087,6964,7568,7790,19008,1650.987436094
3088,6964,7568,7788,19007,1650.987489199
3089,6964,7568,7787,19007,1650.987542304
3090,6964,7568,7785,19007,1650.987595410
3091,6964,7568,7784,19006,1650.987648515
3092,6964,7568,7782,19006,1650.987701620
3093,6964,7568,7781,19006,1650.987754725
3094,6964,7568,7779,19005,1650.987807831
3095,6964,7568,7778,19005,1650.987860936
3096,6964,7568,7776,19004,1650.987914041
3097,6964,7568,7775,19004,1650.987967147
3098,6964,7568,7773,19004,1650.988020252
3099,6964,7568,7772,19003,1650.988073357
3100,6964,7568,7770,19003,1650.988126463
3101,6964,7568,7769,19002,1650.988179568
3102,6964,7568,7767,19002,1650.988232673
3103,6964,7568,7766,19002,1650.988285779
3104,6964,7568,7764,19001,1650.988338884
3105,6964,7568,7763,19001,1650.988391989
3106,6964,7568,7761,19000,1650.988445095
3107,6964,7568,7760,19000,1650.988498200
3108,6964,7568,7758,19000,1650.988551305
3109,6964,7568,7757,18999,1650.988604410
3110,6964,7568,7755,18999,1650.988657516
3111,6964,7568,7754,18998,1650.988710621
3112,6964,7568,7752,18998,1650.988763726
3113,6964,7568,7750,18997,1650.988816832
3114,6964,7568,7749,18997,1650.988869937
3115,6964,7568,7747,18997,1650.988923042
3116,6964,7568,7746,18996,1650.988976148
3117,6964,7568,7744,18996,1650.989029253
3118,6964,7568,7743,18995,1650.989082358
3119,6964,7568,7741,18995,1650.989135464
3120,6964,7568,7739,18994,1650.989188569
3121,6964,7568,7738,18994,1650.989241674
3122,6964,7568,7736,18993,1650.989294779
3123,6964,7568,7734,18993,1650.989347885
3124,6964,7568,7733,18993,1650.989400990
3125,6964,7568,7731,18992,1650.989454095
3126,6964,7568,7730,18992,1650.989507201
3127,6964,7568,7728,18991,1650.989560306
3128,6964,7568,7726,18991,1650.989613411
3129,6964,7568,7725,18990,1650.989666517
3130,6964,7568,7723,18990,1650.989719622
3131,6964,7568,7721,18989,1650.989772727
3132,6964,7568,7720,18989,1650.989825833
3133,6964,7568,7718,18988,1650.989878938
3134,6964,7568,7716,18988,1650.989932043
3135,6964,7568,7714,18987,1650.989985149
3136,6964,7568,7713,18987,1650.990038254
3137,6964,7568,7711,18986,1650.990091359
3138,6964,7568,7709,18986,1650.990144464
3139,6964,7568,7708,18985,1650.990197570
3140,6964,7568,7706,18985,1650.990250675
3141,6964,7568,7704,18984,1650.990303780
3142,6964,7568,7702,18983,1650.990356886
3143,6964,7568,7701,18983,1650.990409991
3144,6964,7568,7699,18982,1650.990463096
3145,6964,7568,7697,18982,1650.990516202
3146,6964,7568,7695,18981,1650.990569307
3147,6964,7568,7694,18981,1650.990622412
3148,6964,7568,7692,18980,1650.990675518
3149,6964,7568,7690,18980,1650.990728623
3150,6964,7568,7688,18979,1650.990781728
3151,6964,7568,7686,18979,1650.990834833
3152,6964,7568,7685,18978,1650.990887939
3153,6964,7568,7683,18977,1650.990941044
3154,6964,7568,7681,18977,1650.990994149
3155,6964,7568,7679,18976,1650.991047255
3156,6964,7568,7677,18976,1650.991100360
3157,6964,7568,7675,18975,1650.991153465
3158,6964,7568,7674,18975,1650.991206571
3159,6964,7568,7672,18974,1650.991259676
3160,6964,7568,7670,18974,1650.991312781
3161,6964,7568,7668,18973,1650.991365887
3162,6964,7568,7666,18972,1650.991418992
3163,6964,7568,7664,18972,1650.991472097
3164,6964,7568,7663,18971,1650.991525203
3165,6964,7568,7661,18971,1650.991578308
3166,6964,7568,7659,18970,1650.991631413
3167,6964,7568,7657,18970,1650.991684518
3168,6964,7568,7655,18969,1650.991737624
3169,6964,7568,7653,18968,1650.991790729
3170,6964,7568,7651,18968,1650.991843834
3171,6964,7568,7650,18967,1650.991896940
3172,6964,7568,7648,18967,1650.991950045
3173,6964,7568,7646,18966,1650.992003150
3174,6964,7568,7644,18966,1650.992056256
3175,6964,7568,7642,18965,1650.992109361
3176,6964,7568,7640,18965,1650.992162466
3177,6964,7568,7638,18964,1650.992215572
3178,6964,7568,7637,18963,1650.992268677
3179,6964,7568,7635,18963,1650.992321782
3180,6964,7568,7633,18962,1650.992374887
3181,6964,7568,7631,18962,1650.992427993
3182,6964,7568,7629,18961,1650.992481098
3183,6964,7568,7627,18961,1650.992534203
3184,6964,7568,7625,18960,1650.992587309
3185,6964,7568,7623,18960,1650.992640414
3186,6964,7568,7622,18959,1650.992693519
3187,6964,7568,7620,18959,1650.992746625
3188,6964,7568,7618,18958,1650.992799730
3189,6964,7568,7616,18957,1650.992852835
3190,6964,7568,7614,18957,1650.992905941
3191,6964,7568,7612,18956,1650.992959046
3192,6964,7568,7610,18956,1650.993012151
3193,6964,7568,7609,18955,1650.993065257
3194,6964,7568,7607,18955,1650.993118362
3195,6964,7568,7605,18954,1650.993171467
3196,6964,7568,7603,18954,1650.993224572
3197,6964,7568,7601,18953,1650.993277678
3198,6964,7568,7599,18953,1650.993330783
3199,6964,7568,7598,18952,1650.993383888
3200,6964,7568,7596,18952,1650.993436994
3201,6964,7568,7594,18951,1650.993490099
3202,6964,7568,7592,18951,1650.993543204
3203,6964,7568,7590,18950,1650.993596310
3204,6964,7568,7588,18950,1650.993649415
3205,6964,7568,7587,18949,1650.993702520
3206,6964,7568,7585,18949,1650.993755626
3207,6964,7568,7583,18948,1650.993808731
3208,6964,7568,7581,18948,1650.993861836
3209,6964,7568,7579,18948,1650.993914941
3210,6964,7568,7578,18947,1650.993968047
3211,6964,7568,7576,18947,1650.994021152
3212,6964,7568,7574,18946,1650.994074257
3213,6964,7568,7572,18946,1650.994127363
3214,6964,7568,7571,18945,1650.994180468
3215,6964,7568,7569,18945,1650.994233573
3216,6964,7568,7567,18945,1650.994286679
3217,6964,7568,7565,18944,1650.994339784
3218,6964,7568,7563,18944,1650.994392889
3219,6964,7568,7562,18943,1650.994445995
3220,6964,7568,7560,18943,1650.994499100
3221,6964,7568,7558,18943,1650.994552205
3222,6964,7568,7557,18942,1650.994605311
3223,6964,7568,7555,18942,1650.994658416
3224,6964,7568,7553,18942,1650.994711521
3225,6964,7568,7551,18941,1650.994764626
3226,6964,7568,7550,18941,1650.994817732
3227,6964,7568,7548,18941,1650.994870837
3228,6964,7568,7546,18940,1650.994923942
3229,6964,7568,7545,18940,1650.994977048
3230,6964,7568,7543,18940,1650.995030153
3231,6964,7568,7541,18939,1650.995083258
3232,6964,7568,7540,18939,1650.995136364
3233,6964,7568,7538,18939,1650.995189469
3234,6964,7568,7536,18938,1650.995242574
3235,6964,7568,7535,18938,1650.995295680
3236,6964,7568,7533,18938,1650.995348785
3237,6964,7568,7532,18937,1650.995401890
3238,6964,7568,7530,18937,1650.995454995
3239,6964,7568,7528,18937,1650.995508101
3240,6964,7568,7527,18937,1650.995561206
3241,6964,7568,7525,18936,1650.995614311
3242,6964,7568,7524,18936,1650.995667417
3243,6964,7568,7522,18936,1650.995720522
3244,6964,7568,7520,18936,1650.995773627
3245,6964,7568,7519,18935,1650.995826733
3246,6964,7568,7517,18935,1650.995879838
3247,6964,7568,7516,18935,1650.995932943
3248,6964,7568,7514,18935,1650.995986049
3249,6964,7568,7513,18934,1650.996039154
3250,6964,7568,7511,18934,1650.996092259
3251,6964,7568,7509,18934,1650.996145365
3252,6964,7568,7508,18934,1650.996198470
3253,6964,7568,7506,18934,1650.996251575
3254,6964,7568,7505,18933,1650.996304680
3255,6964,7568,7503,18933,1650.996357786
3256,6964,7568,7502,18933,1650.996410891
3257,6964,7568,7500,18933,1650.996463996
3258,6964,7568,7499,18933,1650.996517102
3259,6964,7568,7497,18932,1650.996570207
3260,6964,7568,7496,18932,1650.996623312
3261,6964,7568,7494,18932,1650.996676418
3262,6964,7568,7493,18932,1650.996729523
3263,6964,7568,7491,18932,1650.996782628
3264,6964,7568,7490,18932,1650.996835734
3265,6964,7568,7488,18931,1650.996888839
3266,6964,7568,7487,18931,1650.996941944
3267,6964,7568,7485,18931,1650.996995050
3268,6964,7568,7484,18931,1650.997048155
3269,6964,7568,7482,18931,1650.997101260
3270,6964,7568,7481,18931,1650.997154365
3271,6964,7568,7479,18930,1650.997207471
3272,6964,7568,7478,18930,1650.997260576
3273,6964,7568,7477,18930,1650.997313681
3274,6964,7568,7475,18930,1650.997366787
3275,6964,7568,7474,18930,1650.997419892
3276,6964,7568,7472,18930,1650.997472997
3277,6964,7568,7471,18930,1650.997526103
3278,6964,7568,7469,18929,1650.997579208
3279,6964,7568,7468,18929,1650.997632313
3280,6964,7568,7466,18929,1650.997685419
3281,6964,7568,7465,18929,1650.997738524
3282,6964,7568,7464,18929,1650.997791629
3283,6964,7568,7462,18929,1650.997844734
3284,6964,7568,7461,18929,1650.997897840
3285,6964,7568,7459,18929,1650.997950945
3286,6964,7568,7458,18928,1650.998004050
3287,6964,7568,7457,18928,1650.998057156
3288,6964,7568,7455,18928,1650.998110261
3289,6964,7568,7454,18928,1650.998163366
3290,6964,7568,7452,18928,1650.998216472
3291,6964,7568,7451,18928,1650.998269577
3292,6964,7568,7450,18928,1650.998322682
3293,6964,7568,7448,18927,1650.998375788
3294,6964,7568,7447,18927,1650.998428893
3295,6964,7568,7445,18927,1650.998481998
3296,6964,7568,7444,18927,1650.998535104
3297,6964,7568,7443,18927,1650.998588209
3298,6964,7568,7441,18927,1650.998641314
3299,6964,7568,7440,18927,1650.998694419
3300,6964,7568,7439,18927,1650.998747525
3301,6964,7568,7437,18926,1650.998800630
3302,6964,7568,7436,18926,1650.998853735
3303,6964,7568,7434,18926,1650.998906841
3304,6964,7568,7433,18926,1650.998959946
3305,6964,7568,7432,18926,1650.999013051
3306,6964,7568,7430,18926,1650.999066157
3307,6964,7568,7429,18926,1650.999119262
3308,6964,7568,7428,18926,1650.999172367
3309,6964,7568,7426,18925,1650.999225473
3310,6964,7568,7425,18925,1650.999278578
3311,6964,7568,7424,18925,1650.999331683
3312,6964,7568,7422,18925,1650.999384788
3313,6964,7568,7421,18925,1650.999437894
3314,6964,7568,7419,18925,1650.999490999
3315,6964,7568,7418,18925,1650.999544104
3316,6964,7568,7417,18924,1650.999597210
3317,6964,7568,7415,18924,1650.999650315
3318,6964,7568,7414,18924,1650.999703420
3319,6964,7568,7413,18924,1650.999756526
3320,6964,7568,7411,18924,1650.999809631
3321,6964,7568,7410,18924,1650.999862736
3322,6964,7568,7409,18924,1650.999915842
3323,6964,7568,7407,18923,1650.999968947
3324,6964,7568,7406,18923,1651.000022052
3325,6964,7568,7405,18923,1651.000075158
3326,6964,7568,7403,18923,1651.000128263
3327,6964,7568,7402,18923,1651.000181368
3328,6964,7568,7401,18923,1651.000234473
3329,6964,7568,7399,18923,1651.000287579
3330,6964,7568,7398,18922,1651.000340684
3331,6964,7568,7397,18922,1651.000393789
3332,6964,7568,7395,18922,1651.000446895
3333,6964,7568,7394,18922,1651.000500000
3334,6964,7568,7392,18922,1651.000553105
3335,6964,7568,7391,18921,1651.000606211
3336,6964,7568,7390,18921,1651.000659316
3337,6964,7568,7388,18921,1651.000712421
3338,6964,7568,7387,18921,1651.000765527
3339,6964,7568,7386,18921,1651.000818632
3340,6964,7568,7384,18921,1651.000871737
3341,6964,7568,7383,18920,1651.000924842
3342,6964,7568,7382,18920,1651.000977948
3343,6964,7568,7380,18920,1651.001031053
3344,6964,7568,7379,18920,1651.001084158
3345,6964,7568,7378,18920,1651.001137264
3346,6964,7568,7376,18919,1651.001190369
3347,6964,7568,7375,18919,1651.001243474
3348,6964,7568,7373,18919,1651.001296580
3349,6964,7568,7372,18919,1651.001349685
3350,6964,7568,7371,18919,1651.001402790
3351,6964,7568,7369,18918,1651.001455896
3352,6964,7568,7368,18918,1651.001509001
3353,6964,7568,7367,18918,1651.001562106
3354,6964,7568,7365,18918,1651.001615212
3355,6964,7568,7364,18918,1651.001668317
3356,6964,7568,7362,18917,1651.001721422
3357,6964,7568,7361,18917,1651.001774527
3358,6964,7568,7360,18917,1651.001827633
3359,6964,7568,7358,18917,1651.001880738
3360,6964,7568,7357,18916,1651.001933843
3361,6964,7568,7355,18916,1651.001986949
3362,6964,7568,7354,18916,1651.002040054
3363,6964,7568,7353,18916,1651.002093159
3364,6964,7568,7351,18915,1651.002146265
3365,6964,7568,7350,18915,1651.002199370
3366,6964,7568,7348,18915,1651.002252475
3367,6964,7568,7347,18915,1651.002305581
3368,6964,7568,7346,18914,1651.002358686
3369,6964,7568,7344,18914,1651.002411791
3370,6964,7568,7343,18914,1651.002464896
3371,6964,7568,7341,18914,1651.002518002
3372,6964,7568,7340,18913,1651.002571107
3373,6964,7568,7338,18913,1651.002624212
3374,6964,7568,7337,18913,1651.002677318
3375,6964,7568,7336,18913,1651.002730423
3376,6964,7568,7334,18912,1651.002783528
3377,6964,7568,7333,18912,1651.002836634
3378,6964,7568,7331,18912,1651.002889739
3379,6964,7568,7330,18911,1651.002942844
3380,6964,7568,7328,18911,1651.002995950
3381,6964,7568,7327,18911,1651.003049055
3382,6964,7568,7325,18910,1651.003102160
3383,6964,7568,7324,18910,1651.003155266
3384,6964,7568,7322,18910,1651.003208371
3385,6964,7568,7321,18909,1651.003261476
3386,6964,7568,7319,18909,1651.003314581
3387,6964,7568,7318,18909,1651.003367687
3388,6964,7568,7316,18909,1651.003420792
3389,6964,7568,7315,18908,1651.003473897
3390,6964,7568,7313,18908,1651.003527003
3391,6964,7568,7312,18907,1651.003580108
3392,6964,7568,7310,18907,1651.003633213
3393,6964,7568,7309,18907,1651.003686319
3394,6964,7568,7307,18906,1651.003739424
3395,6964,7568,7306,18906,1651.003792529
3396,6964,7568,7304,18906,1651.003845635
3397,6964,7568,7302,18905,1651.003898740
3398,6964,7568,7301,18905,1651.003951845
3399,6964,7568,7299,18905,1651.004004950
3400,6964,7568,7298,18904,1651.004058056
3401,6964,7568,7296,18904,1651.004111161
3402,6964,7568,7295,18903,1651.004164266
3403,6964,7568,7293,18903,1651.004217372
3404,6964,7569,7291,18903,1651.004270477
3405,6964,7569,7290,18902,1651.004323582
3406,6965,7569,7288,18902,1651.004376688
3407,6965,7569,7287,18901,1651.004429793
3408,6965,7569,7285,18901,1651.004482898
3409,6965,7569,7283,18901,1651.004536004
3410,6965,7569,7282,18900,1651.004589109
3411,6965,7569,7280,18900,1651.004642214
3412,6965,7569,7279,18899,1651.004695320
3413,6965,7569,7277,18899,1651.004748425
3414,6965,7569,7276,18899,1651.004801530
3415,6965,7569,7274,18898,1651.004854635
3416,6965,7569,7272,18898,1651.004907741
3417,6965,7569,7271,18897,1651.004960846
3418,6965,7569,7269,18897,1651.005013951
3419,6965,7569,7268,18897,1651.005067057
3420,6965,7569,7266,18896,1651.005120162
3421,6965,7569,7264,18896,1651.005173267
3422,6965,7569,7263,18895,1651.005226373
3423,6965,7569,7261,18895,1651.005279478
3424,6965,7569,7260,18894,1651.005332583
3425,6965,7569,7258,18894,1651.005385689
3426,6965,7569,7256,18893,1651.005438794
3427,6965,7569,7255,18893,1651.005491899
3428,6965,7569,7253,18893,1651.005545005
3429,6965,7569,7252,18892,1651.005598110
3430,6965,7569,7250,18892,1651.005651215
3431,6965,7569,7248,18891,1651.005704320
3432,6965,7570,7247,18891,1651.005757426
3433,6965,7570,7245,18890,1651.005810531
3434,6965,7570,7244,18890,1651.005863636
3435,6965,7570,7242,18889,1651.005916742
3436,6965,7570,7241,18889,1651.005969847
3437,6965,7570,7239,18889,1651.006022952
3438,6965,7570,7238,18888,1651.006076058
3439,6965,7570,7236,18888,1651.006129163
3440,6965,7570,7234,18887,1651.006182268
3441,6965,7570,7233,18887,1651.006235374
3442,6965,7570,7231,18886,1651.006288479
3443,6965,7570,7230,18886,1651.006341584
3444,6965,7570,7228,18885,1651.006394689
3445,6965,7570,7227,18885,1651.006447795
3446,6965,7570,7225,18884,1651.006500900
3447,6965,7570,7224,18884,1651.006554005
3448,6965,7570,7222,18884,1651.006607111
3449,6965,7570,7221,18883,1651.006660216
3450,6965,7570,7219,18883,1651.006713321
3451,6965,7570,7218,18882,1651.006766427
3452,6965,7569,7216,18882,1651.006819532
3453,6965,7569,7215,18881,1651.006872637
3454,6965,7569,7213,18881,1651.006925743
3455,6965,7569,7212,18880,1651.006978848
3456,6965,7569,7211,18880,1651.007031953
3457,6965,7569,7209,18880,1651.007085059
3458,6965,7569,7208,18879,1651.007138164
3459,6965,7569,7206,18879,1651.007191269
3460,6965,7569,7205,18878,1651.007244374
3461,6965,7569,7204,18878,1651.007297480
3462,6965,7569,7202,18877,1651.007350585
3463,6965,7569,7201,18877,1651.007403690
3464,6965,7569,7199,18876,1651.007456796
3465,6965,7569,7198,18876,1651.007509901
3466,6965,7569,7197,18876,1651.007563006
3467,6965,7569,7195,18875,1651.007616112
3468,6965,7569,7194,18875,1651.007669217
3469,6964,7569,7193,18874,1651.007722322
3470,6964,7568,7191,18874,1651.007775428
3471,6964,7568,7190,18873,1651.007828533
3472,6964,7568,7189,18873,1651.007881638
3473,6964,7568,7188,18873,1651.007934743
3474,6964,7568,7186,18872,1651.007987849
3475,6964,7568,7185,18872,1651.008040954
3476,6964,7568,7184,18871,1651.008094059
3477,6964,7568,7183,18871,1651.008147165
3478,6964,7568,7181,18870,1651.008200270
3479,6964,7567,7180,18870,1651.008253375
3480,6963,7567,7179,18870,1651.008306481
3481,6963,7567,7178,18869,1651.008359586
3482,6963,7567,7177,18869,1651.008412691
3483,6963,7567,7175,18868,1651.008465797
3484,6963,7567,7174,18868,1651.008518902
3485,6963,7567,7173,18868,1651.008572007
3486,6963,7566,7172,18867,1651.008625113
3487,6963,7566,7171,18867,1651.008678218
3488,6962,7566,7170,18866,1651.008731323
3489,6962,7566,7168,18866,1651.008784428
3490,6962,7566,7167,18866,1651.008837534
3491,6962,7566,7166,18865,1651.008890639
3492,6962,7566,7165,18865,1651.008943744
3493,6962,7565,7164,18864,1651.008996850
3494,6962,7565,7163,18864,1651.009049955
3495,6962,7565,7162,18863,1651.009103060
3496,6961,7565,7160,18863,1651.009156166
3497,6961,7565,7159,18863,1651.009209271
3498,6961,7565,7158,18862,1651.009262376
3499,6961,7564,7157,18862,1651.009315482
3500,6961,7564,7156,18861,1651.009368587
3501,6961,7564,7155,18861,1651.009421692
3502,6961,7564,7154,18861,1651.009474797
3503,6961,7564,7152,18860,1651.009527903
3504,6960,7564,7151,18860,1651.009581008
3505,6960,7564,7150,18859,1651.009634113
3506,6960,7564,7149,18859,1651.009687219
3507,6960,7563,7148,18858,1651.009740324
3508,6960,7563,7146,18858,1651.009793429
3509,6960,7563,7145,18857,1651.009846535
3510,6960,7563,7144,18857,1651.009899640
3511,6960,7563,7143,18857,1651.009952745
3512,6960,7563,7141,18856,1651.010005851
3513,6960,7563,7140,18856,1651.010058956
3514,6959,7563,7139,18855,1651.010112061
3515,6959,7563,7138,18855,1651.010165167
3516,6959,7562,7136,18854,1651.010218272
3517,6959,7562,7135,18854,1651.010271377
3518,6959,7562,7134,18853,1651.010324482
3519,6959,7562,7132,18853,1651.010377588
3520,6959,7562,7131,18852,1651.010430693
3521,6959,7562,7129,18852,1651.010483798
3522,6959,7562,7128,18851,1651.010536904
3523,6959,7562,7126,18851,1651.010590009
3524,6959,7562,7125,18850,1651.010643114
3525,6959,7562,7124,18850,1651.010696220
3526,6959,7562,7122,18849,1651.010749325
3527,6959,7562,7121,18849,1651.010802430
3528,6959,7562,7119,18848,1651.010855536
3529,6959,7562,7117,18848,1651.010908641
3530,6959,7562,7116,18847,1651.010961746
3531,6959,7562,7114,18846,1651.011014851
3532,6959,7562,7113,18846,1651.011067957
3533,6959,7562,7111,18845,1651.011121062
3534,6959,7562,7109,18845,1651.011174167
3535,6959,7562,7107,18844,1651.011227273
3536,6959,7562,7106,18843,1651.011280378
3537,6959,7563,7104,18843,1651.011333483
3538,6959,7563,7102,18842,1651.011386589
3539,6960,7563,7100,18842,1651.011439694
3540,6960,7563,7098,18841,1651.011492799
3541,6960,7563,7096,18840,1651.011545905
3542,6960,7563,7094,18840,1651.011599010
3543,6960,7563,7093,18839,1651.011652115
3544,6960,7564,7090,18838,1651.011705221
3545,6960,7564,7088,18838,1651.011758326
3546,6961,7564,7086,18837,1651.011811431
3547,6961,7564,7084,18836,1651.011864536
3548,6961,7564,7082,18836,1651.011917642
3549,6961,7565,7080,18835,1651.011970747
3550,6961,7565,7078,18834,1651.012023852
3551,6962,7565,7075,18833,1651.012076958
3552,6962,7565,7073,18833,1651.012130063
3553,6962,7566,7071,18832,1651.012183168
3554,6962,7566,7068,18831,1651.012236274
3555,6963,7566,7066,18830,1651.012289379
3556,6963,7567,7064,18829,1651.012342484
3557,6963,7567,7061,18829,1651.012395590
3558,6964,7568,7059,18828,1651.012448695
3559,6964,7568,7056,18827,1651.012501800
3560,6964,7568,7053,18826,1651.012554905
3561,6965,7569,7051,18825,1651.012608011
3562,6965,7569,7048,18824,1651.012661116
3563,6966,7570,7045,18824,1651.012714221
3564,6966,7570,7042,18823,1651.012767327
3565,6966,7571,7040,18822,1651.012820432
3566,6967,7571,7037,18821,1651.012873537
3567,6967,7572,7034,18820,1651.012926643
3568,6968,7572,7031,18819,1651.012979748
3569,6968,7573,7028,18818,1651.013032853
3570,6969,7573,7025,18817,1651.013085959
3571,6969,7574,7022,18816,1651.013139064
3572,6969,7575,7019,18815,1651.013192169
3573,6970,7575,7016,18814,1651.013245275
3574,6970,7576,7013,18813,1651.013298380
3575,6971,7576,7010,18813,1651.013351485
3576,6971,7577,7007,18812,1651.013404590
3577,6972,7577,7004,18811,1651.013457696
3578,6972,7578,7001,18810,1651.013510801
3579,6973,7578,6998,18809,1651.013563906
3580,6973,7579,6995,18808,1651.013617012
3581,6974,7580,6992,18807,1651.013670117
3582,6974,7580,6989,18806,1651.013723222
3583,6975,7581,6986,18805,1651.013776328
3584,6975,7581,6983,18804,1651.013829433
3585,6976,7582,6980,18803,1651.013882538
3586,6976,7582,6977,18802,1651.013935644
3587,6976,7583,6975,18802,1651.013988749
3588,6977,7583,6972,18801,1651.014041854
3589,6977,7584,6969,18800,1651.014094959
3590,6978,7584,6966,18799,1651.014148065
3591,6978,7585,6963,18798,1651.014201170
3592,6979,7585,6961,18797,1651.014254275
3593,6979,7586,6958,18797,1651.014307381
3594,6979,7586,6955,18796,1651.014360486
3595,6980,7587,6953,18795,1651.014413591
3596,6980,7587,6950,18794,1651.014466697
3597,6980,7587,6948,18793,1651.014519802
3598,6981,7588,6945,18793,1651.014572907
3599,6981,7588,6943,18792,1651.014626013
3600,6981,7588,6940,18791,1651.014679118
3601,6981,7589,6938,18791,1651.014732223
3602,6982,7589,6936,18790,1651.014785329
3603,6982,7589,6934,18789,1651.014838434
3604,6982,7590,6931,18789,1651.014891539
3605,6982,7590,6929,18788,1651.014944644
3606,6982,7590,6927,18788,1651.014997750
3607,6982,7590,6926,18787,1651.015050855
3608,6983,7590,6924,18787,1651.015103960
3609,6983,7590,6922,18786,1651.015157066
3610,6983,7590,6920,18786,1651.015210171
3611,6983,7590,6919,18785,1651.015263276
3612,6983,7590,6917,18785,1651.015316382
3613,6983,7590,6916,18785,1651.015369487
3614,6983,7590,6914,18784,1651.015422592
3615,6983,7590,6913,18784,1651.015475698
3616,6982,7590,6912,18784,1651.015528803
3617,6982,7590,6911,18783,1651.015581908
3618,6982,7590,6910,18783,1651.015635014
3619,6982,7589,6909,18783,1651.015688119
3620,6982,7589,6909,18783,1651.015741224
3621,6981,7589,6908,18783,1651.015794329
3622,6981,7588,6907,18783,1651.015847435
3623,6981,7588,6907,18783,1651.015900540
3624,6980,7588,6907,18783,1651.015953645
3625,6980,7587,6907,18783,1651.016006751
3626,6979,7586,6906,18783,1651.016059856
3627,6979,7586,6907,18783,1651.016112961
3628,6978,7585,6907,18783,1651.016166067
3629,6978,7585,6907,18783,1651.016219172
3630,6977,7584,6907,18784,1651.016272277
3631,6977,7583,6908,18784,1651.016325383
3632,6976,7582,6909,18784,1651.016378488
3633,6975,7581,6910,18785,1651.016431593
3634,6974,7580,6911,18785,1651.016484698
3635,6973,7579,6912,18786,1651.016537804
3636,6973,7578,6913,18786,1651.016590909
3637,6972,7577,6914,18787,1651.016644014
3638,6971,7576,6916,18787,1651.016697120
3639,6970,7575,6918,18788,1651.016750225
3640,6968,7573,6920,18789,1651.016803330
3641,6967,7572,6922,18790,1651.016856436
3642,6966,7571,6924,18790,1651.016909541
3643,6965,7569,6926,18791,1651.016962646
3644,6964,7568,6929,18792,1651.017015752
3645,6962,7566,6931,18793,1651.017068857
3646,6961,7564,6934,18794,1651.017121962
3647,6959,7563,6937,18795,1651.017175068
3648,6958,7561,6940,18797,1651.017228173
3649,6956,7559,6944,18798,1651.017281278
3650,6955,7557,6947,18799,1651.017334383
3651,6953,7555,6951,18800,1651.017387489
3652,6951,7553,6955,18802,1651.017440594
3653,6950,7551,6958,18803,1651.017493699
3654,6948,7549,6962,18804,1651.017546805
3655,6946,7547,6967,18806,1651.017599910
3656,6944,7545,6971,18807,1651.017653015
3657,6942,7542,6975,18809,1651.017706121
3658,6941,7540,6980,18811,1651.017759226
3659,6939,7538,6984,18812,1651.017812331
3660,6937,7535,6989,18814,1651.017865437
3661,6935,7533,6994,18816,1651.017918542
3662,6933,7530,6999,18817,1651.017971647
3663,6930,7528,7004,18819,1651.018024752
3664,6928,7525,7009,18821,1651.018077858
3665,6926,7523,7014,18823,1651.018130963
3666,6924,7520,7019,18824,1651.018184068
3667,6922,7518,7024,18826,1651.018237174
3668,6920,7515,7030,18828,1651.018290279
3669,6917,7512,7035,18830,1651.018343384
3670,6915,7510,7041,18832,1651.018396490
3671,6913,7507,7046,18834,1651.018449595
3672,6911,7504,7052,18836,1651.018502700
3673,6908,7501,7058,18838,1651.018555806
3674,6906,7499,7064,18840,1651.018608911
3675,6904,7496,7069,18842,1651.018662016
3676,6901,7493,7075,18844,1651.018715122
3677,6899,7490,7081,18846,1651.018768227
3678,6896,7487,7087,18848,1651.018821332
3679,6894,7484,7093,18850,1651.018874437
3680,6892,7482,7099,18852,1651.018927543
3681,6889,7479,7105,18854,1651.018980648
3682,6887,7476,7111,18856,1651.019033753
3683,6884,7473,7117,18858,1651.019086859
3684,6882,7470,7123,18860,1651.019139964
3685,6880,7467,7129,18862,1651.019193069
3686,6877,7464,7135,18864,1651.019246175
3687,6875,7461,7141,18867,1651.019299280
3688,6872,7458,7147,18869,1651.019352385
3689,6870,7456,7154,18871,1651.019405491
3690,6867,7453,7160,18873,1651.019458596
3691,6865,7450,7166,18875,1651.019511701
3692,6863,7447,7172,18877,1651.019564806
3693,6860,7444,7178,18879,1651.019617912
3694,6858,7441,7184,18881,1651.019671017
3695,6855,7438,7190,18883,1651.019724122
3696,6853,7435,7195,18885,1651.019777228
3697,6851,7433,7201,18887,1651.019830333
3698,6848,7430,7207,18889,1651.019883438
3699,6846,7427,7213,18891,1651.019936544
3700,6844,7424,7219,18893,1651.019989649
3701,6841,7421,7224,18895,1651.020042754
3702,6839,7419,7230,18897,1651.020095860
3703,6837,7416,7236,18899,1651.020148965
3704,6835,7413,7241,18900,1651.020202070
3705,6832,7411,7246,18902,1651.020255176
3706,6830,7408,7252,18904,1651.020308281
3707,6828,7406,7257,18906,1651.020361386
3708,6826,7403,7262,18908,1651.020414491
3709,6824,7400,7267,18909,1651.020467597
3710,6822,7398,7272,18911,1651.020520702
3711,6820,7395,7277,18913,1651.020573807
3712,6818,7393,7282,18914,1651.020626913
3713,6816,7391,7287,18916,1651.020680018
3714,6814,7388,7291,18917,1651.020733123
3715,6812,7386,7296,18919,1651.020786229
3716,6810,7384,7300,18920,1651.020839334
3717,6808,7382,7305,18922,1651.020892439
3718,6806,7379,7309,18923,1651.020945545
3719,6804,7377,7313,18925,1651.020998650
3720,6803,7375,7317,18926,1651.021051755
3721,6801,7373,7320,18927,1651.021104860
3722,6799,7371,7324,18928,1651.021157966
3723,6798,7369,7328,18930,1651.021211071
3724,6796,7368,7331,18931,1651.021264176
3725,6795,7366,7334,18932,1651.021317282
3726,6793,7364,7337,18933,1651.021370387
3727,6792,7362,7340,18934,1651.021423492
3728,6791,7361,7343,18935,1651.021476598
3729,6789,7359,7345,18935,1651.021529703
3730,6788,7358,7348,18936,1651.021582808
3731,6787,7356,7350,18937,1651.021635914
3732,6786,7355,7352,18938,1651.021689019
3733,6785,7354,7354,18938,1651.021742124
3734,6784,7352,7356,18939,1651.021795230
3735,6783,7351,7357,18939,1651.021848335
3736,6782,7350,7359,18940,1651.021901440
3737,6781,7349,7360,18940,1651.021954545
3738,6780,7348,7361,18941,1651.022007651
3739,6779,7347,7363,18941,1651.022060756
3740,6778,7346,7363,18941,1651.022113861
3741,6778,7345,7364,18941,1651.022166967
3742,6777,7344,7365,18942,1651.022220072
3743,6776,7344,7365,18942,1651.022273177
3744,6776,7343,7366,18942,1651.022326283
3745,6775,7342,7366,18942,1651.022379388
3746,6775,7342,7366,18942,1651.022432493
3747,6774,7341,7366,18942,1651.022485599
3748,6774,7341,7366,18942,1651.022538704
3749,6773,7340,7366,18942,1651.022591809
3750,6773,7340,7365,18942,1651.022644914
3751,6773,7339,7365,18941,1651.022698020
3752,6772,7339,7365,18941,1651.022751125
3753,6772,7339,7364,18941,1651.022804230
3754,6772,7338,7363,18941,1651.022857336
3755,6772,7338,7362,18940,1651.022910441
3756,6772,7338,7361,18940,1651.022963546
3757,6771,7338,7360,18940,1651.023016652
3758,6771,7338,7359,18939,1651.023069757
3759,6771,7338,7358,18939,1651.023122862
3760,6771,7338,7357,18938,1651.023175968
3761,6771,7338,7355,18938,1651.023229073
3762,6771,7338,7354,18937,1651.023282178
3763,6771,7338,7352,18937,1651.023335284
3764,6771,7338,7351,18936,1651.023388389
3765,6771,7338,7349,18935,1651.023441494
3766,6772,7338,7347,18935,1651.023494599
3767,6772,7338,7345,18934,1651.023547705
3768,6772,7338,7343,18933,1651.023600810
3769,6772,7339,7341,18933,1651.023653915
3770,6772,7339,7339,18932,1651.023707021
3771,6773,7339,7337,18931,1651.023760126
3772,6773,7339,7335,18931,1651.023813231
3773,6773,7340,7333,18930,1651.023866337
3774,6773,7340,7331,18929,1651.023919442
3775,6774,7340,7328,18928,1651.023972547
3776,6774,7341,7326,18927,1651.024025653
3777,6774,7341,7324,18927,1651.024078758
3778,6775,7342,7321,18926,1651.024131863
3779,6775,7342,7319,18925,1651.024184968
3780,6775,7343,7316,18924,1651.024238074
3781,6776,7343,7314,18923,1651.024291179
3782,6776,7344,7311,18922,1651.024344284
3783,6777,7344,7309,18921,1651.024397390
3784,6777,7345,7306,18920,1651.024450495
3785,6777,7345,7304,18919,1651.024503600
3786,6778,7346,7301,18919,1651.024556706
3787,6778,7346,7298,18918,1651.024609811
3788,6779,7347,7296,18917,1651.024662916
3789,6779,7347,7293,18916,1651.024716022
3790,6780,7348,7290,18915,1651.024769127
3791,6780,7348,7288,18914,1651.024822232
3792,6781,7349,7285,18913,1651.024875338
3793,6781,7349,7282,18912,1651.024928443
3794,6782,7350,7280,18911,1651.024981548
3795,6782,7351,7277,18910,1651.025034653
3796,6783,7351,7274,18909,1651.025087759
3797,6783,7352,7272,18908,1651.025140864
3798,6784,7352,7269,18907,1651.025193969
3799,6784,7353,7266,18907,1651.025247075
3800,6784,7353,7264,18906,1651.025300180
3801,6785,7354,7261,18905,1651.025353285
3802,6785,7354,7258,18904,1651.025406391
3803,6786,7355,7256,18903,1651.025459496
3804,6786,7356,7253,18902,1651.025512601
3805,6787,7356,7251,18901,1651.025565707
3806,6787,7357,7248,18901,1651.025618812
3807,6788,7357,7246,18900,1651.025671917
3808,6788,7358,7244,18899,1651.025725023
3809,6788,7358,7241,18898,1651.025778128
3810,6789,7359,7239,18897,1651.025831233
3811,6789,7359,7237,18897,1651.025884338
3812,6790,7359,7235,18896,1651.025937444
3813,6790,7360,7232,18895,1651.025990549
3814,6790,7360,7230,18894,1651.026043654
3815,6791,7361,7228,18894,1651.026096760
3816,6791,7361,7226,18893,1651.026149865
3817,6791,7361,7224,18892,1651.026202970
3818,6792,7362,7222,18892,1651.026256076
3819,6792,7362,7221,18891,1651.026309181
3820,6792,7362,7219,18891,1651.026362286
3821,6792,7363,7217,18890,1651.026415392
3822,6793,7363,7215,18890,1651.026468497
3823,6793,7363,7214,18889,1651.026521602
3824,6793,7364,7212,18888,1651.026574707
3825,6793,7364,7211,18888,1651.026627813
3826,6793,7364,7209,18888,1651.026680918
3827,6794,7364,7208,18887,1651.026734023
3828,6794,7364,7206,18887,1651.026787129
3829,6794,7365,7205,18886,1651.026840234
3830,6794,7365,7203,18886,1651.026893339
3831,6794,7365,7202,18885,1651.026946445
3832,6794,7365,7201,18885,1651.026999550
3833,6794,7365,7200,18885,1651.027052655
3834,6794,7365,7198,18884,1651.027105761
3835,6795,7365,7197,18884,1651.027158866
3836,6795,7366,7196,18883,1651.027211971
3837,6795,7366,7195,18883,1651.027265077
3838,6795,7366,7194,18883,1651.027318182
3839,6795,7366,7193,18883,1651.027371287
3840,6795,7366,7192,18882,1651.027424392
3841,6795,7366,7191,18882,1651.027477498
3842,6795,7366,7190,18882,1651.027530603
3843,6795,7366,7189,18881,1651.027583708
3844,6795,7366,7188,18881,1651.027636814
3845,6795,7366,7187,18881,1651.027689919
3846,6795,7366,7186,18881,1651.027743024
3847,6795,7366,7186,18880,1651.027796130
3848,6795,7366,7185,18880,1651.027849235
3849,6795,7366,7184,18880,1651.027902340
3850,6795,7366,7183,18880,1651.027955446
3851,6795,7366,7183,18880,1651.028008551
3852,6795,7366,7182,18879,1651.028061656
3853,6795,7366,7181,18879,1651.028114761
3854,6795,7366,7180,18879,1651.028167867
3855,6795,7366,7180,18879,1651.028220972
3856,6795,7366,7179,18879,1651.028274077
3857,6795,7365,7179,18878,1651.028327183
3858,6795,7365,7178,18878,1651.028380288
3859,6794,7365,7177,18878,1651.028433393
3860,6794,7365,7177,18878,1651.028486499
3861,6794,7365,7176,18878,1651.028539604
3862,6794,7365,7175,18878,1651.028592709
3863,6794,7365,7175,18878,1651.028645815
3864,6794,7365,7174,18877,1651.028698920
3865,6794,7365,7174,18877,1651.028752025
3866,6794,7365,7173,18877,1651.028805131
3867,6794,7364,7173,18877,1651.028858236
3868,6794,7364,7172,18877,1651.028911341
3869,6793,7364,7172,18877,1651.028964446
3870,6793,7364,7171,18877,1651.029017552
3871,6793,7364,7170,18876,1651.029070657
3872,6793,7364,7170,18876,1651.029123762
3873,6793,7364,7169,18876,1651.029176868
3874,6793,7363,7169,18876,1651.029229973
3875,6793,7363,7168,18876,1651.029283078
3876,6793,7363,7168,18876,1651.029336184
3877,6792,7363,7167,18875,1651.029389289
3878,6792,7363,7166,18875,1651.029442394
3879,6792,7363,7166,18875,1651.029495500
3880,6792,7362,7165,18875,1651.029548605
3881,6792,7362,7165,18875,1651.029601710
3882,6792,7362,7164,18875,1651.029654815
3883,6792,7362,7163,18874,1651.029707921
3884,6792,7362,7163,18874,1651.029761026
3885,6791,7362,7162,18874,1651.029814131
3886,6791,7362,7161,18874,1651.029867237
3887,6791,7361,7161,18874,1651.029920342
3888,6791,7361,7160,18874,1651.029973447
3889,6791,7361,7159,18873,1651.030026553
3890,6791,7361,7159,18873,1651.030079658
3891,6791,7361,7158,18873,1651.030132763
3892,6791,7361,7157,18873,1651.030185869
3893,6791,7361,7156,18872,1651.030238974
3894,6790,7360,7155,18872,1651.030292079
3895,6790,7360,7155,18872,1651.030345185
3896,6790,7360,7154,18872,1651.030398290
3897,6790,7360,7153,18871,1651.030451395
3898,6790,7360,7152,18871,1651.030504500
3899,6790,7360,7151,18871,1651.030557606
3900,6790,7360,7150,18870,1651.030610711
3901,6790,7360,7149,18870,1651.030663816
3902,6790,7360,7148,18870,1651.030716922
3903,6790,7359,7147,18869,1651.030770027
3904,6789,7359,7146,18869,1651.030823132
3905,6789,7359,7145,18869,1651.030876238
3906,6789,7359,7144,18868,1651.030929343
3907,6789,7359,7143,18868,1651.030982448
3908,6789,7359,7141,18867,1651.031035554
3909,6789,7359,7140,18867,1651.031088659
3910,6789,7359,7139,18867,1651.031141764
3911,6789,7359,7138,18866,1651.031194869
3912,6789,7359,7136,18866,1651.031247975
3913,6789,7359,7135,18865,1651.031301080
3914,6789,7359,7134,18865,1651.031354185
3915,6789,7359,7133,18864,1651.031407291
3916,6789,7359,7131,18864,1651.031460396
3917,6789,7359,7130,18863,1651.031513501
3918,6789,7359,7129,18863,1651.031566607
3919,6789,7359,7127,18863,1651.031619712
3920,6789,7359,7126,18862,1651.031672817
3921,6789,7358,7124,18862,1651.031725923
3922,6789,7358,7123,18861,1651.031779028
3923,6789,7358,7122,18861,1651.031832133
3924,6789,7358,7120,18860,1651.031885239
3925,6789,7358,7119,18859,1651.031938344
3926,6789,7358,7117,18859,1651.031991449
3927,6789,7358,7116,18858,1651.032044554
3928,6789,7358,7114,18858,1651.032097660
3929,6789,7358,7113,18857,1651.032150765
3930,6789,7358,7111,18857,1651.032203870
3931,6789,7358,7109,18856,1651.032256976
3932,6789,7358,7108,18856,1651.032310081
3933,6789,7358,7106,18855,1651.032363186
3934,6789,7358,7105,18854,1651.032416292
3935,6789,7358,7103,18854,1651.032469397
3936,6789,7358,7101,18853,1651.032522502
3937,6789,7358,7100,18853,1651.032575608
3938,6789,7358,7098,18852,1651.032628713
3939,6789,7358,7097,18852,1651.032681818
3940,6789,7358,7095,18851,1651.032734923
3941,6789,7359,7093,18850,1651.032788029
3942,6789,7359,7092,18850,1651.032841134
3943,6789,7359,7090,18849,1651.032894239
3944,6789,7359,7088,18848,1651.032947345
3945,6789,7359,7087,18848,1651.033000450
3946,6789,7359,7085,18847,1651.033053555
3947,6789,7359,7083,18847,1651.033106661
3948,6789,7359,7082,18846,1651.033159766
3949,6789,7359,7080,18845,1651.033212871
3950,6789,7359,7078,18845,1651.033265977
3951,6789,7359,7077,18844,1651.033319082
3952,6789,7359,7075,18843,1651.033372187
3953,6789,7359,7073,18843,1651.033425293
3954,6789,7359,7071,18842,1651.033478398
3955,6789,7359,7070,18842,1651.033531503
3956,6789,7359,7068,18841,1651.033584608
3957,6789,7359,7066,18840,1651.033637714
3958,6789,7359,7065,18840,1651.033690819
3959,6789,7359,7063,18839,1651.033743924
3960,6789,7359,7061,18838,1651.033797030
3961,6789,7359,7059,18838,1651.033850135
3962,6789,7359,7058,18837,1651.033903240
3963,6789,7359,7056,18836,1651.033956346
3964,6789,7359,7054,18836,1651.034009451
3965,6789,7359,7053,18835,1651.034062556
3966,6789,7359,7051,18834,1651.034115662
3967,6790,7359,7049,18834,1651.034168767
3968,6790,7359,7048,18833,1651.034221872
3969,6790,7360,7046,18833,1651.034274977
3970,6790,7360,7044,18832,1651.034328083
3971,6790,7360,7043,18831,1651.034381188
3972,6790,7360,7041,18831,1651.034434293
3973,6790,7360,7039,18830,1651.034487399
3974,6790,7360,7038,18829,1651.034540504
3975,6790,7360,7036,18829,1651.034593609
3976,6790,7360,7034,18828,1651.034646715
3977,6790,7360,7033,18827,1651.034699820
3978,6790,7360,7031,18827,1651.034752925
3979,6790,7360,7030,18826,1651.034806031
3980,6790,7360,7028,18826,1651.034859136
3981,6790,7360,7027,18825,1651.034912241
3982,6790,7360,7025,18824,1651.034965347
3983,6790,7360,7023,18824,1651.035018452
3984,6790,7360,7022,18823,1651.035071557
3985,6790,7360,7020,18823,1651.035124662
3986,6790,7360,7019,18822,1651.035177768
3987,6790,7360,7017,18821,1651.035230873
3988,6790,7360,7016,18821,1651.035283978
3989,6790,7360,7014,18820,1651.035337084
3990,6790,7360,7013,18820,1651.035390189
3991,6790,7360,7012,18819,1651.035443294
3992,6790,7360,7010,18818,1651.035496400
3993,6790,7360,7009,18818,1651.035549505
3994,6790,7360,7007,18817,1651.035602610
3995,6790,7360,7006,18817,1651.035655716
3996,6790,7360,7004,18816,1651.035708821
3997,6790,7360,7003,18816,1651.035761926
3998,6790,7360,7002,18815,1651.035815032
3999,6790,7360,7000,18815,1651.035868137
4000,6790,7360,6999,18814,1651.035921242
4001,6790,7360,6998,18813,1651.035974347
4002,6790,7360,6996,18813,1651.036027453
4003,6790,7360,6995,18812,1651.036080558
4004,6790,7360,6994,18812,1651.036133663
4005,6790,7360,6992,18811,1651.036186769
4006,6790,7360,6991,18811,1651.036239874
4007,6790,7360,6990,18810,1651.036292979
4008,6790,7360,6988,18810,1651.036346085
4009,6790,7360,6987,18809,1651.036399190
4010,6790,7360,6986,18809,1651.036452295
4011,6790,7360,6984,18808,1651.036505401
4012,6790,7360,6983,18807,1651.036558506
4013,6790,7360,6982,18807,1651.036611611
4014,6790,7360,6981,18806,1651.036664716
4015,6790,7360,6979,18806,1651.036717822
4016,6790,7360,6978,18805,1651.036770927
4017,6790,7360,6977,18805,1651.036824032
4018,6790,7360,6976,18804,1651.036877138
4019,6790,7360,6974,18804,1651.036930243
4020,6790,7360,6973,18803,1651.036983348
4021,6790,7360,6972,18803,1651.037036454
4022,6790,7360,6971,18802,1651.037089559
4023,6790,7360,6969,18802,1651.037142664
4024,6790,7360,6968,18801,1651.037195770
4025,6790,7360,6967,18801,1651.037248875
4026,6790,7360,6966,18800,1651.037301980
4027,6790,7360,6964,18800,1651.037355086
4028,6790,7360,6963,18799,1651.037408191
4029,6790,7360,6962,18799,1651.037461296
4030,6790,7360,6961,18798,1651.037514401
4031,6790,7360,6960,18798,1651.037567507
4032,6790,7360,6958,18797,1651.037620612
4033,6790,7360,6957,18797,1651.037673717
4034,6790,7360,6956,18796,1651.037726823
4035,6790,7360,6955,18796,1651.037779928
4036,6790,7360,6953,18795,1651.037833033
4037,6790,7360,6952,18795,1651.037886139
4038,6790,7360,6951,18794,1651.037939244
4039,6790,7360,6950,18794,1651.037992349
4040,6790,7360,6949,18793,1651.038045455
4041,6790,7360,6947,18793,1651.038098560
4042,6790,7360,6946,18792,1651.038151665
4043,6790,7360,6945,18792,1651.038204770
4044,6790,7360,6944,18791,1651.038257876
4045,6790,7360,6942,18791,1651.038310981
4046,6790,7360,6941,18790,1651.038364086
4047,6790,7360,6940,18790,1651.038417192
4048,6790,7360,6939,18789,1651.038470297
4049,6790,7360,6938,18789,1651.038523402
4050,6790,7360,6936,18788,1651.038576508
4051,6790,7360,6935,18788,1651.038629613
4052,6790,7360,6934,18788,1651.038682718
4053,6790,7360,6933,18787,1651.038735824
4054,6790,7360,6931,18787,1651.038788929
4055,6790,7360,6930,18786,1651.038842034
4056,6790,7360,6929,18786,1651.038895140
4057,6790,7360,6928,18785,1651.038948245
4058,6790,7360,6926,18785,1651.039001350
4059,6790,7360,6925,18784,1651.039054455
4060,6790,7360,6924,18784,1651.039107561
4061,6790,7360,6922,18783,1651.039160666
4062,6790,7360,6921,18783,1651.039213771
4063,6790,7360,6920,18782,1651.039266877
4064,6790,7360,6918,18782,1651.039319982
4065,6790,7360,6917,18781,1651.039373087
4066,6790,7360,6916,18781,1651.039426193
4067,6790,7360,6915,18780,1651.039479298
4068,6790,7360,6913,18780,1651.039532403
4069,6790,7360,6912,18779,1651.039585509
4070,6790,7360,6910,18779,1651.039638614
4071,6790,7360,6909,18778,1651.039691719
4072,6790,7360,6908,18778,1651.039744824
4073,6790,7360,6906,18777,1651.039797930
4074,6790,7360,6905,18777,1651.039851035
4075,6790,7360,6904,18776,1651.039904140
4076,6790,7360,6902,18776,1651.039957246
4077,6790,7360,6901,18775,1651.040010351
4078,6790,7360,6899,18775,1651.040063456
4079,6790,7360,6898,18774,1651.040116562
4080,6790,7360,6897,18774,1651.040169667
4081,6790,7360,6895,18773,1651.040222772
4082,6790,7360,6894,18773,1651.040275878
4083,6790,7360,6892,18772,1651.040328983
4084,6790,7360,6891,18772,1651.040382088
4085,6790,7360,6889,18771,1651.040435194
4086,6790,7360,6888,18771,1651.040488299
4087,6790,7360,6887,18770,1651.040541404
4088,6790,7360,6885,18770,1651.040594509
4089,6790,7360,6884,18769,1651.040647615
4090,6790,7360,6882,18769,1651.040700720
4091,6790,7360,6881,18768,1651.040753825
4092,6790,7360,6879,18768,1651.040806931
4093,6790,7360,6878,18767,1651.040860036
4094,6790,7360,6876,18766,1651.040913141
4095,6790,7360,6875,18766,1651.040966247
4096,6790,7360,6873,18765,1651.041019352
4097,6790,7360,6872,18765,1651.041072457
4098,6790,7360,6870,18764,1651.041125563
4099,6790,7360,6869,18764,1651.041178668
4100,6790,7360,6867,18763,1651.041231773
4101,6790,7360,6866,18763,1651.041284878
4102,6790,7360,6864,18762,1651.041337984
4103,6790,7360,6863,18762,1651.041391089
4104,6790,7360,6861,18761,1651.041444194
4105,6790,7360,6860,18761,1651.041497300
4106,6790,7360,6858,18760,1651.041550405
4107,6790,7360,6856,18759,1651.041603510
4108,6790,7360,6855,18759,1651.041656616
4109,6790,7360,6853,18758,1651.041709721
4110,6790,7360,6852,18758,1651.041762826
4111,6790,7360,6850,18757,1651.041815932
4112,6790,7360,6849,18757,1651.041869037
4113,6790,7360,6847,18756,1651.041922142
4114,6790,7360,6846,18756,1651.041975248
4115,6790,7360,6844,18755,1651.042028353
4116,6790,7360,6842,18754,1651.042081458
4117,6790,7360,6841,18754,1651.042134563
4118,6790,7360,6839,18753,1651.042187669
4119,6790,7360,6838,18753,1651.042240774
4120,6790,7360,6836,18752,1651.042293879
4121,6790,7360,6835,18752,1651.042346985
4122,6790,7360,6833,18751,1651.042400090
4123,6790,7360,6832,18750,1651.042453195
4124,6790,7360,6830,18750,1651.042506301
4125,6790,7360,6828,18749,1651.042559406
4126,6790,7360,6827,18749,1651.042612511
4127,6790,7360,6825,18748,1651.042665617
4128,6790,7360,6824,18747,1651.042718722
4129,6790,7360,6822,18747,1651.042771827
4130,6790,7360,6821,18746,1651.042824932
4131,6790,7360,6819,18746,1651.042878038
4132,6790,7360,6817,18745,1651.042931143
4133,6790,7360,6816,18744,1651.042984248
4134,6790,7360,6814,18744,1651.043037354
4135,6790,7360,6813,18743,1651.043090459
4136,6790,7360,6811,18742,1651.043143564
4137,6790,7360,6810,18742,1651.043196670
4138,6790,7360,6808,18741,1651.043249775
4139,6790,7360,6806,18741,1651.043302880
4140,6790,7360,6805,18740,1651.043355986
4141,6790,7360,6803,18739,1651.043409091
4142,6790,7360,6802,18739,1651.043462196
4143,6790,7360,6800,18738,1651.043515302
4144,6790,7360,6799,18737,1651.043568407
4145,6790,7360,6797,18737,1651.043621512
4146,6790,7360,6795,18736,1651.043674617
4147,6790,7360,6794,18735,1651.043727723
4148,6790,7360,6792,18735,1651.043780828
4149,6790,7360,6791,18734,1651.043833933
4150,6790,7360,6789,18733,1651.043887039
4151,6790,7360,6788,18733,1651.043940144
4152,6790,7360,6786,18732,1651.043993249
4153,6790,7360,6785,18731,1651.044046355
4154,6790,7360,6783,18731,1651.044099460
4155,6790,7360,6782,18730,1651.044152565
4156,6790,7360,6780,18729,1651.044205671
4157,6790,7360,6779,18729,1651.044258776
4158,6790,7360,6777,18728,1651.044311881
4159,6790,7360,6775,18727,1651.044364986
4160,6790,7360,6774,18727,1651.044418092
4161,6790,7360,6772,18726,1651.044471197
4162,6790,7360,6771,18725,1651.044524302
4163,6790,7360,6769,18724,1651.044577408
4164,6790,7360,6768,18724,1651.044630513
4165,6790,7360,6766,18723,1651.044683618
4166,6790,7360,6765,18722,1651.044736724
4167,6790,7360,6763,18722,1651.044789829
4168,6790,7360,6762,18721,1651.044842934
4169,6790,7360,6760,18720,1651.044896040
4170,6790,7360,6759,18719,1651.044949145
4171,6790,7360,6757,18719,1651.045002250
4172,6790,7360,6756,18718,1651.045055356
4173,6790,7360,6754,18717,1651.045108461
4174,6790,7360,6753,18717,1651.045161566
4175,6790,7360,6751,18716,1651.045214671
4176,6790,7360,6750,18715,1651.045267777
4177,6790,7360,6748,18714,1651.045320882
4178,6790,7360,6747,18714,1651.045373987
4179,6790,7360,6746,18713,1651.045427093
4180,6790,7360,6744,18712,1651.045480198
4181,6790,7360,6743,18712,1651.045533303
4182,6790,7360,6741,18711,1651.045586409
4183,6790,7360,6740,18710,1651.045639514
4184,6790,7360,6738,18709,1651.045692619
4185,6790,7360,6737,18709,1651.045745725
4186,6790,7360,6735,18708,1651.045798830
4187,6790,7360,6734,18707,1651.045851935
4188,6790,7360,6732,18706,1651.045905041
4189,6790,7360,6731,18706,1651.045958146
4190,6790,7360,6729,18705,1651.046011251
4191,6790,7360,6728,18704,1651.046064356
4192,6790,7360,6727,18704,1651.046117462
4193,6790,7360,6725,18703,1651.046170567
4194,6790,7360,6724,18702,1651.046223672
4195,6790,7360,6722,18701,1651.046276778
4196,6790,7360,6721,18701,1651.046329883
4197,6790,7360,6719,18700,1651.046382988
4198,6790,7360,6718,18699,1651.046436094
4199,6790,7360,6717,18699,1651.046489199
4200,6790,7360,6715,18698,1651.046542304
4201,6790,7360,6714,18697,1651.046595410
4202,6790,7360,6712,18697,1651.046648515
4203,6790,7360,6711,18696,1651.046701620
4204,6790,7360,6709,18695,1651.046754725
4205,6790,7360,6708,18694,1651.046807831
4206,6790,7360,6707,18694,1651.046860936
4207,6790,7360,6705,18693,1651.046914041
4208,6790,7360,6704,18692,1651.046967147
4209,6790,7360,6702,18692,1651.047020252
4210,6790,7360,6701,18691,1651.047073357
4211,6790,7360,6700,18690,1651.047126463
4212,6790,7360,6698,18690,1651.047179568
4213,6790,7360,6697,18689,1651.047232673
4214,6790,7360,6695,18688,1651.047285779
4215,6790,7360,6694,18688,1651.047338884
4216,6790,7360,6693,18687,1651.047391989
4217,6790,7360,6691,18687,1651.047445095
4218,6790,7360,6690,18686,1651.047498200
4219,6790,7360,6688,18685,1651.047551305
4220,6790,7360,6687,18685,1651.047604410
4221,6790,7360,6686,18684,1651.047657516
4222,6790,7360,6684,18683,1651.047710621
4223,6790,7360,6683,18683,1651.047763726
4224,6790,7360,6682,18682,1651.047816832
4225,6790,7360,6680,18682,1651.047869937
4226,6790,7360,6679,18681,1651.047923042
4227,6790,7360,6677,18680,1651.047976148
4228,6790,7360,6676,18680,1651.048029253
4229,6790,7360,6675,18679,1651.048082358
4230,6790,7360,6673,18679,1651.048135464
4231,6790,7360,6672,18678,1651.048188569
4232,6790,7360,6671,18678,1651.048241674
4233,6790,7360,6669,18677,1651.048294779
4234,6790,7360,6668,18677,1651.048347885
4235,6790,7360,6667,18676,1651.048400990
4236,6790,7360,6665,18675,1651.048454095
4237,6790,7360,6664,18675,1651.048507201
4238,6790,7360,6662,18674,1651.048560306
4239,6790,7360,6661,18674,1651.048613411
4240,6790,7360,6660,18673,1651.048666517
4241,6790,7360,6658,18673,1651.048719622
4242,6790,7360,6657,18672,1651.048772727
4243,6790,7360,6656,18672,1651.048825833
4244,6790,7360,6654,18671,1651.048878938
4245,6790,7360,6653,18671,1651.048932043
4246,6790,7360,6652,18671,1651.048985149
4247,6790,7360,6650,18670,1651.049038254
4248,6790,7360,6649,18670,1651.049091359
4249,6790,7360,6648,18669,1651.049144464
4250,6790,7360,6646,18669,1651.049197570
4251,6790,7360,6645,18668,1651.049250675
4252,6790,7360,6644,18668,1651.049303780
4253,6790,7360,6642,18668,1651.049356886
4254,6790,7360,6641,18667,1651.049409991
4255,6790,7360,6640,18667,1651.049463096
4256,6790,7360,6638,18666,1651.049516202
4257,6790,7360,6637,18666,1651.049569307
4258,6790,7360,6636,18666,1651.049622412
4259,6790,7360,6635,18665,1651.049675518
4260,6790,7360,6633,18665,1651.049728623
4261,6790,7360,6632,18664,1651.049781728
4262,6790,7360,6631,18664,1651.049834833
4263,6790,7360,6629,18664,1651.049887939
4264,6790,7360,6628,18663,1651.049941044
4265,6790,7360,6627,18663,1651.049994149
4266,6790,7360,6625,18663,1651.050047255
4267,6790,7360,6624,18662,1651.050100360
4268,6790,7360,6623,18662,1651.050153465
4269,6790,7360,6621,18662,1651.050206571
4270,6790,7360,6620,18661,1651.050259676
4271,6790,7360,6619,18661,1651.050312781
4272,6790,7360,6617,18661,1651.050365887
4273,6790,7360,6616,18660,1651.050418992
4274,6790,7360,6615,18660,1651.050472097
4275,6790,7360,6614,18660,1651.050525203
4276,6790,7360,6612,18659,1651.050578308
4277,6790,7360,6611,18659,1651.050631413
4278,6790,7360,6610,18659,1651.050684518
4279,6790,7360,6608,18658,1651.050737624
4280,6790,7360,6607,18658,1651.050790729
4281,6790,7360,6606,18658,1651.050843834
4282,6790,7360,6604,18657,1651.050896940
4283,6790,7360,6603,18657,1651.050950045
4284,6790,7360,6602,18657,1651.051003150
4285,6790,7360,6600,18656,1651.051056256
4286,6790,7360,6599,18656,1651.051109361
4287,6790,7360,6598,18656,1651.051162466
4288,6790,7360,6596,18656,1651.051215572
4289,6790,7360,6595,18655,1651.051268677
4290,6790,7360,6594,18655,1651.051321782
4291,6790,7360,6593,18655,1651.051374887
4292,6790,7360,6591,18654,1651.051427993
4293,6790,7360,6590,18654,1651.051481098
4294,6790,7360,6589,18654,1651.051534203
4295,6790,7360,6587,18654,1651.051587309
4296,6790,7360,6586,18653,1651.051640414
4297,6790,7360,6585,18653,1651.051693519
4298,6790,7360,6583,18653,1651.051746625
4299,6790,7360,6582,18652,1651.051799730
4300,6790,7360,6581,18652,1651.051852835
4301,6790,7360,6579,18652,1651.051905941
4302,6790,7360,6578,18652,1651.051959046
4303,6790,7360,6577,18651,1651.052012151
4304,6790,7360,6575,18651,1651.052065257
4305,6790,7360,6574,18651,1651.052118362
4306,6790,7360,6573,18651,1651.052171467
4307,6790,7360,6571,18650,1651.052224572
4308,6790,7360,6570,18650,1651.052277678
4309,6790,7360,6569,18650,1651.052330783
4310,6790,7360,6568,18649,1651.052383888
4311,6790,7360,6566,18649,1651.052436994
4312,6790,7360,6565,18649,1651.052490099
4313,6790,7360,6564,18649,1651.052543204
4314,6790,7360,6562,18648,1651.052596310
4315,6790,7360,6561,18648,1651.052649415
4316,6790,7360,6560,18648,1651.052702520
4317,6790,7360,6558,18647,1651.052755626
4318,6790,7360,6557,18647,1651.052808731
4319,6790,7360,6555,18647,1651.052861836
4320,6790,7360,6554,18646,1651.052914941
4321,6790,7360,6553,18646,1651.052968047
4322,6790,7360,6551,18646,1651.053021152
4323,6790,7360,6550,18646,1651.053074257
4324,6790,7360,6549,18645,1651.053127363
4325,6790,7360,6547,18645,1651.053180468
4326,6790,7360,6546,18645,1651.053233573
4327,6790,7360,6545,18644,1651.053286679
4328,6790,7360,6543,18644,1651.053339784
4329,6790,7360,6542,18644,1651.053392889
4330,6790,7360,6541,18643,1651.053445995
4331,6790,7360,6539,18643,1651.053499100
4332,6790,7360,6538,18643,1651.053552205
4333,6790,7360,6537,18642,1651.053605311
4334,6790,7360,6535,18642,1651.053658416
4335,6790,7360,6534,18642,1651.053711521
4336,6790,7360,6532,18641,1651.053764626
4337,6790,7360,6531,18641,1651.053817732
4338,6790,7360,6530,18641,1651.053870837
4339,6790,7360,6528,18640,1651.053923942
4340,6790,7360,6527,18640,1651.053977048
4341,6790,7360,6526,18640,1651.054030153
4342,6790,7360,6524,18639,1651.054083258
4343,6790,7360,6523,18639,1651.054136364
4344,6790,7360,6521,18639,1651.054189469
4345,6790,7360,6520,18638,1651.054242574
4346,6790,7360,6519,18638,1651.054295680
4347,6790,7360,6517,18638,1651.054348785
4348,6790,7360,6516,18637,1651.054401890
4349,6790,7360,6515,18637,1651.054454995
4350,6790,7360,6513,18637,1651.054508101
4351,6790,7360,6512,18636,1651.054561206
4352,6790,7360,6510,18636,1651.054614311
4353,6790,7360,6509,18636,1651.054667417
4354,6790,7360,6508,18635,1651.054720522
4355,6790,7360,6506,18635,1651.054773627
4356,6790,7360,6505,18634,1651.054826733
4357,6790,7360,6503,18634,1651.054879838
4358,6790,7360,6502,18634,1651.054932943
4359,6790,7360,6501,18633,1651.054986049
4360,6790,7360,6499,18633,1651.055039154
4361,6790,7360,6498,18633,1651.055092259
4362,6790,7360,6496,18632,1651.055145365
4363,6790,7360,6495,18632,1651.055198470
4364,6790,7360,6494,18631,1651.055251575
4365,6790,7360,6492,18631,1651.055304680
4366,6790,7360,6491,18631,1651.055357786
4367,6790,7360,6489,18630,1651.055410891
4368,6790,7360,6488,18630,1651.055463996
4369,6790,7360,6487,18630,1651.055517102
4370,6790,7360,6485,18629,1651.055570207
4371,6790,7360,6484,18629,1651.055623312
4372,6790,7360,6482,18628,1651.055676418
4373,6790,7360,6481,18628,1651.055729523
4374,6790,7360,6480,18628,1651.055782628
4375,6790,7360,6478,18627,1651.055835734
4376,6790,7360,6477,18627,1651.055888839
4377,6790,7360,6475,18626,1651.055941944
4378,6790,7360,6474,18626,1651.055995050
4379,6790,7360,6473,18626,1651.056048155
4380,6790,7360,6471,18625,1651.056101260
4381,6790,7360,6470,18625,1651.056154365
4382,6790,7360,6468,18624,1651.056207471
4383,6790,7360,6467,18624,1651.056260576
4384,6790,7360,6465,18623,1651.056313681
4385,6790,7360,6464,18623,1651.056366787
4386,6790,7360,6463,18623,1651.056419892
4387,6790,7360,6461,18622,1651.056472997
4388,6790,7360,6460,18622,1651.056526103
4389,6790,7360,6458,18621,1651.056579208
4390,6790,7360,6457,18621,1651.056632313
4391,6790,7360,6456,18621,1651.056685419
4392,6790,7360,6454,18620,1651.056738524
4393,6790,7360,6453,18620,1651.056791629
4394,6790,7360,6451,18619,1651.056844734
4395,6790,7360,6450,18619,1651.056897840
4396,6790,7360,6449,18618,1651.056950945
4397,6790,7360,6447,18618,1651.057004050
4398,6790,7360,6446,18618,1651.057057156
4399,6790,7360,6444,18617,1651.057110261
4400,6790,7360,6443,18617,1651.057163366
4401,6790,7360,6442,18616,1651.057216472
4402,6790,7360,6440,18616,1651.057269577
4403,6790,7360,6439,18615,1651.057322682
4404,6790,7360,6437,18615,1651.057375788
4405,6790,7360,6436,18615,1651.057428893
4406,6790,7360,6434,18614,1651.057481998
4407,6790,7360,6433,18614,1651.057535104
4408,6790,7360,6432,18613,1651.057588209
4409,6790,7360,6430,18613,1651.057641314
4410,6790,7360,6429,18612,1651.057694419
4411,6790,7360,6427,18612,1651.057747525
4412,6790,7360,6426,18612,1651.057800630
4413,6790,7360,6425,18611,1651.057853735
4414,6790,7360,6423,18611,1651.057906841
4415,6790,7360,6422,18610,1651.057959946
4416,6790,7360,6420,18610,1651.058013051
4417,6790,7360,6419,18609,1651.058066157
4418,6790,7360,6418,18609,1651.058119262
4419,6790,7360,6416,18608,1651.058172367
4420,6790,7360,6415,18608,1651.058225473
4421,6790,7361,6413,18607,1651.058278578
4422,6790,7361,6412,18607,1651.058331683
4423,6791,7361,6411,18607,1651.058384788
4424,6791,7361,6409,18606,1651.058437894
4425,6791,7361,6408,18606,1651.058490999
4426,6791,7361,6406,18605,1651.058544104
4427,6791,7361,6405,18605,1651.058597210
4428,6791,7361,6404,18604,1651.058650315
4429,6791,7361,6402,18604,1651.058703420
4430,6791,7361,6401,18603,1651.058756526
4431,6791,7361,6400,18603,1651.058809631
4432,6791,7361,6398,18602,1651.058862736
4433,6791,7361,6397,18602,1651.058915842
4434,6791,7361,6395,18602,1651.058968947
4435,6791,7361,6394,18601,1651.059022052
4436,6791,7361,6393,18601,1651.059075158
4437,6791,7361,6391,18600,1651.059128263
4438,6791,7361,6390,18600,1651.059181368
4439,6791,7361,6389,18599,1651.059234473
4440,6791,7361,6387,18599,1651.059287579
4441,6791,7361,6386,18598,1651.059340684
4442,6791,7361,6385,18598,1651.059393789
4443,6791,7361,6383,18597,1651.059446895
4444,6791,7361,6382,18597,1651.059500000
4445,6791,7361,6380,18596,1651.059553105
4446,6791,7361,6379,18596,1651.059606211
4447,6791,7361,6378,18596,1651.059659316
4448,6791,7361,6376,18595,1651.059712421
4449,6791,7362,6375,18595,1651.059765527
4450,6791,7362,6374,18594,1651.059818632
4451,6791,7362,6372,18594,1651.059871737
4452,6791,7362,6371,18593,1651.059924842
4453,6791,7362,6370,18593,1651.059977948
4454,6791,7362,6368,18592,1651.060031053
4455,6791,7362,6367,18592,1651.060084158
4456,6791,7362,6366,18591,1651.060137264
4457,6791,7362,6364,18591,1651.060190369
4458,6791,7362,6363,18590,1651.060243474
4459,6791,7362,6362,18590,1651.060296580
4460,6791,7362,6361,18589,1651.060349685
4461,6791,7362,6359,18589,1651.060402790
4462,6791,7362,6358,18589,1651.060455896
4463,6791,7362,6357,18588,1651.060509001
4464,6791,7362,6355,18588,1651.060562106
4465,6791,7362,6354,18587,1651.060615212
4466,6791,7362,6353,18587,1651.060668317
4467,6791,7362,6352,18586,1651.060721422
4468,6791,7362,6350,18586,1651.060774527
4469,6791,7361,6349,18585,1651.060827633
4470,6791,7361,6348,18585,1651.060880738
4471,6791,7361,6346,18584,1651.060933843
4472,6791,7361,6345,18584,1651.060986949
4473,6791,7361,6344,18583,1651.061040054
4474,6791,7361,6343,18583,1651.061093159
4475,6791,7361,6341,18582,1651.061146265
4476,6791,7361,6340,18582,1651.061199370
4477,6791,7361,6339,18582,1651.061252475
4478,6791,7361,6338,18581,1651.061305581
4479,6791,7361,6336,18581,1651.061358686
4480,6791,7361,6335,18580,1651.061411791
4481,6791,7361,6334,18580,1651.061464896
4482,6791,7361,6333,18579,1651.061518002
4483,6791,7361,6332,18579,1651.061571107
4484,6791,7361,6330,18578,1651.061624212
4485,6790,7361,6329,18578,1651.061677318
4486,6790,7361,6328,18577,1651.061730423
4487,6790,7360,6327,18577,1651.061783528
4488,6790,7360,6326,18576,1651.061836634
4489,6790,7360,6324,18576,1651.061889739
4490,6790,7360,6323,18575,1651.061942844
4491,6790,7360,6322,18575,1651.061995950
4492,6790,7360,6321,18575,1651.062049055
4493,6790,7360,6320,18574,1651.062102160
4494,6790,7360,6319,18574,1651.062155266
4495,6790,7360,6317,18573,1651.062208371
4496,6789,7359,6316,18573,1651.062261476
4497,6789,7359,6315,18572,1651.062314581
4498,6789,7359,6314,18572,1651.062367687
4499,6789,7359,6313,18571,1651.062420792
4500,6789,7359,6312,18571,1651.062473897
4501,6789,7359,6311,18570,1651.062527003
4502,6789,7359,6309,18570,1651.062580108
4503,6789,7358,6308,18569,1651.062633213
4504,6789,7358,6307,18569,1651.062686319
4505,6788,7358,6306,18569,1651.062739424
4506,6788,7358,6305,18568,1651.062792529
4507,6788,7358,6304,18568,1651.062845635
4508,6788,7358,6303,18567,1651.062898740
4509,6788,7358,6301,18567,1651.062951845
4510,6788,7357,6300,18566,1651.063004950
4511,6788,7357,6299,18566,1651.063058056
4512,6788,7357,6298,18565,1651.063111161
4513,6787,7357,6297,18565,1651.063164266
4514,6787,7357,6296,18564,1651.063217372
4515,6787,7357,6294,18564,1651.063270477
4516,6787,7356,6293,18563,1651.063323582
4517,6787,7356,6292,18563,1651.063376688
4518,6787,7356,6291,18562,1651.063429793
4519,6787,7356,6290,18562,1651.063482898
4520,6787,7356,6288,18561,1651.063536004
4521,6786,7356,6287,18561,1651.063589109
4522,6786,7356,6286,18560,1651.063642214
4523,6786,7355,6285,18560,1651.063695320
4524,6786,7355,6283,18559,1651.063748425
4525,6786,7355,6282,18558,1651.063801530
4526,6786,7355,6281,18558,1651.063854635
4527,6786,7355,6280,18557,1651.063907741
4528,6786,7355,6278,18557,1651.063960846
4529,6786,7355,6277,18556,1651.064013951
4530,6786,7355,6276,18556,1651.064067057
4531,6785,7355,6274,18555,1651.064120162
4532,6785,7355,6273,18554,1651.064173267
4533,6785,7354,6272,18554,1651.064226373
4534,6785,7354,6270,18553,1651.064279478
4535,6785,7354,6269,18553,1651.064332583
4536,6785,7354,6267,18552,1651.064385689
4537,6785,7354,6266,18551,1651.064438794
4538,6785,7354,6264,18551,1651.064491899
4539,6785,7354,6263,18550,1651.064545005
4540,6785,7354,6262,18549,1651.064598110
4541,6785,7354,6260,18549,1651.064651215
4542,6785,7354,6258,18548,1651.064704320
4543,6785,7354,6257,18547,1651.064757426
4544,6785,7354,6255,18547,1651.064810531
4545,6785,7354,6254,18546,1651.064863636
4546,6785,7354,6252,18545,1651.064916742
4547,6785,7354,6251,18545,1651.064969847
4548,6785,7354,6249,18544,1651.065022952
4549,6785,7354,6247,18543,1651.065076058
4550,6785,7354,6246,18542,1651.065129163
4551,6785,7354,6244,18542,1651.065182268
4552,6785,7354,6242,18541,1651.065235374
4553,6785,7354,6240,18540,1651.065288479
4554,6785,7355,6238,18539,1651.065341584
4555,6786,7355,6237,18539,1651.065394689
4556,6786,7355,6235,18538,1651.065447795
4557,6786,7355,6233,18537,1651.065500900
4558,6786,7355,6231,18536,1651.065554005
4559,6786,7355,6229,18535,1651.065607111
4560,6786,7355,6227,18534,1651.065660216
4561,6786,7356,6225,18533,1651.065713321
4562,6786,7356,6223,18533,1651.065766427
4563,6787,7356,6221,18532,1651.065819532
4564,6787,7356,6219,18531,1651.065872637
4565,6787,7356,6217,18530,1651.065925743
4566,6787,7357,6215,18529,1651.065978848
4567,6787,7357,6213,18528,1651.066031953
4568,6788,7357,6210,18527,1651.066085059
4569,6788,7358,6208,18526,1651.066138164
4570,6788,7358,6206,18525,1651.066191269
4571,6788,7358,6204,18524,1651.066244374
4572,6789,7359,6201,18523,1651.066297480
4573,6789,7359,6199,18522,1651.066350585
4574,6789,7359,6196,18521,1651.066403690
4575,6790,7360,6194,18520,1651.066456796
4576,6790,7360,6192,18519,1651.066509901
4577,6790,7361,6189,18518,1651.066563006
4578,6791,7361,6186,18517,1651.066616112
4579,6791,7361,6184,18515,1651.066669217
4580,6792,7362,6181,18514,1651.066722322
4581,6792,7362,6179,18513,1651.066775428
4582,6792,7363,6176,18512,1651.066828533
4583,6793,7363,6173,18511,1651.066881638
4584,6793,7364,6171,18510,1651.066934743
4585,6794,7364,6168,18509,1651.066987849
4586,6794,7365,6165,18507,1651.067040954
4587,6795,7366,6162,18506,1651.067094059
4588,6795,7366,6160,18505,1651.067147165
4589,6796,7367,6157,18504,1651.067200270
4590,6796,7367,6154,18503,1651.067253375
4591,6796,7368,6151,18501,1651.067306481
4592,6797,7368,6149,18500,1651.067359586
4593,6797,7369,6146,18499,1651.067412691
4594,6798,7369,6143,18498,1651.067465797
4595,6798,7370,6140,18497,1651.067518902
4596,6799,7371,6137,18495,1651.067572007
4597,6799,7371,6135,18494,1651.067625113
4598,6800,7372,6132,18493,1651.067678218
4599,6800,7372,6129,18492,1651.067731323
4600,6801,7373,6127,18491,1651.067784428
4601,6801,7373,6124,18489,1651.067837534
4602,6802,7374,6121,18488,1651.067890639
4603,6802,7374,6118,18487,1651.067943744
4604,6803,7375,6116,18486,1651.067996850
4605,6803,7375,6113,18485,1651.068049955
4606,6803,7376,6111,18484,1651.068103060
4607,6804,7376,6108,18483,1651.068156166
4608,6804,7377,6106,18482,1651.068209271
4609,6805,7377,6103,18481,1651.068262376
4610,6805,7378,6101,18479,1651.068315482
4611,6805,7378,6098,18478,1651.068368587
4612,6806,7379,6096,18477,1651.068421692
4613,6806,7379,6094,18476,1651.068474797
4614,6806,7380,6091,18475,1651.068527903
4615,6807,7380,6089,18474,1651.068581008
4616,6807,7380,6087,18473,1651.068634113
4617,6807,7381,6085,18473,1651.068687219
4618,6807,7381,6083,18472,1651.068740324
4619,6808,7381,6081,18471,1651.068793429
4620,6808,7381,6079,18470,1651.068846535
4621,6808,7382,6077,18469,1651.068899640
4622,6808,7382,6075,18468,1651.068952745
4623,6808,7382,6074,18468,1651.069005851
4624,6809,7382,6072,18467,1651.069058956
4625,6809,7382,6070,18466,1651.069112061
4626,6809,7382,6069,18465,1651.069165167
4627,6809,7382,6068,18465,1651.069218272
4628,6809,7382,6066,18464,1651.069271377
4629,6809,7382,6065,18464,1651.069324482
4630,6809,7382,6064,18463,1651.069377588
4631,6809,7382,6063,18463,1651.069430693
4632,6809,7382,6062,18462,1651.069483798
4633,6808,7382,6061,18462,1651.069536904
4634,6808,7382,6060,18461,1651.069590009
4635,6808,7382,6059,18461,1651.069643114
4636,6808,7381,6059,18461,1651.069696220
4637,6808,7381,6058,18460,1651.069749325
4638,6807,7381,6058,18460,1651.069802430
4639,6807,7380,6057,18460,1651.069855536
4640,6807,7380,6057,18460,1651.069908641
4641,6806,7379,6057,18460,1651.069961746
4642,6806,7379,6057,18460,1651.070014851
4643,6805,7378,6057,18460,1651.070067957
4644,6805,7378,6057,18460,1651.070121062
4645,6804,7377,6058,18460,1651.070174167
4646,6804,7376,6058,18460,1651.070227273
4647,6803,7376,6059,18460,1651.070280378
4648,6802,7375,6059,18460,1651.070333483
4649,6802,7374,6060,18461,1651.070386589
4650,6801,7373,6061,18461,1651.070439694
4651,6800,7372,6062,18461,1651.070492799
4652,6799,7371,6064,18462,1651.070545905
4653,6798,7370,6065,18462,1651.070599010
4654,6797,7369,6067,18463,1651.070652115
4655,6796,7368,6068,18463,1651.070705221
4656,6795,7366,6070,18464,1651.070758326
4657,6794,7365,6072,18465,1651.070811431
4658,6793,7364,6074,18466,1651.070864536
4659,6792,7362,6076,18467,1651.070917642
4660,6791,7361,6079,18467,1651.070970747
4661,6789,7359,6081,18468,1651.071023852
4662,6788,7358,6084,18470,1651.071076958
4663,6787,7356,6087,18471,1651.071130063
4664,6785,7354,6090,18472,1651.071183168
4665,6784,7352,6093,18473,1651.071236274
4666,6782,7351,6096,18474,1651.071289379
4667,6781,7349,6100,18476,1651.071342484
4668,6779,7347,6103,18477,1651.071395590
4669,6777,7345,6107,18479,1651.071448695
4670,6775,7343,6111,18480,1651.071501800
4671,6774,7341,6114,18482,1651.071554905
4672,6772,7338,6118,18483,1651.071608011
4673,6770,7336,6123,18485,1651.071661116
4674,6768,7334,6127,18487,1651.071714221
4675,6766,7332,6131,18488,1651.071767327
4676,6764,7329,6136,18490,1651.071820432
4677,6762,7327,6140,18492,1651.071873537
4678,6760,7324,6145,18494,1651.071926643
4679,6758,7322,6150,18496,1651.071979748
4680,6756,7320,6154,18498,1651.072032853
4681,6754,7317,6159,18500,1651.072085959
4682,6752,7314,6164,18502,1651.072139064
4683,6750,7312,6169,18504,1651.072192169
4684,6748,7309,6175,18506,1651.072245275
4685,6745,7307,6180,18508,1651.072298380
4686,6743,7304,6185,18510,1651.072351485
4687,6741,7301,6190,18512,1651.072404590
4688,6739,7298,6196,18514,1651.072457696
4689,6736,7296,6201,18517,1651.072510801
4690,6734,7293,6207,18519,1651.072563906
4691,6732,7290,6212,18521,1651.072617012
4692,6729,7287,6218,18523,1651.072670117
4693,6727,7285,6224,18526,1651.072723222
4694,6725,7282,6229,18528,1651.072776328
4695,6722,7279,6235,18530,1651.072829433
4696,6720,7276,6241,18533,1651.072882538
4697,6717,7273,6246,18535,1651.072935644
4698,6715,7270,6252,18537,1651.072988749
4699,6713,7267,6258,18540,1651.073041854
4700,6710,7264,6264,18542,1651.073094959
4701,6708,7262,6270,18544,1651.073148065
4702,6705,7259,6275,18547,1651.073201170
4703,6703,7256,6281,18549,1651.073254275
4704,6700,7253,6287,18551,1651.073307381
4705,6698,7250,6293,18554,1651.073360486
4706,6696,7247,6299,18556,1651.073413591
4707,6693,7244,6305,18558,1651.073466697
4708,6691,7241,6310,18561,1651.073519802
4709,6688,7238,6316,18563,1651.073572907
4710,6686,7236,6322,18566,1651.073626013
4711,6683,7233,6328,18568,1651.073679118
4712,6681,7230,6333,18570,1651.073732223
4713,6679,7227,6339,18573,1651.073785329
4714,6676,7224,6344,18575,1651.073838434
4715,6674,7221,6350,18577,1651.073891539
4716,6672,7219,6356,18579,1651.073944644
4717,6669,7216,6361,18582,1651.073997750
4718,6667,7213,6366,18584,1651.074050855
4719,6665,7210,6372,18586,1651.074103960
4720,6663,7208,6377,18588,1651.074157066
4721,6660,7205,6382,18590,1651.074210171
4722,6658,7202,6387,18592,1651.074263276
4723,6656,7200,6393,18595,1651.074316382
4724,6654,7197,6398,18597,1651.074369487
4725,6652,7195,6403,18599,1651.074422592
4726,6650,7192,6407,18601,1651.074475698
4727,6647,7190,6412,18603,1651.074528803
4728,6645,7187,6417,18605,1651.074581908
4729,6643,7185,6421,18607,1651.074635014
4730,6641,7182,6426,18608,1651.074688119
4731,6639,7180,6430,18610,1651.074741224
4732,6638,7178,6435,18612,1651.074794329
4733,6636,7175,6439,18614,1651.074847435
4734,6634,7173,6443,18615,1651.074900540
4735,6632,7171,6447,18617,1651.074953645
4736,6630,7169,6451,18619,1651.075006751
4737,6628,7167,6454,18620,1651.075059856
4738,6627,7165,6458,18622,1651.075112961
4739,6625,7163,6461,18623,1651.075166067
4740,6624,7161,6465,18625,1651.075219172
4741,6622,7159,6468,18626,1651.075272277
4742,6621,7157,6471,18627,1651.075325383
4743,6619,7156,6474,18628,1651.075378488
4744,6618,7154,6477,18630,1651.075431593
4745,6616,7152,6479,18631,1651.075484698
4746,6615,7151,6482,18632,1651.075537804
4747,6614,7149,6484,18633,1651.075590909
4748,6613,7148,6486,18634,1651.075644014
4749,6612,7147,6488,18635,1651.075697120
4750,6610,7145,6490,18635,1651.075750225
4751,6609,7144,6492,18636,1651.075803330
4752,6608,7143,6493,18637,1651.075856436
4753,6607,7142,6495,18637,1651.075909541
4754,6607,7141,6496,18638,1651.075962646
4755,6606,7140,6497,18638,1651.076015752
4756,6605,7139,6498,18639,1651.076068857
4757,6604,7138,6499,18639,1651.076121962
4758,6603,7137,6500,18640,1651.076175068
4759,6603,7136,6500,18640,1651.076228173
4760,6602,7135,6501,18640,1651.076281278
4761,6602,7135,6501,18641,1651.076334383
4762,6601,7134,6501,18641,1651.076387489
4763,6601,7134,6501,18641,1651.076440594
4764,6600,7133,6501,18641,1651.076493699
4765,6600,7132,6501,18641,1651.076546805
4766,6599,7132,6501,18641,1651.076599910
4767,6599,7132,6501,18641,1651.076653015
4768,6599,7131,6500,18641,1651.076706121
4769,6598,7131,6500,18641,1651.076759226
4770,6598,7131,6499,18640,1651.076812331
4771,6598,7130,6499,18640,1651.076865437
4772,6598,7130,6498,18640,1651.076918542
4773,6598,7130,6497,18640,1651.076971647
4774,6597,7130,6496,18639,1651.077024752
4775,6597,7130,6495,18639,1651.077077858
4776,6597,7130,6493,18639,1651.077130963
4777,6597,7130,6492,18638,1651.077184068
4778,6597,7130,6491,18638,1651.077237174
4779,6597,7130,6489,18637,1651.077290279
4780,6597,7130,6488,18637,1651.077343384
4781,6597,7130,6486,18636,1651.077396490
4782,6598,7130,6485,18635,1651.077449595
4783,6598,7130,6483,18635,1651.077502700
4784,6598,7130,6481,18634,1651.077555806
4785,6598,7130,6479,18633,1651.077608911
4786,6598,7131,6477,18633,1651.077662016
4787,6598,7131,6476,18632,1651.077715122
4788,6599,7131,6473,18631,1651.077768227
4789,6599,7132,6471,18631,1651.077821332
4790,6599,7132,6469,18630,1651.077874437
4791,6599,7132,6467,18629,1651.077927543
4792,6600,7133,6465,18628,1651.077980648
4793,6600,7133,6463,18627,1651.078033753
4794,6600,7133,6460,18626,1651.078086859
4795,6601,7134,6458,18625,1651.078139964
4796,6601,7134,6455,18625,1651.078193069
4797,6601,7135,6453,18624,1651.078246175
4798,6602,7135,6451,18623,1651.078299280
4799,6602,7136,6448,18622,1651.078352385
4800,6603,7136,6446,18621,1651.078405491
4801,6603,7137,6443,18620,1651.078458596
4802,6604,7137,6440,18619,1651.078511701
4803,6604,7138,6438,18618,1651.078564806
4804,6604,7138,6435,18617,1651.078617912
4805,6605,7139,6433,18616,1651.078671017
4806,6605,7139,6430,18615,1651.078724122
4807,6606,7140,6427,18614,1651.078777228
4808,6606,7140,6425,18613,1651.078830333
4809,6607,7141,6422,18612,1651.078883438
4810,6607,7142,6419,18611,1651.078936544
4811,6608,7142,6416,18610,1651.078989649
4812,6608,7143,6414,18609,1651.079042754
4813,6609,7143,6411,18608,1651.079095860
4814,6609,7144,6408,18607,1651.079148965
4815,6610,7144,6406,18606,1651.079202070
4816,6610,7145,6403,18605,1651.079255176
4817,6611,7145,6400,18604,1651.079308281
4818,6611,7146,6398,18603,1651.079361386
4819,6611,7147,6395,18602,1651.079414491
4820,6612,7147,6393,18601,1651.079467597
4821,6612,7148,6390,18600,1651.079520702
4822,6613,7148,6387,18599,1651.079573807
4823,6613,7149,6385,18598,1651.079626913
4824,6614,7149,6382,18597,1651.079680018
4825,6614,7150,6380,18596,1651.079733123
4826,6614,7150,6377,18595,1651.079786229
4827,6615,7151,6375,18594,1651.079839334
4828,6615,7151,6373,18593,1651.079892439
4829,6616,7152,6370,18592,1651.079945545
4830,6616,7152,6368,18591,1651.079998650
4831,6616,7152,6366,18590,1651.080051755
4832,6617,7153,6364,18589,1651.080104860
4833,6617,7153,6361,18588,1651.080157966
4834,6617,7154,6359,18588,1651.080211071
4835,6618,7154,6357,18587,1651.080264176
4836,6618,7154,6355,18586,1651.080317282
4837,6618,7155,6353,18585,1651.080370387
4838,6618,7155,6351,18584,1651.080423492
4839,6619,7155,6349,18584,1651.080476598
4840,6619,7155,6348,18583,1651.080529703
4841,6619,7156,6346,18582,1651.080582808
4842,6619,7156,6344,18582,1651.080635914
4843,6619,7156,6342,18581,1651.080689019
4844,6620,7156,6341,18580,1651.080742124
4845,6620,7156,6339,18580,1651.080795230
4846,6620,7157,6337,18579,1651.080848335
4847,6620,7157,6336,18578,1651.080901440
4848,6620,7157,6334,18578,1651.080954545
4849,6620,7157,6332,18577,1651.081007651
4850,6620,7157,6331,18577,1651.081060756
4851,6621,7157,6330,18576,1651.081113861
4852,6621,7157,6328,18575,1651.081166967
4853,6621,7158,6327,18575,1651.081220072
4854,6621,7158,6325,18574,1651.081273177
4855,6621,7158,6324,18574,1651.081326283
4856,6621,7158,6323,18573,1651.081379388
4857,6621,7158,6321,18573,1651.081432493
4858,6621,7158,6320,18572,1651.081485599
4859,6621,7158,6319,18572,1651.081538704
4860,6621,7158,6318,18571,1651.081591809
4861,6621,7158,6316,18571,1651.081644914
4862,6621,7158,6315,18570,1651.081698020
4863,6621,7158,6314,18570,1651.081751125
4864,6621,7158,6313,18570,1651.081804230
4865,6621,7158,6312,18569,1651.081857336
4866,6621,7158,6311,18569,1651.081910441
4867,6621,7158,6310,18568,1651.081963546
4868,6621,7158,6309,18568,1651.082016652
4869,6621,7158,6308,18568,1651.082069757
4870,6621,7158,6307,18567,1651.082122862
4871,6621,7158,6306,18567,1651.082175968
4872,6621,7158,6305,18566,1651.082229073
4873,6621,7158,6304,18566,1651.082282178
4874,6621,7157,6303,18566,1651.082335284
4875,6621,7157,6302,18565,1651.082388389
4876,6620,7157,6301,18565,1651.082441494
4877,6620,7157,6300,18565,1651.082494599
4878,6620,7157,6299,18565,1651.082547705
4879,6620,7157,6299,18564,1651.082600810
4880,6620,7157,6298,18564,1651.082653915
4881,6620,7157,6297,18564,1651.082707021
4882,6620,7157,6296,18563,1651.082760126
4883,6620,7156,6295,18563,1651.082813231
4884,6620,7156,6295,18563,1651.082866337
4885,6620,7156,6294,18563,1651.082919442
4886,6619,7156,6293,18562,1651.082972547
4887,6619,7156,6292,18562,1651.083025653
4888,6619,7156,6292,18562,1651.083078758
4889,6619,7156,6291,18562,1651.083131863
4890,6619,7156,6290,18561,1651.083184968
4891,6619,7155,6289,18561,1651.083238074
4892,6619,7155,6289,18561,1651.083291179
4893,6619,7155,6288,18561,1651.083344284
4894,6618,7155,6287,18561,1651.083397390
4895,6618,7155,6286,18560,1651.083450495
4896,6618,7155,6286,18560,1651.083503600
4897,6618,7154,6285,18560,1651.083556706
4898,6618,7154,6284,18560,1651.083609811
4899,6618,7154,6284,18560,1651.083662916
4900,6618,7154,6283,18559,1651.083716022
4901,6618,7154,6282,18559,1651.083769127
4902,6617,7154,6282,18559,1651.083822232
4903,6617,7154,6281,18559,1651.083875338
4904,6617,7153,6280,18559,1651.083928443
4905,6617,7153,6279,18559,1651.083981548
4906,6617,7153,6279,18558,1651.084034653
4907,6617,7153,6278,18558,1651.084087759
4908,6617,7153,6277,18558,1651.084140864
4909,6617,7153,6276,18558,1651.084193969
4910,6616,7153,6276,18558,1651.084247075
4911,6616,7152,6275,18558,1651.084300180
4912,6616,7152,6274,18557,1651.084353285
4913,6616,7152,6273,18557,1651.084406391
4914,6616,7152,6273,18557,1651.084459496
4915,6616,7152,6272,18557,1651.084512601
4916,6616,7152,6271,18557,1651.084565707
4917,6616,7152,6270,18557,1651.084618812
4918,6616,7152,6269,18556,1651.084671917
4919,6616,7152,6269,18556,1651.084725023
4920,6616,7151,6268,18556,1651.084778128
4921,6615,7151,6267,18556,1651.084831233
4922,6615,7151,6266,18556,1651.084884338
4923,6615,7151,6265,18556,1651.084937444
4924,6615,7151,6264,18556,1651.084990549
4925,6615,7151,6263,18555,1651.085043654
4926,6615,7151,6262,18555,1651.085096760
4927,6615,7151,6261,18555,1651.085149865
4928,6615,7151,6261,18555,1651.085202970
4929,6615,7151,6260,18555,1651.085256076
4930,6615,7151,6259,18555,1651.085309181
4931,6615,7151,6258,18554,1651.085362286
4932,6615,7151,6257,18554,1651.085415392
4933,6615,7151,6256,18554,1651.085468497
4934,6615,7151,6255,18554,1651.085521602
4935,6615,7151,6254,18554,1651.085574707
4936,6615,7151,6253,18554,1651.085627813
4937,6615,7151,6252,18553,1651.085680918
4938,6615,7150,6251,18553,1651.085734023
4939,6615,7150,6250,18553,1651.085787129
4940,6615,7150,6249,18553,1651.085840234
4941,6615,7150,6248,18553,1651.085893339
4942,6615,7150,6247,18553,1651.085946445
4943,6615,7150,6246,18553,1651.085999550
4944,6615,7150,6245,18552,1651.086052655
4945,6615,7150,6243,18552,1651.086105761
4946,6615,7150,6242,18552,1651.086158866
4947,6615,7150,6241,18552,1651.086211971
4948,6615,7150,6240,18552,1651.086265077
4949,6615,7150,6239,18552,1651.086318182
4950,6615,7150,6238,18551,1651.086371287
4951,6615,7150,6237,18551,1651.086424392
4952,6615,7150,6236,18551,1651.086477498
4953,6615,7150,6235,18551,1651.086530603
4954,6615,7150,6234,18551,1651.086583708
4955,6615,7150,6232,18551,1651.086636814
4956,6615,7150,6231,18550,1651.086689919
4957,6615,7150,6230,18550,1651.086743024
4958,6615,7151,6229,18550,1651.086796130
4959,6615,7151,6228,18550,1651.086849235
4960,6615,7151,6227,18550,1651.086902340
4961,6615,7151,6225,18550,1651.086955446
4962,6615,7151,6224,18549,1651.087008551
4963,6615,7151,6223,18549,1651.087061656
4964,6615,7151,6222,18549,1651.087114761
4965,6615,7151,6221,18549,1651.087167867
4966,6615,7151,6219,18549,1651.087220972
4967,6615,7151,6218,18548,1651.087274077
4968,6615,7151,6217,18548,1651.087327183
4969,6615,7151,6216,18548,1651.087380288
4970,6615,7151,6214,18548,1651.087433393
4971,6615,7151,6213,18548,1651.087486499
4972,6615,7151,6212,18548,1651.087539604
4973,6615,7151,6211,18547,1651.087592709
4974,6615,7151,6209,18547,1651.087645815
4975,6615,7151,6208,18547,1651.087698920
4976,6615,7151,6207,18547,1651.087752025
4977,6615,7151,6206,18547,1651.087805131
4978,6615,7151,6204,18546,1651.087858236
4979,6615,7151,6203,18546,1651.087911341
4980,6615,7151,6202,18546,1651.087964446
4981,6615,7151,6201,18546,1651.088017552
4982,6615,7151,6199,18546,1651.088070657
4983,6615,7151,6198,18545,1651.088123762
4984,6616,7151,6197,18545,1651.088176868
4985,6616,7151,6195,18545,1651.088229973
4986,6616,7152,6194,18545,1651.088283078
4987,6616,7152,6193,18545,1651.088336184
4988,6616,7152,6191,18544,1651.088389289
4989,6616,7152,6190,18544,1651.088442394
4990,6616,7152,6189,18544,1651.088495500
4991,6616,7152,6187,18544,1651.088548605
4992,6616,7152,6186,18544,1651.088601710
4993,6616,7152,6185,18543,1651.088654815
4994,6616,7152,6183,18543,1651.088707921
4995,6616,7152,6182,18543,1651.088761026
4996,6616,7152,6181,18543,1651.088814131
4997,6616,7152,6179,18543,1651.088867237
4998,6616,7152,6178,18542,1651.088920342
4999,6616,7152,6177,18542,1651.088973447
5000,6616,7152,6175,18542,1651.089026553
5001,6616,7152,6174,18542,1651.089079658
5002,6616,7152,6173,18541,1651.089132763
5003,6616,7152,6171,18541,1651.089185869
5004,6616,7152,6170,18541,1651.089238974
5005,6616,7152,6169,18541,1651.089292079
5006,6616,7152,6167,18541,1651.089345185
5007,6616,7152,6166,18540,1651.089398290
5008,6616,7152,6164,18540,1651.089451395
5009,6616,7152,6163,18540,1651.089504500
5010,6616,7152,6162,18540,1651.089557606
5011,6616,7152,6160,18539,1651.089610711
5012,6616,7152,6159,18539,1651.089663816
5013,6616,7152,6158,18539,1651.089716922
5014,6616,7152,6156,18539,1651.089770027
5015,6616,7152,6155,18538,1651.089823132
5016,6616,7152,6153,18538,1651.089876238
5017,6616,7152,6152,18538,1651.089929343
5018,6616,7152,6151,18538,1651.089982448
5019,6616,7152,6149,18537,1651.090035554
5020,6616,7152,6148,18537,1651.090088659
5021,6616,7152,6147,18537,1651.090141764
5022,6616,7152,6145,18537,1651.090194869
5023,6616,7152,6144,18536,1651.090247975
5024,6616,7152,6142,18536,1651.090301080
5025,6616,7152,6141,18536,1651.090354185
5026,6616,7152,6140,18536,1651.090407291
5027,6616,7152,6138,18535,1651.090460396
5028,6616,7152,6137,18535,1651.090513501
5029,6616,7152,6135,18535,1651.090566607
5030,6616,7152,6134,18535,1651.090619712
5031,6616,7152,6133,18534,1651.090672817
5032,6616,7152,6131,18534,1651.090725923
5033,6616,7152,6130,18534,1651.090779028
5034,6616,7152,6129,18534,1651.090832133
5035,6616,7152,6127,18533,1651.090885239
5036,6616,7152,6126,18533,1651.090938344
5037,6616,7152,6125,18533,1651.090991449
5038,6616,7152,6123,18533,1651.091044554
5039,6616,7152,6122,18532,1651.091097660
5040,6616,7152,6120,18532,1651.091150765
5041,6616,7152,6119,18532,1651.091203870
5042,6616,7152,6118,18532,1651.091256976
5043,6616,7152,6116,18531,1651.091310081
5044,6616,7152,6115,18531,1651.091363186
5045,6616,7152,6114,18531,1651.091416292
5046,6616,7152,6112,18531,1651.091469397
5047,6616,7152,6111,18531,1651.091522502
5048,6616,7152,6110,18530,1651.091575608
5049,6616,7152,6108,18530,1651.091628713
5050,6616,7152,6107,18530,1651.091681818
5051,6616,7152,6106,18530,1651.091734923
5052,6616,7152,6104,18529,1651.091788029
5053,6616,7152,6103,18529,1651.091841134
5054,6616,7152,6102,18529,1651.091894239
5055,6616,7152,6100,18529,1651.091947345
5056,6616,7152,6099,18528,1651.092000450
5057,6616,7152,6098,18528,1651.092053555
5058,6616,7152,6096,18528,1651.092106661
5059,6616,7152,6095,18528,1651.092159766
5060,6616,7152,6094,18528,1651.092212871
5061,6616,7152,6093,18527,1651.092265977
5062,6616,7152,6091,18527,1651.092319082
5063,6616,7152,6090,18527,1651.092372187
5064,6616,7152,6089,18527,1651.092425293
5065,6616,7152,6087,18526,1651.092478398
5066,6616,7152,6086,18526,1651.092531503
5067,6616,7152,6085,18526,1651.092584608
5068,6616,7152,6084,18526,1651.092637714
5069,6616,7152,6082,18526,1651.092690819
5070,6616,7152,6081,18525,1651.092743924
5071,6616,7152,6080,18525,1651.092797030
5072,6616,7152,6079,18525,1651.092850135
5073,6616,7152,6077,18525,1651.092903240
5074,6616,7152,6076,18525,1651.092956346
5075,6616,7152,6075,18525,1651.093009451
5076,6616,7152,6074,18524,1651.093062556
5077,6616,7152,6073,18524,1651.093115662
5078,6616,7152,6071,18524,1651.093168767
5079,6616,7152,6070,18524,1651.093221872
5080,6616,7152,6069,18524,1651.093274977
5081,6616,7152,6068,18524,1651.093328083
5082,6616,7152,6067,18523,1651.093381188
5083,6616,7152,6065,18523,1651.093434293
5084,6616,7152,6064,18523,1651.093487399
5085,6616,7152,6063,18523,1651.093540504
5086,6616,7152,6062,18523,1651.093593609
5087,6616,7152,6061,18523,1651.093646715
5088,6616,7152,6060,18522,1651.093699820
5089,6616,7152,6059,18522,1651.093752925
5090,6616,7152,6057,18522,1651.093806031
5091,6616,7152,6056,18522,1651.093859136
5092,6616,7152,6055,18522,1651.093912241
5093,6616,7152,6054,18522,1651.093965347
5094,6616,7152,6053,18522,1651.094018452
5095,6616,7152,6052,18522,1651.094071557
5096,6616,7152,6051,18521,1651.094124662
5097,6616,7152,6050,18521,1651.094177768
5098,6616,7152,6049,18521,1651.094230873
5099,6616,7152,6048,18521,1651.094283978
5100,6616,7152,6047,18521,1651.094337084
5101,6616,7152,6045,18521,1651.094390189
5102,6616,7152,6044,18521,1651.094443294
5103,6616,7152,6043,18521,1651.094496400
5104,6616,7152,6042,18521,1651.094549505
5105,6616,7152,6041,18520,1651.094602610
5106,6616,7152,6040,18520,1651.094655716
5107,6616,7152,6039,18520,1651.094708821
5108,6616,7152,6038,18520,1651.094761926
5109,6616,7152,6037,18520,1651.094815032
5110,6616,7152,6036,18520,1651.094868137
5111,6616,7152,6035,18520,1651.094921242
5112,6616,7152,6034,18520,1651.094974347
5113,6616,7152,6033,18520,1651.095027453
5114,6616,7152,6032,18519,1651.095080558
5115,6616,7152,6031,18519,1651.095133663
5116,6616,7152,6030,18519,1651.095186769
5117,6616,7152,6029,18519,1651.095239874
5118,6616,7152,6028,18519,1651.095292979
5119,6616,7152,6027,18519,1651.095346085
5120,6616,7152,6026,18519,1651.095399190
5121,6616,7152,6025,18519,1651.095452295
5122,6616,7152,6024,18519,1651.095505401
5123,6616,7152,6022,18519,1651.095558506
5124,6616,7152,6021,18518,1651.095611611
5125,6616,7152,6020,18518,1651.095664716
5126,6616,7152,6019,18518,1651.095717822
5127,6616,7152,6018,18518,1651.095770927
5128,6616,7152,6017,18518,1651.095824032
5129,6616,7152,6016,18518,1651.095877138
5130,6616,7152,6015,18518,1651.095930243
5131,6616,7152,6014,18518,1651.095983348
5132,6616,7152,6013,18518,1651.096036454
5133,6616,7152,6012,18517,1651.096089559
5134,6616,7152,6011,18517,1651.096142664
5135,6616,7152,6010,18517,1651.096195770
5136,6616,7152,6009,18517,1651.096248875
5137,6616,7152,6008,18517,1651.096301980
5138,6616,7152,6007,18517,1651.096355086
5139,6616,7152,6006,18517,1651.096408191
5140,6616,7152,6004,18517,1651.096461296
5141,6616,7152,6003,18516,1651.096514401
5142,6616,7152,6002,18516,1651.096567507
5143,6616,7152,6001,18516,1651.096620612
5144,6616,7152,6000,18516,1651.096673717
5145,6616,7152,5999,18516,1651.096726823
5146,6616,7152,5998,18516,1651.096779928
5147,6616,7152,5997,18516,1651.096833033
5148,6616,7152,5996,18515,1651.096886139
5149,6616,7152,5994,18515,1651.096939244
5150,6616,7152,5993,18515,1651.096992349
5151,6616,7152,5992,18515,1651.097045455
5152,6616,7152,5991,18515,1651.097098560
5153,6616,7152,5990,18515,1651.097151665
5154,6616,7152,5989,18514,1651.097204770
5155,6616,7152,5987,18514,1651.097257876
5156,6616,7152,5986,18514,1651.097310981
5157,6616,7152,5985,18514,1651.097364086
5158,6616,7152,5984,18514,1651.097417192
5159,6616,7152,5983,18513,1651.097470297
5160,6616,7152,5981,18513,1651.097523402
5161,6616,7152,5980,18513,1651.097576508
5162,6616,7152,5979,18513,1651.097629613
5163,6616,7152,5978,18512,1651.097682718
5164,6616,7152,5976,18512,1651.097735824
5165,6616,7152,5975,18512,1651.097788929
5166,6616,7152,5974,18512,1651.097842034
5167,6616,7152,5973,18512,1651.097895140
5168,6616,7152,5971,18511,1651.097948245
5169,6616,7152,5970,18511,1651.098001350
5170,6616,7152,5969,18511,1651.098054455
5171,6616,7152,5967,18510,1651.098107561
5172,6616,7152,5966,18510,1651.098160666
5173,6616,7152,5965,18510,1651.098213771
5174,6616,7152,5963,18510,1651.098266877
5175,6616,7152,5962,18509,1651.098319982
5176,6616,7152,5960,18509,1651.098373087
5177,6616,7152,5959,18509,1651.098426193
5178,6616,7152,5958,18508,1651.098479298
5179,6616,7152,5956,18508,1651.098532403
5180,6616,7152,5955,18508,1651.098585509
5181,6616,7152,5953,18507,1651.098638614
5182,6616,7152,5952,18507,1651.098691719
5183,6616,7152,5951,18507,1651.098744824
5184,6616,7152,5949,18506,1651.098797930
5185,6616,7152,5948,18506,1651.098851035
5186,6616,7152,5946,18506,1651.098904140
5187,6616,7152,5945,18505,1651.098957246
5188,6616,7152,5943,18505,1651.099010351
5189,6616,7152,5942,18505,1651.099063456
5190,6616,7152,5940,18504,1651.099116562
5191,6616,7152,5939,18504,1651.099169667
5192,6616,7152,5937,18504,1651.099222772
5193,6616,7152,5936,18503,1651.099275878
5194,6616,7152,5934,18503,1651.099328983
5195,6616,7152,5933,18502,1651.099382088
5196,6616,7152,5931,18502,1651.099435194
5197,6616,7152,5930,18502,1651.099488299
5198,6616,7152,5928,18501,1651.099541404
5199,6616,7152,5926,18501,1651.099594509
5200,6616,7152,5925,18500,1651.099647615
5201,6616,7152,5923,18500,1651.099700720
5202,6616,7152,5922,18500,1651.099753825
5203,6616,7152,5920,18499,1651.099806931
5204,6616,7152,5919,18499,1651.099860036
5205,6616,7152,5917,18498,1651.099913141
5206,6616,7152,5916,18498,1651.099966247
5207,6616,7152,5914,18498,1651.100019352
5208,6616,7152,5912,18497,1651.100072457
5209,6616,7152,5911,18497,1651.100125563
5210,6616,7152,5909,18496,1651.100178668
5211,6616,7152,5908,18496,1651.100231773
5212,6616,7152,5906,18496,1651.100284878
5213,6616,7152,5905,18495,1651.100337984
5214,6616,7152,5903,18495,1651.100391089
5215,6616,7152,5901,18494,1651.100444194
5216,6616,7152,5900,18494,1651.100497300
5217,6616,7152,5898,18494,1651.100550405
5218,6616,7152,5897,18493,1651.100603510
5219,6616,7152,5895,18493,1651.100656616
5220,6616,7152,5893,18492,1651.100709721
5221,6616,7152,5892,18492,1651.100762826
5222,6616,7152,5890,18491,1651.100815932
5223,6616,7152,5889,18491,1651.100869037
5224,6616,7152,5887,18491,1651.100922142
5225,6616,7152,5886,18490,1651.100975248
5226,6616,7152,5884,18490,1651.101028353
5227,6616,7152,5882,18489,1651.101081458
5228,6616,7152,5881,18489,1651.101134563
5229,6616,7152,5879,18489,1651.101187669
5230,6616,7152,5878,18488,1651.101240774
5231,6616,7152,5876,18488,1651.101293879
5232,6616,7152,5875,18487,1651.101346985
5233,6616,7152,5873,18487,1651.101400090
5234,6616,7152,5872,18486,1651.101453195
5235,6616,7152,5870,18486,1651.101506301
5236,6616,7152,5868,18486,1651.101559406
5237,6616,7152,5867,18485,1651.101612511
5238,6616,7152,5865,18485,1651.101665617
5239,6616,7152,5864,18484,1651.101718722
5240,6616,7152,5862,18484,1651.101771827
5241,6616,7152,5861,18484,1651.101824932
5242,6616,7152,5859,18483,1651.101878038
5243,6616,7152,5858,18483,1651.101931143
5244,6616,7152,5856,18483,1651.101984248
5245,6616,7152,5855,18482,1651.102037354
5246,6616,7152,5853,18482,1651.102090459
5247,6616,7152,5852,18481,1651.102143564
5248,6616,7152,5850,18481,1651.102196670
5249,6616,7152,5849,18481,1651.102249775
5250,6616,7152,5847,18480,1651.102302880
5251,6616,7152,5846,18480,1651.102355986
5252,6616,7152,5844,18480,1651.102409091
5253,6616,7152,5843,18479,1651.102462196
5254,6616,7152,5842,18479,1651.102515302
5255,6616,7152,5840,18479,1651.102568407
5256,6616,7152,5839,18478,1651.102621512
5257,6616,7152,5837,18478,1651.102674617
5258,6616,7152,5836,18478,1651.102727723
5259,6616,7152,5835,18477,1651.102780828
5260,6616,7152,5833,18477,1651.102833933
5261,6616,7152,5832,18477,1651.102887039
5262,6616,7152,5830,18476,1651.102940144
5263,6616,7152,5829,18476,1651.102993249
5264,6616,7152,5828,18476,1651.103046355
5265,6616,7152,5826,18475,1651.103099460
5266,6616,7152,5825,18475,1651.103152565
5267,6616,7152,5824,18475,1651.103205671
5268,6616,7152,5822,18474,1651.103258776
5269,6616,7152,5821,18474,1651.103311881
5270,6616,7152,5820,18474,1651.103364986
5271,6616,7152,5818,18474,1651.103418092
5272,6616,7152,5817,18473,1651.103471197
5273,6616,7152,5816,18473,1651.103524302
5274,6616,7152,5815,18473,1651.103577408
5275,6616,7152,5813,18472,1651.103630513
5276,6616,7152,5812,18472,1651.103683618
5277,6616,7152,5811,18472,1651.103736724
5278,6616,7152,5809,18472,1651.103789829
5279,6616,7152,5808,18471,1651.103842934
5280,6616,7152,5807,18471,1651.103896040
5281,6616,7152,5806,18471,1651.103949145
5282,6616,7152,5804,18470,1651.104002250
5283,6616,7152,5803,18470,1651.104055356
5284,6616,7152,5802,18470,1651.104108461
5285,6616,7152,5801,18470,1651.104161566
5286,6616,7152,5799,18469,1651.104214671
5287,6616,7152,5798,18469,1651.104267777
5288,6616,7152,5797,18469,1651.104320882
5289,6616,7152,5796,18469,1651.104373987
5290,6616,7152,5794,18468,1651.104427093
5291,6616,7152,5793,18468,1651.104480198
5292,6616,7152,5792,18468,1651.104533303
5293,6616,7152,5791,18468,1651.104586409
5294,6616,7152,5790,18467,1651.104639514
5295,6616,7152,5788,18467,1651.104692619
5296,6616,7152,5787,18467,1651.104745725
5297,6616,7152,5786,18467,1651.104798830
5298,6616,7152,5785,18466,1651.104851935
5299,6616,7152,5784,18466,1651.104905041
5300,6616,7152,5782,18466,1651.104958146
5301,6616,7152,5781,18466,1651.105011251
5302,6616,7152,5780,18465,1651.105064356
5303,6616,7152,5779,18465,1651.105117462
5304,6616,7152,5778,18465,1651.105170567
5305,6616,7152,5776,18465,1651.105223672
5306,6616,7152,5775,18464,1651.105276778
5307,6616,7152,5774,18464,1651.105329883
5308,6616,7152,5773,18464,1651.105382988
5309,6616,7152,5772,18463,1651.105436094
5310,6616,7152,5770,18463,1651.105489199
5311,6616,7152,5769,18463,1651.105542304
5312,6616,7152,5768,18463,1651.105595410
5313,6616,7152,5767,18462,1651.105648515
5314,6616,7152,5766,18462,1651.105701620
5315,6616,7152,5764,18462,1651.105754725
5316,6616,7152,5763,18462,1651.105807831
5317,6616,7152,5762,18461,1651.105860936
5318,6616,7152,5761,18461,1651.105914041
5319,6616,7152,5760,18461,1651.105967147
5320,6616,7152,5759,18461,1651.106020252
5321,6616,7152,5757,18460,1651.106073357
5322,6616,7152,5756,18460,1651.106126463
5323,6616,7152,5755,18460,1651.106179568
5324,6616,7152,5754,18459,1651.106232673
5325,6616,7152,5753,18459,1651.106285779
5326,6616,7152,5751,18459,1651.106338884
5327,6616,7152,5750,18459,1651.106391989
5328,6616,7152,5749,18458,1651.106445095
5329,6616,7152,5748,18458,1651.106498200
5330,6616,7152,5746,18458,1651.106551305
5331,6616,7152,5745,18457,1651.106604410
5332,6616,7152,5744,18457,1651.106657516
5333,6616,7152,5743,18457,1651.106710621
5334,6616,7152,5742,18456,1651.106763726
5335,6616,7152,5740,18456,1651.106816832
5336,6616,7152,5739,18456,1651.106869937
5337,6616,7152,5738,18455,1651.106923042
5338,6616,7152,5737,18455,1651.106976148
5339,6616,7152,5735,18455,1651.107029253
5340,6616,7152,5734,18454,1651.107082358
5341,6616,7152,5733,18454,1651.107135464
5342,6616,7152,5732,18454,1651.107188569
5343,6616,7152,5730,18453,1651.107241674
5344,6616,7152,5729,18453,1651.107294779
5345,6616,7152,5728,18453,1651.107347885
5346,6616,7152,5726,18452,1651.107400990
5347,6616,7152,5725,18452,1651.107454095
5348,6616,7152,5724,18452,1651.107507201
5349,6616,7152,5723,18451,1651.107560306
5350,6616,7152,5721,18451,1651.107613411
5351,6616,7152,5720,18451,1651.107666517
5352,6616,7152,5719,18450,1651.107719622
5353,6616,7152,5717,18450,1651.107772727
5354,6616,7152,5716,18450,1651.107825833
5355,6616,7152,5715,18449,1651.107878938
5356,6616,7152,5713,18449,1651.107932043
5357,6616,7152,5712,18448,1651.107985149
5358,6616,7152,5711,18448,1651.108038254
5359,6616,7152,5710,18448,1651.108091359
5360,6616,7152,5708,18447,1651.108144464
5361,6616,7152,5707,18447,1651.108197570
5362,6616,7152,5706,18447,1651.108250675
5363,6616,7152,5704,18446,1651.108303780
5364,6616,7152,5703,18446,1651.108356886
5365,6616,7152,5702,18445,1651.108409991
5366,6616,7152,5700,18445,1651.108463096
5367,6616,7152,5699,18445,1651.108516202
5368,6616,7152,5698,18444,1651.108569307
5369,6616,7152,5696,18444,1651.108622412
5370,6616,7152,5695,18444,1651.108675518
5371,6616,7152,5694,18443,1651.108728623
5372,6616,7152,5692,18443,1651.108781728
5373,6616,7152,5691,18442,1651.108834833
5374,6616,7152,5690,18442,1651.108887939
5375,6616,7152,5688,18442,1651.108941044
5376,6616,7152,5687,18441,1651.108994149
5377,6616,7152,5686,18441,1651.109047255
5378,6616,7152,5684,18441,1651.109100360
5379,6616,7152,5683,18440,1651.109153465
5380,6616,7152,5681,18440,1651.109206571
5381,6616,7152,5680,18439,1651.109259676
5382,6616,7152,5679,18439,1651.109312781
5383,6616,7152,5677,18439,1651.109365887
5384,6616,7152,5676,18438,1651.109418992
5385,6616,7152,5675,18438,1651.109472097
5386,6616,7152,5673,18438,1651.109525203
5387,6616,7152,5672,18437,1651.109578308
5388,6616,7152,5671,18437,1651.109631413
5389,6616,7152,5669,18437,1651.109684518
5390,6616,7152,5668,18436,1651.109737624
5391,6616,7152,5667,18436,1651.109790729
5392,6616,7152,5665,18435,1651.109843834
5393,6616,7152,5664,18435,1651.109896940
5394,6616,7152,5663,18435,1651.109950045
5395,6616,7152,5661,18434,1651.110003150
5396,6616,7152,5660,18434,1651.110056256
5397,6616,7152,5659,18434,1651.110109361
5398,6616,7152,5657,18434,1651.110162466
5399,6616,7152,5656,18433,1651.110215572
5400,6616,7152,5655,18433,1651.110268677
5401,6616,7152,5653,18433,1651.110321782
5402,6616,7152,5652,18432,1651.110374887
5403,6616,7152,5651,18432,1651.110427993
5404,6616,7152,5649,18432,1651.110481098
5405,6616,7152,5648,18431,1651.110534203
5406,6616,7152,5647,18431,1651.110587309
5407,6616,7152,5645,18431,1651.110640414
5408,6616,7152,5644,18431,1651.110693519
5409,6616,7152,5643,18430,1651.110746625
5410,6616,7152,5641,18430,1651.110799730
5411,6616,7152,5640,18430,1651.110852835
5412,6616,7152,5639,18429,1651.110905941
5413,6616,7152,5637,18429,1651.110959046
5414,6616,7152,5636,18429,1651.111012151
5415,6616,7152,5635,18429,1651.111065257
5416,6616,7152,5633,18428,1651.111118362
5417,6616,7152,5632,18428,1651.111171467
5418,6616,7152,5631,18428,1651.111224572
5419,6616,7152,5629,18428,1651.111277678
5420,6616,7152,5628,18428,1651.111330783
5421,6616,7152,5627,18427,1651.111383888
5422,6616,7152,5626,18427,1651.111436994
5423,6616,7152,5624,18427,1651.111490099
5424,6616,7152,5623,18427,1651.111543204
5425,6616,7152,5622,18427,1651.111596310
5426,6616,7152,5620,18427,1651.111649415
5427,6616,7152,5619,18426,1651.111702520
5428,6616,7152,5618,18426,1651.111755626
5429,6616,7152,5617,18426,1651.111808731
5430,6616,7152,5615,18426,1651.111861836
5431,6616,7152,5614,18426,1651.111914941
5432,6616,7152,5613,18426,1651.111968047
5433,6616,7152,5612,18426,1651.112021152
5434,6616,7152,5610,18425,1651.112074257
5435,6616,7152,5609,18425,1651.112127363
5436,6616,7152,5608,18425,1651.112180468
5437,6616,7152,5607,18425,1651.112233573
5438,6616,7152,5605,18425,1651.112286679
5439,6616,7152,5604,18425,1651.112339784
5440,6616,7152,5603,18425,1651.112392889
5441,6616,7152,5602,18425,1651.112445995
5442,6616,7152,5600,18425,1651.112499100
5443,6616,7152,5599,18425,1651.112552205
5444,6616,7152,5598,18425,1651.112605311
5445,6616,7152,5597,18424,1651.112658416
5446,6616,7152,5595,18424,1651.112711521
5447,6616,7152,5594,18424,1651.112764626
5448,6616,7152,5593,18424,1651.112817732
5449,6616,7152,5592,18424,1651.112870837
5450,6616,7152,5591,18424,1651.112923942
5451,6616,7152,5589,18424,1651.112977048
5452,6616,7152,5588,18424,1651.113030153
5453,6616,7152,5587,18424,1651.113083258
5454,6616,7152,5586,18424,1651.113136364
5455,6616,7152,5585,18424,1651.113189469
5456,6616,7152,5583,18424,1651.113242574
5457,6616,7152,5582,18424,1651.113295680
5458,6616,7152,5581,18424,1651.113348785
5459,6616,7152,5580,18424,1651.113401890
5460,6616,7152,5578,18424,1651.113454995
5461,6616,7152,5577,18424,1651.113508101
5462,6616,7152,5576,18424,1651.113561206
5463,6616,7152,5575,18424,1651.113614311
5464,6616,7152,5574,18424,1651.113667417
5465,6616,7152,5573,18424,1651.113720522
5466,6616,7152,5571,18424,1651.113773627
5467,6616,7152,5570,18424,1651.113826733
5468,6616,7152,5569,18424,1651.113879838
5469,6616,7152,5568,18424,1651.113932943
5470,6616,7152,5567,18424,1651.113986049
5471,6616,7152,5565,18424,1651.114039154
5472,6616,7152,5564,18424,1651.114092259
5473,6616,7152,5563,18424,1651.114145365
5474,6616,7152,5562,18424,1651.114198470
5475,6616,7152,5561,18424,1651.114251575
5476,6616,7152,5560,18425,1651.114304680
5477,6616,7152,5558,18425,1651.114357786
5478,6616,7152,5557,18425,1651.114410891
5479,6616,7152,5556,18425,1651.114463996
5480,6616,7152,5555,18425,1651.114517102
5481,6616,7152,5554,18425,1651.114570207
5482,6616,7152,5552,18425,1651.114623312
5483,6616,7152,5551,18425,1651.114676418
5484,6616,7152,5550,18425,1651.114729523
5485,6616,7152,5549,18425,1651.114782628
5486,6616,7152,5548,18425,1651.114835734
5487,6616,7152,5547,18425,1651.114888839
5488,6616,7152,5545,18425,1651.114941944
5489,6616,7152,5544,18425,1651.114995050
5490,6616,7152,5543,18425,1651.115048155
5491,6616,7152,5542,18425,1651.115101260
5492,6616,7152,5541,18425,1651.115154365
5493,6616,7152,5540,18425,1651.115207471
5494,6616,7152,5538,18425,1651.115260576
5495,6616,7152,5537,18425,1651.115313681
5496,6616,7152,5536,18425,1651.115366787
5497,6616,7152,5535,18426,1651.115419892
5498,6616,7152,5534,18426,1651.115472997
5499,6616,7152,5533,18426,1651.115526103
5500,6616,7152,5531,18426,1651.115579208
5501,6616,7152,5530,18426,1651.115632313
5502,6616,7152,5529,18426,1651.115685419
5503,6616,7152,5528,18426,1651.115738524
5504,6616,7152,5527,18426,1651.115791629
5505,6616,7152,5525,18426,1651.115844734
5506,6616,7152,5524,18426,1651.115897840
5507,6616,7152,5523,18426,1651.115950945
5508,6616,7152,5522,18426,1651.116004050
5509,6616,7152,5521,18426,1651.116057156
5510,6616,7152,5520,18426,1651.116110261
5511,6616,7152,5518,18426,1651.116163366
5512,6616,7152,5517,18426,1651.116216472
5513,6616,7152,5516,18426,1651.116269577
5514,6616,7152,5515,18426,1651.116322682
5515,6616,7152,5514,18426,1651.116375788
5516,6616,7152,5512,18426,1651.116428893
5517,6616,7152,5511,18426,1651.116481998
5518,6616,7152,5510,18426,1651.116535104
5519,6616,7152,5509,18426,1651.116588209
5520,6616,7152,5508,18426,1651.116641314
5521,6616,7152,5507,18426,1651.116694419
5522,6616,7153,5505,18426,1651.116747525
5523,6616,7153,5504,18426,1651.116800630
5524,6617,7153,5503,18426,1651.116853735
5525,6617,7153,5502,18426,1651.116906841
5526,6617,7153,5501,18426,1651.116959946
5527,6617,7153,5499,18426,1651.117013051
5528,6617,7153,5498,18426,1651.117066157
5529,6617,7153,5497,18426,1651.117119262
5530,6617,7153,5496,18426,1651.117172367
5531,6617,7153,5495,18426,1651.117225473
5532,6617,7153,5494,18426,1651.117278578
5533,6617,7153,5492,18426,1651.117331683
5534,6617,7153,5491,18426,1651.117384788
5535,6617,7153,5490,18426,1651.117437894
5536,6617,7153,5489,18426,1651.117490999
5537,6617,7153,5488,18426,1651.117544104
5538,6617,7153,5486,18426,1651.117597210
5539,6617,7153,5485,18426,1651.117650315
5540,6617,7153,5484,18426,1651.117703420
5541,6617,7153,5483,18426,1651.117756526
5542,6617,7153,5482,18426,1651.117809631
5543,6617,7153,5481,18426,1651.117862736
5544,6617,7153,5479,18426,1651.117915842
5545,6617,7153,5478,18426,1651.117968947
5546,6617,7153,5477,18426,1651.118022052
5547,6617,7153,5476,18426,1651.118075158
5548,6617,7153,5475,18426,1651.118128263
5549,6617,7154,5474,18426,1651.118181368
5550,6617,7154,5472,18426,1651.118234473
5551,6617,7154,5471,18426,1651.118287579
5552,6617,7154,5470,18426,1651.118340684
5553,6617,7154,5469,18426,1651.118393789
5554,6617,7154,5468,18426,1651.118446895
5555,6617,7154,5467,18425,1651.118500000
5556,6617,7154,5466,18425,1651.118553105
5557,6617,7154,5464,18425,1651.118606211
5558,6617,7154,5463,18425,1651.118659316
5559,6617,7154,5462,18425,1651.118712421
5560,6617,7154,5461,18425,1651.118765527
5561,6617,7154,5460,18425,1651.118818632
5562,6617,7154,5459,18425,1651.118871737
5563,6617,7154,5458,18425,1651.118924842
5564,6617,7154,5457,18425,1651.118977948
5565,6617,7154,5455,18425,1651.119031053
5566,6617,7154,5454,18425,1651.119084158
5567,6617,7154,5453,18425,1651.119137264
5568,6617,7154,5452,18425,1651.119190369
5569,6617,7154,5451,18424,1651.119243474
5570,6617,7154,5450,18424,1651.119296580
5571,6617,7153,5449,18424,1651.119349685
5572,6617,7153,5448,18424,1651.119402790
5573,6617,7153,5447,18424,1651.119455896
5574,6617,7153,5446,18424,1651.119509001
5575,6617,7153,5444,18424,1651.119562106
5576,6617,7153,5443,18424,1651.119615212
5577,6617,7153,5442,18424,1651.119668317
5578,6617,7153,5441,18424,1651.119721422
5579,6617,7153,5440,18424,1651.119774527
5580,6617,7153,5439,18423,1651.119827633
5581,6617,7153,5438,18423,1651.119880738
5582,6617,7153,5437,18423,1651.119933843
5583,6617,7153,5436,18423,1651.119986949
5584,6617,7153,5435,18423,1651.120040054
5585,6617,7153,5434,18423,1651.120093159
5586,6617,7153,5433,18423,1651.120146265
5587,6616,7153,5432,18423,1651.120199370
5588,6616,7152,5431,18423,1651.120252475
5589,6616,7152,5430,18422,1651.120305581
5590,6616,7152,5429,18422,1651.120358686
5591,6616,7152,5428,18422,1651.120411791
5592,6616,7152,5427,18422,1651.120464896
5593,6616,7152,5426,18422,1651.120518002
5594,6616,7152,5425,18422,1651.120571107
5595,6616,7152,5424,18422,1651.120624212
5596,6616,7152,5423,18422,1651.120677318
5597,6616,7151,5422,18421,1651.120730423
5598,6615,7151,5421,18421,1651.120783528
5599,6615,7151,5420,18421,1651.120836634
5600,6615,7151,5419,18421,1651.120889739
5601,6615,7151,5418,18421,1651.120942844
5602,6615,7151,5417,18421,1651.120995950
5603,6615,7151,5416,18421,1651.121049055
5604,6615,7150,5415,18420,1651.121102160
5605,6615,7150,5414,18420,1651.121155266
5606,6614,7150,5413,18420,1651.121208371
5607,6614,7150,5412,18420,1651.121261476
5608,6614,7150,5411,18420,1651.121314581
5609,6614,7150,5410,18420,1651.121367687
5610,6614,7150,5409,18419,1651.121420792
5611,6614,7149,5408,18419,1651.121473897
5612,6614,7149,5407,18419,1651.121527003
5613,6613,7149,5406,18419,1651.121580108
5614,6613,7149,5405,18419,1651.121633213
5615,6613,7149,5404,18418,1651.121686319
5616,6613,7149,5403,18418,1651.121739424
5617,6613,7148,5402,18418,1651.121792529
5618,6613,7148,5401,18418,1651.121845635
5619,6613,7148,5400,18418,1651.121898740
5620,6613,7148,5399,18417,1651.121951845
5621,6612,7148,5398,18417,1651.122004950
5622,6612,7148,5397,18417,1651.122058056
5623,6612,7148,5396,18417,1651.122111161
5624,6612,7147,5395,18416,1651.122164266
5625,6612,7147,5394,18416,1651.122217372
5626,6612,7147,5392,18416,1651.122270477
5627,6612,7147,5391,18416,1651.122323582
5628,6612,7147,5390,18415,1651.122376688
5629,6612,7147,5389,18415,1651.122429793
5630,6612,7147,5388,18415,1651.122482898
5631,6611,7147,5387,18414,1651.122536004
5632,6611,7147,5386,18414,1651.122589109
5633,6611,7146,5385,18414,1651.122642214
5634,6611,7146,5383,18414,1651.122695320
5635,6611,7146,5382,18413,1651.122748425
5636,6611,7146,5381,18413,1651.122801530
5637,6611,7146,5380,18413,1651.122854635
5638,6611,7146,5378,18412,1651.122907741
5639,6611,7146,5377,18412,1651.122960846
5640,6611,7146,5376,18412,1651.123013951
5641,6611,7146,5375,18411,1651.123067057
5642,6611,7146,5373,18411,1651.123120162
5643,6611,7146,5372,18410,1651.123173267
5644,6611,7146,5371,18410,1651.123226373
5645,6611,7146,5369,18410,1651.123279478
5646,6611,7146,5368,18409,1651.123332583
5647,6611,7146,5366,18409,1651.123385689
5648,6611,7146,5365,18408,1651.123438794
5649,6611,7146,5364,18408,1651.123491899
5650,6611,7146,5362,18407,1651.123545005
5651,6611,7146,5361,18407,1651.123598110
5652,6611,7146,5359,18406,1651.123651215
5653,6611,7146,5358,18406,1651.123704320
5654,6611,7146,5356,18406,1651.123757426
5655,6611,7146,5354,18405,1651.123810531
5656,6611,7146,5353,18405,1651.123863636
5657,6611,7147,5351,18404,1651.123916742
5658,6611,7147,5350,18403,1651.123969847
5659,6612,7147,5348,18403,1651.124022952
5660,6612,7147,5346,18402,1651.124076058
5661,6612,7147,5344,18402,1651.124129163
5662,6612,7147,5343,18401,1651.124182268
5663,6612,7148,5341,18401,1651.124235374
5664,6612,7148,5339,18400,1651.124288479
5665,6613,7148,5337,18399,1651.124341584
5666,6613,7148,5335,18399,1651.124394689
5667,6613,7148,5334,18398,1651.124447795
5668,6613,7149,5332,18398,1651.124500900
5669,6613,7149,5330,18397,1651.124554005
5670,6614,7149,5328,18396,1651.124607111
5671,6614,7150,5326,18396,1651.124660216
5672,6614,7150,5324,18395,1651.124713321
5673,6615,7150,5322,18394,1651.124766427
5674,6615,7151,5319,18394,1651.124819532
5675,6615,7151,5317,18393,1651.124872637
5676,6616,7151,5315,18392,1651.124925743
5677,6616,7152,5313,18391,1651.124978848
5678,6616,7152,5311,18391,1651.125031953
5679,6617,7153,5308,18390,1651.125085059
5680,6617,7153,5306,18389,1651.125138164
5681,6617,7154,5304,18388,1651.125191269
5682,6618,7154,5301,18387,1651.125244374
5683,6618,7155,5299,18387,1651.125297480
5684,6619,7155,5297,18386,1651.125350585
5685,6619,7156,5294,18385,1651.125403690
5686,6620,7156,5292,18384,1651.125456796
5687,6620,7157,5289,18383,1651.125509901
5688,6621,7157,5287,18382,1651.125563006
5689,6621,7158,5284,18382,1651.125616112
5690,6622,7158,5282,18381,1651.125669217
5691,6622,7159,5279,18380,1651.125722322
5692,6622,7160,5277,18379,1651.125775428
5693,6623,7160,5274,18378,1651.125828533
5694,6623,7161,5272,18377,1651.125881638
5695,6624,7161,5269,18376,1651.125934743
5696,6624,7162,5267,18376,1651.125987849
5697,6625,7162,5264,18375,1651.126040954
5698,6625,7163,5262,18374,1651.126094059
5699,6626,7164,5259,18373,1651.126147165
5700,6626,7164,5257,18372,1651.126200270
5701,6627,7165,5254,18371,1651.126253375
5702,6627,7165,5252,18371,1651.126306481
5703,6628,7166,5249,18370,1651.126359586
5704,6628,7166,5247,18369,1651.126412691
5705,6629,7167,5245,18368,1651.126465797
5706,6629,7168,5242,18368,1651.126518902
5707,6630,7168,5240,18367,1651.126572007
5708,6630,7169,5238,18366,1651.126625113
5709,6631,7169,5235,18365,1651.126678218
5710,6631,7170,5233,18365,1651.126731323
5711,6631,7170,5231,18364,1651.126784428
5712,6632,7170,5229,18363,1651.126837534
5713,6632,7171,5227,18363,1651.126890639
5714,6633,7171,5224,18362,1651.126943744
5715,6633,7172,5222,18362,1651.126996850
5716,6633,7172,5220,18361,1651.127049955
5717,6634,7173,5219,18360,1651.127103060
5718,6634,7173,5217,18360,1651.127156166
5719,6634,7173,5215,18359,1651.127209271
5720,6634,7173,5213,18359,1651.127262376
5721,6635,7174,5211,18358,1651.127315482
5722,6635,7174,5210,18358,1651.127368587
5723,6635,7174,5208,18358,1651.127421692
5724,6635,7174,5206,18357,1651.127474797
5725,6635,7175,5205,18357,1651.127527903
5726,6635,7175,5204,18357,1651.127581008
5727,6636,7175,5202,18356,1651.127634113
5728,6636,7175,5201,18356,1651.127687219
5729,6636,7175,5200,18356,1651.127740324
5730,6636,7175,5199,18356,1651.127793429
5731,6636,7175,5198,18356,1651.127846535
5732,6636,7175,5197,18356,1651.127899640
5733,6635,7175,5196,18356,1651.127952745
5734,6635,7175,5195,18356,1651.128005851
5735,6635,7175,5194,18356,1651.128058956
5736,6635,7174,5194,18356,1651.128112061
5737,6635,7174,5193,18356,1651.128165167
5738,6635,7174,5193,18356,1651.128218272
5739,6634,7173,5192,18356,1651.128271377
5740,6634,7173,5192,18357,1651.128324482
5741,6634,7173,5192,18357,1651.128377588
5742,6633,7172,5192,18357,1651.128430693
5743,6633,7172,5192,18358,1651.128483798
5744,6632,7171,5192,18358,1651.128536904
5745,6632,7171,5192,18359,1651.128590009
5746,6631,7170,5193,18359,1651.128643114
5747,6631,7169,5193,18360,1651.128696220
5748,6630,7168,5194,18360,1651.128749325
5749,6629,7168,5195,18361,1651.128802430
5750,6629,7167,5195,18362,1651.128855536
5751,6628,7166,5196,18363,1651.128908641
5752,6627,7165,5197,18364,1651.128961746
5753,6626,7164,5199,18365,1651.129014851
5754,6625,7163,5200,18366,1651.129067957
5755,6624,7162,5202,18367,1651.129121062
5756,6623,7161,5203,18368,1651.129174167
5757,6622,7159,5205,18369,1651.129227273
5758,6621,7158,5207,18370,1651.129280378
5759,6620,7157,5209,18371,1651.129333483
5760,6619,7155,5211,18373,1651.129386589
5761,6618,7154,5213,18374,1651.129439694
5762,6616,7152,5216,18376,1651.129492799
5763,6615,7151,5218,18377,1651.129545905
5764,6613,7149,5221,18379,1651.129599010
5765,6612,7147,5224,18381,1651.129652115
5766,6610,7145,5227,18382,1651.129705221
5767,6609,7144,5230,18384,1651.129758326
5768,6607,7142,5233,18386,1651.129811431
5769,6605,7140,5237,18388,1651.129864536
5770,6604,7138,5240,18390,1651.129917642
5771,6602,7135,5244,18392,1651.129970747
5772,6600,7133,5248,18394,1651.130023852
5773,6598,7131,5251,18396,1651.130076958
5774,6596,7129,5255,18399,1651.130130063
5775,6594,7127,5260,18401,1651.130183168
5776,6592,7124,5264,18403,1651.130236274
5777,6590,7122,5268,18406,1651.130289379
5778,6588,7120,5272,18408,1651.130342484
5779,6586,7117,5277,18410,1651.130395590
5780,6584,7115,5281,18413,1651.130448695
5781,6582,7112,5286,18415,1651.130501800
5782,6580,7109,5291,18418,1651.130554905
5783,6577,7107,5296,18421,1651.130608011
5784,6575,7104,5300,18423,1651.130661116
5785,6573,7102,5305,18426,1651.130714221
5786,6571,7099,5310,18428,1651.130767327
5787,6568,7096,5315,18431,1651.130820432
5788,6566,7093,5321,18434,1651.130873537
5789,6564,7091,5326,18437,1651.130926643
5790,6561,7088,5331,18439,1651.130979748
5791,6559,7085,5336,18442,1651.131032853
5792,6556,7082,5342,18445,1651.131085959
5793,6554,7079,5347,18448,1651.131139064
5794,6551,7076,5352,18451,1651.131192169
5795,6549,7074,5358,18454,1651.131245275
5796,6546,7071,5363,18457,1651.131298380
5797,6544,7068,5369,18459,1651.131351485
5798,6541,7065,5374,18462,1651.131404590
5799,6539,7062,5380,18465,1651.131457696
5800,6536,7059,5385,18468,1651.131510801
5801,6534,7056,5391,18471,1651.131563906
5802,6531,7053,5397,18474,1651.131617012
5803,6529,7050,5402,18477,1651.131670117
5804,6526,7047,5408,18480,1651.131723222
5805,6524,7044,5413,18483,1651.131776328
5806,6521,7041,5419,18486,1651.131829433
5807,6519,7038,5424,18489,1651.131882538
5808,6516,7035,5430,18492,1651.131935644
5809,6514,7032,5436,18495,1651.131988749
5810,6511,7029,5441,18497,1651.132041854
5811,6509,7026,5447,18500,1651.132094959
5812,6506,7023,5452,18503,1651.132148065
5813,6504,7020,5458,18506,1651.132201170
5814,6501,7017,5463,18509,1651.132254275
5815,6499,7015,5468,18512,1651.132307381
5816,6496,7012,5474,18515,1651.132360486
5817,6494,7009,5479,18517,1651.132413591
5818,6491,7006,5484,18520,1651.132466697
5819,6489,7003,5489,18523,1651.132519802
5820,6486,7000,5495,18526,1651.132572907
5821,6484,6998,5500,18528,1651.132626013
5822,6482,6995,5505,18531,1651.132679118
5823,6479,6992,5510,18534,1651.132732223
5824,6477,6989,5515,18536,1651.132785329
5825,6475,6987,5519,18539,1651.132838434
5826,6473,6984,5524,18541,1651.132891539
5827,6470,6982,5529,18544,1651.132944644
5828,6468,6979,5533,18546,1651.132997750
5829,6466,6976,5538,18549,1651.133050855
5830,6464,6974,5542,18551,1651.133103960
5831,6462,6971,5547,18553,1651.133157066
5832,6460,6969,5551,18556,1651.133210171
5833,6458,6967,5555,18558,1651.133263276
5834,6456,6964,5559,18560,1651.133316382
5835,6454,6962,5563,18562,1651.133369487
5836,6452,6960,5567,18564,1651.133422592
5837,6450,6958,5570,18566,1651.133475698
5838,6448,6956,5574,18568,1651.133528803
5839,6446,6953,5577,18570,1651.133581908
5840,6445,6951,5581,18572,1651.133635014
5841,6443,6949,5584,18574,1651.133688119
5842,6441,6948,5587,18576,1651.133741224
5843,6440,6946,5590,18577,1651.133794329
5844,6438,6944,5593,18579,1651.133847435
5845,6437,6942,5595,18580,1651.133900540
5846,6435,6940,5598,18582,1651.133953645
5847,6434,6939,5600,18583,1651.134006751
5848,6433,6937,5602,18584,1651.134059856
5849,6431,6936,5605,18586,1651.134112961
5850,6430,6934,5606,18587,1651.134166067
5851,6429,6933,5608,18588,1651.134219172
5852,6428,6932,5610,18589,1651.134272277
5853,6427,6930,5611,18590,1651.134325383
5854,6426,6929,5613,18591,1651.134378488
5855,6425,6928,5614,18592,1651.134431593
5856,6424,6927,5615,18593,1651.134484698
5857,6423,6926,5616,18593,1651.134537804
5858,6422,6925,5617,18594,1651.134590909
5859,6421,6924,5617,18595,1651.134644014
5860,6421,6923,5618,18595,1651.134697120
5861,6420,6923,5618,18596,1651.134750225
5862,6419,6922,5619,18596,1651.134803330
5863,6419,6921,5619,18597,1651.134856436
5864,6418,6920,5619,18597,1651.134909541
5865,6418,6920,5619,18597,1651.134962646
5866,6417,6919,5619,18597,1651.135015752
5867,6417,6919,5619,18598,1651.135068857
5868,6416,6918,5618,18598,1651.135121962
5869,6416,6918,5618,18598,1651.135175068
5870,6416,6918,5617,18598,1651.135228173
5871,6415,6917,5617,18598,1651.135281278
5872,6415,6917,5616,18598,1651.135334383
5873,6415,6917,5615,18598,1651.135387489
5874,6415,6916,5614,18597,1651.135440594
5875,6415,6916,5613,18597,1651.135493699
5876,6415,6916,5612,18597,1651.135546805
5877,6414,6916,5611,18597,1651.135599910
5878,6414,6916,5609,18596,1651.135653015
5879,6414,6916,5608,18596,1651.135706121
5880,6414,6916,5607,18596,1651.135759226
5881,6414,6916,5605,18595,1651.135812331
5882,6414,6916,5604,18595,1651.135865437
5883,6415,6916,5602,18594,1651.135918542
5884,6415,6916,5600,18594,1651.135971647
5885,6415,6917,5599,18593,1651.136024752
5886,6415,6917,5597,18593,1651.136077858
5887,6415,6917,5595,18592,1651.136130963
5888,6415,6917,5593,18592,1651.136184068
5889,6416,6918,5591,18591,1651.136237174
5890,6416,6918,5589,18590,1651.136290279
5891,6416,6918,5587,18590,1651.136343384
5892,6416,6918,5585,18589,1651.136396490
5893,6417,6919,5582,18588,1651.136449595
5894,6417,6919,5580,18587,1651.136502700
5895,6417,6920,5578,18587,1651.136555806
5896,6418,6920,5576,18586,1651.136608911
5897,6418,6921,5573,18585,1651.136662016
5898,6419,6921,5571,18584,1651.136715122
5899,6419,6921,5569,18583,1651.136768227
5900,6419,6922,5566,18582,1651.136821332
5901,6420,6922,5564,18582,1651.136874437
5902,6420,6923,5561,18581,1651.136927543
5903,6421,6923,5559,18580,1651.136980648
5904,6421,6924,5556,18579,1651.137033753
5905,6422,6925,5554,18578,1651.137086859
5906,6422,6925,5551,18577,1651.137139964
5907,6423,6926,5548,18576,1651.137193069
5908,6423,6926,5546,18575,1651.137246175
5909,6424,6927,5543,18574,1651.137299280
5910,6424,6927,5541,18573,1651.137352385
5911,6425,6928,5538,18572,1651.137405491
5912,6425,6928,5535,18572,1651.137458596
5913,6426,6929,5533,18571,1651.137511701
5914,6426,6930,5530,18570,1651.137564806
5915,6427,6930,5528,18569,1651.137617912
5916,6427,6931,5525,18568,1651.137671017
5917,6428,6931,5523,18567,1651.137724122
5918,6428,6932,5520,18566,1651.137777228
5919,6428,6933,5517,18565,1651.137830333
5920,6429,6933,5515,18564,1651.137883438
5921,6429,6934,5512,18563,1651.137936544
5922,6430,6934,5510,18563,1651.137989649
5923,6430,6935,5508,18562,1651.138042754
5924,6431,6935,5505,18561,1651.138095860
5925,6431,6936,5503,18560,1651.138148965
5926,6432,6936,5500,18559,1651.138202070
5927,6432,6937,5498,18558,1651.138255176
5928,6433,6937,5496,18558,1651.138308281
5929,6433,6938,5494,18557,1651.138361386
5930,6433,6938,5491,18556,1651.138414491
5931,6434,6939,5489,18555,1651.138467597
5932,6434,6939,5487,18555,1651.138520702
5933,6434,6940,5485,18554,1651.138573807
5934,6435,6940,5483,18553,1651.138626913
5935,6435,6940,5481,18553,1651.138680018
5936,6435,6941,5479,18552,1651.138733123
5937,6436,6941,5477,18552,1651.138786229
5938,6436,6941,5476,18551,1651.138839334
5939,6436,6942,5474,18551,1651.138892439
5940,6437,6942,5472,18550,1651.138945545
5941,6437,6942,5470,18549,1651.138998650
5942,6437,6943,5469,18549,1651.139051755
5943,6437,6943,5467,18549,1651.139104860
5944,6437,6943,5466,18548,1651.139157966
5945,6438,6943,5464,18548,1651.139211071
5946,6438,6943,5463,18547,1651.139264176
5947,6438,6944,5461,18547,1651.139317282
5948,6438,6944,5460,18547,1651.139370387
5949,6438,6944,5458,18546,1651.139423492
5950,6438,6944,5457,18546,1651.139476598
5951,6439,6944,5456,18546,1651.139529703
5952,6439,6944,5454,18545,1651.139582808
5953,6439,6945,5453,18545,1651.139635914
5954,6439,6945,5452,18545,1651.139689019
5955,6439,6945,5451,18544,1651.139742124
5956,6439,6945,5450,18544,1651.139795230
5957,6439,6945,5449,18544,1651.139848335
5958,6439,6945,5448,18544,1651.139901440
5959,6439,6945,5446,18543,1651.139954545
5960,6439,6945,5445,18543,1651.140007651
5961,6439,6945,5444,18543,1651.140060756
5962,6439,6945,5443,18543,1651.140113861
5963,6439,6945,5443,18543,1651.140166967
5964,6439,6945,5442,18543,1651.140220072
5965,6439,6945,5441,18542,1651.140273177
5966,6439,6945,5440,18542,1651.140326283
5967,6439,6945,5439,18542,1651.140379388
5968,6439,6945,5438,18542,1651.140432493
5969,6439,6945,5437,18542,1651.140485599
5970,6439,6945,5437,18542,1651.140538704
5971,6439,6945,5436,18542,1651.140591809
5972,6439,6945,5435,18542,1651.140644914
5973,6439,6945,5434,18542,1651.140698020
5974,6439,6945,5434,18542,1651.140751125
5975,6439,6945,5433,18542,1651.140804230
5976,6439,6945,5432,18542,1651.140857336
5977,6439,6944,5432,18541,1651.140910441
5978,6439,6944,5431,18541,1651.140963546
5979,6439,6944,5430,18541,1651.141016652
5980,6438,6944,5430,18541,1651.141069757
5981,6438,6944,5429,18541,1651.141122862
5982,6438,6944,5428,18541,1651.141175968
5983,6438,6944,5428,18541,1651.141229073
5984,6438,6944,5427,18541,1651.141282178
5985,6438,6944,5427,18541,1651.141335284
5986,6438,6943,5426,18541,1651.141388389
5987,6438,6943,5425,18541,1651.141441494
5988,6438,6943,5425,18541,1651.141494599
5989,6437,6943,5424,18541,1651.141547705
5990,6437,6943,5424,18541,1651.141600810
5991,6437,6943,5423,18541,1651.141653915
5992,6437,6943,5423,18541,1651.141707021
5993,6437,6942,5422,18541,1651.141760126
5994,6437,6942,5422,18541,1651.141813231
5995,6437,6942,5421,18541,1651.141866337
5996,6437,6942,5420,18541,1651.141919442
5997,6436,6942,5420,18541,1651.141972547
5998,6436,6942,5419,18541,1651.142025653
5999,6436,6941,5419,18541,1651.142078758
6000,6436,6941,5418,18541,1651.142131863
6001,6436,6941,5418,18541,1651.142184968
6002,6436,6941,5417,18541,1651.142238074
6003,6436,6941,5417,18541,1651.142291179
6004,6435,6941,5416,18541,1651.142344284
6005,6435,6941,5415,18541,1651.142397390
6006,6435,6940,5415,18541,1651.142450495
6007,6435,6940,5414,18541,1651.142503600
6008,6435,6940,5414,18541,1651.142556706
6009,6435,6940,5413,18541,1651.142609811
6010,6435,6940,5412,18541,1651.142662916
6011,6435,6940,5412,18541,1651.142716022
6012,6434,6940,5411,18541,1651.142769127
6013,6434,6939,5410,18540,1651.142822232
6014,6434,6939,5410,18540,1651.142875338
6015,6434,6939,5409,18540,1651.142928443
6016,6434,6939,5408,18540,1651.142981548
6017,6434,6939,5408,18540,1651.143034653
6018,6434,6939,5407,18540,1651.143087759
6019,6434,6939,5406,18540,1651.143140864
6020,6434,6939,5405,18539,1651.143193969
6021,6434,6939,5404,18539,1651.143247075
6022,6434,6938,5404,18539,1651.143300180
6023,6433,6938,5403,18539,1651.143353285
6024,6433,6938,5402,18539,1651.143406391
6025,6433,6938,5401,18538,1651.143459496
6026,6433,6938,5400,18538,1651.143512601
6027,6433,6938,5399,18538,1651.143565707
6028,6433,6938,5398,18538,1651.143618812
6029,6433,6938,5397,18538,1651.143671917
6030,6433,6938,5397,18537,1651.143725023
6031,6433,6938,5396,18537,1651.143778128
6032,6433,6938,5395,18537,1651.143831233
6033,6433,6938,5394,18536,1651.143884338
6034,6433,6938,5393,18536,1651.143937444
6035,6433,6938,5392,18536,1651.143990549
6036,6433,6938,5391,18536,1651.144043654
6037,6433,6938,5390,18535,1651.144096760
6038,6433,6938,5389,18535,1651.144149865
6039,6433,6937,5388,18535,1651.144202970
6040,6433,6937,5387,18534,1651.144256076
6041,6433,6937,5385,18534,1651.144309181
6042,6433,6937,5384,18534,1651.144362286
6043,6433,6937,5383,18533,1651.144415392
6044,6433,6937,5382,18533,1651.144468497
6045,6433,6937,5381,18533,1651.144521602
6046,6433,6937,5380,18532,1651.144574707
6047,6433,6937,5379,18532,1651.144627813
6048,6433,6937,5378,18532,1651.144680918
6049,6433,6937,5377,18531,1651.144734023
6050,6433,6937,5375,18531,1651.144787129
6051,6433,6937,5374,18530,1651.144840234
6052,6433,6937,5373,18530,1651.144893339
6053,6433,6937,5372,18530,1651.144946445
6054,6433,6937,5371,18529,1651.144999550
6055,6433,6937,5370,18529,1651.145052655
6056,6433,6937,5368,18528,1651.145105761
6057,6433,6937,5367,18528,1651.145158866
6058,6433,6937,5366,18528,1651.145211971
6059,6433,6937,5365,18527,1651.145265077
6060,6433,6937,5364,18527,1651.145318182
6061,6433,6938,5362,18526,1651.145371287
6062,6433,6938,5361,18526,1651.145424392
6063,6433,6938,5360,18526,1651.145477498
6064,6433,6938,5359,18525,1651.145530603
6065,6433,6938,5357,18525,1651.145583708
6066,6433,6938,5356,18524,1651.145636814
6067,6433,6938,5355,18524,1651.145689919
6068,6433,6938,5354,18524,1651.145743024
6069,6433,6938,5352,18523,1651.145796130
6070,6433,6938,5351,18523,1651.145849235
6071,6433,6938,5350,18522,1651.145902340
6072,6433,6938,5349,18522,1651.145955446
6073,6433,6938,5347,18521,1651.146008551
6074,6433,6938,5346,18521,1651.146061656
6075,6433,6938,5345,18521,1651.146114761
6076,6433,6938,5344,18520,1651.146167867
6077,6433,6938,5342,18520,1651.146220972
6078,6433,6938,5341,18519,1651.146274077
6079,6433,6938,5340,18519,1651.146327183
6080,6433,6938,5338,18518,1651.146380288
6081,6433,6938,5337,18518,1651.146433393
6082,6433,6938,5336,18518,1651.146486499
6083,6433,6938,5335,18517,1651.146539604
6084,6433,6938,5333,18517,1651.146592709
6085,6433,6938,5332,18516,1651.146645815
6086,6434,6938,5331,18516,1651.146698920
6087,6434,6938,5330,18515,1651.146752025
6088,6434,6939,5328,18515,1651.146805131
6089,6434,6939,5327,18515,1651.146858236
6090,6434,6939,5326,18514,1651.146911341
6091,6434,6939,5324,18514,1651.146964446
6092,6434,6939,5323,18513,1651.147017552
6093,6434,6939,5322,18513,1651.147070657
6094,6434,6939,5321,18513,1651.147123762
6095,6434,6939,5319,18512,1651.147176868
6096,6434,6939,5318,18512,1651.147229973
6097,6434,6939,5317,18512,1651.147283078
6098,6434,6939,5316,18511,1651.147336184
6099,6434,6939,5315,18511,1651.147389289
6100,6434,6939,5313,18510,1651.147442394
6101,6434,6939,5312,18510,1651.147495500
6102,6434,6939,5311,18510,1651.147548605
6103,6434,6939,5310,18509,1651.147601710
6104,6434,6939,5308,18509,1651.147654815
6105,6434,6939,5307,18509,1651.147707921
6106,6434,6939,5306,18508,1651.147761026
6107,6434,6939,5305,18508,1651.147814131
6108,6434,6939,5304,18508,1651.147867237
6109,6434,6939,5303,18507,1651.147920342
6110,6434,6939,5301,18507,1651.147973447
6111,6434,6939,5300,18507,1651.148026553
6112,6434,6939,5299,18506,1651.148079658
6113,6434,6939,5298,18506,1651.148132763
6114,6434,6939,5297,18506,1651.148185869
6115,6434,6939,5296,18505,1651.148238974
6116,6434,6939,5294,18505,1651.148292079
6117,6434,6939,5293,18505,1651.148345185
6118,6434,6939,5292,18505,1651.148398290
6119,6434,6939,5291,18504,1651.148451395
6120,6434,6939,5290,18504,1651.148504500
6121,6434,6939,5289,18504,1651.148557606
6122,6434,6939,5288,18503,1651.148610711
6123,6434,6939,5287,18503,1651.148663816
6124,6434,6939,5285,18503,1651.148716922
6125,6434,6939,5284,18503,1651.148770027
6126,6434,6939,5283,18502,1651.148823132
6127,6434,6939,5282,18502,1651.148876238
6128,6434,6939,5281,18502,1651.148929343
6129,6434,6939,5280,18501,1651.148982448
6130,6434,6939,5279,18501,1651.149035554
6131,6434,6939,5278,18501,1651.149088659
6132,6434,6939,5276,18501,1651.149141764
6133,6434,6939,5275,18500,1651.149194869
6134,6434,6939,5274,18500,1651.149247975
6135,6434,6939,5273,18500,1651.149301080
6136,6434,6939,5272,18500,1651.149354185
6137,6434,6939,5271,18499,1651.149407291
6138,6434,6939,5270,18499,1651.149460396
6139,6434,6939,5269,18499,1651.149513501
6140,6434,6939,5268,18499,1651.149566607
6141,6434,6939,5267,18498,1651.149619712
6142,6434,6939,5266,18498,1651.149672817
6143,6434,6939,5264,18498,1651.149725923
6144,6434,6939,5263,18498,1651.149779028
6145,6434,6939,5262,18497,1651.149832133
6146,6434,6939,5261,18497,1651.149885239
6147,6434,6939,5260,18497,1651.149938344
6148,6434,6939,5259,18497,1651.149991449
6149,6434,6939,5258,18496,1651.150044554
6150,6434,6939,5257,18496,1651.150097660
6151,6434,6939,5256,18496,1651.150150765
6152,6434,6939,5255,18496,1651.150203870
6153,6434,6939,5253,18496,1651.150256976
6154,6434,6939,5252,18495,1651.150310081
6155,6434,6939,5251,18495,1651.150363186
6156,6434,6939,5250,18495,1651.150416292
6157,6434,6939,5249,18495,1651.150469397
6158,6434,6939,5248,18494,1651.150522502
6159,6434,6939,5247,18494,1651.150575608
6160,6434,6939,5246,18494,1651.150628713
6161,6434,6939,5245,18494,1651.150681818
6162,6434,6939,5244,18493,1651.150734923
6163,6434,6939,5242,18493,1651.150788029
6164,6434,6939,5241,18493,1651.150841134
6165,6434,6939,5240,18493,1651.150894239
6166,6434,6939,5239,18492,1651.150947345
6167,6434,6939,5238,18492,1651.151000450
6168,6434,6939,5237,18492,1651.151053555
6169,6434,6939,5236,18492,1651.151106661
6170,6434,6939,5235,18491,1651.151159766
6171,6434,6939,5233,18491,1651.151212871
6172,6434,6939,5232,18491,1651.151265977
6173,6434,6939,5231,18491,1651.151319082
6174,6434,6939,5230,18490,1651.151372187
6175,6434,6939,5229,18490,1651.151425293
6176,6434,6939,5228,18490,1651.151478398
6177,6434,6939,5226,18490,1651.151531503
6178,6434,6939,5225,18489,1651.151584608
6179,6434,6939,5224,18489,1651.151637714
6180,6434,6939,5223,18489,1651.151690819
6181,6434,6939,5222,18488,1651.151743924
6182,6434,6939,5221,18488,1651.151797030
6183,6434,6939,5219,18488,1651.151850135
6184,6434,6939,5218,18488,1651.151903240
6185,6434,6939,5217,18487,1651.151956346
6186,6434,6939,5216,18487,1651.152009451
6187,6434,6939,5215,18487,1651.152062556
6188,6434,6939,5213,18486,1651.152115662
6189,6434,6939,5212,18486,1651.152168767
6190,6434,6939,5211,18486,1651.152221872
6191,6434,6939,5210,18485,1651.152274977
6192,6434,6939,5208,18485,1651.152328083
6193,6434,6939,5207,18485,1651.152381188
6194,6434,6939,5206,18484,1651.152434293
6195,6434,6939,5205,18484,1651.152487399
6196,6434,6939,5203,18484,1651.152540504
6197,6434,6939,5202,18483,1651.152593609
6198,6434,6939,5201,18483,1651.152646715
6199,6434,6939,5200,18483,1651.152699820
6200,6434,6939,5198,18482,1651.152752925
6201,6434,6939,5197,18482,1651.152806031
6202,6434,6939,5196,18482,1651.152859136
6203,6434,6939,5195,18481,1651.152912241
6204,6434,6939,5193,18481,1651.152965347
6205,6434,6939,5192,18481,1651.153018452
6206,6434,6939,5191,18480,1651.153071557
6207,6434,6939,5189,18480,1651.153124662
6208,6434,6939,5188,18480,1651.153177768
6209,6434,6939,5187,18479,1651.153230873
6210,6434,6939,5185,18479,1651.153283978
6211,6434,6939,5184,18479,1651.153337084
6212,6434,6939,5183,18478,1651.153390189
6213,6434,6939,5182,18478,1651.153443294
6214,6434,6939,5180,18477,1651.153496400
6215,6434,6939,5179,18477,1651.153549505
6216,6434,6939,5178,18477,1651.153602610
6217,6434,6939,5176,18476,1651.153655716
6218,6434,6939,5175,18476,1651.153708821
6219,6434,6939,5174,18476,1651.153761926
6220,6434,6939,5172,18475,1651.153815032
6221,6434,6939,5171,18475,1651.153868137
6222,6434,6939,5170,18474,1651.153921242
6223,6434,6939,5168,18474,1651.153974347
6224,6434,6939,5167,18474,1651.154027453
6225,6434,6939,5166,18473,1651.154080558
6226,6434,6939,5164,18473,1651.154133663
6227,6434,6939,5163,18473,1651.154186769
6228,6434,6939,5162,18472,1651.154239874
6229,6434,6939,5160,18472,1651.154292979
6230,6434,6939,5159,18471,1651.154346085
6231,6434,6939,5158,18471,1651.154399190
6232,6434,6939,5156,18471,1651.154452295
6233,6434,6939,5155,18470,1651.154505401
6234,6434,6939,5154,18470,1651.154558506
6235,6434,6939,5152,18469,1651.154611611
6236,6434,6939,5151,18469,1651.154664716
6237,6434,6939,5150,18469,1651.154717822
6238,6434,6939,5148,18468,1651.154770927
6239,6434,6939,5147,18468,1651.154824032
6240,6434,6939,5146,18467,1651.154877138
6241,6434,6939,5144,18467,1651.154930243
6242,6434,6939,5143,18467,1651.154983348
6243,6434,6939,5142,18466,1651.155036454
6244,6434,6939,5140,18466,1651.155089559
6245,6434,6939,5139,18465,1651.155142664
6246,6434,6939,5138,18465,1651.155195770
6247,6434,6939,5136,18465,1651.155248875
6248,6434,6939,5135,18464,1651.155301980
6249,6434,6939,5134,18464,1651.155355086
6250,6434,6939,5132,18463,1651.155408191
6251,6434,6939,5131,18463,1651.155461296
6252,6434,6939,5130,18462,1651.155514401
6253,6434,6939,5129,18462,1651.155567507
6254,6434,6939,5127,18462,1651.155620612
6255,6434,6939,5126,18461,1651.155673717
6256,6434,6939,5125,18461,1651.155726823
6257,6434,6939,5123,18460,1651.155779928
6258,6434,6939,5122,18460,1651.155833033
6259,6434,6939,5121,18460,1651.155886139
6260,6434,6939,5119,18459,1651.155939244
6261,6434,6939,5118,18459,1651.155992349
6262,6434,6939,5117,18458,1651.156045455
6263,6434,6939,5116,18458,1651.156098560
6264,6434,6939,5114,18458,1651.156151665
6265,6434,6939,5113,18457,1651.156204770
6266,6434,6939,5112,18457,1651.156257876
6267,6434,6939,5110,18456,1651.156310981
6268,6434,6939,5109,18456,1651.156364086
6269,6434,6939,5108,18456,1651.156417192
6270,6434,6939,5107,18455,1651.156470297
6271,6434,6939,5105,18455,1651.156523402
6272,6434,6939,5104,18454,1651.156576508
6273,6434,6939,5103,18454,1651.156629613
6274,6434,6939,5102,18454,1651.156682718
6275,6434,6939,5101,18453,1651.156735824
6276,6434,6939,5099,18453,1651.156788929
6277,6434,6939,5098,18452,1651.156842034
6278,6434,6939,5097,18452,1651.156895140
6279,6434,6939,5096,18452,1651.156948245
6280,6434,6939,5094,18451,1651.157001350
6281,6434,6939,5093,18451,1651.157054455
6282,6434,6939,5092,18451,1651.157107561
6283,6434,6939,5091,18450,1651.157160666
6284,6434,6939,5090,18450,1651.157213771
6285,6434,6939,5088,18449,1651.157266877
6286,6434,6939,5087,18449,1651.157319982
6287,6434,6939,5086,18449,1651.157373087
6288,6434,6939,5085,18448,1651.157426193
6289,6434,6939,5084,18448,1651.157479298
6290,6434,6939,5083,18447,1651.157532403
6291,6434,6939,5081,18447,1651.157585509
6292,6434,6939,5080,18447,1651.157638614
6293,6434,6939,5079,18446,1651.157691719
6294,6434,6939,5078,18446,1651.157744824
6295,6434,6939,5077,18446,1651.157797930
6296,6434,6939,5076,18445,1651.157851035
6297,6434,6939,5074,18445,1651.157904140
6298,6434,6939,5073,18444,1651.157957246
6299,6434,6939,5072,18444,1651.158010351
6300,6434,6939,5071,18444,1651.158063456
6301,6434,6939,5070,18443,1651.158116562
6302,6434,6939,5069,18443,1651.158169667
6303,6434,6939,5068,18443,1651.158222772
6304,6434,6939,5066,18442,1651.158275878
6305,6434,6939,5065,18442,1651.158328983
6306,6434,6939,5064,18441,1651.158382088
6307,6434,6939,5063,18441,1651.158435194
6308,6434,6939,5062,18441,1651.158488299
6309,6434,6939,5061,18440,1651.158541404
6310,6434,6939,5060,18440,1651.158594509
6311,6434,6939,5059,18440,1651.158647615
6312,6434,6939,5057,18439,1651.158700720
6313,6434,6939,5056,18439,1651.158753825
6314,6434,6939,5055,18438,1651.158806931
6315,6434,6939,5054,18438,1651.158860036
6316,6434,6939,5053,18438,1651.158913141
6317,6434,6939,5052,18437,1651.158966247
6318,6434,6939,5051,18437,1651.159019352
6319,6434,6939,5050,18437,1651.159072457
6320,6434,6939,5049,18436,1651.159125563
6321,6434,6939,5047,18436,1651.159178668
6322,6434,6939,5046,18435,1651.159231773
6323,6434,6939,5045,18435,1651.159284878
6324,6434,6939,5044,18435,1651.159337984
6325,6434,6939,5043,18434,1651.159391089
6326,6434,6939,5042,18434,1651.159444194
6327,6434,6939,5041,18434,1651.159497300
6328,6434,6939,5040,18433,1651.159550405
6329,6434,6939,5039,18433,1651.159603510
6330,6434,6939,5038,18432,1651.159656616
6331,6434,6939,5036,18432,1651.159709721
6332,6434,6939,5035,18432,1651.159762826
6333,6434,6939,5034,18431,1651.159815932
6334,6434,6939,5033,18431,1651.159869037
6335,6434,6939,5032,18431,1651.159922142
6336,6434,6939,5031,18430,1651.159975248
6337,6434,6939,5030,18430,1651.160028353
6338,6434,6939,5029,18429,1651.160081458
6339,6434,6939,5028,18429,1651.160134563
6340,6434,6939,5027,18429,1651.160187669
6341,6434,6939,5026,18428,1651.160240774
6342,6434,6939,5024,18428,1651.160293879
6343,6434,6939,5023,18428,1651.160346985
6344,6434,6939,5022,18427,1651.160400090
6345,6434,6939,5021,18427,1651.160453195
6346,6434,6939,5020,18426,1651.160506301
6347,6434,6939,5019,18426,1651.160559406
6348,6434,6939,5018,18426,1651.160612511
6349,6434,6939,5017,18425,1651.160665617
6350,6434,6939,5016,18425,1651.160718722
6351,6434,6939,5015,18425,1651.160771827
6352,6434,6939,5014,18424,1651.160824932
6353,6434,6939,5013,18424,1651.160878038
6354,6434,6939,5011,18423,1651.160931143
6355,6434,6939,5010,18423,1651.160984248
6356,6434,6939,5009,18423,1651.161037354
6357,6434,6939,5008,18422,1651.161090459
6358,6434,6939,5007,18422,1651.161143564
6359,6434,6939,5006,18422,1651.161196670
6360,6434,6939,5005,18421,1651.161249775
6361,6434,6939,5004,18421,1651.161302880
6362,6434,6939,5003,18420,1651.161355986
6363,6434,6939,5002,18420,1651.161409091
6364,6434,6939,5000,18420,1651.161462196
6365,6434,6939,4999,18419,1651.161515302
6366,6434,6939,4998,18419,1651.161568407
6367,6434,6939,4997,18419,1651.161621512
6368,6434,6939,4996,18418,1651.161674617
6369,6434,6939,4995,18418,1651.161727723
6370,6434,6939,4994,18417,1651.161780828
6371,6434,6939,4993,18417,1651.161833933
6372,6434,6939,4992,18417,1651.161887039
6373,6434,6939,4991,18416,1651.161940144
6374,6434,6939,4989,18416,1651.161993249
6375,6434,6939,4988,18415,1651.162046355
6376,6434,6939,4987,18415,1651.162099460
6377,6434,6939,4986,18415,1651.162152565
6378,6434,6939,4985,18414,1651.162205671
6379,6434,6939,4984,18414,1651.162258776
6380,6434,6939,4983,18414,1651.162311881
6381,6434,6939,4982,18413,1651.162364986
6382,6434,6939,4981,18413,1651.162418092
6383,6434,6939,4980,18412,1651.162471197
6384,6434,6939,4978,18412,1651.162524302
6385,6434,6939,4977,18412,1651.162577408
6386,6434,6939,4976,18411,1651.162630513
6387,6434,6939,4975,18411,1651.162683618
6388,6434,6939,4974,18410,1651.162736724
6389,6434,6939,4973,18410,1651.162789829
6390,6434,6939,4972,18410,1651.162842934
6391,6434,6939,4971,18409,1651.162896040
6392,6434,6939,4970,18409,1651.162949145
6393,6434,6939,4969,18409,1651.163002250
6394,6434,6939,4968,18408,1651.163055356
6395,6434,6939,4967,18408,1651.163108461
6396,6434,6939,4965,18407,1651.163161566
6397,6434,6939,4964,18407,1651.163214671
6398,6434,6939,4963,18407,1651.163267777
6399,6434,6939,4962,18406,1651.163320882
6400,6434,6939,4961,18406,1651.163373987
6401,6434,6939,4960,18405,1651.163427093
6402,6434,6939,4959,18405,1651.163480198
6403,6434,6939,4958,18405,1651.163533303
6404,6434,6939,4957,18404,1651.163586409
6405,6434,6939,4956,18404,1651.163639514
6406,6434,6939,4955,18404,1651.163692619
6407,6434,6939,4954,18403,1651.163745725
6408,6434,6939,4953,18403,1651.163798830
6409,6434,6939,4952,18402,1651.163851935
6410,6434,6939,4950,18402,1651.163905041
6411,6434,6939,4949,18402,1651.163958146
6412,6434,6939,4948,18401,1651.164011251
6413,6434,6939,4947,18401,1651.164064356
6414,6434,6939,4946,18401,1651.164117462
6415,6434,6939,4945,18400,1651.164170567
6416,6434,6939,4944,18400,1651.164223672
6417,6434,6939,4943,18399,1651.164276778
6418,6434,6939,4942,18399,1651.164329883
6419,6434,6939,4941,18399,1651.164382988
6420,6434,6939,4940,18398,1651.164436094
6421,6434,6939,4939,18398,1651.164489199
6422,6434,6939,4938,18398,1651.164542304
6423,6434,6939,4937,18397,1651.164595410
6424,6434,6939,4936,18397,1651.164648515
6425,6434,6939,4935,18396,1651.164701620
6426,6434,6939,4934,18396,1651.164754725
6427,6434,6939,4933,18396,1651.164807831
6428,6434,6939,4932,18395,1651.164860936
6429,6434,6939,4931,18395,1651.164914041
6430,6434,6939,4930,18395,1651.164967147
6431,6434,6939,4929,18394,1651.165020252
6432,6434,6939,4928,18394,1651.165073357
6433,6434,6939,4927,18394,1651.165126463
6434,6434,6939,4926,18393,1651.165179568
6435,6434,6939,4925,18393,1651.165232673
6436,6434,6939,4924,18392,1651.165285779
6437,6434,6939,4923,18392,1651.165338884
6438,6434,6939,4922,18392,1651.165391989
6439,6434,6939,4921,18391,1651.165445095
6440,6434,6939,4920,18391,1651.165498200
6441,6434,6939,4919,18391,1651.165551305
6442,6434,6939,4918,18390,1651.165604410
6443,6434,6939,4917,18390,1651.165657516
6444,6434,6939,4916,18390,1651.165710621
6445,6434,6939,4915,18389,1651.165763726
6446,6434,6939,4914,18389,1651.165816832
6447,6434,6939,4913,18389,1651.165869937
6448,6434,6939,4912,18388,1651.165923042
6449,6434,6939,4911,18388,1651.165976148
6450,6434,6939,4911,18388,1651.166029253
6451,6434,6939,4910,18387,1651.166082358
6452,6434,6939,4909,18387,1651.166135464
6453,6434,6939,4908,18386,1651.166188569
6454,6434,6939,4907,18386,1651.166241674
6455,6434,6939,4906,18386,1651.166294779
6456,6434,6939,4905,18385,1651.166347885
6457,6434,6939,4904,18385,1651.166400990
6458,6434,6939,4903,18385,1651.166454095
6459,6434,6939,4902,18384,1651.166507201
6460,6434,6939,4901,18384,1651.166560306
6461,6434,6939,4900,18384,1651.166613411
6462,6434,6939,4900,18383,1651.166666517
6463,6434,6939,4899,18383,1651.166719622
6464,6434,6939,4898,18383,1651.166772727
6465,6434,6939,4897,18382,1651.166825833
6466,6434,6939,4896,18382,1651.166878938
6467,6434,6939,4895,18382,1651.166932043
6468,6434,6939,4894,18381,1651.166985149
6469,6434,6939,4893,18381,1651.167038254
6470,6434,6939,4892,18381,1651.167091359
6471,6434,6939,4891,18380,1651.167144464
6472,6434,6939,4890,18380,1651.167197570
6473,6434,6939,4890,18379,1651.167250675
6474,6434,6939,4889,18379,1651.167303780
6475,6434,6939,4888,18379,1651.167356886
6476,6434,6939,4887,18378,1651.167409991
6477,6434,6939,4886,18378,1651.167463096
6478,6434,6939,4885,18378,1651.167516202
6479,6434,6939,4884,18377,1651.167569307
6480,6434,6939,4883,18377,1651.167622412
6481,6434,6939,4882,18377,1651.167675518
6482,6434,6939,4881,18376,1651.167728623
6483,6434,6939,4881,18376,1651.167781728
6484,6434,6939,4880,18375,1651.167834833
6485,6434,6939,4879,18375,1651.167887939
6486,6434,6939,4878,18375,1651.167941044
6487,6434,6939,4877,18374,1651.167994149
6488,6434,6939,4876,18374,1651.168047255
6489,6434,6939,4875,18374,1651.168100360
6490,6434,6939,4874,18373,1651.168153465
6491,6434,6939,4873,18373,1651.168206571
6492,6434,6939,4872,18372,1651.168259676
6493,6434,6939,4871,18372,1651.168312781
6494,6434,6939,4870,18372,1651.168365887
6495,6434,6939,4870,18371,1651.168418992
6496,6434,6939,4869,18371,1651.168472097
6497,6434,6939,4868,18370,1651.168525203
6498,6434,6939,4867,18370,1651.168578308
6499,6434,6939,4866,18370,1651.168631413
6500,6434,6939,4865,18369,1651.168684518
6501,6434,6939,4864,18369,1651.168737624
6502,6434,6939,4863,18368,1651.168790729
6503,6434,6939,4862,18368,1651.168843834
6504,6434,6939,4861,18368,1651.168896940
6505,6434,6939,4860,18367,1651.168950045
6506,6434,6939,4859,18367,1651.169003150
6507,6434,6939,4858,18366,1651.169056256
6508,6434,6939,4857,18366,1651.169109361
6509,6434,6939,4856,18365,1651.169162466
6510,6434,6939,4855,18365,1651.169215572
6511,6434,6939,4854,18365,1651.169268677
6512,6434,6939,4853,18364,1651.169321782
6513,6434,6939,4852,18364,1651.169374887
6514,6434,6939,4851,18363,1651.169427993
6515,6434,6939,4850,18363,1651.169481098
6516,6434,6939,4849,18362,1651.169534203
6517,6434,6939,4848,18362,1651.169587309
6518,6434,6939,4847,18361,1651.169640414
6519,6434,6939,4846,18361,1651.169693519
6520,6434,6939,4845,18360,1651.169746625
6521,6434,6939,4844,18360,1651.169799730
6522,6434,6939,4843,18359,1651.169852835
6523,6434,6939,4842,18359,1651.169905941
6524,6434,6939,4841,18358,1651.169959046
6525,6434,6939,4840,18358,1651.170012151
6526,6434,6939,4839,18357,1651.170065257
6527,6434,6939,4838,18357,1651.170118362
6528,6434,6939,4837,18356,1651.170171467
6529,6434,6939,4835,18356,1651.170224572
6530,6434,6939,4834,18355,1651.170277678
6531,6434,6939,4833,18355,1651.170330783
6532,6434,6939,4832,18354,1651.170383888
6533,6434,6939,4831,18354,1651.170436994
6534,6434,6939,4830,18353,1651.170490099
6535,6434,6939,4829,18353,1651.170543204
6536,6434,6939,4828,18352,1651.170596310
6537,6434,6939,4827,18352,1651.170649415
6538,6434,6939,4825,18351,1651.170702520
6539,6434,6939,4824,18350,1651.170755626
6540,6434,6939,4823,18350,1651.170808731
6541,6434,6939,4822,18349,1651.170861836
6542,6434,6939,4821,18349,1651.170914941
6543,6434,6939,4820,18348,1651.170968047
6544,6434,6939,4818,18348,1651.171021152
6545,6434,6939,4817,18347,1651.171074257
6546,6434,6939,4816,18346,1651.171127363
6547,6434,6939,4815,18346,1651.171180468
6548,6434,6939,4814,18345,1651.171233573
6549,6434,6939,4813,18345,1651.171286679
6550,6434,6939,4811,18344,1651.171339784
6551,6434,6939,4810,18344,1651.171392889
6552,6434,6939,4809,18343,1651.171445995
6553,6434,6939,4808,18342,1651.171499100
6554,6434,6939,4807,18342,1651.171552205
6555,6434,6939,4805,18341,1651.171605311
6556,6434,6939,4804,18341,1651.171658416
6557,6434,6939,4803,18340,1651.171711521
6558,6434,6939,4802,18340,1651.171764626
6559,6434,6939,4801,18339,1651.171817732
6560,6434,6939,4799,18338,1651.171870837
6561,6434,6939,4798,18338,1651.171923942
6562,6434,6939,4797,18337,1651.171977048
6563,6434,6939,4796,18337,1651.172030153
6564,6434,6939,4794,18336,1651.172083258
6565,6434,6939,4793,18335,1651.172136364
6566,6434,6939,4792,18335,1651.172189469
6567,6434,6939,4791,18334,1651.172242574
6568,6434,6939,4789,18334,1651.172295680
6569,6434,6939,4788,18333,1651.172348785
6570,6434,6939,4787,18332,1651.172401890
6571,6434,6939,4786,18332,1651.172454995
6572,6434,6939,4784,18331,1651.172508101
6573,6434,6939,4783,18331,1651.172561206
6574,6434,6939,4782,18330,1651.172614311
6575,6434,6939,4781,18330,1651.172667417
6576,6434,6939,4780,18329,1651.172720522
6577,6434,6939,4778,18328,1651.172773627
6578,6434,6939,4777,18328,1651.172826733
6579,6434,6939,4776,18327,1651.172879838
6580,6434,6939,4775,18327,1651.172932943
6581,6434,6939,4773,18326,1651.172986049
6582,6434,6939,4772,18325,1651.173039154
6583,6434,6939,4771,18325,1651.173092259
6584,6434,6939,4770,18324,1651.173145365
6585,6434,6939,4768,18324,1651.173198470
6586,6434,6939,4767,18323,1651.173251575
6587,6434,6939,4766,18323,1651.173304680
6588,6434,6939,4765,18322,1651.173357786
6589,6434,6939,4763,18322,1651.173410891
6590,6434,6939,4762,18321,1651.173463996
6591,6434,6939,4761,18320,1651.173517102
6592,6434,6939,4760,18320,1651.173570207
6593,6434,6939,4758,18319,1651.173623312
6594,6434,6939,4757,18319,1651.173676418
6595,6434,6939,4756,18318,1651.173729523
6596,6434,6939,4755,18318,1651.173782628
6597,6434,6939,4753,18317,1651.173835734
6598,6434,6939,4752,18317,1651.173888839
6599,6434,6939,4751,18316,1651.173941944
6600,6434,6939,4750,18316,1651.173995050
6601,6434,6939,4748,18315,1651.174048155
6602,6434,6939,4747,18315,1651.174101260
6603,6434,6939,4746,18314,1651.174154365
6604,6434,6939,4745,18314,1651.174207471
6605,6434,6939,4743,18313,1651.174260576
6606,6434,6939,4742,18313,1651.174313681
6607,6434,6939,4741,18312,1651.174366787
6608,6434,6939,4740,18312,1651.174419892
6609,6434,6939,4739,18311,1651.174472997
6610,6434,6939,4737,18311,1651.174526103
6611,6434,6939,4736,18310,1651.174579208
6612,6434,6939,4735,18310,1651.174632313
6613,6434,6939,4734,18309,1651.174685419
6614,6434,6939,4733,18309,1651.174738524
6615,6434,6939,4731,18309,1651.174791629
6616,6434,6939,4730,18308,1651.174844734
6617,6434,6939,4729,18308,1651.174897840
6618,6434,6939,4728,18307,1651.174950945
6619,6434,6939,4727,18307,1651.175004050
6620,6434,6939,4725,18306,1651.175057156
6621,6434,6939,4724,18306,1651.175110261
6622,6434,6939,4723,18306,1651.175163366
6623,6434,6939,4722,18305,1651.175216472
6624,6434,6939,4721,18305,1651.175269577
6625,6434,6939,4720,18304,1651.175322682
6626,6434,6939,4718,18304,1651.175375788
6627,6434,6939,4717,18304,1651.175428893
6628,6434,6939,4716,18303,1651.175481998
6629,6434,6939,4715,18303,1651.175535104
6630,6434,6939,4714,18302,1651.175588209
6631,6434,6939,4713,18302,1651.175641314
6632,6434,6939,4711,18302,1651.175694419
6633,6434,6939,4710,18301,1651.175747525
6634,6434,6939,4709,18301,1651.175800630
6635,6434,6939,4708,18301,1651.175853735
6636,6434,6939,4707,18300,1651.175906841
6637,6434,6939,4706,18300,1651.175959946
6638,6434,6939,4705,18299,1651.176013051
6639,6434,6939,4703,18299,1651.176066157
6640,6434,6939,4702,18299,1651.176119262
6641,6434,6939,4701,18298,1651.176172367
6642,6434,6939,4700,18298,1651.176225473
6643,6434,6939,4699,18298,1651.176278578
6644,6434,6939,4698,18297,1651.176331683
6645,6434,6939,4697,18297,1651.176384788
6646,6434,6939,4695,18297,1651.176437894
6647,6434,6939,4694,18296,1651.176490999
6648,6434,6939,4693,18296,1651.176544104
6649,6434,6939,4692,18296,1651.176597210
6650,6434,6939,4691,18295,1651.176650315
6651,6434,6939,4690,18295,1651.176703420
6652,6434,6939,4689,18295,1651.176756526
6653,6434,6939,4688,18294,1651.176809631
6654,6434,6939,4687,18294,1651.176862736
6655,6434,6939,4685,18294,1651.176915842
6656,6434,6939,4684,18293,1651.176968947
6657,6434,6939,4683,18293,1651.177022052
6658,6434,6939,4682,18293,1651.177075158
6659,6434,6939,4681,18292,1651.177128263
6660,6434,6939,4680,18292,1651.177181368
6661,6434,6939,4679,18291,1651.177234473
6662,6434,6939,4678,18291,1651.177287579
6663,6434,6939,4676,18291,1651.177340684
6664,6434,6939,4675,18290,1651.177393789
6665,6434,6939,4674,18290,1651.177446895
6666,6434,6939,4673,18290,1651.177500000
6667,6434,6939,4672,18289,1651.177553105
6668,6434,6939,4671,18289,1651.177606211
6669,6434,6939,4670,18289,1651.177659316
6670,6434,6939,4669,18288,1651.177712421
6671,6434,6939,4668,18288,1651.177765527
6672,6434,6939,4667,18288,1651.177818632
6673,6434,6939,4665,18287,1651.177871737
6674,6434,6939,4664,18287,1651.177924842
6675,6434,6939,4663,18287,1651.177977948
6676,6434,6939,4662,18286,1651.178031053
6677,6434,6939,4661,18286,1651.178084158
6678,6434,6939,4660,18285,1651.178137264
6679,6434,6939,4659,18285,1651.178190369
6680,6434,6939,4658,18285,1651.178243474
6681,6434,6939,4657,18284,1651.178296580
6682,6434,6939,4655,18284,1651.178349685
6683,6434,6939,4654,18284,1651.178402790
6684,6434,6939,4653,18283,1651.178455896
6685,6434,6939,4652,18283,1651.178509001
6686,6434,6939,4651,18282,1651.178562106
6687,6434,6939,4650,18282,1651.178615212
6688,6434,6939,4649,18282,1651.178668317
6689,6434,6939,4648,18281,1651.178721422
6690,6434,6939,4647,18281,1651.178774527
6691,6434,6939,4646,18280,1651.178827633
6692,6434,6939,4644,18280,1651.178880738
6693,6434,6939,4643,18280,1651.178933843
6694,6434,6939,4642,18279,1651.178986949
6695,6434,6939,4641,18279,1651.179040054
6696,6434,6939,4640,18278,1651.179093159
6697,6434,6939,4639,18278,1651.179146265
6698,6434,6939,4638,18277,1651.179199370
6699,6434,6939,4637,18277,1651.179252475
6700,6434,6939,4636,18276,1651.179305581
6701,6434,6939,4635,18276,1651.179358686
6702,6434,6939,4633,18276,1651.179411791
6703,6434,6939,4632,18275,1651.179464896
6704,6434,6939,4631,18275,1651.179518002
6705,6434,6939,4630,18274,1651.179571107
6706,6434,6939,4629,18274,1651.179624212
6707,6434,6939,4628,18273,1651.179677318
6708,6434,6939,4627,18273,1651.179730423
6709,6434,6939,4626,18272,1651.179783528
6710,6434,6939,4625,18272,1651.179836634
6711,6434,6939,4623,18271,1651.179889739
6712,6434,6939,4622,18271,1651.179942844
6713,6434,6939,4621,18270,1651.179995950
6714,6434,6939,4620,18270,1651.180049055
6715,6434,6939,4619,18269,1651.180102160
6716,6434,6939,4618,18269,1651.180155266
6717,6434,6939,4617,18268,1651.180208371
6718,6434,6939,4616,18268,1651.180261476
6719,6434,6939,4614,18267,1651.180314581
6720,6434,6939,4613,18267,1651.180367687
6721,6434,6939,4612,18266,1651.180420792
6722,6434,6939,4611,18265,1651.180473897
6723,6434,6939,4610,18265,1651.180527003
6724,6434,6939,4609,18264,1651.180580108
6725,6434,6939,4608,18264,1651.180633213
6726,6434,6939,4607,18263,1651.180686319
6727,6434,6939,4605,18263,1651.180739424
6728,6434,6939,4604,18262,1651.180792529
6729,6434,6939,4603,18262,1651.180845635
6730,6434,6939,4602,18261,1651.180898740
6731,6434,6939,4601,18260,1651.180951845
6732,6434,6939,4600,18260,1651.181004950
6733,6434,6939,4599,18259,1651.181058056
6734,6434,6939,4597,18259,1651.181111161
6735,6434,6939,4596,18258,1651.181164266
6736,6434,6939,4595,18257,1651.181217372
6737,6434,6939,4594,18257,1651.181270477
6738,6434,6939,4593,18256,1651.181323582
6739,6434,6939,4592,18256,1651.181376688
6740,6434,6939,4591,18255,1651.181429793
6741,6434,6939,4589,18254,1651.181482898
6742,6434,6939,4588,18254,1651.181536004
6743,6434,6939,4587,18253,1651.181589109
6744,6434,6939,4586,18253,1651.181642214
6745,6434,6939,4585,18252,1651.181695320
6746,6434,6939,4584,18251,1651.181748425
6747,6434,6939,4582,18251,1651.181801530
6748,6434,6939,4581,18250,1651.181854635
6749,6434,6939,4580,18249,1651.181907741
6750,6434,6939,4579,18249,1651.181960846
6751,6434,6939,4578,18248,1651.182013951
6752,6434,6939,4577,18247,1651.182067057
6753,6434,6939,4575,18247,1651.182120162
6754,6434,6939,4574,18246,1651.182173267
6755,6434,6939,4573,18246,1651.182226373
6756,6434,6939,4572,18245,1651.182279478
6757,6434,6939,4571,18244,1651.182332583
6758,6434,6939,4569,18244,1651.182385689
6759,6434,6939,4568,18243,1651.182438794
6760,6434,6939,4567,18242,1651.182491899
6761,6434,6939,4566,18242,1651.182545005
6762,6434,6939,4565,18241,1651.182598110
6763,6434,6939,4564,18240,1651.182651215
6764,6434,6939,4562,18240,1651.182704320
6765,6434,6939,4561,18239,1651.182757426
6766,6434,6939,4560,18238,1651.182810531
6767,6434,6939,4559,18237,1651.182863636
6768,6434,6939,4557,18237,1651.182916742
6769,6434,6939,4556,18236,1651.182969847
6770,6434,6939,4555,18235,1651.183022952
6771,6434,6939,4554,18235,1651.183076058
6772,6434,6939,4553,18234,1651.183129163
6773,6434,6939,4551,18233,1651.183182268
6774,6434,6939,4550,18233,1651.183235374
6775,6434,6939,4549,18232,1651.183288479
6776,6434,6939,4548,18231,1651.183341584
6777,6434,6939,4546,18230,1651.183394689
6778,6434,6939,4545,18230,1651.183447795
6779,6434,6939,4544,18229,1651.183500900
6780,6434,6939,4543,18228,1651.183554005
6781,6434,6939,4541,18228,1651.183607111
6782,6434,6939,4540,18227,1651.183660216
6783,6434,6939,4539,18226,1651.183713321
6784,6434,6939,4538,18225,1651.183766427
6785,6434,6939,4536,18225,1651.183819532
6786,6434,6939,4535,18224,1651.183872637
6787,6434,6939,4534,18223,1651.183925743
6788,6434,6939,4533,18222,1651.183978848
6789,6434,6939,4531,18222,1651.184031953
6790,6434,6939,4530,18221,1651.184085059
6791,6434,6939,4529,18220,1651.184138164
6792,6434,6939,4528,18219,1651.184191269
6793,6434,6939,4526,18219,1651.184244374
6794,6434,6939,4525,18218,1651.184297480
6795,6434,6940,4524,18217,1651.184350585
6796,6434,6940,4523,18217,1651.184403690
6797,6434,6940,4521,18216,1651.184456796
6798,6435,6940,4520,18215,1651.184509901
6799,6435,6940,4519,18214,1651.184563006
6800,6435,6940,4518,18214,1651.184616112
6801,6435,6940,4516,18213,1651.184669217
6802,6435,6940,4515,18212,1651.184722322
6803,6435,6940,4514,18211,1651.184775428
6804,6435,6940,4513,18211,1651.184828533
6805,6435,6940,4511,18210,1651.184881638
6806,6435,6940,4510,18209,1651.184934743
6807,6435,6940,4509,18208,1651.184987849
6808,6435,6940,4508,18208,1651.185040954
6809,6435,6940,4506,18207,1651.185094059
6810,6435,6940,4505,18206,1651.185147165
6811,6435,6940,4504,18206,1651.185200270
6812,6435,6940,4503,18205,1651.185253375
6813,6435,6940,4501,18204,1651.185306481
6814,6435,6940,4500,18203,1651.185359586
6815,6435,6940,4499,18203,1651.185412691
6816,6435,6940,4498,18202,1651.185465797
6817,6435,6940,4496,18201,1651.185518902
6818,6435,6940,4495,18201,1651.185572007
6819,6435,6940,4494,18200,1651.185625113
6820,6435,6940,4493,18199,1651.185678218
6821,6435,6940,4492,18198,1651.185731323
6822,6435,6940,4490,18198,1651.185784428
6823,6435,6940,4489,18197,1651.185837534
6824,6435,6940,4488,18196,1651.185890639
6825,6435,6940,4487,18196,1651.185943744
6826,6435,6940,4486,18195,1651.185996850
6827,6435,6940,4485,18194,1651.186049955
6828,6435,6940,4483,18194,1651.186103060
6829,6435,6940,4482,18193,1651.186156166
6830,6435,6940,4481,18192,1651.186209271
6831,6435,6940,4480,18192,1651.186262376
6832,6435,6940,4479,18191,1651.186315482
6833,6435,6940,4478,18190,1651.186368587
6834,6435,6940,4477,18190,1651.186421692
6835,6435,6940,4476,18189,1651.186474797
6836,6435,6940,4474,18189,1651.186527903
6837,6435,6940,4473,18188,1651.186581008
6838,6435,6940,4472,18187,1651.186634113
6839,6435,6940,4471,18187,1651.186687219
6840,6435,6940,4470,18186,1651.186740324
6841,6435,6940,4469,18185,1651.186793429
6842,6435,6940,4468,18185,1651.186846535
6843,6435,6940,4467,18184,1651.186899640
6844,6435,6940,4466,18184,1651.186952745
6845,6435,6940,4465,18183,1651.187005851
6846,6435,6940,4464,18183,1651.187058956
6847,6435,6940,4463,18182,1651.187112061
6848,6435,6940,4462,18182,1651.187165167
6849,6435,6940,4461,18181,1651.187218272
6850,6435,6940,4460,18180,1651.187271377
6851,6435,6940,4459,18180,1651.187324482
6852,6435,6940,4458,18179,1651.187377588
6853,6435,6940,4457,18179,1651.187430693
6854,6435,6940,4456,18178,1651.187483798
6855,6435,6940,4455,18178,1651.187536904
6856,6435,6940,4455,18177,1651.187590009
6857,6434,6940,4454,18177,1651.187643114
6858,6434,6939,4453,18176,1651.187696220
6859,6434,6939,4452,18176,1651.187749325
6860,6434,6939,4451,18176,1651.187802430
6861,6434,6939,4450,18175,1651.187855536
6862,6434,6939,4449,18175,1651.187908641
6863,6434,6939,4449,18174,1651.187961746
6864,6434,6939,4448,18174,1651.188014851
6865,6434,6939,4447,18173,1651.188067957
6866,6434,6939,4446,18173,1651.188121062
6867,6434,6939,4445,18173,1651.188174167
6868,6434,6939,4445,18172,1651.188227273
6869,6434,6938,4444,18172,1651.188280378
6870,6433,6938,4443,18172,1651.188333483
6871,6433,6938,4443,18171,1651.188386589
6872,6433,6938,4442,18171,1651.188439694
6873,6433,6938,4441,18171,1651.188492799
6874,6433,6938,4440,18170,1651.188545905
6875,6433,6938,4440,18170,1651.188599010
6876,6433,6938,4439,18170,1651.188652115
6877,6433,6937,4438,18169,1651.188705221
6878,6433,6937,4438,18169,1651.188758326
6879,6432,6937,4437,18169,1651.188811431
6880,6432,6937,4436,18168,1651.188864536
6881,6432,6937,4436,18168,1651.188917642
6882,6432,6937,4435,18168,1651.188970747
6883,6432,6937,4434,18168,1651.189023852
6884,6432,6937,4434,18167,1651.189076958
6885,6432,6936,4433,18167,1651.189130063
6886,6432,6936,4433,18167,1651.189183168
6887,6432,6936,4432,18166,1651.189236274
6888,6431,6936,4431,18166,1651.189289379
6889,6431,6936,4431,18166,1651.189342484
6890,6431,6936,4430,18166,1651.189395590
6891,6431,6936,4429,18165,1651.189448695
6892,6431,6935,4429,18165,1651.189501800
6893,6431,6935,4428,18165,1651.189554905
6894,6431,6935,4427,18165,1651.189608011
6895,6431,6935,4427,18164,1651.189661116
6896,6431,6935,4426,18164,1651.189714221
6897,6431,6935,4425,18164,1651.189767327
6898,6430,6935,4425,18164,1651.189820432
6899,6430,6935,4424,18163,1651.189873537
6900,6430,6935,4423,18163,1651.189926643
6901,6430,6935,4423,18163,1651.189979748
6902,6430,6934,4422,18162,1651.190032853
6903,6430,6934,4421,18162,1651.190085959
6904,6430,6934,4421,18162,1651.190139064
6905,6430,6934,4420,18162,1651.190192169
6906,6430,6934,4419,18161,1651.190245275
6907,6430,6934,4418,18161,1651.190298380
6908,6430,6934,4418,18161,1651.190351485
6909,6430,6934,4417,18160,1651.190404590
6910,6430,6934,4416,18160,1651.190457696
6911,6430,6934,4415,18160,1651.190510801
6912,6430,6934,4414,18160,1651.190563906
6913,6430,6934,4414,18159,1651.190617012
6914,6430,6934,4413,18159,1651.190670117
6915,6430,6934,4412,18159,1651.190723222
6916,6430,6934,4411,18158,1651.190776328
6917,6430,6934,4410,18158,1651.190829433
6918,6430,6934,4409,18157,1651.190882538
6919,6430,6934,4408,18157,1651.190935644
6920,6430,6934,4407,18157,1651.190988749
6921,6430,6934,4406,18156,1651.191041854
6922,6430,6934,4405,18156,1651.191094959
6923,6430,6934,4404,18156,1651.191148065
6924,6430,6934,4403,18155,1651.191201170
6925,6430,6934,4402,18155,1651.191254275
6926,6430,6934,4401,18154,1651.191307381
6927,6430,6934,4400,18154,1651.191360486
6928,6430,6934,4399,18153,1651.191413591
6929,6430,6934,4398,18153,1651.191466697
6930,6430,6935,4397,18152,1651.191519802
6931,6430,6935,4395,18152,1651.191572907
6932,6431,6935,4394,18151,1651.191626013
6933,6431,6935,4393,18151,1651.191679118
6934,6431,6935,4392,18150,1651.191732223
6935,6431,6935,4390,18150,1651.191785329
6936,6431,6936,4389,18149,1651.191838434
6937,6431,6936,4388,18149,1651.191891539
6938,6431,6936,4386,18148,1651.191944644
6939,6432,6936,4385,18147,1651.191997750
6940,6432,6936,4384,18147,1651.192050855
6941,6432,6937,4382,18146,1651.192103960
6942,6432,6937,4381,18146,1651.192157066
6943,6433,6937,4379,18145,1651.192210171
6944,6433,6938,4377,18144,1651.192263276
6945,6433,6938,4376,18144,1651.192316382
6946,6433,6938,4374,18143,1651.192369487
6947,6434,6938,4373,18142,1651.192422592
6948,6434,6939,4371,18141,1651.192475698
6949,6434,6939,4369,18141,1651.192528803
6950,6434,6940,4367,18140,1651.192581908
6951,6435,6940,4365,18139,1651.192635014
6952,6435,6940,4364,18138,1651.192688119
6953,6436,6941,4362,18137,1651.192741224
6954,6436,6941,4360,18136,1651.192794329
6955,6436,6942,4358,18136,1651.192847435
6956,6437,6942,4356,18135,1651.192900540
6957,6437,6943,4354,18134,1651.192953645
6958,6437,6943,4352,18133,1651.193006751
6959,6438,6943,4350,18132,1651.193059856
6960,6438,6944,4348,18131,1651.193112961
6961,6439,6944,4346,18130,1651.193166067
6962,6439,6945,4344,18129,1651.193219172
6963,6439,6945,4342,18128,1651.193272277
6964,6440,6946,4340,18127,1651.193325383
6965,6440,6946,4338,18126,1651.193378488
6966,6441,6947,4336,18125,1651.193431593
6967,6441,6947,4333,18124,1651.193484698
6968,6442,6948,4331,18123,1651.193537804
6969,6442,6948,4329,18122,1651.193590909
6970,6442,6949,4327,18121,1651.193644014
6971,6443,6949,4325,18120,1651.193697120
6972,6443,6950,4323,18119,1651.193750225
6973,6444,6950,4321,18118,1651.193803330
6974,6444,6951,4319,18117,1651.193856436
6975,6444,6951,4317,18116,1651.193909541
6976,6445,6952,4315,18115,1651.193962646
6977,6445,6952,4313,18114,1651.194015752
6978,6446,6953,4311,18113,1651.194068857
6979,6446,6953,4309,18113,1651.194121962
6980,6446,6953,4307,18112,1651.194175068
6981,6447,6954,4305,18111,1651.194228173
6982,6447,6954,4303,18110,1651.194281278
6983,6447,6955,4301,18109,1651.194334383
6984,6448,6955,4299,18108,1651.194387489
6985,6448,6955,4297,18107,1651.194440594
6986,6448,6956,4295,18106,1651.194493699
6987,6448,6956,4293,18105,1651.194546805
6988,6449,6956,4291,18104,1651.194599910
6989,6449,6957,4290,18103,1651.194653015
6990,6449,6957,4288,18102,1651.194706121
6991,6449,6957,4286,18101,1651.194759226
6992,6450,6957,4285,18100,1651.194812331
6993,6450,6958,4283,18100,1651.194865437
6994,6450,6958,4282,18099,1651.194918542
6995,6450,6958,4280,18098,1651.194971647
6996,6450,6958,4279,18097,1651.195024752
6997,6450,6958,4277,18096,1651.195077858
6998,6450,6958,4276,18095,1651.195130963
6999,6450,6958,4274,18095,1651.195184068
7000,6450,6959,4273,18094,1651.195237174
7001,6450,6959,4272,18093,1651.195290279
7002,6450,6958,4271,18093,1651.195343384
7003,6450,6958,4270,18092,1651.195396490
7004,6450,6958,4269,18091,1651.195449595
7005,6450,6958,4268,18091,1651.195502700
7006,6450,6958,4267,18090,1651.195555806
7007,6450,6958,4266,18089,1651.195608911
7008,6450,6958,4265,18089,1651.195662016
7009,6450,6958,4265,18088,1651.195715122
7010,6449,6957,4264,18088,1651.195768227
7011,6449,6957,4263,18087,1651.195821332
7012,6449,6957,4263,18087,1651.195874437
7013,6449,6956,4263,18086,1651.195927543
7014,6448,6956,4262,18086,1651.195980648
7015,6448,6955,4262,18086,1651.196033753
7016,6447,6955,4262,18085,1651.196086859
7017,6447,6954,4262,18085,1651.196139964
7018,6446,6954,4262,18085,1651.196193069
7019,6446,6953,4262,18084,1651.196246175
7020,6445,6952,4262,18084,1651.196299280
7021,6445,6952,4262,18084,1651.196352385
7022,6444,6951,4263,18084,1651.196405491
7023,6443,6950,4263,18084,1651.196458596
7024,6443,6949,4264,18084,1651.196511701
7025,6442,6948,4265,18084,1651.196564806
7026,6441,6947,4265,18084,1651.196617912
7027,6440,6946,4266,18084,1651.196671017
7028,6439,6945,4267,18084,1651.196724122
7029,6438,6944,4268,18084,1651.196777228
7030,6437,6943,4269,18084,1651.196830333
7031,6436,6942,4271,18084,1651.196883438
7032,6435,6941,4272,18085,1651.196936544
7033,6434,6939,4274,18085,1651.196989649
7034,6433,6938,4275,18085,1651.197042754
7035,6432,6936,4277,18086,1651.197095860
7036,6431,6935,4279,18086,1651.197148965
7037,6429,6933,4281,18087,1651.197202070
7038,6428,6932,4283,18087,1651.197255176
7039,6427,6930,4285,18088,1651.197308281
7040,6425,6929,4287,18088,1651.197361386
7041,6424,6927,4290,18089,1651.197414491
7042,6422,6925,4292,18089,1651.197467597
7043,6421,6923,4295,18090,1651.197520702
7044,6419,6921,4297,18091,1651.197573807
7045,6418,6920,4300,18092,1651.197626913
7046,6416,6918,4303,18092,1651.197680018
7047,6414,6916,4306,18093,1651.197733123
7048,6413,6914,4309,18094,1651.197786229
7049,6411,6912,4312,18095,1651.197839334
7050,6409,6909,4315,18096,1651.197892439
7051,6407,6907,4318,18097,1651.197945545
7052,6405,6905,4321,18098,1651.197998650
7053,6404,6903,4325,18099,1651.198051755
7054,6402,6901,4328,18100,1651.198104860
7055,6400,6899,4331,18101,1651.198157966
7056,6398,6896,4335,18102,1651.198211071
7057,6396,6894,4338,18103,1651.198264176
7058,6394,6892,4342,18104,1651.198317282
7059,6392,6889,4346,18105,1651.198370387
7060,6390,6887,4349,18106,1651.198423492
7061,6388,6885,4353,18108,1651.198476598
7062,6386,6882,4357,18109,1651.198529703
7063,6384,6880,4361,18110,1651.198582808
7064,6382,6877,4364,18111,1651.198635914
7065,6380,6875,4368,18112,1651.198689019
7066,6378,6872,4372,18114,1651.198742124
7067,6376,6870,4376,18115,1651.198795230
7068,6374,6868,4380,18116,1651.198848335
7069,6371,6865,4384,18117,1651.198901440
7070,6369,6863,4388,18119,1651.198954545
7071,6367,6860,4392,18120,1651.199007651
7072,6365,6857,4396,18121,1651.199060756
7073,6363,6855,4400,18123,1651.199113861
7074,6361,6852,4404,18124,1651.199166967
7075,6359,6850,4408,18125,1651.199220072
7076,6357,6847,4412,18127,1651.199273177
7077,6354,6845,4416,18128,1651.199326283
7078,6352,6842,4420,18129,1651.199379388
7079,6350,6840,4424,18131,1651.199432493
7080,6348,6837,4428,18132,1651.199485599
7081,6346,6835,4432,18133,1651.199538704
7082,6344,6832,4436,18134,1651.199591809
7083,6342,6830,4440,18136,1651.199644914
7084,6340,6827,4444,18137,1651.199698020
7085,6337,6825,4448,18138,1651.199751125
7086,6335,6822,4452,18140,1651.199804230
7087,6333,6820,4456,18141,1651.199857336
7088,6331,6817,4459,18142,1651.199910441
7089,6329,6815,4463,18143,1651.199963546
7090,6327,6813,4467,18145,1651.200016652
7091,6325,6810,4471,18146,1651.200069757
7092,6323,6808,4474,18147,1651.200122862
7093,6321,6806,4478,18148,1651.200175968
7094,6319,6803,4482,18150,1651.200229073
7095,6317,6801,4485,18151,1651.200282178
7096,6315,6799,4489,18152,1651.200335284
7097,6314,6796,4492,18153,1651.200388389
7098,6312,6794,4495,18154,1651.200441494
7099,6310,6792,4499,18155,1651.200494599
7100,6308,6790,4502,18156,1651.200547705
7101,6306,6788,4505,18157,1651.200600810
7102,6304,6786,4508,18158,1651.200653915
7103,6303,6784,4511,18159,1651.200707021
7104,6301,6782,4514,18160,1651.200760126
7105,6299,6780,4517,18161,1651.200813231
7106,6298,6778,4520,18162,1651.200866337
7107,6296,6776,4522,18163,1651.200919442
7108,6294,6774,4525,18164,1651.200972547
7109,6293,6772,4528,18165,1651.201025653
7110,6291,6770,4530,18166,1651.201078758
7111,6290,6769,4532,18167,1651.201131863
7112,6289,6767,4535,18167,1651.201184968
7113,6287,6765,4537,18168,1651.201238074
7114,6286,6764,4539,18169,1651.201291179
7115,6285,6762,4541,18169,1651.201344284
7116,6283,6761,4543,18170,1651.201397390
7117,6282,6759,4544,18171,1651.201450495
7118,6281,6758,4546,18171,1651.201503600
7119,6280,6757,4548,18172,1651.201556706
7120,6279,6755,4549,18172,1651.201609811
7121,6278,6754,4550,18172,1651.201662916
7122,6277,6753,4551,18173,1651.201716022
7123,6276,6752,4553,18173,1651.201769127
7124,6275,6751,4554,18173,1651.201822232
7125,6274,6750,4554,18174,1651.201875338
7126,6273,6749,4555,18174,1651.201928443
7127,6272,6748,4556,18174,1651.201981548
7128,6272,6747,4556,18174,1651.202034653
7129,6271,6746,4557,18174,1651.202087759
7130,6270,6745,4557,18175,1651.202140864
7131,6270,6745,4557,18175,1651.202193969
7132,6269,6744,4558,18175,1651.202247075
7133,6269,6743,4558,18175,1651.202300180
7134,6268,6743,4558,18175,1651.202353285
7135,6268,6742,4558,18175,1651.202406391
7136,6267,6742,4557,18174,1651.202459496
7137,6267,6741,4557,18174,1651.202512601
7138,6267,6741,4557,18174,1651.202565707
7139,6266,6740,4556,18174,1651.202618812
7140,6266,6740,4556,18174,1651.202671917
7141,6266,6740,4555,18174,1651.202725023
7142,6265,6740,4555,18173,1651.202778128
7143,6265,6739,4554,18173,1651.202831233
7144,6265,6739,4553,18173,1651.202884338
7145,6265,6739,4552,18172,1651.202937444
7146,6265,6739,4552,18172,1651.202990549
7147,6265,6739,4551,18172,1651.203043654
7148,6265,6739,4549,18171,1651.203096760
7149,6265,6739,4548,18171,1651.203149865
7150,6265,6738,4547,18171,1651.203202970
7151,6265,6738,4546,18170,1651.203256076
7152,6265,6739,4545,18170,1651.203309181
7153,6265,6739,4543,18169,1651.203362286
7154,6265,6739,4542,18169,1651.203415392
7155,6265,6739,4541,18168,1651.203468497
7156,6265,6739,4539,18168,1651.203521602
7157,6265,6739,4538,18167,1651.203574707
7158,6265,6739,4536,18166,1651.203627813
7159,6265,6740,4534,18166,1651.203680918
7160,6266,6740,4533,18165,1651.203734023
7161,6266,6740,4531,18165,1651.203787129
7162,6266,6740,4529,18164,1651.203840234
7163,6266,6741,4528,18163,1651.203893339
7164,6267,6741,4526,18163,1651.203946445
7165,6267,6741,4524,18162,1651.203999550
7166,6267,6742,4522,18161,1651.204052655
7167,6267,6742,4520,18161,1651.204105761
7168,6268,6742,4518,18160,1651.204158866
7169,6268,6743,4516,18159,1651.204211971
7170,6268,6743,4515,18159,1651.204265077
7171,6269,6743,4513,18158,1651.204318182
7172,6269,6744,4511,18157,1651.204371287
7173,6269,6744,4509,18156,1651.204424392
7174,6270,6745,4507,18156,1651.204477498
7175,6270,6745,4505,18155,1651.204530603
7176,6271,6746,4502,18154,1651.204583708
7177,6271,6746,4500,18154,1651.204636814
7178,6271,6747,4498,18153,1651.204689919
7179,6272,6747,4496,18152,1651.204743024
7180,6272,6748,4494,18151,1651.204796130
7181,6273,6748,4492,18150,1651.204849235
7182,6273,6749,4490,18150,1651.204902340
7183,6273,6749,4488,18149,1651.204955446
7184,6274,6750,4486,18148,1651.205008551
7185,6274,6750,4484,18147,1651.205061656
7186,6275,6751,4482,18147,1651.205114761
7187,6275,6751,4480,18146,1651.205167867
7188,6276,6752,4478,18145,1651.205220972
7189,6276,6752,4476,18144,1651.205274077
7190,6276,6752,4474,18144,1651.205327183
7191,6277,6753,4472,18143,1651.205380288
7192,6277,6753,4470,18142,1651.205433393
7193,6278,6754,4468,18142,1651.205486499
7194,6278,6754,4466,18141,1651.205539604
7195,6278,6755,4464,18140,1651.205592709
7196,6279,6755,4462,18139,1651.205645815
7197,6279,6756,4460,18139,1651.205698920
7198,6279,6756,4458,18138,1651.205752025
7199,6280,6757,4456,18137,1651.205805131
7200,6280,6757,4455,18137,1651.205858236
7201,6280,6757,4453,18136,1651.205911341
7202,6281,6758,4451,18135,1651.205964446
7203,6281,6758,4449,18135,1651.206017552
7204,6281,6758,4448,18134,1651.206070657
7205,6282,6759,4446,18134,1651.206123762
7206,6282,6759,4445,18133,1651.206176868
7207,6282,6759,4443,18132,1651.206229973
7208,6282,6760,4442,18132,1651.206283078
7209,6283,6760,4440,18131,1651.206336184
7210,6283,6760,4439,18131,1651.206389289
7211,6283,6761,4437,18130,1651.206442394
7212,6283,6761,4436,18130,1651.206495500
7213,6284,6761,4435,18129,1651.206548605
7214,6284,6761,4433,18129,1651.206601710
7215,6284,6761,4432,18128,1651.206654815
7216,6284,6762,4431,18128,1651.206707921
7217,6284,6762,4430,18127,1651.206761026
7218,6284,6762,4429,18127,1651.206814131
7219,6284,6762,4428,18126,1651.206867237
7220,6285,6762,4426,18126,1651.206920342
7221,6285,6762,4425,18125,1651.206973447
7222,6285,6763,4424,18125,1651.207026553
7223,6285,6763,4423,18125,1651.207079658
7224,6285,6763,4422,18124,1651.207132763
7225,6285,6763,4421,18124,1651.207185869
7226,6285,6763,4420,18123,1651.207238974
7227,6285,6763,4419,18123,1651.207292079
7228,6285,6763,4419,18123,1651.207345185
7229,6285,6763,4418,18122,1651.207398290
7230,6285,6763,4417,18122,1651.207451395
7231,6285,6763,4416,18122,1651.207504500
7232,6285,6763,4415,18121,1651.207557606
7233,6285,6763,4414,18121,1651.207610711
7234,6285,6763,4414,18121,1651.207663816
7235,6285,6763,4413,18120,1651.207716922
7236,6285,6763,4412,18120,1651.207770027
7237,6285,6763,4412,18120,1651.207823132
7238,6285,6763,4411,18119,1651.207876238
7239,6285,6763,4410,18119,1651.207929343
7240,6285,6763,4409,18119,1651.207982448
7241,6285,6763,4409,18119,1651.208035554
7242,6285,6763,4408,18118,1651.208088659
7243,6285,6763,4408,18118,1651.208141764
7244,6285,6763,4407,18118,1651.208194869
7245,6285,6763,4406,18117,1651.208247975
7246,6285,6763,4406,18117,1651.208301080
7247,6285,6763,4405,18117,1651.208354185
7248,6285,6763,4405,18117,1651.208407291
7249,6285,6763,4404,18116,1651.208460396
7250,6285,6762,4404,18116,1651.208513501
7251,6285,6762,4403,18116,1651.208566607
7252,6285,6762,4403,18116,1651.208619712
7253,6285,6762,4402,18116,1651.208672817
7254,6284,6762,4402,18115,1651.208725923
7255,6284,6762,4401,18115,1651.208779028
7256,6284,6762,4401,18115,1651.208832133
7257,6284,6762,4400,18115,1651.208885239
7258,6284,6762,4400,18114,1651.208938344
7259,6284,6762,4399,18114,1651.208991449
7260,6284,6761,4399,18114,1651.209044554
7261,6284,6761,4399,18114,1651.209097660
7262,6284,6761,4398,18114,1651.209150765
7263,6284,6761,4398,18113,1651.209203870
7264,6283,6761,4397,18113,1651.209256976
7265,6283,6761,4397,18113,1651.209310081
7266,6283,6761,4396,18113,1651.209363186
7267,6283,6760,4396,18113,1651.209416292
7268,6283,6760,4395,18112,1651.209469397
7269,6283,6760,4395,18112,1651.209522502
7270,6283,6760,4395,18112,1651.209575608
7271,6283,6760,4394,18112,1651.209628713
7272,6283,6760,4394,18111,1651.209681818
7273,6282,6760,4393,18111,1651.209734923
7274,6282,6760,4393,18111,1651.209788029
7275,6282,6759,4392,18111,1651.209841134
7276,6282,6759,4392,18111,1651.209894239
7277,6282,6759,4391,18110,1651.209947345
7278,6282,6759,4391,18110,1651.210000450
7279,6282,6759,4390,18110,1651.210053555
7280,6282,6759,4390,18110,1651.210106661
7281,6282,6759,4389,18110,1651.210159766
7282,6281,6759,4389,18109,1651.210212871
7283,6281,6758,4388,18109,1651.210265977
7284,6281,6758,4388,18109,1651.210319082
7285,6281,6758,4387,18109,1651.210372187
7286,6281,6758,4387,18108,1651.210425293
7287,6281,6758,4386,18108,1651.210478398
7288,6281,6758,4386,18108,1651.210531503
7289,6281,6758,4385,18108,1651.210584608
7290,6281,6758,4384,18107,1651.210637714
7291,6281,6758,4384,18107,1651.210690819
7292,6281,6758,4383,18107,1651.210743924
7293,6281,6758,4383,18107,1651.210797030
7294,6281,6757,4382,18106,1651.210850135
7295,6280,6757,4381,18106,1651.210903240
7296,6280,6757,4381,18106,1651.210956346
7297,6280,6757,4380,18105,1651.211009451
7298,6280,6757,4379,18105,1651.211062556
7299,6280,6757,4379,18105,1651.211115662
7300,6280,6757,4378,18105,1651.211168767
7301,6280,6757,4377,18104,1651.211221872
7302,6280,6757,4376,18104,1651.211274977
7303,6280,6757,4376,18104,1651.211328083
7304,6280,6757,4375,18103,1651.211381188
7305,6280,6757,4374,18103,1651.211434293
7306,6280,6757,4373,18103,1651.211487399
7307,6280,6757,4372,18102,1651.211540504
7308,6280,6757,4372,18102,1651.211593609
7309,6280,6757,4371,18102,1651.211646715
7310,6280,6757,4370,18101,1651.211699820
7311,6280,6757,4369,18101,1651.211752925
7312,6280,6757,4368,18101,1651.211806031
7313,6280,6757,4367,18100,1651.211859136
7314,6280,6757,4367,18100,1651.211912241
7315,6280,6757,4366,18100,1651.211965347
7316,6280,6757,4365,18099,1651.212018452
7317,6280,6757,4364,18099,1651.212071557
7318,6280,6757,4363,18099,1651.212124662
7319,6280,6757,4362,18098,1651.212177768
7320,6280,6757,4361,18098,1651.212230873
7321,6280,6757,4360,18098,1651.212283978
7322,6280,6757,4359,18097,1651.212337084
7323,6280,6757,4358,18097,1651.212390189
7324,6280,6757,4358,18097,1651.212443294
7325,6280,6757,4357,18096,1651.212496400
7326,6280,6757,4356,18096,1651.212549505
7327,6280,6757,4355,18095,1651.212602610
7328,6280,6757,4354,18095,1651.212655716
7329,6280,6757,4353,18095,1651.212708821
7330,6280,6757,4352,18094,1651.212761926
7331,6280,6757,4351,18094,1651.212815032
7332,6280,6757,4350,18093,1651.212868137
7333,6280,6757,4349,18093,1651.212921242
7334,6280,6757,4348,18093,1651.212974347
7335,6280,6757,4347,18092,1651.213027453
7336,6280,6757,4346,18092,1651.213080558
7337,6280,6757,4345,18091,1651.213133663
7338,6280,6757,4344,18091,1651.213186769
7339,6280,6757,4343,18091,1651.213239874
7340,6280,6757,4342,18090,1651.213292979
7341,6280,6757,4340,18090,1651.213346085
7342,6280,6757,4339,18089,1651.213399190
7343,6280,6757,4338,18089,1651.213452295
7344,6280,6757,4337,18088,1651.213505401
7345,6280,6757,4336,18088,1651.213558506
7346,6280,6757,4335,18088,1651.213611611
7347,6280,6757,4334,18087,1651.213664716
7348,6280,6757,4333,18087,1651.213717822
7349,6280,6757,4332,18086,1651.213770927
7350,6280,6757,4331,18086,1651.213824032
7351,6280,6757,4330,18085,1651.213877138
7352,6280,6757,4329,18085,1651.213930243
7353,6280,6757,4328,18084,1651.213983348
7354,6281,6757,4326,18084,1651.214036454
7355,6281,6757,4325,18083,1651.214089559
7356,6281,6757,4324,18083,1651.214142664
7357,6281,6758,4323,18082,1651.214195770
7358,6281,6758,4322,18082,1651.214248875
7359,6281,6758,4321,18082,1651.214301980
7360,6281,6758,4320,18081,1651.214355086
7361,6281,6758,4319,18081,1651.214408191
7362,6281,6758,4317,18080,1651.214461296
7363,6281,6758,4316,18080,1651.214514401
7364,6281,6758,4315,18079,1651.214567507
7365,6281,6758,4314,18079,1651.214620612
7366,6281,6758,4313,18078,1651.214673717
7367,6281,6758,4312,18078,1651.214726823
7368,6281,6758,4311,18077,1651.214779928
7369,6281,6758,4310,18077,1651.214833033
7370,6281,6758,4308,18076,1651.214886139
7371,6281,6758,4307,18076,1651.214939244
7372,6281,6758,4306,18075,1651.214992349
7373,6281,6758,4305,18075,1651.215045455
7374,6281,6758,4304,18074,1651.215098560
7375,6281,6758,4303,18074,1651.215151665
7376,6281,6758,4302,18073,1651.215204770
7377,6281,6758,4300,18072,1651.215257876
7378,6281,6758,4299,18072,1651.215310981
7379,6281,6758,4298,18071,1651.215364086
7380,6281,6758,4297,18071,1651.215417192
7381,6281,6758,4296,18070,1651.215470297
7382,6281,6758,4295,18070,1651.215523402
7383,6281,6758,4294,18069,1651.215576508
7384,6281,6758,4293,18069,1651.215629613
7385,6281,6758,4291,18068,1651.215682718
7386,6281,6758,4290,18068,1651.215735824
7387,6281,6758,4289,18067,1651.215788929
7388,6281,6758,4288,18067,1651.215842034
7389,6281,6758,4287,18066,1651.215895140
7390,6281,6758,4286,18065,1651.215948245
7391,6281,6758,4285,18065,1651.216001350
7392,6281,6758,4283,18064,1651.216054455
7393,6281,6758,4282,18064,1651.216107561
7394,6281,6758,4281,18063,1651.216160666
7395,6281,6758,4280,18063,1651.216213771
7396,6281,6758,4279,18062,1651.216266877
7397,6281,6758,4278,18062,1651.216319982
7398,6281,6758,4277,18061,1651.216373087
7399,6281,6758,4275,18060,1651.216426193
7400,6281,6758,4274,18060,1651.216479298
7401,6281,6758,4273,18059,1651.216532403
7402,6281,6758,4272,18059,1651.216585509
7403,6281,6758,4271,18058,1651.216638614
7404,6281,6758,4270,18057,1651.216691719
7405,6281,6758,4269,18057,1651.216744824
7406,6281,6758,4267,18056,1651.216797930
7407,6281,6758,4266,18056,1651.216851035
7408,6281,6758,4265,18055,1651.216904140
7409,6281,6758,4264,18055,1651.216957246
7410,6281,6758,4263,18054,1651.217010351
7411,6281,6758,4262,18053,1651.217063456
7412,6281,6758,4261,18053,1651.217116562
7413,6281,6758,4260,18052,1651.217169667
7414,6281,6758,4258,18052,1651.217222772
7415,6281,6758,4257,18051,1651.217275878
7416,6281,6758,4256,18050,1651.217328983
7417,6281,6758,4255,18050,1651.217382088
7418,6281,6758,4254,18049,1651.217435194
7419,6281,6758,4253,18048,1651.217488299
7420,6281,6758,4252,18048,1651.217541404
7421,6281,6758,4250,18047,1651.217594509
7422,6281,6758,4249,18047,1651.217647615
7423,6281,6758,4248,18046,1651.217700720
7424,6281,6758,4247,18045,1651.217753825
7425,6281,6758,4246,18045,1651.217806931
7426,6281,6758,4245,18044,1651.217860036
7427,6281,6758,4244,18044,1651.217913141
7428,6281,6758,4242,18043,1651.217966247
7429,6281,6758,4241,18042,1651.218019352
7430,6281,6758,4240,18042,1651.218072457
7431,6281,6758,4239,18041,1651.218125563
7432,6281,6758,4238,18040,1651.218178668
7433,6281,6758,4237,18040,1651.218231773
7434,6281,6758,4236,18039,1651.218284878
7435,6281,6758,4235,18038,1651.218337984
7436,6281,6758,4233,18038,1651.218391089
7437,6281,6758,4232,18037,1651.218444194
7438,6281,6758,4231,18037,1651.218497300
7439,6281,6758,4230,18036,1651.218550405
7440,6281,6758,4229,18035,1651.218603510
7441,6281,6758,4228,18035,1651.218656616
7442,6281,6758,4227,18034,1651.218709721
7443,6281,6758,4226,18033,1651.218762826
7444,6281,6758,4224,18033,1651.218815932
7445,6281,6758,4223,18032,1651.218869037
7446,6281,6758,4222,18031,1651.218922142
7447,6281,6758,4221,18031,1651.218975248
7448,6281,6758,4220,18030,1651.219028353
7449,6281,6758,4219,18029,1651.219081458
7450,6281,6758,4218,18029,1651.219134563
7451,6281,6758,4217,18028,1651.219187669
7452,6281,6758,4215,18027,1651.219240774
7453,6281,6758,4214,18027,1651.219293879
7454,6281,6758,4213,18026,1651.219346985
7455,6281,6758,4212,18025,1651.219400090
7456,6281,6758,4211,18025,1651.219453195
7457,6281,6758,4210,18024,1651.219506301
7458,6281,6758,4209,18023,1651.219559406
7459,6281,6758,4208,18023,1651.219612511
7460,6281,6758,4207,18022,1651.219665617
7461,6281,6758,4205,18021,1651.219718722
7462,6281,6758,4204,18021,1651.219771827
7463,6281,6758,4203,18020,1651.219824932
7464,6281,6758,4202,18019,1651.219878038
7465,6281,6758,4201,18018,1651.219931143
7466,6281,6758,4200,18018,1651.219984248
7467,6281,6758,4199,18017,1651.220037354
7468,6281,6758,4198,18016,1651.220090459
7469,6281,6758,4197,18016,1651.220143564
7470,6281,6758,4195,18015,1651.220196670
7471,6281,6758,4194,18014,1651.220249775
7472,6281,6758,4193,18014,1651.220302880
7473,6281,6758,4192,18013,1651.220355986
7474,6281,6758,4191,18012,1651.220409091
7475,6281,6758,4190,18012,1651.220462196
7476,6281,6758,4189,18011,1651.220515302
7477,6281,6758,4188,18010,1651.220568407
7478,6281,6758,4187,18009,1651.220621512
7479,6281,6758,4186,18009,1651.220674617
7480,6281,6758,4184,18008,1651.220727723
7481,6281,6758,4183,18007,1651.220780828
7482,6281,6758,4182,18007,1651.220833933
7483,6281,6758,4181,18006,1651.220887039
7484,6281,6758,4180,18005,1651.220940144
7485,6281,6758,4179,18005,1651.220993249
7486,6281,6758,4178,18004,1651.221046355
7487,6281,6758,4177,18003,1651.221099460
7488,6281,6758,4176,18002,1651.221152565
7489,6281,6758,4175,18002,1651.221205671
7490,6281,6758,4174,18001,1651.221258776
7491,6281,6758,4172,18000,1651.221311881
7492,6281,6758,4171,18000,1651.221364986
7493,6281,6758,4170,17999,1651.221418092
7494,6281,6758,4169,17998,1651.221471197
7495,6281,6758,4168,17998,1651.221524302
7496,6281,6758,4167,17997,1651.221577408
7497,6281,6758,4166,17996,1651.221630513
7498,6281,6758,4165,17995,1651.221683618
7499,6281,6758,4164,17995,1651.221736724
7500,6281,6758,4163,17994,1651.221789829
7501,6281,6758,4162,17993,1651.221842934
7502,6281,6758,4161,17993,1651.221896040
7503,6281,6758,4160,17992,1651.221949145
7504,6281,6758,4159,17991,1651.222002250
7505,6281,6758,4157,17990,1651.222055356
7506,6281,6758,4156,17990,1651.222108461
7507,6281,6758,4155,17989,1651.222161566
7508,6281,6758,4154,17988,1651.222214671
7509,6281,6758,4153,17988,1651.222267777
7510,6281,6758,4152,17987,1651.222320882
7511,6281,6758,4151,17986,1651.222373987
7512,6281,6758,4150,17986,1651.222427093
7513,6281,6758,4149,17985,1651.222480198
7514,6281,6758,4148,17984,1651.222533303
7515,6281,6758,4147,17983,1651.222586409
7516,6281,6758,4146,17983,1651.222639514
7517,6281,6758,4145,17982,1651.222692619
7518,6281,6758,4144,17981,1651.222745725
7519,6281,6758,4143,17981,1651.222798830
7520,6281,6758,4142,17980,1651.222851935
7521,6281,6758,4141,17979,1651.222905041
7522,6281,6758,4140,17979,1651.222958146
7523,6281,6758,4139,17978,1651.223011251
7524,6281,6758,4138,17977,1651.223064356
7525,6281,6758,4137,17976,1651.223117462
7526,6281,6758,4136,17976,1651.223170567
7527,6281,6758,4135,17975,1651.223223672
7528,6281,6758,4134,17974,1651.223276778
7529,6281,6758,4133,17974,1651.223329883
7530,6281,6758,4132,17973,1651.223382988
7531,6281,6758,4131,17972,1651.223436094
7532,6281,6758,4130,17972,1651.223489199
7533,6281,6758,4129,17971,1651.223542304
7534,6281,6758,4128,17970,1651.223595410
7535,6281,6758,4127,17970,1651.223648515
7536,6281,6758,4126,17969,1651.223701620
7537,6281,6758,4125,17968,1651.223754725
7538,6281,6758,4124,17967,1651.223807831
7539,6281,6758,4123,17967,1651.223860936
7540,6281,6758,4122,17966,1651.223914041
7541,6281,6758,4121,17965,1651.223967147
7542,6281,6758,4120,17965,1651.224020252
7543,6281,6758,4119,17964,1651.224073357
7544,6281,6758,4118,17963,1651.224126463
7545,6281,6758,4117,17963,1651.224179568
7546,6281,6758,4116,17962,1651.224232673
7547,6281,6758,4115,17961,1651.224285779
7548,6281,6758,4114,17961,1651.224338884
7549,6281,6758,4113,17960,1651.224391989
7550,6281,6758,4112,17959,1651.224445095
7551,6281,6758,4111,17959,1651.224498200
7552,6281,6758,4110,17958,1651.224551305
7553,6281,6758,4109,17957,1651.224604410
7554,6281,6758,4108,17957,1651.224657516
7555,6281,6758,4107,17956,1651.224710621
7556,6281,6758,4106,17955,1651.224763726
7557,6281,6758,4105,17955,1651.224816832
7558,6281,6758,4104,17954,1651.224869937
7559,6281,6758,4103,17953,1651.224923042
7560,6281,6758,4102,17953,1651.224976148
7561,6281,6758,4101,17952,1651.225029253
7562,6281,6758,4100,17952,1651.225082358
7563,6281,6758,4099,17951,1651.225135464
7564,6281,6758,4098,17950,1651.225188569
7565,6281,6758,4098,17950,1651.225241674
7566,6281,6758,4097,17949,1651.225294779
7567,6281,6758,4096,17948,1651.225347885
7568,6281,6758,4095,17948,1651.225400990
7569,6281,6758,4094,17947,1651.225454095
7570,6281,6758,4093,17946,1651.225507201
7571,6281,6758,4092,17946,1651.225560306
7572,6281,6758,4091,17945,1651.225613411
7573,6281,6758,4090,17945,1651.225666517
7574,6281,6758,4089,17944,1651.225719622
7575,6281,6758,4088,17943,1651.225772727
7576,6281,6758,4087,17943,1651.225825833
7577,6281,6758,4086,17942,1651.225878938
7578,6281,6758,4085,17942,1651.225932043
7579,6281,6758,4084,17941,1651.225985149
7580,6281,6758,4083,17940,1651.226038254
7581,6281,6758,4083,17940,1651.226091359
7582,6281,6758,4082,17939,1651.226144464
7583,6281,6758,4081,17939,1651.226197570
7584,6281,6758,4080,17938,1651.226250675
7585,6281,6758,4079,17937,1651.226303780
7586,6281,6758,4078,17937,1651.226356886
7587,6281,6758,4077,17936,1651.226409991
7588,6281,6758,4076,17936,1651.226463096
7589,6281,6758,4075,17935,1651.226516202
7590,6281,6758,4074,17934,1651.226569307
7591,6281,6758,4073,17934,1651.226622412
7592,6281,6758,4072,17933,1651.226675518
7593,6281,6758,4071,17933,1651.226728623
7594,6281,6758,4070,17932,1651.226781728
7595,6281,6758,4070,17932,1651.226834833
7596,6281,6758,4069,17931,1651.226887939
7597,6281,6758,4068,17931,1651.226941044
7598,6281,6758,4067,17930,1651.226994149
7599,6281,6758,4066,17929,1651.227047255
7600,6281,6758,4065,17929,1651.227100360
7601,6281,6758,4064,17928,1651.227153465
7602,6281,6758,4063,17928,1651.227206571
7603,6281,6758,4062,17927,1651.227259676
7604,6281,6758,4061,17927,1651.227312781
7605,6281,6758,4060,17926,1651.227365887
7606,6281,6758,4059,17926,1651.227418992
7607,6281,6758,4058,17925,1651.227472097
7608,6281,6758,4057,17925,1651.227525203
7609,6281,6758,4056,17924,1651.227578308
7610,6281,6758,4056,17924,1651.227631413
7611,6281,6758,4055,17923,1651.227684518
7612,6281,6758,4054,17923,1651.227737624
7613,6281,6758,4053,17922,1651.227790729
7614,6281,6758,4052,17922,1651.227843834
7615,6281,6758,4051,17921,1651.227896940
7616,6281,6758,4050,17921,1651.227950045
7617,6281,6758,4049,17920,1651.228003150
7618,6281,6758,4048,17920,1651.228056256
7619,6281,6758,4047,17919,1651.228109361
7620,6281,6758,4046,17919,1651.228162466
7621,6281,6758,4045,17918,1651.228215572
7622,6281,6758,4044,17918,1651.228268677
7623,6281,6758,4043,17917,1651.228321782
7624,6281,6758,4042,17917,1651.228374887
7625,6281,6758,4041,17917,1651.228427993
7626,6281,6758,4040,17916,1651.228481098
7627,6281,6758,4039,17916,1651.228534203
7628,6281,6758,4038,17915,1651.228587309
7629,6281,6758,4037,17915,1651.228640414
7630,6281,6758,4036,17914,1651.228693519
7631,6281,6758,4036,17914,1651.228746625
7632,6281,6758,4035,17914,1651.228799730
7633,6281,6758,4034,17913,1651.228852835
7634,6281,6758,4033,17913,1651.228905941
7635,6281,6758,4032,17912,1651.228959046
7636,6281,6758,4031,17912,1651.229012151
7637,6281,6758,4030,17912,1651.229065257
7638,6281,6758,4029,17911,1651.229118362
7639,6281,6758,4028,17911,1651.229171467
7640,6281,6758,4027,17910,1651.229224572
7641,6281,6758,4026,17910,1651.229277678
7642,6281,6758,4025,17910,1651.229330783
7643,6281,6758,4024,17909,1651.229383888
7644,6281,6758,4023,17909,1651.229436994
7645,6281,6758,4022,17909,1651.229490099
7646,6281,6758,4021,17908,1651.229543204
7647,6281,6758,4020,17908,1651.229596310
7648,6281,6758,4019,17907,1651.229649415
7649,6281,6758,4018,17907,1651.229702520
7650,6281,6758,4017,17907,1651.229755626
7651,6281,6758,4016,17906,1651.229808731
7652,6281,6758,4015,17906,1651.229861836
7653,6281,6758,4014,17906,1651.229914941
7654,6281,6758,4013,17905,1651.229968047
7655,6281,6758,4012,17905,1651.230021152
7656,6281,6758,4011,17905,1651.230074257
7657,6281,6758,4010,17904,1651.230127363
7658,6281,6758,4009,17904,1651.230180468
7659,6281,6758,4008,17904,1651.230233573
7660,6281,6758,4007,17903,1651.230286679
7661,6281,6758,4006,17903,1651.230339784
7662,6281,6758,4005,17903,1651.230392889
7663,6281,6758,4004,17902,1651.230445995
7664,6281,6758,4003,17902,1651.230499100
7665,6281,6758,4002,17902,1651.230552205
7666,6281,6758,4001,17901,1651.230605311
7667,6281,6758,4000,17901,1651.230658416
7668,6281,6758,3999,17901,1651.230711521
7669,6281,6758,3998,17900,1651.230764626
7670,6281,6758,3997,17900,1651.230817732
7671,6281,6758,3996,17900,1651.230870837
7672,6281,6758,3995,17899,1651.230923942
7673,6281,6758,3994,17899,1651.230977048
7674,6281,6758,3992,17899,1651.231030153
7675,6281,6758,3991,17898,1651.231083258
7676,6281,6758,3990,17898,1651.231136364
7677,6281,6758,3989,17898,1651.231189469
7678,6281,6758,3988,17897,1651.231242574
7679,6281,6758,3987,17897,1651.231295680
7680,6281,6758,3986,17897,1651.231348785
7681,6281,6758,3985,17896,1651.231401890
7682,6281,6758,3984,17896,1651.231454995
7683,6281,6758,3983,17896,1651.231508101
7684,6281,6758,3982,17895,1651.231561206
7685,6281,6758,3981,17895,1651.231614311
7686,6281,6758,3980,17895,1651.231667417
7687,6281,6758,3979,17894,1651.231720522
7688,6281,6758,3978,17894,1651.231773627
7689,6281,6758,3977,17894,1651.231826733
7690,6281,6758,3976,17893,1651.231879838
7691,6281,6758,3975,17893,1651.231932943
7692,6281,6758,3974,17893,1651.231986049
7693,6281,6758,3973,17892,1651.232039154
7694,6281,6758,3972,17892,1651.232092259
7695,6281,6758,3971,17892,1651.232145365
7696,6281,6758,3970,17891,1651.232198470
7697,6281,6758,3969,17891,1651.232251575
7698,6281,6758,3968,17891,1651.232304680
7699,6281,6758,3967,17890,1651.232357786
7700,6281,6758,3966,17890,1651.232410891
7701,6281,6758,3965,17890,1651.232463996
7702,6281,6758,3963,17889,1651.232517102
7703,6281,6758,3962,17889,1651.232570207
7704,6281,6758,3961,17889,1651.232623312
7705,6281,6758,3960,17888,1651.232676418
7706,6281,6758,3959,17888,1651.232729523
7707,6281,6758,3958,17887,1651.232782628
7708,6281,6758,3957,17887,1651.232835734
7709,6281,6758,3956,17887,1651.232888839
7710,6281,6758,3955,17886,1651.232941944
7711,6281,6758,3954,17886,1651.232995050
7712,6281,6758,3953,17886,1651.233048155
7713,6281,6758,3952,17885,1651.233101260
7714,6281,6758,3951,17885,1651.233154365
7715,6281,6758,3950,17885,1651.233207471
7716,6281,6758,3949,17884,1651.233260576
7717,6281,6758,3948,17884,1651.233313681
7718,6281,6758,3947,17883,1651.233366787
7719,6281,6758,3946,17883,1651.233419892
7720,6281,6758,3945,17883,1651.233472997
7721,6281,6758,3944,17882,1651.233526103
7722,6281,6758,3943,17882,1651.233579208
7723,6281,6758,3942,17881,1651.233632313
7724,6281,6758,3941,17881,1651.233685419
7725,6281,6758,3939,17881,1651.233738524
7726,6281,6758,3938,17880,1651.233791629
7727,6281,6759,3937,17880,1651.233844734
7728,6281,6759,3936,17879,1651.233897840
7729,6281,6759,3935,17879,1651.233950945
7730,6282,6759,3934,17879,1651.234004050
7731,6282,6759,3933,17878,1651.234057156
7732,6282,6759,3932,17878,1651.234110261
7733,6282,6759,3931,17877,1651.234163366
7734,6282,6759,3930,17877,1651.234216472
7735,6282,6759,3929,17877,1651.234269577
7736,6282,6759,3928,17876,1651.234322682
7737,6282,6759,3927,17876,1651.234375788
7738,6282,6759,3926,17875,1651.234428893
7739,6282,6759,3925,17875,1651.234481998
7740,6282,6759,3924,17874,1651.234535104
7741,6282,6759,3923,17874,1651.234588209
7742,6282,6759,3922,17874,1651.234641314
7743,6282,6759,3921,17873,1651.234694419
7744,6282,6759,3920,17873,1651.234747525
7745,6282,6759,3919,17872,1651.234800630
7746,6282,6759,3918,17872,1651.234853735
7747,6282,6759,3917,17872,1651.234906841
7748,6282,6759,3916,17871,1651.234959946
7749,6282,6759,3915,17871,1651.235013051
7750,6282,6759,3914,17870,1651.235066157
7751,6282,6759,3913,17870,1651.235119262
7752,6282,6759,3912,17869,1651.235172367
7753,6282,6759,3911,17869,1651.235225473
7754,6282,6759,3910,17869,1651.235278578
7755,6282,6759,3909,17868,1651.235331683
7756,6282,6759,3908,17868,1651.235384788
7757,6282,6759,3907,17867,1651.235437894
7758,6282,6759,3906,17867,1651.235490999
7759,6282,6759,3905,17867,1651.235544104
7760,6282,6759,3904,17866,1651.235597210
7761,6282,6759,3903,17866,1651.235650315
7762,6282,6759,3903,17865,1651.235703420
7763,6282,6759,3902,17865,1651.235756526
7764,6282,6759,3901,17865,1651.235809631
7765,6282,6759,3900,17864,1651.235862736
7766,6282,6759,3899,17864,1651.235915842
7767,6282,6759,3898,17863,1651.235968947
7768,6282,6759,3897,17863,1651.236022052
7769,6282,6759,3896,17863,1651.236075158
7770,6282,6759,3895,17862,1651.236128263
7771,6282,6759,3894,17862,1651.236181368
7772,6282,6759,3893,17861,1651.236234473
7773,6282,6759,3893,17861,1651.236287579
7774,6282,6759,3892,17861,1651.236340684
7775,6282,6759,3891,17860,1651.236393789
7776,6282,6759,3890,17860,1651.236446895
7777,6282,6759,3889,17860,1651.236500000
7778,6282,6759,3888,17859,1651.236553105
7779,6282,6759,3887,17859,1651.236606211
7780,6282,6759,3886,17858,1651.236659316
7781,6282,6759,3886,17858,1651.236712421
7782,6282,6759,3885,17858,1651.236765527
7783,6282,6759,3884,17857,1651.236818632
7784,6282,6759,3883,17857,1651.236871737
7785,6282,6759,3882,17857,1651.236924842
7786,6282,6759,3882,17856,1651.236977948
7787,6282,6759,3881,17856,1651.237031053
7788,6282,6759,3880,17856,1651.237084158
7789,6281,6759,3879,17855,1651.237137264
7790,6281,6759,3878,17855,1651.237190369
7791,6281,6758,3878,17855,1651.237243474
7792,6281,6758,3877,17854,1651.237296580
7793,6281,6758,3876,17854,1651.237349685
7794,6281,6758,3875,17854,1651.237402790
7795,6281,6758,3875,17853,1651.237455896
7796,6281,6758,3874,17853,1651.237509001
7797,6281,6758,3873,17853,1651.237562106
7798,6281,6758,3872,17852,1651.237615212
7799,6281,6758,3872,17852,1651.237668317
7800,6281,6758,3871,17852,1651.237721422
7801,6281,6757,3870,17851,1651.237774527
7802,6280,6757,3870,17851,1651.237827633
7803,6280,6757,3869,17851,1651.237880738
7804,6280,6757,3868,17851,1651.237933843
7805,6280,6757,3868,17850,1651.237986949
7806,6280,6757,3867,17850,1651.238040054
7807,6280,6757,3866,17850,1651.238093159
7808,6280,6757,3866,17849,1651.238146265
7809,6280,6756,3865,17849,1651.238199370
7810,6280,6756,3864,17849,1651.238252475
7811,6279,6756,3863,17849,1651.238305581
7812,6279,6756,3863,17848,1651.238358686
7813,6279,6756,3862,17848,1651.238411791
7814,6279,6756,3861,17848,1651.238464896
7815,6279,6756,3861,17848,1651.238518002
7816,6279,6756,3860,17847,1651.238571107
7817,6279,6755,3859,17847,1651.238624212
7818,6279,6755,3859,17847,1651.238677318
7819,6279,6755,3858,17846,1651.238730423
7820,6278,6755,3857,17846,1651.238783528
7821,6278,6755,3857,17846,1651.238836634
7822,6278,6755,3856,17846,1651.238889739
7823,6278,6755,3855,17845,1651.238942844
7824,6278,6755,3855,17845,1651.238995950
7825,6278,6754,3854,17845,1651.239049055
7826,6278,6754,3853,17845,1651.239102160
7827,6278,6754,3852,17844,1651.239155266
7828,6278,6754,3852,17844,1651.239208371
7829,6278,6754,3851,17844,1651.239261476
7830,6277,6754,3850,17843,1651.239314581
7831,6277,6754,3850,17843,1651.239367687
7832,6277,6754,3849,17843,1651.239420792
7833,6277,6754,3848,17843,1651.239473897
7834,6277,6753,3847,17842,1651.239527003
7835,6277,6753,3846,17842,1651.239580108
7836,6277,6753,3846,17842,1651.239633213
7837,6277,6753,3845,17841,1651.239686319
7838,6277,6753,3844,17841,1651.239739424
7839,6277,6753,3843,17841,1651.239792529
7840,6277,6753,3842,17841,1651.239845635
7841,6277,6753,3841,17840,1651.239898740
7842,6277,6753,3841,17840,1651.239951845
7843,6277,6753,3840,17840,1651.240004950
7844,6277,6753,3839,17839,1651.240058056
7845,6277,6753,3838,17839,1651.240111161
7846,6277,6753,3837,17839,1651.240164266
7847,6277,6753,3836,17838,1651.240217372
7848,6277,6753,3835,17838,1651.240270477
7849,6277,6753,3834,17837,1651.240323582
7850,6277,6753,3833,17837,1651.240376688
7851,6277,6753,3832,17837,1651.240429793
7852,6277,6753,3831,17836,1651.240482898
7853,6277,6753,3830,17836,1651.240536004
7854,6277,6753,3829,17836,1651.240589109
7855,6277,6753,3828,17835,1651.240642214
7856,6277,6753,3827,17835,1651.240695320
7857,6277,6753,3826,17834,1651.240748425
7858,6277,6753,3824,17834,1651.240801530
7859,6277,6753,3823,17834,1651.240854635
7860,6277,6753,3822,17833,1651.240907741
7861,6277,6753,3821,17833,1651.240960846
7862,6277,6754,3820,17832,1651.241013951
7863,6277,6754,3818,17832,1651.241067057
7864,6277,6754,3817,17831,1651.241120162
7865,6278,6754,3816,17831,1651.241173267
7866,6278,6754,3814,17830,1651.241226373
7867,6278,6754,3813,17830,1651.241279478
7868,6278,6755,3812,17829,1651.241332583
7869,6278,6755,3810,17829,1651.241385689
7870,6278,6755,3809,17828,1651.241438794
7871,6279,6755,3807,17828,1651.241491899
7872,6279,6755,3806,17827,1651.241545005
7873,6279,6756,3804,17827,1651.241598110
7874,6279,6756,3803,17826,1651.241651215
7875,6279,6756,3801,17825,1651.241704320
7876,6280,6756,3800,17825,1651.241757426
7877,6280,6757,3798,17824,1651.241810531
7878,6280,6757,3796,17824,1651.241863636
7879,6281,6757,3795,17823,1651.241916742
7880,6281,6758,3793,17822,1651.241969847
7881,6281,6758,3791,17822,1651.242022952
7882,6281,6759,3789,17821,1651.242076058
7883,6282,6759,3788,17820,1651.242129163
7884,6282,6759,3786,17820,1651.242182268
7885,6282,6760,3784,17819,1651.242235374
7886,6283,6760,3782,17818,1651.242288479
7887,6283,6761,3780,17818,1651.242341584
7888,6284,6761,3778,17817,1651.242394689
7889,6284,6762,3776,17816,1651.242447795
7890,6284,6762,3774,17815,1651.242500900
7891,6285,6762,3772,17815,1651.242554005
7892,6285,6763,3770,17814,1651.242607111
7893,6286,6763,3768,17813,1651.242660216
7894,6286,6764,3766,17812,1651.242713321
7895,6286,6764,3764,17812,1651.242766427
7896,6287,6765,3762,17811,1651.242819532
7897,6287,6765,3760,17810,1651.242872637
7898,6288,6766,3758,17809,1651.242925743
7899,6288,6766,3756,17809,1651.242978848
7900,6288,6767,3754,17808,1651.243031953
7901,6289,6767,3752,17807,1651.243085059
7902,6289,6768,3750,17806,1651.243138164
7903,6290,6768,3748,17806,1651.243191269
7904,6290,6769,3746,17805,1651.243244374
7905,6291,6769,3744,17804,1651.243297480
7906,6291,6770,3742,17803,1651.243350585
7907,6291,6770,3739,17803,1651.243403690
7908,6292,6771,3737,17802,1651.243456796
7909,6292,6771,3735,17801,1651.243509901
7910,6292,6772,3733,17800,1651.243563006
7911,6293,6772,3731,17800,1651.243616112
7912,6293,6772,3730,17799,1651.243669217
7913,6294,6773,3728,17798,1651.243722322
7914,6294,6773,3726,17798,1651.243775428
7915,6294,6774,3724,17797,1651.243828533
7916,6295,6774,3722,17796,1651.243881638
7917,6295,6774,3720,17796,1651.243934743
7918,6295,6775,3718,17795,1651.243987849
7919,6295,6775,3717,17794,1651.244040954
7920,6296,6775,3715,17794,1651.244094059
7921,6296,6776,3713,17793,1651.244147165
7922,6296,6776,3711,17792,1651.244200270
7923,6296,6776,3710,17792,1651.244253375
7924,6297,6776,3708,17791,1651.244306481
7925,6297,6777,3707,17791,1651.244359586
7926,6297,6777,3705,17790,1651.244412691
7927,6297,6777,3704,17790,1651.244465797
7928,6297,6777,3702,17789,1651.244518902
7929,6297,6777,3701,17789,1651.244572007
7930,6297,6777,3699,17788,1651.244625113
7931,6297,6777,3698,17788,1651.244678218
7932,6297,6777,3697,17787,1651.244731323
7933,6297,6778,3696,17787,1651.244784428
7934,6297,6778,3695,17787,1651.244837534
7935,6297,6777,3693,17786,1651.244890639
7936,6297,6777,3692,17786,1651.244943744
7937,6297,6777,3692,17786,1651.244996850
7938,6297,6777,3691,17785,1651.245049955
7939,6297,6777,3690,17785,1651.245103060
7940,6297,6777,3689,17785,1651.245156166
7941,6297,6777,3688,17785,1651.245209271
7942,6296,6776,3688,17785,1651.245262376
7943,6296,6776,3687,17784,1651.245315482
7944,6296,6776,3687,17784,1651.245368587
7945,6296,6775,3686,17784,1651.245421692
7946,6295,6775,3686,17784,1651.245474797
7947,6295,6774,3686,17784,1651.245527903
7948,6294,6774,3685,17784,1651.245581008
7949,6294,6773,3685,17784,1651.245634113
7950,6293,6773,3685,17784,1651.245687219
7951,6293,6772,3685,17784,1651.245740324
7952,6292,6771,3685,17785,1651.245793429
7953,6292,6771,3686,17785,1651.245846535
7954,6291,6770,3686,17785,1651.245899640
7955,6290,6769,3686,17785,1651.245952745
7956,6290,6768,3687,17785,1651.246005851
7957,6289,6767,3687,17786,1651.246058956
7958,6288,6766,3688,17786,1651.246112061
7959,6287,6765,3689,17787,1651.246165167
7960,6286,6764,3690,17787,1651.246218272
7961,6286,6763,3691,17787,1651.246271377
7962,6285,6762,3692,17788,1651.246324482
7963,6284,6761,3693,17789,1651.246377588
7964,6282,6760,3694,17789,1651.246430693
7965,6281,6758,3696,17790,1651.246483798
7966,6280,6757,3697,17790,1651.246536904
7967,6279,6756,3699,17791,1651.246590009
7968,6278,6754,3700,17792,1651.246643114
7969,6276,6753,3702,17793,1651.246696220
7970,6275,6751,3704,17794,1651.246749325
7971,6274,6749,3706,17795,1651.246802430
7972,6272,6748,3708,17795,1651.246855536
7973,6271,6746,3710,17796,1651.246908641
7974,6269,6744,3713,17797,1651.246961746
7975,6268,6742,3715,17798,1651.247014851
7976,6266,6741,3717,17800,1651.247067957
7977,6265,6739,3720,17801,1651.247121062
7978,6263,6737,3722,17802,1651.247174167
7979,6261,6735,3725,17803,1651.247227273
7980,6260,6733,3728,17804,1651.247280378
7981,6258,6731,3731,17805,1651.247333483
7982,6256,6729,3734,17807,1651.247386589
7983,6254,6727,3737,17808,1651.247439694
7984,6253,6724,3740,17809,1651.247492799
7985,6251,6722,3743,17810,1651.247545905
7986,6249,6720,3746,17812,1651.247599010
7987,6247,6718,3749,17813,1651.247652115
7988,6245,6716,3752,17815,1651.247705221
7989,6243,6713,3755,17816,1651.247758326
7990,6241,6711,3759,17817,1651.247811431
7991,6239,6709,3762,17819,1651.247864536
7992,6237,6706,3766,17820,1651.247917642
7993,6235,6704,3769,17822,1651.247970747
7994,6233,6701,3773,17823,1651.248023852
7995,6231,6699,3776,17825,1651.248076958
7996,6229,6697,3780,17826,1651.248130063
7997,6227,6694,3783,17828,1651.248183168
7998,6225,6692,3787,17829,1651.248236274
7999,6223,6689,3791,17831,1651.248289379
8000,6221,6687,3794,17832,1651.248342484
8001,6219,6684,3798,17834,1651.248395590
8002,6217,6682,3802,17836,1651.248448695
8003,6214,6679,3805,17837,1651.248501800
8004,6212,6677,3809,17839,1651.248554905
8005,6210,6674,3813,17840,1651.248608011
8006,6208,6672,3817,17842,1651.248661116
8007,6206,6669,3820,17844,1651.248714221
8008,6204,6667,3824,17845,1651.248767327
8009,6202,6664,3828,17847,1651.248820432
8010,6200,6662,3832,17848,1651.248873537
8011,6197,6659,3836,17850,1651.248926643
8012,6195,6657,3839,17851,1651.248979748
8013,6193,6654,3843,17853,1651.249032853
8014,6191,6652,3847,17855,1651.249085959
8015,6189,6649,3851,17856,1651.249139064
8016,6187,6647,3854,17858,1651.249192169
8017,6185,6644,3858,17859,1651.249245275
8018,6183,6642,3862,17861,1651.249298380
8019,6181,6639,3865,17862,1651.249351485
8020,6179,6637,3869,17864,1651.249404590
8021,6176,6634,3872,17865,1651.249457696
8022,6174,6632,3876,17867,1651.249510801
8023,6172,6630,3879,17868,1651.249563906
8024,6170,6627,3883,17870,1651.249617012
8025,6168,6625,3886,17871,1651.249670117
8026,6166,6623,3890,17873,1651.249723222
8027,6165,6620,3893,17874,1651.249776328
8028,6163,6618,3896,17876,1651.249829433
8029,6161,6616,3900,17877,1651.249882538
8030,6159,6614,3903,17878,1651.249935644
8031,6157,6611,3906,17880,1651.249988749
8032,6155,6609,3909,17881,1651.250041854
8033,6153,6607,3912,17882,1651.250094959
8034,6152,6605,3915,17883,1651.250148065
8035,6150,6603,3918,17885,1651.250201170
8036,6148,6601,3921,17886,1651.250254275
8037,6147,6599,3924,17887,1651.250307381
8038,6145,6597,3926,17888,1651.250360486
8039,6143,6595,3929,17889,1651.250413591
8040,6142,6593,3931,17890,1651.250466697
8041,6140,6591,3934,17891,1651.250519802
8042,6139,6590,3936,17892,1651.250572907
8043,6137,6588,3939,17893,1651.250626013
8044,6136,6586,3941,17894,1651.250679118
8045,6134,6585,3943,17895,1651.250732223
8046,6133,6583,3945,17896,1651.250785329
8047,6132,6581,3947,17897,1651.250838434
8048,6130,6580,3949,17898,1651.250891539
8049,6129,6578,3950,17898,1651.250944644
8050,6128,6577,3952,17899,1651.250997750
8051,6127,6576,3953,17900,1651.251050855
8052,6126,6574,3955,17900,1651.251103960
8053,6125,6573,3956,17901,1651.251157066
8054,6124,6572,3957,17901,1651.251210171
8055,6123,6571,3958,17902,1651.251263276
8056,6122,6570,3959,17902,1651.251316382
8057,6121,6569,3960,17903,1651.251369487
8058,6120,6568,3961,17903,1651.251422592
8059,6120,6567,3962,17903,1651.251475698
8060,6119,6566,3963,17904,1651.251528803
8061,6118,6565,3963,17904,1651.251581908
8062,6117,6565,3964,17904,1651.251635014
8063,6117,6564,3964,17904,1651.251688119
8064,6116,6563,3964,17904,1651.251741224
8065,6116,6562,3964,17904,1651.251794329
8066,6115,6562,3965,17905,1651.251847435
8067,6115,6561,3965,17905,1651.251900540
8068,6114,6561,3965,17905,1651.251953645
8069,6114,6560,3964,17905,1651.252006751
8070,6114,6560,3964,17905,1651.252059856
8071,6113,6560,3964,17904,1651.252112961
8072,6113,6559,3964,17904,1651.252166067
8073,6113,6559,3963,17904,1651.252219172
8074,6112,6559,3963,17904,1651.252272277
8075,6112,6558,3962,17904,1651.252325383
8076,6112,6558,3962,17904,1651.252378488
8077,6112,6558,3961,17903,1651.252431593
8078,6112,6558,3960,17903,1651.252484698
8079,6112,6558,3960,17903,1651.252537804
8080,6112,6558,3959,17903,1651.252590909
8081,6112,6558,3958,17902,1651.252644014
8082,6112,6557,3957,17902,1651.252697120
8083,6112,6557,3956,17901,1651.252750225
8084,6112,6558,3955,17901,1651.252803330
8085,6112,6558,3954,17901,1651.252856436
8086,6112,6558,3953,17900,1651.252909541
8087,6112,6558,3951,17900,1651.252962646
8088,6112,6558,3950,17899,1651.253015752
8089,6112,6558,3949,17899,1651.253068857
8090,6112,6558,3948,17898,1651.253121962
8091,6112,6558,3946,17898,1651.253175068
8092,6113,6559,3945,17897,1651.253228173
8093,6113,6559,3943,17897,1651.253281278
8094,6113,6559,3942,17896,1651.253334383
8095,6113,6560,3940,17895,1651.253387489
8096,6113,6560,3939,17895,1651.253440594
8097,6114,6560,3937,17894,1651.253493699
8098,6114,6560,3936,17894,1651.253546805
8099,6114,6561,3934,17893,1651.253599910
8100,6115,6561,3932,17892,1651.253653015
8101,6115,6562,3931,17892,1651.253706121
8102,6115,6562,3929,17891,1651.253759226
8103,6116,6562,3927,17890,1651.253812331
8104,6116,6563,3926,17890,1651.253865437
8105,6116,6563,3924,17889,1651.253918542
8106,6117,6564,3922,17888,1651.253971647
8107,6117,6564,3920,17888,1651.254024752
8108,6118,6565,3918,17887,1651.254077858
8109,6118,6565,3917,17886,1651.254130963
8110,6118,6566,3915,17885,1651.254184068
8111,6119,6566,3913,17885,1651.254237174
8112,6119,6567,3911,17884,1651.254290279
8113,6120,6567,3909,17883,1651.254343384
8114,6120,6567,3908,17883,1651.254396490
8115,6120,6568,3906,17882,1651.254449595
8116,6121,6568,3904,17881,1651.254502700
8117,6121,6569,3902,17880,1651.254555806
8118,6122,6569,3900,17880,1651.254608911
8119,6122,6570,3898,17879,1651.254662016
8120,6122,6570,3897,17878,1651.254715122
8121,6123,6571,3895,17878,1651.254768227
8122,6123,6571,3893,17877,1651.254821332
8123,6124,6572,3891,17876,1651.254874437
8124,6124,6572,3890,17876,1651.254927543
8125,6125,6573,3888,17875,1651.254980648
8126,6125,6573,3886,17874,1651.255033753
8127,6125,6574,3884,17874,1651.255086859
8128,6126,6574,3883,17873,1651.255139964
8129,6126,6575,3881,17872,1651.255193069
8130,6126,6575,3879,17872,1651.255246175
8131,6127,6576,3878,17871,1651.255299280
8132,6127,6576,3876,17871,1651.255352385
8133,6127,6576,3875,17870,1651.255405491
8134,6128,6577,3873,17869,1651.255458596
8135,6128,6577,3872,17869,1651.255511701
8136,6128,6577,3870,17868,1651.255564806
8137,6129,6578,3869,17868,1651.255617912
8138,6129,6578,3867,17867,1651.255671017
8139,6129,6578,3866,17867,1651.255724122
8140,6129,6579,3865,17866,1651.255777228
8141,6130,6579,3863,17866,1651.255830333
8142,6130,6579,3862,17865,1651.255883438
8143,6130,6580,3861,17865,1651.255936544
8144,6130,6580,3860,17865,1651.255989649
8145,6131,6580,3859,17864,1651.256042754
8146,6131,6580,3857,17864,1651.256095860
8147,6131,6580,3856,17863,1651.256148965
8148,6131,6581,3855,17863,1651.256202070
8149,6131,6581,3854,17863,1651.256255176
8150,6131,6581,3853,17862,1651.256308281
8151,6131,6581,3852,17862,1651.256361386
8152,6132,6581,3851,17862,1651.256414491
8153,6132,6581,3850,17861,1651.256467597
8154,6132,6581,3849,17861,1651.256520702
8155,6132,6582,3848,17861,1651.256573807
8156,6132,6582,3847,17860,1651.256626913
8157,6132,6582,3847,17860,1651.256680018
8158,6132,6582,3846,17860,1651.256733123
8159,6132,6582,3845,17859,1651.256786229
8160,6132,6582,3844,17859,1651.256839334
8161,6132,6582,3843,17859,1651.256892439
8162,6132,6582,3842,17859,1651.256945545
8163,6132,6582,3842,17858,1651.256998650
8164,6132,6582,3841,17858,1651.257051755
8165,6132,6582,3840,17858,1651.257104860
8166,6132,6582,3839,17858,1651.257157966
8167,6132,6582,3839,17857,1651.257211071
8168,6132,6582,3838,17857,1651.257264176
8169,6132,6582,3837,17857,1651.257317282
8170,6132,6582,3837,17857,1651.257370387
8171,6132,6582,3836,17857,1651.257423492
8172,6132,6582,3835,17856,1651.257476598
8173,6132,6582,3835,17856,1651.257529703
8174,6132,6582,3834,17856,1651.257582808
8175,6132,6582,3834,17856,1651.257635914
8176,6132,6582,3833,17856,1651.257689019
8177,6132,6582,3832,17855,1651.257742124
8178,6132,6582,3832,17855,1651.257795230
8179,6132,6582,3831,17855,1651.257848335
8180,6132,6582,3831,17855,1651.257901440
8181,6132,6582,3830,17855,1651.257954545
8182,6132,6581,3830,17855,1651.258007651
8183,6132,6581,3829,17854,1651.258060756
8184,6132,6581,3829,17854,1651.258113861
8185,6132,6581,3828,17854,1651.258166967
8186,6131,6581,3828,17854,1651.258220072
8187,6131,6581,3827,17854,1651.258273177
8188,6131,6581,3827,17853,1651.258326283
8189,6131,6581,3826,17853,1651.258379388
8190,6131,6581,3825,17853,1651.258432493
8191,6131,6581,3825,17853,1651.258485599
8192,6131,6580,3824,17853,1651.258538704
8193,6131,6580,3824,17853,1651.258591809
8194,6131,6580,3823,17852,1651.258644914
8195,6131,6580,3823,17852,1651.258698020
8196,6130,6580,3822,17852,1651.258751125
8197,6130,6580,3822,17852,1651.258804230
8198,6130,6580,3821,17852,1651.258857336
8199,6130,6580,3821,17851,1651.258910441
8200,6130,6579,3820,17851,1651.258963546
8201,6130,6579,3820,17851,1651.259016652
8202,6130,6579,3819,17851,1651.259069757
8203,6130,6579,3819,17851,1651.259122862
8204,6130,6579,3818,17850,1651.259175968
8205,6129,6579,3817,17850,1651.259229073
8206,6129,6579,3817,17850,1651.259282178
8207,6129,6578,3816,17850,1651.259335284
8208,6129,6578,3816,17849,1651.259388389
8209,6129,6578,3815,17849,1651.259441494
8210,6129,6578,3815,17849,1651.259494599
8211,6129,6578,3814,17849,1651.259547705
8212,6129,6578,3813,17848,1651.259600810
8213,6129,6578,3813,17848,1651.259653915
8214,6128,6578,3812,17848,1651.259707021
8215,6128,6577,3811,17847,1651.259760126
8216,6128,6577,3811,17847,1651.259813231
8217,6128,6577,3810,17847,1651.259866337
8218,6128,6577,3809,17847,1651.259919442
8219,6128,6577,3808,17846,1651.259972547
8220,6128,6577,3808,17846,1651.260025653
8221,6128,6577,3807,17845,1651.260078758
8222,6128,6577,3806,17845,1651.260131863
8223,6128,6577,3805,17845,1651.260184968
8224,6128,6577,3804,17844,1651.260238074
8225,6128,6577,3804,17844,1651.260291179
8226,6128,6576,3803,17844,1651.260344284
8227,6127,6576,3802,17843,1651.260397390
8228,6127,6576,3801,17843,1651.260450495
8229,6127,6576,3800,17842,1651.260503600
8230,6127,6576,3799,17842,1651.260556706
8231,6127,6576,3798,17841,1651.260609811
8232,6127,6576,3797,17841,1651.260662916
8233,6127,6576,3796,17840,1651.260716022
8234,6127,6576,3795,17840,1651.260769127
8235,6127,6576,3794,17840,1651.260822232
8236,6127,6576,3793,17839,1651.260875338
8237,6127,6576,3792,17839,1651.260928443
8238,6127,6576,3791,17838,1651.260981548
8239,6127,6576,3790,17838,1651.261034653
8240,6127,6576,3789,17837,1651.261087759
8241,6127,6576,3788,17837,1651.261140864
8242,6127,6576,3787,17836,1651.261193969
8243,6127,6576,3786,17836,1651.261247075
8244,6127,6576,3785,17835,1651.261300180
8245,6127,6576,3784,17835,1651.261353285
8246,6127,6576,3783,17834,1651.261406391
8247,6127,6576,3782,17833,1651.261459496
8248,6127,6576,3781,17833,1651.261512601
8249,6127,6576,3780,17832,1651.261565707
8250,6127,6576,3778,17832,1651.261618812
8251,6127,6576,3777,17831,1651.261671917
8252,6127,6576,3776,17831,1651.261725023
8253,6127,6576,3775,17830,1651.261778128
8254,6127,6576,3774,17830,1651.261831233
8255,6127,6576,3773,17829,1651.261884338
8256,6127,6576,3771,17829,1651.261937444
8257,6127,6576,3770,17828,1651.261990549
8258,6127,6576,3769,17827,1651.262043654
8259,6127,6576,3768,17827,1651.262096760
8260,6127,6576,3767,17826,1651.262149865
8261,6127,6576,3765,17826,1651.262202970
8262,6127,6576,3764,17825,1651.262256076
8263,6127,6576,3763,17825,1651.262309181
8264,6127,6576,3762,17824,1651.262362286
8265,6127,6576,3761,17824,1651.262415392
8266,6127,6576,3759,17823,1651.262468497
8267,6127,6576,3758,17822,1651.262521602
8268,6127,6576,3757,17822,1651.262574707
8269,6127,6576,3756,17821,1651.262627813
8270,6127,6576,3754,17821,1651.262680918
8271,6127,6576,3753,17820,1651.262734023
8272,6127,6576,3752,17820,1651.262787129
8273,6127,6576,3751,17819,1651.262840234
8274,6127,6576,3749,17819,1651.262893339
8275,6127,6576,3748,17818,1651.262946445
8276,6127,6576,3747,17818,1651.262999550
8277,6127,6576,3746,17817,1651.263052655
8278,6127,6576,3744,17816,1651.263105761
8279,6127,6576,3743,17816,1651.263158866
8280,6127,6576,3742,17815,1651.263211971
8281,6127,6576,3741,17815,1651.263265077
8282,6127,6576,3739,17814,1651.263318182
8283,6127,6576,3738,17814,1651.263371287
8284,6127,6576,3737,17813,1651.263424392
8285,6127,6576,3735,17813,1651.263477498
8286,6127,6576,3734,17812,1651.263530603
8287,6128,6576,3733,17812,1651.263583708
8288,6128,6576,3732,17812,1651.263636814
8289,6128,6577,3730,17811,1651.263689919
8290,6128,6577,3729,17811,1651.263743024
8291,6128,6577,3728,17810,1651.263796130
8292,6128,6577,3727,17810,1651.263849235
8293,6128,6577,3726,17809,1651.263902340
8294,6128,6577,3724,17809,1651.263955446
8295,6128,6577,3723,17808,1651.264008551
8296,6128,6577,3722,17808,1651.264061656
8297,6128,6577,3721,17808,1651.264114761
8298,6128,6577,3719,17807,1651.264167867
8299,6128,6577,3718,17807,1651.264220972
8300,6128,6577,3717,17806,1651.264274077
8301,6128,6577,3716,17806,1651.264327183
8302,6128,6577,3715,17806,1651.264380288
8303,6128,6577,3713,17805,1651.264433393
8304,6128,6577,3712,17805,1651.264486499
8305,6128,6577,3711,17805,1651.264539604
8306,6128,6577,3710,17804,1651.264592709
8307,6128,6577,3709,17804,1651.264645815
8308,6128,6577,3708,17804,1651.264698920
8309,6128,6577,3707,17804,1651.264752025
8310,6128,6577,3705,17803,1651.264805131
8311,6128,6577,3704,17803,1651.264858236
8312,6128,6577,3703,17803,1651.264911341
8313,6128,6577,3702,17803,1651.264964446
8314,6128,6577,3701,17802,1651.265017552
8315,6128,6577,3700,17802,1651.265070657
8316,6128,6577,3699,17802,1651.265123762
8317,6128,6577,3698,17802,1651.265176868
8318,6128,6577,3697,17801,1651.265229973
8319,6128,6577,3696,17801,1651.265283078
8320,6128,6577,3694,17801,1651.265336184
8321,6128,6577,3693,17801,1651.265389289
8322,6128,6577,3692,17801,1651.265442394
8323,6128,6577,3691,17801,1651.265495500
8324,6128,6577,3690,17800,1651.265548605
8325,6128,6577,3689,17800,1651.265601710
8326,6128,6577,3688,17800,1651.265654815
8327,6128,6577,3687,17800,1651.265707921
8328,6128,6577,3686,17800,1651.265761026
8329,6128,6577,3685,17800,1651.265814131
8330,6128,6577,3684,17800,1651.265867237
8331,6128,6577,3683,17800,1651.265920342
8332,6128,6577,3682,17799,1651.265973447
8333,6128,6577,3681,17799,1651.266026553
8334,6128,6577,3680,17799,1651.266079658
8335,6128,6577,3679,17799,1651.266132763
8336,6128,6577,3678,17799,1651.266185869
8337,6128,6577,3677,17799,1651.266238974
8338,6128,6577,3676,17799,1651.266292079
8339,6128,6577,3675,17799,1651.266345185
8340,6128,6577,3675,17799,1651.266398290
8341,6128,6577,3674,17799,1651.266451395
8342,6128,6577,3673,17799,1651.266504500
8343,6128,6577,3672,17799,1651.266557606
8344,6128,6577,3671,17799,1651.266610711
8345,6128,6577,3670,17799,1651.266663816
8346,6128,6577,3669,17799,1651.266716922
8347,6128,6577,3668,17799,1651.266770027
8348,6128,6577,3667,17799,1651.266823132
8349,6128,6577,3666,17799,1651.266876238
8350,6128,6577,3665,17799,1651.266929343
8351,6128,6577,3665,17799,1651.266982448
8352,6128,6577,3664,17799,1651.267035554
8353,6128,6577,3663,17799,1651.267088659
8354,6128,6577,3662,17798,1651.267141764
8355,6128,6577,3661,17798,1651.267194869
8356,6128,6577,3660,17798,1651.267247975
8357,6128,6577,3659,17798,1651.267301080
8358,6128,6577,3658,17798,1651.267354185
8359,6128,6577,3658,17798,1651.267407291
8360,6128,6577,3657,17798,1651.267460396
8361,6128,6577,3656,17798,1651.267513501
8362,6128,6577,3655,17798,1651.267566607
8363,6128,6577,3654,17798,1651.267619712
8364,6128,6577,3653,17798,1651.267672817
8365,6128,6577,3653,17798,1651.267725923
8366,6128,6577,3652,17798,1651.267779028
8367,6128,6577,3651,17798,1651.267832133
8368,6128,6577,3650,17798,1651.267885239
8369,6128,6577,3649,17798,1651.267938344
8370,6128,6577,3649,17798,1651.267991449
8371,6128,6577,3648,17798,1651.268044554
8372,6128,6577,3647,17798,1651.268097660
8373,6128,6577,3646,17798,1651.268150765
8374,6128,6577,3645,17798,1651.268203870
8375,6128,6577,3645,17798,1651.268256976
8376,6128,6577,3644,17798,1651.268310081
8377,6128,6577,3643,17798,1651.268363186
8378,6128,6577,3642,17798,1651.268416292
8379,6128,6577,3642,17798,1651.268469397
8380,6128,6577,3641,17798,1651.268522502
8381,6128,6577,3640,17798,1651.268575608
8382,6128,6577,3639,17798,1651.268628713
8383,6128,6577,3638,17798,1651.268681818
8384,6128,6577,3638,17798,1651.268734923
8385,6128,6577,3637,17798,1651.268788029
8386,6128,6577,3636,17798,1651.268841134
8387,6128,6577,3635,17798,1651.268894239
8388,6128,6577,3635,17798,1651.268947345
8389,6128,6577,3634,17798,1651.269000450
8390,6128,6577,3633,17798,1651.269053555
8391,6128,6577,3633,17798,1651.269106661
8392,6128,6577,3632,17798,1651.269159766
8393,6128,6577,3631,17798,1651.269212871
8394,6128,6577,3630,17798,1651.269265977
8395,6128,6577,3630,17798,1651.269319082
8396,6128,6577,3629,17798,1651.269372187
8397,6128,6577,3628,17797,1651.269425293
8398,6128,6577,3627,17797,1651.269478398
8399,6128,6577,3627,17797,1651.269531503
8400,6128,6577,3626,17797,1651.269584608
8401,6128,6577,3625,17797,1651.269637714
8402,6128,6577,3625,17797,1651.269690819
8403,6128,6577,3624,17797,1651.269743924
8404,6128,6577,3623,17797,1651.269797030
8405,6128,6577,3622,17797,1651.269850135
8406,6128,6577,3622,17796,1651.269903240
8407,6128,6577,3621,17796,1651.269956346
8408,6128,6577,3620,17796,1651.270009451
8409,6128,6577,3620,17796,1651.270062556
8410,6128,6577,3619,17796,1651.270115662
8411,6128,6577,3618,17796,1651.270168767
8412,6128,6577,3618,17796,1651.270221872
8413,6128,6577,3617,17796,1651.270274977
8414,6128,6577,3616,17795,1651.270328083
8415,6128,6577,3615,17795,1651.270381188
8416,6128,6577,3615,17795,1651.270434293
8417,6128,6577,3614,17795,1651.270487399
8418,6128,6577,3613,17795,1651.270540504
8419,6128,6577,3613,17795,1651.270593609
8420,6128,6577,3612,17794,1651.270646715
8421,6128,6577,3611,17794,1651.270699820
8422,6128,6577,3611,17794,1651.270752925
8423,6128,6577,3610,17794,1651.270806031
8424,6128,6577,3609,17794,1651.270859136
8425,6128,6577,3608,17794,1651.270912241
8426,6128,6577,3608,17793,1651.270965347
8427,6128,6577,3607,17793,1651.271018452
8428,6128,6577,3606,17793,1651.271071557
8429,6128,6577,3606,17793,1651.271124662
8430,6128,6577,3605,17793,1651.271177768
8431,6128,6577,3604,17792,1651.271230873
8432,6128,6577,3603,17792,1651.271283978
8433,6128,6577,3603,17792,1651.271337084
8434,6128,6577,3602,17792,1651.271390189
8435,6128,6577,3601,17792,1651.271443294
8436,6128,6577,3600,17791,1651.271496400
8437,6128,6577,3600,17791,1651.271549505
8438,6128,6577,3599,17791,1651.271602610
8439,6128,6577,3598,17791,1651.271655716
8440,6128,6577,3598,17791,1651.271708821
8441,6128,6577,3597,17790,1651.271761926
8442,6128,6577,3596,17790,1651.271815032
8443,6128,6577,3595,17790,1651.271868137
8444,6128,6577,3595,17790,1651.271921242
8445,6128,6577,3594,17789,1651.271974347
8446,6128,6577,3593,17789,1651.272027453
8447,6128,6577,3592,17789,1651.272080558
8448,6128,6577,3591,17789,1651.272133663
8449,6128,6577,3591,17788,1651.272186769
8450,6128,6577,3590,17788,1651.272239874
8451,6128,6577,3589,17788,1651.272292979
8452,6128,6577,3588,17788,1651.272346085
8453,6128,6577,3588,17787,1651.272399190
8454,6128,6577,3587,17787,1651.272452295
8455,6128,6577,3586,17787,1651.272505401
8456,6128,6577,3585,17787,1651.272558506
8457,6128,6577,3584,17786,1651.272611611
8458,6128,6577,3584,17786,1651.272664716
8459,6128,6577,3583,17786,1651.272717822
8460,6128,6577,3582,17786,1651.272770927
8461,6128,6577,3581,17785,1651.272824032
8462,6128,6577,3580,17785,1651.272877138
8463,6128,6577,3579,17785,1651.272930243
8464,6128,6577,3579,17785,1651.272983348
8465,6128,6577,3578,17784,1651.273036454
8466,6128,6577,3577,17784,1651.273089559
8467,6128,6577,3576,17784,1651.273142664
8468,6128,6577,3575,17784,1651.273195770
8469,6128,6577,3574,17783,1651.273248875
8470,6128,6577,3573,17783,1651.273301980
8471,6128,6577,3572,17783,1651.273355086
8472,6128,6577,3572,17782,1651.273408191
8473,6128,6577,3571,17782,1651.273461296
8474,6128,6577,3570,17782,1651.273514401
8475,6128,6577,3569,17782,1651.273567507
8476,6128,6577,3568,17781,1651.273620612
8477,6128,6577,3567,17781,1651.273673717
8478,6128,6577,3566,17781,1651.273726823
8479,6128,6577,3565,17781,1651.273779928
8480,6128,6577,3564,17780,1651.273833033
8481,6128,6577,3563,17780,1651.273886139
8482,6128,6577,3562,17780,1651.273939244
8483,6128,6577,3561,17779,1651.273992349
8484,6128,6577,3560,17779,1651.274045455
8485,6128,6577,3559,17779,1651.274098560
8486,6128,6577,3558,17779,1651.274151665
8487,6128,6577,3557,17778,1651.274204770
8488,6128,6577,3556,17778,1651.274257876
8489,6128,6577,3555,17778,1651.274310981
8490,6128,6577,3554,17777,1651.274364086
8491,6128,6577,3553,17777,1651.274417192
8492,6128,6577,3552,17777,1651.274470297
8493,6128,6577,3551,17777,1651.274523402
8494,6128,6577,3550,17776,1651.274576508
8495,6128,6577,3549,17776,1651.274629613
8496,6128,6577,3548,17776,1651.274682718
8497,6128,6577,3547,17775,1651.274735824
8498,6128,6577,3546,17775,1651.274788929
8499,6128,6577,3545,17775,1651.274842034
8500,6128,6577,3544,17775,1651.274895140
8501,6128,6577,3543,17774,1651.274948245
8502,6128,6577,3542,17774,1651.275001350
8503,6128,6577,3541,17774,1651.275054455
8504,6128,6577,3540,17773,1651.275107561
8505,6128,6577,3539,17773,1651.275160666
8506,6128,6577,3538,17773,1651.275213771
8507,6128,6577,3537,17773,1651.275266877
8508,6128,6577,3535,17772,1651.275319982
8509,6128,6577,3534,17772,1651.275373087
8510,6128,6577,3533,17772,1651.275426193
8511,6128,6577,3532,17771,1651.275479298
8512,6128,6577,3531,17771,1651.275532403
8513,6128,6577,3530,17771,1651.275585509
8514,6128,6577,3529,17771,1651.275638614
8515,6128,6577,3528,17770,1651.275691719
8516,6128,6577,3527,17770,1651.275744824
8517,6128,6577,3526,17770,1651.275797930
8518,6128,6577,3525,17769,1651.275851035
8519,6128,6577,3523,17769,1651.275904140
8520,6128,6577,3522,17769,1651.275957246
8521,6128,6577,3521,17769,1651.276010351
8522,6128,6577,3520,17768,1651.276063456
8523,6128,6577,3519,17768,1651.276116562
8524,6128,6577,3518,17768,1651.276169667
8525,6128,6577,3517,17767,1651.276222772
8526,6128,6577,3516,17767,1651.276275878
8527,6128,6577,3515,17767,1651.276328983
8528,6128,6577,3514,17767,1651.276382088
8529,6128,6577,3512,17766,1651.276435194
8530,6128,6577,3511,17766,1651.276488299
8531,6128,6577,3510,17766,1651.276541404
8532,6128,6577,3509,17766,1651.276594509
8533,6128,6577,3508,17765,1651.276647615
8534,6128,6577,3507,17765,1651.276700720
8535,6128,6577,3506,17765,1651.276753825
8536,6128,6577,3505,17765,1651.276806931
8537,6128,6577,3503,17764,1651.276860036
8538,6128,6577,3502,17764,1651.276913141
8539,6128,6577,3501,17764,1651.276966247
8540,6128,6577,3500,17763,1651.277019352
8541,6128,6577,3499,17763,1651.277072457
8542,6128,6577,3498,17763,1651.277125563
8543,6128,6577,3497,17763,1651.277178668
8544,6128,6577,3496,17762,1651.277231773
8545,6128,6577,3495,17762,1651.277284878
8546,6128,6577,3494,17762,1651.277337984
8547,6128,6577,3492,17762,1651.277391089
8548,6128,6577,3491,17761,1651.277444194
8549,6128,6577,3490,17761,1651.277497300
8550,6128,6577,3489,17761,1651.277550405
8551,6128,6577,3488,17761,1651.277603510
8552,6128,6577,3487,17761,1651.277656616
8553,6128,6577,3486,17760,1651.277709721
8554,6128,6577,3485,17760,1651.277762826
8555,6128,6577,3484,17760,1651.277815932
8556,6128,6577,3483,17760,1651.277869037
8557,6128,6577,3482,17759,1651.277922142
8558,6128,6577,3480,17759,1651.277975248
8559,6128,6577,3479,17759,1651.278028353
8560,6128,6577,3478,17759,1651.278081458
8561,6128,6577,3477,17758,1651.278134563
8562,6128,6577,3476,17758,1651.278187669
8563,6128,6577,3475,17758,1651.278240774
8564,6128,6577,3474,17758,1651.278293879
8565,6128,6577,3473,17758,1651.278346985
8566,6128,6577,3472,17757,1651.278400090
8567,6128,6577,3471,17757,1651.278453195
8568,6128,6577,3470,17757,1651.278506301
8569,6128,6577,3469,17757,1651.278559406
8570,6128,6577,3468,17757,1651.278612511
8571,6128,6577,3467,17756,1651.278665617
8572,6128,6577,3466,17756,1651.278718722
8573,6128,6577,3465,17756,1651.278771827
8574,6128,6577,3464,17756,1651.278824932
8575,6128,6577,3463,17755,1651.278878038
8576,6128,6577,3462,17755,1651.278931143
8577,6128,6577,3461,17755,1651.278984248
8578,6128,6577,3460,17755,1651.279037354
8579,6128,6577,3459,17755,1651.279090459
8580,6128,6577,3458,17754,1651.279143564
8581,6128,6577,3457,17754,1651.279196670
8582,6128,6577,3456,17754,1651.279249775
8583,6128,6577,3455,17754,1651.279302880
8584,6128,6577,3454,17754,1651.279355986
8585,6128,6577,3453,17753,1651.279409091
8586,6128,6577,3452,17753,1651.279462196
8587,6128,6577,3451,17753,1651.279515302
8588,6128,6577,3450,17753,1651.279568407
8589,6128,6577,3449,17753,1651.279621512
8590,6128,6577,3448,17752,1651.279674617
8591,6128,6577,3447,17752,1651.279727723
8592,6128,6577,3446,17752,1651.279780828
8593,6128,6577,3445,17752,1651.279833933
8594,6128,6577,3444,17752,1651.279887039
8595,6128,6577,3443,17751,1651.279940144
8596,6128,6577,3442,17751,1651.279993249
8597,6128,6577,3441,17751,1651.280046355
8598,6128,6577,3440,17751,1651.280099460
8599,6128,6577,3439,17751,1651.280152565
8600,6128,6577,3438,17750,1651.280205671
8601,6128,6577,3437,17750,1651.280258776
8602,6128,6577,3436,17750,1651.280311881
8603,6128,6577,3435,17750,1651.280364986
8604,6128,6577,3435,17750,1651.280418092
8605,6128,6577,3434,17749,1651.280471197
8606,6128,6577,3433,17749,1651.280524302
8607,6128,6577,3432,17749,1651.280577408
8608,6128,6577,3431,17749,1651.280630513
8609,6128,6577,3430,17748,1651.280683618
8610,6128,6577,3429,17748,1651.280736724
8611,6128,6577,3428,17748,1651.280789829
8612,6128,6577,3427,17748,1651.280842934
8613,6128,6577,3426,17748,1651.280896040
8614,6128,6577,3425,17747,1651.280949145
8615,6128,6577,3424,17747,1651.281002250
8616,6128,6577,3424,17747,1651.281055356
8617,6128,6577,3423,17747,1651.281108461
8618,6128,6577,3422,17746,1651.281161566
8619,6128,6577,3421,17746,1651.281214671
8620,6128,6577,3420,17746,1651.281267777
8621,6128,6577,3419,17746,1651.281320882
8622,6128,6577,3418,17745,1651.281373987
8623,6128,6577,3417,17745,1651.281427093
8624,6128,6577,3416,17745,1651.281480198
8625,6128,6577,3416,17745,1651.281533303
8626,6128,6577,3415,17744,1651.281586409
8627,6128,6577,3414,17744,1651.281639514
8628,6128,6577,3413,17744,1651.281692619
8629,6128,6577,3412,17743,1651.281745725
8630,6128,6577,3411,17743,1651.281798830
8631,6128,6577,3410,17743,1651.281851935
8632,6128,6577,3409,17743,1651.281905041
8633,6128,6577,3409,17742,1651.281958146
8634,6128,6577,3408,17742,1651.282011251
8635,6128,6577,3407,17742,1651.282064356
8636,6128,6577,3406,17741,1651.282117462
8637,6128,6577,3405,17741,1651.282170567
8638,6128,6577,3404,17741,1651.282223672
8639,6128,6577,3404,17740,1651.282276778
8640,6128,6577,3403,17740,1651.282329883
8641,6128,6577,3402,17740,1651.282382988
8642,6128,6577,3401,17739,1651.282436094
8643,6128,6577,3400,17739,1651.282489199
8644,6128,6577,3399,17739,1651.282542304
8645,6128,6577,3399,17738,1651.282595410
8646,6128,6577,3398,17738,1651.282648515
8647,6128,6577,3397,17738,1651.282701620
8648,6128,6577,3396,17737,1651.282754725
8649,6128,6577,3395,17737,1651.282807831
8650,6128,6577,3394,17737,1651.282860936
8651,6128,6577,3394,17736,1651.282914041
8652,6128,6577,3393,17736,1651.282967147
8653,6128,6577,3392,17735,1651.283020252
8654,6128,6577,3391,17735,1651.283073357
8655,6128,6577,3390,17735,1651.283126463
8656,6128,6577,3390,17734,1651.283179568
8657,6128,6577,3389,17734,1651.283232673
8658,6128,6577,3388,17733,1651.283285779
8659,6128,6577,3387,17733,1651.283338884
8660,6128,6577,3386,17733,1651.283391989
8661,6128,6577,3386,17732,1651.283445095
8662,6128,6577,3385,17732,1651.283498200
8663,6128,6577,3384,17731,1651.283551305
8664,6128,6577,3383,17731,1651.283604410
8665,6128,6577,3382,17731,1651.283657516
8666,6128,6577,3382,17730,1651.283710621
8667,6128,6577,3381,17730,1651.283763726
8668,6128,6577,3380,17729,1651.283816832
8669,6128,6577,3379,17729,1651.283869937
8670,6128,6577,3378,17728,1651.283923042
8671,6128,6577,3378,17728,1651.283976148
8672,6128,6577,3377,17728,1651.284029253
8673,6128,6577,3376,17727,1651.284082358
8674,6128,6577,3375,17727,1651.284135464
8675,6128,6577,3374,17726,1651.284188569
8676,6128,6577,3374,17726,1651.284241674
8677,6128,6577,3373,17725,1651.284294779
8678,6128,6577,3372,17725,1651.284347885
8679,6128,6577,3371,17724,1651.284400990
8680,6128,6577,3370,17724,1651.284454095
8681,6128,6577,3370,17723,1651.284507201
8682,6128,6577,3369,17723,1651.284560306
8683,6128,6577,3368,17723,1651.284613411
8684,6128,6577,3367,17722,1651.284666517
8685,6128,6577,3366,17722,1651.284719622
8686,6128,6577,3366,17721,1651.284772727
8687,6128,6577,3365,17721,1651.284825833
8688,6128,6577,3364,17720,1651.284878938
8689,6128,6577,3363,17720,1651.284932043
8690,6128,6577,3362,17719,1651.284985149
8691,6128,6577,3362,17719,1651.285038254
8692,6128,6577,3361,17718,1651.285091359
8693,6128,6577,3360,17718,1651.285144464
8694,6128,6577,3359,17718,1651.285197570
8695,6128,6577,3358,17717,1651.285250675
8696,6128,6577,3358,17717,1651.285303780
8697,6128,6577,3357,17716,1651.285356886
8698,6128,6577,3356,17716,1651.285409991
8699,6128,6577,3355,17715,1651.285463096
8700,6128,6577,3354,17715,1651.285516202
8701,6128,6577,3353,17714,1651.285569307
8702,6128,6577,3353,17714,1651.285622412
8703,6128,6577,3352,17713,1651.285675518
8704,6128,6577,3351,17713,1651.285728623
8705,6128,6577,3350,17713,1651.285781728
8706,6128,6577,3349,17712,1651.285834833
8707,6128,6577,3348,17712,1651.285887939
8708,6128,6577,3348,17711,1651.285941044
8709,6128,6577,3347,17711,1651.285994149
8710,6128,6577,3346,17710,1651.286047255
8711,6128,6577,3345,17710,1651.286100360
8712,6128,6577,3344,17710,1651.286153465
8713,6128,6577,3343,17709,1651.286206571
8714,6128,6577,3342,17709,1651.286259676
8715,6128,6577,3342,17708,1651.286312781
8716,6128,6577,3341,17708,1651.286365887
8717,6128,6577,3340,17707,1651.286418992
8718,6128,6577,3339,17707,1651.286472097
8719,6128,6577,3338,17707,1651.286525203
8720,6128,6577,3337,17706,1651.286578308
8721,6128,6577,3336,17706,1651.286631413
8722,6128,6577,3335,17705,1651.286684518
8723,6128,6577,3334,17705,1651.286737624
8724,6128,6577,3334,17705,1651.286790729
8725,6128,6577,3333,17704,1651.286843834
8726,6128,6577,3332,17704,1651.286896940
8727,6128,6577,3331,17703,1651.286950045
8728,6128,6577,3330,17703,1651.287003150
8729,6128,6577,3329,17703,1651.287056256
8730,6128,6577,3328,17702,1651.287109361
8731,6128,6577,3327,17702,1651.287162466
8732,6128,6577,3326,17701,1651.287215572
8733,6128,6577,3325,17701,1651.287268677
8734,6128,6577,3324,17701,1651.287321782
8735,6128,6577,3323,17700,1651.287374887
8736,6128,6577,3322,17700,1651.287427993
8737,6128,6577,3322,17700,1651.287481098
8738,6128,6577,3321,17699,1651.287534203
8739,6128,6577,3320,17699,1651.287587309
8740,6128,6577,3319,17699,1651.287640414
8741,6128,6577,3318,17698,1651.287693519
8742,6128,6577,3317,17698,1651.287746625
8743,6128,6577,3316,17698,1651.287799730
8744,6128,6578,3315,17697,1651.287852835
8745,6128,6578,3314,17697,1651.287905941
8746,6128,6578,3313,17697,1651.287959046
8747,6129,6578,3312,17696,1651.288012151
8748,6129,6578,3311,17696,1651.288065257
8749,6129,6578,3310,17696,1651.288118362
8750,6129,6578,3309,17695,1651.288171467
8751,6129,6578,3308,17695,1651.288224572
8752,6129,6578,3307,17695,1651.288277678
8753,6129,6578,3306,17695,1651.288330783
8754,6129,6578,3305,17694,1651.288383888
8755,6129,6578,3304,17694,1651.288436994
8756,6129,6578,3303,17694,1651.288490099
8757,6129,6578,3302,17693,1651.288543204
8758,6129,6578,3301,17693,1651.288596310
8759,6129,6578,3300,17693,1651.288649415
8760,6129,6578,3299,17692,1651.288702520
8761,6129,6578,3298,17692,1651.288755626
8762,6129,6578,3297,17692,1651.288808731
8763,6129,6578,3296,17692,1651.288861836
8764,6129,6578,3295,17691,1651.288914941
8765,6129,6578,3294,17691,1651.288968047
8766,6129,6578,3293,17691,1651.289021152
8767,6129,6578,3292,17691,1651.289074257
8768,6129,6578,3291,17690,1651.289127363
8769,6129,6578,3290,17690,1651.289180468
8770,6129,6578,3289,17690,1651.289233573
8771,6129,6578,3288,17689,1651.289286679
8772,6129,6578,3287,17689,1651.289339784
8773,6129,6578,3286,17689,1651.289392889
8774,6129,6578,3285,17689,1651.289445995
8775,6129,6578,3284,17688,1651.289499100
8776,6129,6578,3283,17688,1651.289552205
8777,6129,6578,3282,17688,1651.289605311
8778,6129,6578,3281,17688,1651.289658416
8779,6129,6578,3280,17687,1651.289711521
8780,6129,6578,3279,17687,1651.289764626
8781,6129,6578,3278,17687,1651.289817732
8782,6129,6578,3277,17687,1651.289870837
8783,6129,6578,3276,17686,1651.289923942
8784,6129,6578,3275,17686,1651.289977048
8785,6129,6578,3275,17686,1651.290030153
8786,6129,6578,3274,17686,1651.290083258
8787,6129,6578,3273,17685,1651.290136364
8788,6129,6578,3272,17685,1651.290189469
8789,6129,6578,3271,17685,1651.290242574
8790,6129,6578,3270,17685,1651.290295680
8791,6129,6578,3269,17684,1651.290348785
8792,6129,6578,3268,17684,1651.290401890
8793,6129,6578,3267,17684,1651.290454995
8794,6129,6578,3266,17684,1651.290508101
8795,6129,6578,3265,17683,1651.290561206
8796,6129,6578,3264,17683,1651.290614311
8797,6129,6578,3263,17683,1651.290667417
8798,6129,6578,3263,17683,1651.290720522
8799,6129,6578,3262,17682,1651.290773627
8800,6129,6578,3261,17682,1651.290826733
8801,6129,6578,3260,17682,1651.290879838
8802,6129,6578,3259,17682,1651.290932943
8803,6129,6578,3258,17681,1651.290986049
8804,6129,6578,3257,17681,1651.291039154
8805,6129,6578,3256,17681,1651.291092259
8806,6128,6578,3256,17681,1651.291145365
8807,6128,6577,3255,17680,1651.291198470
8808,6128,6577,3254,17680,1651.291251575
8809,6128,6577,3253,17680,1651.291304680
8810,6128,6577,3252,17680,1651.291357786
8811,6128,6577,3251,17679,1651.291410891
8812,6128,6577,3251,17679,1651.291463996
8813,6128,6577,3250,17679,1651.291517102
8814,6128,6577,3249,17679,1651.291570207
8815,6128,6577,3248,17678,1651.291623312
8816,6128,6577,3247,17678,1651.291676418
8817,6128,6577,3247,17678,1651.291729523
8818,6128,6576,3246,17678,1651.291782628
8819,6127,6576,3245,17677,1651.291835734
8820,6127,6576,3244,17677,1651.291888839
8821,6127,6576,3244,17677,1651.291941944
8822,6127,6576,3243,17677,1651.291995050
8823,6127,6576,3242,17676,1651.292048155
8824,6127,6576,3241,17676,1651.292101260
8825,6127,6576,3241,17676,1651.292154365
8826,6127,6575,3240,17675,1651.292207471
8827,6127,6575,3239,17675,1651.292260576
8828,6126,6575,3238,17675,1651.292313681
8829,6126,6575,3238,17675,1651.292366787
8830,6126,6575,3237,17674,1651.292419892
8831,6126,6575,3236,17674,1651.292472997
8832,6126,6575,3235,17674,1651.292526103
8833,6126,6575,3235,17673,1651.292579208
8834,6126,6574,3234,17673,1651.292632313
8835,6126,6574,3233,17673,1651.292685419
8836,6126,6574,3232,17673,1651.292738524
8837,6125,6574,3232,17672,1651.292791629
8838,6125,6574,3231,17672,1651.292844734
8839,6125,6574,3230,17672,1651.292897840
8840,6125,6574,3229,17671,1651.292950945
8841,6125,6573,3229,17671,1651.293004050
8842,6125,6573,3228,17671,1651.293057156
8843,6125,6573,3227,17670,1651.293110261
8844,6125,6573,3226,17670,1651.293163366
8845,6125,6573,3226,17670,1651.293216472
8846,6125,6573,3225,17669,1651.293269577
8847,6124,6573,3224,17669,1651.293322682
8848,6124,6573,3223,17669,1651.293375788
8849,6124,6573,3222,17668,1651.293428893
8850,6124,6573,3222,17668,1651.293481998
8851,6124,6572,3221,17668,1651.293535104
8852,6124,6572,3220,17667,1651.293588209
8853,6124,6572,3219,17667,1651.293641314
8854,6124,6572,3218,17666,1651.293694419
8855,6124,6572,3217,17666,1651.293747525
8856,6124,6572,3217,17666,1651.293800630
8857,6124,6572,3216,17665,1651.293853735
8858,6124,6572,3215,17665,1651.293906841
8859,6124,6572,3214,17664,1651.293959946
8860,6124,6572,3213,17664,1651.294013051
8861,6124,6572,3212,17664,1651.294066157
8862,6124,6572,3211,17663,1651.294119262
8863,6124,6572,3210,17663,1651.294172367
8864,6124,6572,3209,17662,1651.294225473
8865,6124,6572,3208,17662,1651.294278578
8866,6124,6572,3207,17661,1651.294331683
8867,6124,6572,3206,17661,1651.294384788
8868,6124,6572,3205,17660,1651.294437894
8869,6124,6572,3204,17660,1651.294490999
8870,6124,6572,3203,17659,1651.294544104
8871,6124,6572,3202,17659,1651.294597210
8872,6124,6572,3201,17658,1651.294650315
8873,6124,6572,3200,17658,1651.294703420
8874,6124,6572,3199,17657,1651.294756526
8875,6124,6572,3198,17657,1651.294809631
8876,6124,6572,3197,17656,1651.294862736
8877,6124,6572,3196,17656,1651.294915842
8878,6124,6572,3195,17655,1651.294968947
8879,6124,6573,3193,17655,1651.295022052
8880,6124,6573,3192,17654,1651.295075158
8881,6125,6573,3191,17654,1651.295128263
8882,6125,6573,3190,17653,1651.295181368
8883,6125,6573,3189,17652,1651.295234473
8884,6125,6573,3187,17652,1651.295287579
8885,6125,6574,3186,17651,1651.295340684
8886,6125,6574,3185,17651,1651.295393789
8887,6125,6574,3183,17650,1651.295446895
8888,6126,6574,3182,17649,1651.295500000
8889,6126,6574,3181,17649,1651.295553105
8890,6126,6575,3179,17648,1651.295606211
8891,6126,6575,3178,17647,1651.295659316
8892,6127,6575,3176,17647,1651.295712421
8893,6127,6576,3175,17646,1651.295765527
8894,6127,6576,3173,17645,1651.295818632
8895,6127,6576,3172,17645,1651.295871737
8896,6128,6577,3170,17644,1651.295924842
8897,6128,6577,3169,17643,1651.295977948
8898,6128,6577,3167,17643,1651.296031053
8899,6129,6578,3165,17642,1651.296084158
8900,6129,6578,3164,17641,1651.296137264
8901,6129,6578,3162,17640,1651.296190369
8902,6130,6579,3160,17640,1651.296243474
8903,6130,6579,3159,17639,1651.296296580
8904,6130,6580,3157,17638,1651.296349685
8905,6131,6580,3155,17637,1651.296402790
8906,6131,6581,3153,17636,1651.296455896
8907,6131,6581,3152,17636,1651.296509001
8908,6132,6582,3150,17635,1651.296562106
8909,6132,6582,3148,17634,1651.296615212
8910,6133,6582,3146,17633,1651.296668317
8911,6133,6583,3145,17632,1651.296721422
8912,6133,6583,3143,17632,1651.296774527
8913,6134,6584,3141,17631,1651.296827633
8914,6134,6584,3139,17630,1651.296880738
8915,6135,6585,3137,17629,1651.296933843
8916,6135,6585,3135,17628,1651.296986949
8917,6136,6586,3134,17628,1651.297040054
8918,6136,6586,3132,17627,1651.297093159
8919,6136,6587,3130,17626,1651.297146265
8920,6137,6587,3128,17625,1651.297199370
8921,6137,6588,3126,17625,1651.297252475
8922,6138,6588,3125,17624,1651.297305581
8923,6138,6589,3123,17623,1651.297358686
8924,6138,6589,3121,17622,1651.297411791
8925,6139,6590,3119,17621,1651.297464896
8926,6139,6590,3117,17621,1651.297518002
8927,6140,6591,3116,17620,1651.297571107
8928,6140,6591,3114,17619,1651.297624212
8929,6140,6592,3112,17619,1651.297677318
8930,6141,6592,3111,17618,1651.297730423
8931,6141,6592,3109,17617,1651.297783528
8932,6141,6593,3107,17617,1651.297836634
8933,6142,6593,3106,17616,1651.297889739
8934,6142,6593,3104,17615,1651.297942844
8935,6142,6594,3103,17615,1651.297995950
8936,6142,6594,3101,17614,1651.298049055
8937,6143,6594,3100,17613,1651.298102160
8938,6143,6595,3098,17613,1651.298155266
8939,6143,6595,3097,17612,1651.298208371
8940,6143,6595,3095,17612,1651.298261476
8941,6144,6595,3094,17611,1651.298314581
8942,6144,6596,3093,17611,1651.298367687
8943,6144,6596,3091,17610,1651.298420792
8944,6144,6596,3090,17610,1651.298473897
8945,6144,6596,3089,17609,1651.298527003
8946,6144,6596,3088,17609,1651.298580108
8947,6144,6596,3087,17608,1651.298633213
8948,6144,6596,3086,17608,1651.298686319
8949,6144,6597,3085,17608,1651.298739424
8950,6144,6597,3084,17607,1651.298792529
8951,6144,6596,3083,17607,1651.298845635
8952,6144,6596,3082,17607,1651.298898740
8953,6144,6596,3081,17606,1651.298951845
8954,6144,6596,3080,17606,1651.299004950
8955,6144,6596,3080,17606,1651.299058056
8956,6144,6596,3079,17606,1651.299111161
8957,6144,6596,3078,17606,1651.299164266
8958,6144,6596,3078,17606,1651.299217372
8959,6143,6595,3077,17606,1651.299270477
8960,6143,6595,3077,17605,1651.299323582
8961,6143,6595,3077,17605,1651.299376688
8962,6143,6594,3077,17605,1651.299429793
8963,6142,6594,3076,17606,1651.299482898
8964,6142,6593,3076,17606,1651.299536004
8965,6141,6593,3076,17606,1651.299589109
8966,6141,6592,3076,17606,1651.299642214
8967,6140,6592,3076,17606,1651.299695320
8968,6140,6591,3076,17606,1651.299748425
8969,6139,6590,3077,17607,1651.299801530
8970,6139,6590,3077,17607,1651.299854635
8971,6138,6589,3077,17607,1651.299907741
8972,6137,6588,3078,17608,1651.299960846
8973,6137,6587,3079,17608,1651.300013951
8974,6136,6586,3079,17609,1651.300067057
8975,6135,6585,3080,17609,1651.300120162
8976,6134,6584,3081,17610,1651.300173267
8977,6133,6583,3082,17610,1651.300226373
8978,6132,6582,3083,17611,1651.300279478
8979,6131,6581,3084,17612,1651.300332583
8980,6130,6580,3085,17612,1651.300385689
8981,6129,6579,3086,17613,1651.300438794
8982,6128,6577,3088,17614,1651.300491899
8983,6127,6576,3089,17615,1651.300545005
8984,6126,6574,3091,17616,1651.300598110
8985,6125,6573,3093,17617,1651.300651215
8986,6123,6571,3094,17618,1651.300704320
8987,6122,6570,3096,17619,1651.300757426
8988,6121,6568,3098,17620,1651.300810531
8989,6119,6566,3100,17621,1651.300863636
8990,6118,6565,3102,17622,1651.300916742
8991,6116,6563,3104,17623,1651.300969847
8992,6115,6561,3107,17625,1651.301022952
8993,6113,6559,3109,17626,1651.301076058
8994,6111,6557,3112,17627,1651.301129163
8995,6110,6555,3114,17629,1651.301182268
8996,6108,6554,3117,17630,1651.301235374
8997,6106,6552,3119,17631,1651.301288479
8998,6105,6549,3122,17633,1651.301341584
8999,6103,6547,3125,17634,1651.301394689
9000,6101,6545,3127,17636,1651.301447795
9001,6099,6543,3130,17637,1651.301500900
9002,6098,6541,3133,17639,1651.301554005
9003,6096,6539,3136,17640,1651.301607111
9004,6094,6536,3139,17642,1651.301660216
9005,6092,6534,3142,17644,1651.301713321
9006,6090,6532,3145,17645,1651.301766427
9007,6088,6530,3149,17647,1651.301819532
9008,6086,6527,3152,17649,1651.301872637
9009,6084,6525,3155,17650,1651.301925743
9010,6082,6523,3158,17652,1651.301978848
9011,6080,6520,3162,17654,1651.302031953
9012,6078,6518,3165,17656,1651.302085059
9013,6076,6515,3168,17657,1651.302138164
9014,6074,6513,3172,17659,1651.302191269
9015,6072,6510,3175,17661,1651.302244374
9016,6070,6508,3179,17663,1651.302297480
9017,6067,6505,3182,17665,1651.302350585
9018,6065,6503,3185,17667,1651.302403690
9019,6063,6500,3189,17668,1651.302456796
9020,6061,6498,3192,17670,1651.302509901
9021,6059,6495,3196,17672,1651.302563006
9022,6057,6493,3199,17674,1651.302616112
9023,6055,6490,3203,17676,1651.302669217
9024,6053,6488,3207,17678,1651.302722322
9025,6050,6485,3210,17680,1651.302775428
9026,6048,6483,3214,17681,1651.302828533
9027,6046,6480,3217,17683,1651.302881638
9028,6044,6478,3221,17685,1651.302934743
9029,6042,6475,3224,17687,1651.302987849
9030,6040,6473,3228,17689,1651.303040954
9031,6038,6470,3231,17691,1651.303094059
9032,6036,6468,3235,17692,1651.303147165
9033,6034,6465,3238,17694,1651.303200270
9034,6031,6463,3241,17696,1651.303253375
9035,6029,6460,3245,17698,1651.303306481
9036,6027,6458,3248,17700,1651.303359586
9037,6025,6455,3252,17701,1651.303412691
9038,6023,6453,3255,17703,1651.303465797
9039,6021,6451,3258,17705,1651.303518902
9040,6019,6448,3261,17707,1651.303572007
9041,6017,6446,3265,17708,1651.303625113
9042,6015,6443,3268,17710,1651.303678218
9043,6013,6441,3271,17712,1651.303731323
9044,6011,6439,3274,17713,1651.303784428
9045,6009,6437,3277,17715,1651.303837534
9046,6007,6434,3280,17717,1651.303890639
9047,6006,6432,3283,17718,1651.303943744
9048,6004,6430,3286,17720,1651.303996850
9049,6002,6428,3289,17721,1651.304049955
9050,6000,6426,3292,17723,1651.304103060
9051,5998,6424,3294,17724,1651.304156166
9052,5997,6422,3297,17726,1651.304209271
9053,5995,6420,3300,17727,1651.304262376
9054,5993,6418,3302,17729,1651.304315482
9055,5992,6416,3305,17730,1651.304368587
9056,5990,6414,3307,17731,1651.304421692
9057,5988,6412,3309,17733,1651.304474797
9058,5987,6410,3312,17734,1651.304527903
9059,5985,6408,3314,17735,1651.304581008
9060,5984,6407,3316,17736,1651.304634113
9061,5983,6405,3318,17737,1651.304687219
9062,5981,6403,3320,17738,1651.304740324
9063,5980,6402,3322,17739,1651.304793429
9064,5978,6400,3323,17740,1651.304846535
9065,5977,6399,3325,17741,1651.304899640
9066,5976,6397,3327,17742,1651.304952745
9067,5975,6396,3328,17743,1651.305005851
9068,5974,6395,3330,17744,1651.305058956
9069,5973,6393,3331,17745,1651.305112061
9070,5972,6392,3332,17745,1651.305165167
9071,5971,6391,3333,17746,1651.305218272
9072,5970,6390,3334,17747,1651.305271377
9073,5969,6389,3335,17747,1651.305324482
9074,5968,6388,3336,17748,1651.305377588
9075,5967,6387,3336,17748,1651.305430693
9076,5966,6386,3337,17749,1651.305483798
9077,5966,6385,3338,17749,1651.305536904
9078,5965,6384,3338,17750,1651.305590009
9079,5964,6383,3338,17750,1651.305643114
9080,5964,6383,3339,17750,1651.305696220
9081,5963,6382,3339,17750,1651.305749325
9082,5963,6381,3339,17751,1651.305802430
9083,5962,6381,3339,17751,1651.305855536
9084,5962,6380,3339,17751,1651.305908641
9085,5961,6380,3339,17751,1651.305961746
9086,5961,6379,3339,17751,1651.306014851
9087,5960,6379,3339,17751,1651.306067957
9088,5960,6378,3338,17751,1651.306121062
9089,5960,6378,3338,17751,1651.306174167
9090,5960,6378,3338,17751,1651.306227273
9091,5959,6378,3337,17751,1651.306280378
9092,5959,6377,3337,17751,1651.306333483
9093,5959,6377,3336,17751,1651.306386589
9094,5959,6377,3335,17751,1651.306439694
9095,5959,6377,3335,17750,1651.306492799
9096,5959,6377,3334,17750,1651.306545905
9097,5959,6377,3333,17750,1651.306599010
9098,5959,6377,3332,17749,1651.306652115
9099,5959,6376,3331,17749,1651.306705221
9100,5959,6376,3330,17749,1651.306758326
9101,5959,6377,3329,17748,1651.306811431
9102,5959,6377,3328,17748,1651.306864536
9103,5959,6377,3327,17748,1651.306917642
9104,5959,6377,3326,17747,1651.306970747
9105,5959,6377,3325,17747,1651.307023852
9106,5959,6377,3323,17746,1651.307076958
9107,5959,6377,3322,17746,1651.307130063
9108,5959,6378,3321,17745,1651.307183168
9109,5960,6378,3319,17744,1651.307236274
9110,5960,6378,3318,17744,1651.307289379
9111,5960,6378,3317,17743,1651.307342484
9112,5960,6379,3315,17743,1651.307395590
9113,5961,6379,3314,17742,1651.307448695
9114,5961,6379,3312,17741,1651.307501800
9115,5961,6380,3310,17741,1651.307554905
9116,5961,6380,3309,17740,1651.307608011
9117,5962,6380,3307,17739,1651.307661116
9118,5962,6381,3306,17738,1651.307714221
9119,5962,6381,3304,17738,1651.307767327
9120,5963,6381,3302,17737,1651.307820432
9121,5963,6382,3301,17736,1651.307873537
9122,5963,6382,3299,17735,1651.307926643
9123,5964,6383,3297,17735,1651.307979748
9124,5964,6383,3295,17734,1651.308032853
9125,5965,6384,3294,17733,1651.308085959
9126,5965,6384,3292,17732,1651.308139064
9127,5965,6385,3290,17731,1651.308192169
9128,5966,6385,3288,17730,1651.308245275
9129,5966,6386,3287,17730,1651.308298380
9130,5967,6386,3285,17729,1651.308351485
9131,5967,6387,3283,17728,1651.308404590
9132,5967,6387,3281,17727,1651.308457696
9133,5968,6388,3279,17726,1651.308510801
9134,5968,6388,3278,17725,1651.308563906
9135,5969,6389,3276,17724,1651.308617012
9136,5969,6389,3274,17724,1651.308670117
9137,5970,6390,3272,17723,1651.308723222
9138,5970,6390,3271,17722,1651.308776328
9139,5970,6391,3269,17721,1651.308829433
9140,5971,6391,3267,17720,1651.308882538
9141,5971,6391,3265,17719,1651.308935644
9142,5972,6392,3264,17718,1651.308988749
9143,5972,6392,3262,17717,1651.309041854
9144,5972,6393,3260,17717,1651.309094959
9145,5973,6393,3259,17716,1651.309148065
9146,5973,6394,3257,17715,1651.309201170
9147,5973,6394,3255,17714,1651.309254275
9148,5974,6395,3254,17713,1651.309307381
9149,5974,6395,3252,17712,1651.309360486
9150,5974,6395,3250,17711,1651.309413591
9151,5975,6396,3249,17711,1651.309466697
9152,5975,6396,3247,17710,1651.309519802
9153,5975,6396,3246,17709,1651.309572907
9154,5976,6397,3245,17708,1651.309626013
9155,5976,6397,3243,17707,1651.309679118
9156,5976,6397,3242,17706,1651.309732223
9157,5976,6398,3240,17706,1651.309785329
9158,5977,6398,3239,17705,1651.309838434
9159,5977,6398,3238,17704,1651.309891539
9160,5977,6399,3236,17703,1651.309944644
9161,5977,6399,3235,17703,1651.309997750
9162,5978,6399,3234,17702,1651.310050855
9163,5978,6399,3233,17701,1651.310103960
9164,5978,6399,3232,17700,1651.310157066
9165,5978,6400,3230,17700,1651.310210171
9166,5978,6400,3229,17699,1651.310263276
9167,5978,6400,3228,17698,1651.310316382
9168,5978,6400,3227,17697,1651.310369487
9169,5979,6400,3226,17697,1651.310422592
9170,5979,6400,3225,17696,1651.310475698
9171,5979,6401,3224,17695,1651.310528803
9172,5979,6401,3223,17695,1651.310581908
9173,5979,6401,3222,17694,1651.310635014
9174,5979,6401,3221,17693,1651.310688119
9175,5979,6401,3220,17693,1651.310741224
9176,5979,6401,3219,17692,1651.310794329
9177,5979,6401,3218,17691,1651.310847435
9178,5979,6401,3217,17691,1651.310900540
9179,5979,6401,3217,17690,1651.310953645
9180,5979,6401,3216,17689,1651.311006751
9181,5979,6401,3215,17689,1651.311059856
9182,5979,6401,3214,17688,1651.311112961
9183,5979,6401,3213,17688,1651.311166067
9184,5979,6401,3213,17687,1651.311219172
9185,5979,6401,3212,17686,1651.311272277
9186,5979,6401,3211,17686,1651.311325383
9187,5979,6401,3210,17685,1651.311378488
9188,5979,6401,3210,17685,1651.311431593
9189,5979,6401,3209,17684,1651.311484698
9190,5979,6401,3208,17683,1651.311537804
9191,5979,6401,3208,17683,1651.311590909
9192,5979,6401,3207,17682,1651.311644014
9193,5979,6401,3206,17682,1651.311697120
9194,5979,6401,3206,17681,1651.311750225
9195,5979,6401,3205,17681,1651.311803330
9196,5979,6401,3204,17680,1651.311856436
9197,5979,6401,3204,17680,1651.311909541
9198,5979,6401,3203,17679,1651.311962646
9199,5979,6400,3203,17679,1651.312015752
9200,5979,6400,3202,17678,1651.312068857
9201,5979,6400,3202,17678,1651.312121962
9202,5979,6400,3201,17677,1651.312175068
9203,5978,6400,3200,17677,1651.312228173
9204,5978,6400,3200,17676,1651.312281278
9205,5978,6400,3199,17676,1651.312334383
9206,5978,6400,3199,17675,1651.312387489
9207,5978,6400,3198,17675,1651.312440594
9208,5978,6400,3198,17674,1651.312493699
9209,5978,6399,3197,17674,1651.312546805
9210,5978,6399,3197,17673,1651.312599910
9211,5978,6399,3196,17673,1651.312653015
9212,5978,6399,3196,17672,1651.312706121
9213,5977,6399,3195,17672,1651.312759226
9214,5977,6399,3195,17671,1651.312812331
9215,5977,6399,3194,17671,1651.312865437
9216,5977,6398,3194,17670,1651.312918542
9217,5977,6398,3193,17670,1651.312971647
9218,5977,6398,3193,17670,1651.313024752
9219,5977,6398,3192,17669,1651.313077858
9220,5977,6398,3192,17669,1651.313130963
9221,5977,6398,3192,17668,1651.313184068
9222,5976,6398,3191,17668,1651.313237174
9223,5976,6398,3191,17667,1651.313290279
9224,5976,6397,3190,17667,1651.313343384
9225,5976,6397,3190,17667,1651.313396490
9226,5976,6397,3189,17666,1651.313449595
9227,5976,6397,3189,17666,1651.313502700
9228,5976,6397,3188,17665,1651.313555806
9229,5976,6397,3188,17665,1651.313608911
9230,5976,6397,3187,17664,1651.313662016
9231,5975,6397,3187,17664,1651.313715122
9232,5975,6396,3186,17664,1651.313768227
9233,5975,6396,3186,17663,1651.313821332
9234,5975,6396,3185,17663,1651.313874437
9235,5975,6396,3185,17663,1651.313927543
9236,5975,6396,3184,17662,1651.313980648
9237,5975,6396,3184,17662,1651.314033753
9238,5975,6396,3183,17661,1651.314086859
9239,5975,6396,3183,17661,1651.314139964
9240,5975,6396,3182,17661,1651.314193069
9241,5975,6396,3182,17660,1651.314246175
9242,5975,6396,3181,17660,1651.314299280
9243,5975,6395,3180,17659,1651.314352385
9244,5974,6395,3180,17659,1651.314405491
9245,5974,6395,3179,17659,1651.314458596
9246,5974,6395,3179,17658,1651.314511701
9247,5974,6395,3178,17658,1651.314564806
9248,5974,6395,3177,17658,1651.314617912
9249,5974,6395,3177,17657,1651.314671017
9250,5974,6395,3176,17657,1651.314724122
9251,5974,6395,3176,17657,1651.314777228
9252,5974,6395,3175,17656,1651.314830333
9253,5974,6395,3174,17656,1651.314883438
9254,5974,6395,3174,17656,1651.314936544
9255,5974,6395,3173,17655,1651.314989649
9256,5974,6395,3173,17655,1651.315042754
9257,5974,6395,3172,17654,1651.315095860
9258,5974,6395,3171,17654,1651.315148965
9259,5974,6395,3171,17654,1651.315202070
9260,5974,6395,3170,17653,1651.315255176
9261,5974,6395,3169,17653,1651.315308281
9262,5974,6395,3169,17653,1651.315361386
9263,5974,6395,3168,17652,1651.315414491
9264,5974,6395,3167,17652,1651.315467597
9265,5974,6395,3166,17652,1651.315520702
9266,5974,6395,3166,17651,1651.315573807
9267,5974,6395,3165,17651,1651.315626913
9268,5974,6395,3164,17651,1651.315680018
9269,5974,6395,3164,17650,1651.315733123
9270,5974,6395,3163,17650,1651.315786229
9271,5974,6395,3162,17650,1651.315839334
9272,5974,6395,3161,17649,1651.315892439
9273,5974,6395,3161,17649,1651.315945545
9274,5974,6395,3160,17649,1651.315998650
9275,5974,6395,3159,17648,1651.316051755
9276,5974,6395,3158,17648,1651.316104860
9277,5974,6395,3158,17648,1651.316157966
9278,5974,6395,3157,17647,1651.316211071
9279,5974,6395,3156,17647,1651.316264176
9280,5974,6395,3155,17647,1651.316317282
9281,5974,6395,3155,17646,1651.316370387
9282,5974,6395,3154,17646,1651.316423492
9283,5974,6395,3153,17645,1651.316476598
9284,5974,6395,3152,17645,1651.316529703
9285,5974,6395,3151,17645,1651.316582808
9286,5974,6395,3151,17644,1651.316635914
9287,5974,6395,3150,17644,1651.316689019
9288,5974,6395,3149,17644,1651.316742124
9289,5974,6395,3148,17643,1651.316795230
9290,5974,6395,3147,17643,1651.316848335
9291,5974,6395,3147,17643,1651.316901440
9292,5974,6395,3146,17642,1651.316954545
9293,5974,6395,3145,17642,1651.317007651
9294,5974,6395,3144,17642,1651.317060756
9295,5974,6395,3143,17641,1651.317113861
9296,5974,6395,3142,17641,1651.317166967
9297,5974,6395,3142,17640,1651.317220072
9298,5974,6395,3141,17640,1651.317273177
9299,5974,6395,3140,17640,1651.317326283
9300,5974,6395,3139,17639,1651.317379388
9301,5974,6395,3138,17639,1651.317432493
9302,5974,6395,3137,17639,1651.317485599
9303,5975,6395,3136,17638,1651.317538704
9304,5975,6395,3136,17638,1651.317591809
9305,5975,6395,3135,17638,1651.317644914
9306,5975,6396,3134,17637,1651.317698020
9307,5975,6396,3133,17637,1651.317751125
9308,5975,6396,3132,17636,1651.317804230
9309,5975,6396,3131,17636,1651.317857336
9310,5975,6396,3130,17636,1651.317910441
9311,5975,6396,3129,17635,1651.317963546
9312,5975,6396,3128,17635,1651.318016652
9313,5975,6396,3127,17634,1651.318069757
9314,5975,6396,3127,17634,1651.318122862
9315,5975,6396,3126,17634,1651.318175968
9316,5975,6396,3125,17633,1651.318229073
9317,5975,6396,3124,17633,1651.318282178
9318,5975,6396,3123,17632,1651.318335284
9319,5975,6396,3122,17632,1651.318388389
9320,5975,6396,3121,17631,1651.318441494
9321,5975,6396,3120,17631,1651.318494599
9322,5975,6396,3119,17631,1651.318547705
9323,5975,6396,3118,17630,1651.318600810
9324,5975,6396,3117,17630,1651.318653915
9325,5975,6396,3116,17629,1651.318707021
9326,5975,6396,3115,17629,1651.318760126
9327,5975,6396,3114,17628,1651.318813231
9328,5975,6396,3113,17628,1651.318866337
9329,5975,6396,3112,17628,1651.318919442
9330,5975,6396,3112,17627,1651.318972547
9331,5975,6396,3111,17627,1651.319025653
9332,5975,6396,3110,17626,1651.319078758
9333,5975,6396,3109,17626,1651.319131863
9334,5975,6396,3108,17625,1651.319184968
9335,5975,6396,3107,17625,1651.319238074
9336,5975,6396,3106,17624,1651.319291179
9337,5975,6396,3105,17624,1651.319344284
9338,5975,6396,3104,17623,1651.319397390
9339,5975,6396,3103,17623,1651.319450495
9340,5975,6396,3102,17622,1651.319503600
9341,5975,6396,3101,17622,1651.319556706
9342,5975,6396,3100,17621,1651.319609811
9343,5975,6396,3099,17621,1651.319662916
9344,5975,6396,3098,17621,1651.319716022
9345,5975,6396,3097,17620,1651.319769127
9346,5975,6396,3096,17620,1651.319822232
9347,5975,6396,3095,17619,1651.319875338
9348,5975,6396,3094,17619,1651.319928443
9349,5975,6396,3093,17618,1651.319981548
9350,5975,6396,3092,17618,1651.320034653
9351,5975,6396,3091,17617,1651.320087759
9352,5975,6396,3090,17617,1651.320140864
9353,5975,6396,3089,17616,1651.320193969
9354,5975,6396,3088,17616,1651.320247075
9355,5975,6396,3087,17615,1651.320300180
9356,5975,6396,3086,17615,1651.320353285
9357,5975,6396,3085,17614,1651.320406391
9358,5975,6396,3084,17614,1651.320459496
9359,5975,6396,3083,17613,1651.320512601
9360,5975,6396,3082,17613,1651.320565707
9361,5975,6396,3081,17613,1651.320618812
9362,5975,6396,3080,17612,1651.320671917
9363,5975,6396,3079,17612,1651.320725023
9364,5975,6396,3078,17611,1651.320778128
9365,5975,6396,3077,17611,1651.320831233
9366,5975,6396,3076,17610,1651.320884338
9367,5975,6396,3075,17610,1651.320937444
9368,5975,6396,3074,17609,1651.320990549
9369,5975,6396,3073,17609,1651.321043654
9370,5975,6396,3072,17608,1651.321096760
9371,5975,6396,3071,17608,1651.321149865
9372,5975,6396,3070,17608,1651.321202970
9373,5975,6396,3070,17607,1651.321256076
9374,5975,6396,3069,17607,1651.321309181
9375,5975,6396,3068,17606,1651.321362286
9376,5975,6396,3067,17606,1651.321415392
9377,5975,6396,3066,17605,1651.321468497
9378,5975,6396,3065,17605,1651.321521602
9379,5975,6396,3064,17604,1651.321574707
9380,5975,6396,3063,17604,1651.321627813
9381,5975,6396,3062,17604,1651.321680918
9382,5975,6396,3061,17603,1651.321734023
9383,5975,6396,3060,17603,1651.321787129
9384,5975,6396,3059,17602,1651.321840234
9385,5975,6396,3058,17602,1651.321893339
9386,5975,6396,3057,17602,1651.321946445
9387,5975,6396,3056,17601,1651.321999550
9388,5975,6396,3055,17601,1651.322052655
9389,5975,6396,3055,17601,1651.322105761
9390,5975,6396,3054,17600,1651.322158866
9391,5975,6396,3053,17600,1651.322211971
9392,5975,6396,3052,17599,1651.322265077
9393,5975,6396,3051,17599,1651.322318182
9394,5975,6396,3050,17599,1651.322371287
9395,5975,6396,3049,17598,1651.322424392
9396,5975,6396,3048,17598,1651.322477498
9397,5975,6396,3047,17598,1651.322530603
9398,5975,6396,3047,17597,1651.322583708
9399,5975,6396,3046,17597,1651.322636814
9400,5975,6396,3045,17597,1651.322689919
9401,5975,6396,3044,17596,1651.322743024
9402,5975,6396,3043,17596,1651.322796130
9403,5975,6396,3042,17596,1651.322849235
9404,5975,6396,3042,17596,1651.322902340
9405,5975,6396,3041,17595,1651.322955446
9406,5975,6396,3040,17595,1651.323008551
9407,5975,6396,3039,17595,1651.323061656
9408,5975,6396,3038,17594,1651.323114761
9409,5975,6396,3037,17594,1651.323167867
9410,5975,6396,3037,17594,1651.323220972
9411,5975,6396,3036,17594,1651.323274077
9412,5975,6396,3035,17593,1651.323327183
9413,5975,6396,3034,17593,1651.323380288
9414,5975,6396,3033,17593,1651.323433393
9415,5975,6396,3033,17593,1651.323486499
9416,5975,6396,3032,17593,1651.323539604
9417,5975,6396,3031,17592,1651.323592709
9418,5975,6396,3030,17592,1651.323645815
9419,5975,6396,3030,17592,1651.323698920
9420,5975,6396,3029,17592,1651.323752025
9421,5975,6396,3028,17592,1651.323805131
9422,5975,6396,3027,17591,1651.323858236
9423,5975,6396,3027,17591,1651.323911341
9424,5975,6396,3026,17591,1651.323964446
9425,5975,6396,3025,17591,1651.324017552
9426,5975,6396,3024,17591,1651.324070657
9427,5975,6396,3024,17591,1651.324123762
9428,5975,6396,3023,17590,1651.324176868
9429,5975,6396,3022,17590,1651.324229973
9430,5975,6396,3022,17590,1651.324283078
9431,5975,6396,3021,17590,1651.324336184
9432,5975,6396,3020,17590,1651.324389289
9433,5975,6396,3019,17590,1651.324442394
9434,5975,6396,3019,17589,1651.324495500
9435,5975,6396,3018,17589,1651.324548605
9436,5975,6396,3017,17589,1651.324601710
9437,5975,6396,3017,17589,1651.324654815
9438,5975,6396,3016,17589,1651.324707921
9439,5975,6396,3015,17589,1651.324761026
9440,5975,6396,3015,17589,1651.324814131
9441,5975,6396,3014,17589,1651.324867237
9442,5975,6396,3013,17588,1651.324920342
9443,5975,6396,3012,17588,1651.324973447
9444,5975,6396,3012,17588,1651.325026553
9445,5975,6396,3011,17588,1651.325079658
9446,5975,6396,3010,17588,1651.325132763
9447,5975,6396,3010,17588,1651.325185869
9448,5975,6396,3009,17588,1651.325238974
9449,5975,6396,3008,17588,1651.325292079
9450,5975,6396,3008,17587,1651.325345185
9451,5975,6396,3007,17587,1651.325398290
9452,5975,6396,3006,17587,1651.325451395
9453,5975,6396,3006,17587,1651.325504500
9454,5975,6396,3005,17587,1651.325557606
9455,5975,6396,3004,17587,1651.325610711
9456,5975,6396,3003,17587,1651.325663816
9457,5975,6396,3003,17587,1651.325716922
9458,5975,6396,3002,17587,1651.325770027
9459,5975,6396,3001,17586,1651.325823132
9460,5975,6396,3001,17586,1651.325876238
9461,5975,6396,3000,17586,1651.325929343
9462,5975,6396,2999,17586,1651.325982448
9463,5975,6396,2999,17586,1651.326035554
9464,5975,6396,2998,17586,1651.326088659
9465,5975,6396,2997,17586,1651.326141764
9466,5975,6396,2996,17585,1651.326194869
9467,5975,6396,2996,17585,1651.326247975
9468,5975,6396,2995,17585,1651.326301080
9469,5975,6396,2994,17585,1651.326354185
9470,5975,6396,2994,17585,1651.326407291
9471,5975,6396,2993,17585,1651.326460396
9472,5975,6396,2992,17585,1651.326513501
9473,5975,6396,2991,17584,1651.326566607
9474,5975,6396,2991,17584,1651.326619712
9475,5975,6396,2990,17584,1651.326672817
9476,5975,6396,2989,17584,1651.326725923
9477,5975,6396,2989,17584,1651.326779028
9478,5975,6396,2988,17584,1651.326832133
9479,5975,6396,2987,17583,1651.326885239
9480,5975,6396,2986,17583,1651.326938344
9481,5975,6396,2986,17583,1651.326991449
9482,5975,6396,2985,17583,1651.327044554
9483,5975,6396,2984,17583,1651.327097660
9484,5975,6396,2983,17582,1651.327150765
9485,5975,6396,2982,17582,1651.327203870
9486,5975,6396,2982,17582,1651.327256976
9487,5975,6396,2981,17582,1651.327310081
9488,5975,6396,2980,17582,1651.327363186
9489,5975,6396,2979,17581,1651.327416292
9490,5975,6396,2978,17581,1651.327469397
9491,5975,6396,2978,17581,1651.327522502
9492,5975,6396,2977,17581,1651.327575608
9493,5975,6396,2976,17580,1651.327628713
9494,5975,6396,2975,17580,1651.327681818
9495,5975,6396,2974,17580,1651.327734923
9496,5975,6396,2974,17580,1651.327788029
9497,5975,6396,2973,17579,1651.327841134
9498,5975,6396,2972,17579,1651.327894239
9499,5975,6396,2971,17579,1651.327947345
9500,5975,6396,2970,17578,1651.328000450
9501,5975,6396,2969,17578,1651.328053555
9502,5975,6396,2968,17578,1651.328106661
9503,5975,6396,2968,17577,1651.328159766
9504,5975,6396,2967,17577,1651.328212871
9505,5975,6396,2966,17577,1651.328265977
9506,5975,6396,2965,17577,1651.328319082
9507,5975,6396,2964,17576,1651.328372187
9508,5975,6396,2963,17576,1651.328425293
9509,5975,6396,2962,17575,1651.328478398
9510,5975,6396,2961,17575,1651.328531503
9511,5975,6396,2960,17575,1651.328584608
9512,5975,6396,2960,17574,1651.328637714
9513,5975,6396,2959,17574,1651.328690819
9514,5975,6396,2958,17574,1651.328743924
9515,5975,6396,2957,17573,1651.328797030
9516,5975,6396,2956,17573,1651.328850135
9517,5975,6396,2955,17573,1651.328903240
9518,5975,6396,2954,17572,1651.328956346
9519,5975,6396,2953,17572,1651.329009451
9520,5975,6396,2952,17571,1651.329062556
9521,5975,6396,2951,17571,1651.329115662
9522,5975,6396,2950,17570,1651.329168767
9523,5975,6396,2949,17570,1651.329221872
9524,5975,6396,2948,17570,1651.329274977
9525,5975,6396,2947,17569,1651.329328083
9526,5975,6396,2946,17569,1651.329381188
9527,5975,6396,2945,17568,1651.329434293
9528,5975,6396,2944,17568,1651.329487399
9529,5975,6396,2944,17567,1651.329540504
9530,5975,6396,2943,17567,1651.329593609
9531,5975,6396,2942,17567,1651.329646715
9532,5975,6396,2941,17566,1651.329699820
9533,5975,6396,2940,17566,1651.329752925
9534,5975,6396,2939,17565,1651.329806031
9535,5975,6396,2938,17565,1651.329859136
9536,5975,6396,2937,17564,1651.329912241
9537,5975,6396,2936,17564,1651.329965347
9538,5975,6396,2935,17563,1651.330018452
9539,5975,6396,2934,17563,1651.330071557
9540,5975,6396,2933,17562,1651.330124662
9541,5975,6396,2932,17562,1651.330177768
9542,5975,6396,2931,17561,1651.330230873
9543,5975,6396,2930,17561,1651.330283978
9544,5975,6396,2929,17560,1651.330337084
9545,5975,6396,2928,17560,1651.330390189
9546,5975,6396,2927,17559,1651.330443294
9547,5975,6396,2926,17559,1651.330496400
9548,5975,6396,2925,17558,1651.330549505
9549,5975,6396,2924,17558,1651.330602610
9550,5975,6396,2923,17557,1651.330655716
9551,5975,6396,2922,17557,1651.330708821
9552,5975,6396,2921,17556,1651.330761926
9553,5975,6396,2920,17556,1651.330815032
9554,5975,6396,2919,17555,1651.330868137
9555,5975,6396,2918,17555,1651.330921242
9556,5975,6396,2917,17554,1651.330974347
9557,5975,6396,2916,17553,1651.331027453
9558,5975,6396,2915,17553,1651.331080558
9559,5975,6396,2914,17552,1651.331133663
9560,5975,6396,2913,17552,1651.331186769
9561,5975,6396,2912,17551,1651.331239874
9562,5975,6396,2911,17551,1651.331292979
9563,5975,6396,2910,17550,1651.331346085
9564,5975,6396,2909,17550,1651.331399190
9565,5975,6396,2908,17549,1651.331452295
9566,5975,6396,2907,17548,1651.331505401
9567,5975,6396,2906,17548,1651.331558506
9568,5975,6396,2905,17547,1651.331611611
9569,5975,6396,2904,17547,1651.331664716
9570,5975,6396,2903,17546,1651.331717822
9571,5975,6396,2902,17546,1651.331770927
9572,5975,6396,2901,17545,1651.331824032
9573,5975,6396,2900,17544,1651.331877138
9574,5975,6396,2899,17544,1651.331930243
9575,5975,6396,2898,17543,1651.331983348
9576,5975,6396,2897,17543,1651.332036454
9577,5975,6396,2896,17542,1651.332089559
9578,5975,6396,2895,17541,1651.332142664
9579,5975,6396,2894,17541,1651.332195770
9580,5975,6396,2893,17540,1651.332248875
9581,5975,6396,2893,17540,1651.332301980
9582,5975,6396,2892,17539,1651.332355086
9583,5975,6396,2891,17538,1651.332408191
9584,5975,6396,2890,17538,1651.332461296
9585,5975,6396,2889,17537,1651.332514401
9586,5975,6396,2888,17537,1651.332567507
9587,5975,6396,2887,17536,1651.332620612
9588,5975,6396,2886,17535,1651.332673717
9589,5975,6396,2885,17535,1651.332726823
9590,5975,6396,2884,17534,1651.332779928
9591,5975,6396,2883,17534,1651.332833033
9592,5975,6396,2882,17533,1651.332886139
9593,5975,6396,2881,17532,1651.332939244
9594,5975,6396,2880,17532,1651.332992349
9595,5975,6396,2879,17531,1651.333045455
9596,5975,6396,2878,17530,1651.333098560
9597,5975,6396,2877,17530,1651.333151665
9598,5975,6396,2876,17529,1651.333204770
9599,5975,6396,2876,17529,1651.333257876
9600,5975,6396,2875,17528,1651.333310981
9601,5975,6396,2874,17527,1651.333364086
9602,5975,6396,2873,17527,1651.333417192
9603,5975,6396,2872,17526,1651.333470297
9604,5975,6396,2871,17526,1651.333523402
9605,5975,6396,2870,17525,1651.333576508
9606,5975,6396,2869,17524,1651.333629613
9607,5975,6396,2868,17524,1651.333682718
9608,5975,6396,2867,17523,1651.333735824
9609,5975,6396,2866,17522,1651.333788929
9610,5975,6396,2866,17522,1651.333842034
9611,5975,6396,2865,17521,1651.333895140
9612,5975,6396,2864,17521,1651.333948245
9613,5975,6396,2863,17520,1651.334001350
9614,5975,6396,2862,17519,1651.334054455
9615,5975,6396,2861,17519,1651.334107561
9616,5975,6396,2860,17518,1651.334160666
9617,5975,6396,2859,17518,1651.334213771
9618,5975,6396,2858,17517,1651.334266877
9619,5975,6396,2858,17516,1651.334319982
9620,5975,6396,2857,17516,1651.334373087
9621,5975,6396,2856,17515,1651.334426193
9622,5975,6396,2855,17515,1651.334479298
9623,5975,6396,2854,17514,1651.334532403
9624,5975,6396,2853,17513,1651.334585509
9625,5975,6396,2852,17513,1651.334638614
9626,5975,6396,2852,17512,1651.334691719
9627,5975,6396,2851,17512,1651.334744824
9628,5975,6396,2850,17511,1651.334797930
9629,5975,6396,2849,17510,1651.334851035
9630,5975,6396,2848,17510,1651.334904140
9631,5975,6396,2847,17509,1651.334957246
9632,5975,6396,2846,17509,1651.335010351
9633,5975,6396,2846,17508,1651.335063456
9634,5975,6396,2845,17507,1651.335116562
9635,5975,6396,2844,17507,1651.335169667
9636,5975,6396,2843,17506,1651.335222772
9637,5975,6396,2842,17506,1651.335275878
9638,5975,6396,2841,17505,1651.335328983
9639,5975,6396,2841,17504,1651.335382088
9640,5975,6396,2840,17504,1651.335435194
9641,5975,6396,2839,17503,1651.335488299
9642,5975,6396,2838,17503,1651.335541404
9643,5975,6396,2837,17502,1651.335594509
9644,5975,6396,2837,17502,1651.335647615
9645,5975,6396,2836,17501,1651.335700720
9646,5975,6396,2835,17501,1651.335753825
9647,5975,6396,2834,17500,1651.335806931
9648,5975,6396,2833,17499,1651.335860036
9649,5975,6396,2833,17499,1651.335913141
9650,5975,6396,2832,17498,1651.335966247
9651,5975,6396,2831,17498,1651.336019352
9652,5975,6396,2830,17497,1651.336072457
9653,5975,6396,2829,17497,1651.336125563
9654,5975,6396,2829,17496,1651.336178668
9655,5975,6396,2828,17496,1651.336231773
9656,5975,6396,2827,17495,1651.336284878
9657,5975,6396,2826,17495,1651.336337984
9658,5975,6396,2826,17494,1651.336391089
9659,5975,6396,2825,17494,1651.336444194
9660,5975,6396,2824,17493,1651.336497300
9661,5975,6396,2823,17493,1651.336550405
9662,5975,6396,2823,17492,1651.336603510
9663,5975,6396,2822,17492,1651.336656616
9664,5975,6396,2821,17491,1651.336709721
9665,5975,6396,2820,17491,1651.336762826
9666,5975,6396,2820,17490,1651.336815932
9667,5975,6396,2819,17490,1651.336869037
9668,5975,6396,2818,17489,1651.336922142
9669,5975,6396,2817,17489,1651.336975248
9670,5975,6396,2817,17488,1651.337028353
9671,5975,6396,2816,17488,1651.337081458
9672,5975,6396,2815,17487,1651.337134563
9673,5975,6396,2814,17487,1651.337187669
9674,5975,6396,2814,17486,1651.337240774
9675,5975,6396,2813,17486,1651.337293879
9676,5975,6396,2812,17485,1651.337346985
9677,5975,6396,2812,17485,1651.337400090
9678,5975,6396,2811,17484,1651.337453195
9679,5975,6396,2810,17484,1651.337506301
9680,5975,6396,2809,17483,1651.337559406
9681,5975,6396,2809,17483,1651.337612511
9682,5975,6396,2808,17483,1651.337665617
9683,5975,6396,2807,17482,1651.337718722
9684,5975,6396,2807,17482,1651.337771827
9685,5975,6396,2806,17481,1651.337824932
9686,5975,6396,2805,17481,1651.337878038
9687,5975,6396,2804,17480,1651.337931143
9688,5975,6396,2804,17480,1651.337984248
9689,5975,6396,2803,17479,1651.338037354
9690,5975,6396,2802,17479,1651.338090459
9691,5975,6396,2802,17478,1651.338143564
9692,5975,6396,2801,17478,1651.338196670
9693,5975,6396,2800,17478,1651.338249775
9694,5975,6396,2799,17477,1651.338302880
9695,5975,6396,2799,17477,1651.338355986
9696,5975,6396,2798,17476,1651.338409091
9697,5975,6396,2797,17476,1651.338462196
9698,5975,6396,2797,17475,1651.338515302
9699,5975,6396,2796,17475,1651.338568407
9700,5975,6396,2795,17475,1651.338621512
9701,5975,6396,2794,17474,1651.338674617
9702,5975,6396,2794,17474,1651.338727723
9703,5975,6396,2793,17473,1651.338780828
9704,5975,6396,2792,17473,1651.338833933
9705,5975,6396,2791,17472,1651.338887039
9706,5975,6396,2791,17472,1651.338940144
9707,5975,6396,2790,17471,1651.338993249
9708,5975,6396,2789,17471,1651.339046355
9709,5975,6396,2789,17471,1651.339099460
9710,5975,6396,2788,17470,1651.339152565
9711,5975,6396,2787,17470,1651.339205671
9712,5975,6396,2786,17469,1651.339258776
9713,5975,6396,2786,17469,1651.339311881
9714,5975,6396,2785,17468,1651.339364986
9715,5975,6396,2784,17468,1651.339418092
9716,5975,6396,2783,17467,1651.339471197
9717,5975,6396,2783,17467,1651.339524302
9718,5975,6396,2782,17466,1651.339577408
9719,5975,6396,2781,17466,1651.339630513
9720,5975,6396,2780,17466,1651.339683618
9721,5975,6396,2780,17465,1651.339736724
9722,5975,6396,2779,17465,1651.339789829
9723,5975,6396,2778,17464,1651.339842934
9724,5975,6396,2777,17464,1651.339896040
9725,5975,6396,2776,17463,1651.339949145
9726,5975,6396,2776,17463,1651.340002250
9727,5975,6396,2775,17462,1651.340055356
9728,5975,6396,2774,17462,1651.340108461
9729,5975,6396,2773,17461,1651.340161566
9730,5975,6396,2772,17461,1651.340214671
9731,5975,6396,2772,17460,1651.340267777
9732,5975,6396,2771,17460,1651.340320882
9733,5975,6396,2770,17459,1651.340373987
9734,5975,6396,2769,17459,1651.340427093
9735,5975,6396,2768,17458,1651.340480198
9736,5975,6396,2768,17458,1651.340533303
9737,5975,6396,2767,17457,1651.340586409
9738,5975,6396,2766,17457,1651.340639514
9739,5975,6396,2765,17456,1651.340692619
9740,5975,6396,2764,17456,1651.340745725
9741,5975,6396,2763,17455,1651.340798830
9742,5975,6396,2762,17455,1651.340851935
9743,5975,6396,2762,17454,1651.340905041
9744,5975,6396,2761,17453,1651.340958146
9745,5975,6396,2760,17453,1651.341011251
9746,5975,6396,2759,17452,1651.341064356
9747,5975,6396,2758,17452,1651.341117462
9748,5975,6396,2757,17451,1651.341170567
9749,5975,6396,2756,17451,1651.341223672
9750,5975,6396,2755,17450,1651.341276778
9751,5975,6396,2754,17449,1651.341329883
9752,5975,6396,2753,17449,1651.341382988
9753,5975,6396,2753,17448,1651.341436094
9754,5975,6396,2752,17448,1651.341489199
9755,5975,6396,2751,17447,1651.341542304
9756,5975,6396,2750,17447,1651.341595410
9757,5975,6396,2749,17446,1651.341648515
9758,5975,6396,2748,17445,1651.341701620
9759,5975,6396,2747,17445,1651.341754725
9760,5975,6396,2746,17444,1651.341807831
9761,5975,6396,2745,17443,1651.341860936
9762,5975,6396,2744,17443,1651.341914041
9763,5975,6396,2743,17442,1651.341967147
9764,5975,6396,2742,17442,1651.342020252
9765,5975,6396,2741,17441,1651.342073357
9766,5975,6396,2740,17440,1651.342126463
9767,5975,6396,2739,17440,1651.342179568
9768,5975,6396,2738,17439,1651.342232673
9769,5975,6396,2737,17438,1651.342285779
9770,5975,6396,2736,17438,1651.342338884
9771,5975,6396,2735,17437,1651.342391989
9772,5975,6396,2734,17436,1651.342445095
9773,5975,6396,2733,17436,1651.342498200
9774,5975,6396,2732,17435,1651.342551305
9775,5975,6396,2731,17435,1651.342604410
9776,5975,6396,2730,17434,1651.342657516
9777,5975,6396,2729,17433,1651.342710621
9778,5975,6396,2728,17433,1651.342763726
9779,5975,6396,2727,17432,1651.342816832
9780,5975,6396,2726,17431,1651.342869937
9781,5975,6396,2725,17431,1651.342923042
9782,5975,6396,2724,17430,1651.342976148
9783,5975,6396,2723,17429,1651.343029253
9784,5975,6396,2722,17429,1651.343082358
9785,5975,6396,2721,17428,1651.343135464
9786,5975,6396,2720,17427,1651.343188569
9787,5975,6396,2719,17427,1651.343241674
9788,5975,6396,2718,17426,1651.343294779
9789,5975,6396,2716,17425,1651.343347885
9790,5975,6396,2715,17425,1651.343400990
9791,5975,6396,2714,17424,1651.343454095
9792,5975,6396,2713,17423,1651.343507201
9793,5975,6396,2712,17423,1651.343560306
9794,5975,6396,2711,17422,1651.343613411
9795,5975,6396,2710,17421,1651.343666517
9796,5975,6396,2709,17421,1651.343719622
9797,5975,6396,2708,17420,1651.343772727
9798,5975,6396,2707,17419,1651.343825833
9799,5975,6396,2706,17419,1651.343878938
9800,5975,6396,2705,17418,1651.343932043
9801,5975,6396,2704,17417,1651.343985149
9802,5975,6396,2703,17417,1651.344038254
9803,5975,6396,2702,17416,1651.344091359
9804,5975,6396,2701,17415,1651.344144464
9805,5975,6396,2700,17415,1651.344197570
9806,5975,6396,2698,17414,1651.344250675
9807,5975,6396,2697,17413,1651.344303780
9808,5975,6396,2696,17413,1651.344356886
9809,5975,6396,2695,17412,1651.344409991
9810,5975,6396,2694,17411,1651.344463096
9811,5975,6396,2693,17411,1651.344516202
9812,5975,6396,2692,17410,1651.344569307
9813,5975,6396,2691,17409,1651.344622412
9814,5975,6396,2690,17409,1651.344675518
9815,5975,6396,2689,17408,1651.344728623
9816,5975,6396,2688,17407,1651.344781728
9817,5975,6396,2687,17407,1651.344834833
9818,5975,6396,2686,17406,1651.344887939
9819,5975,6396,2685,17406,1651.344941044
9820,5975,6396,2684,17405,1651.344994149
9821,5975,6396,2683,17404,1651.345047255
9822,5975,6396,2682,17404,1651.345100360
9823,5975,6396,2681,17403,1651.345153465
9824,5975,6396,2680,17402,1651.345206571
9825,5975,6396,2679,17402,1651.345259676
9826,5975,6396,2678,17401,1651.345312781
9827,5975,6396,2677,17401,1651.345365887
9828,5975,6396,2676,17400,1651.345418992
9829,5975,6396,2675,17399,1651.345472097
9830,5975,6396,2674,17399,1651.345525203
9831,5975,6396,2673,17398,1651.345578308
9832,5975,6396,2671,17398,1651.345631413
9833,5975,6396,2670,17397,1651.345684518
9834,5975,6396,2669,17396,1651.345737624
9835,5975,6396,2668,17396,1651.345790729
9836,5975,6396,2667,17395,1651.345843834
9837,5975,6396,2667,17395,1651.345896940
9838,5975,6396,2666,17394,1651.345950045
9839,5975,6396,2665,17393,1651.346003150
9840,5975,6396,2664,17393,1651.346056256
9841,5975,6396,2663,17392,1651.346109361
9842,5975,6396,2662,17392,1651.346162466
9843,5975,6396,2661,17391,1651.346215572
9844,5975,6396,2660,17391,1651.346268677
9845,5975,6396,2659,17390,1651.346321782
9846,5975,6396,2658,17390,1651.346374887
9847,5975,6396,2657,17389,1651.346427993
9848,5975,6396,2656,17389,1651.346481098
9849,5975,6396,2655,17388,1651.346534203
9850,5975,6396,2654,17388,1651.346587309
9851,5975,6396,2653,17387,1651.346640414
9852,5975,6396,2652,17387,1651.346693519
9853,5975,6396,2651,17386,1651.346746625
9854,5975,6396,2650,17386,1651.346799730
9855,5975,6396,2649,17385,1651.346852835
9856,5975,6396,2649,17385,1651.346905941
9857,5975,6396,2648,17384,1651.346959046
9858,5975,6396,2647,17384,1651.347012151
9859,5975,6396,2646,17383,1651.347065257
9860,5975,6396,2645,17383,1651.347118362
9861,5975,6396,2644,17382,1651.347171467
9862,5975,6396,2643,17382,1651.347224572
9863,5975,6396,2642,17381,1651.347277678
9864,5975,6396,2642,17381,1651.347330783
9865,5975,6396,2641,17381,1651.347383888
9866,5975,6396,2640,17380,1651.347436994
9867,5975,6396,2639,17380,1651.347490099
9868,5975,6396,2638,17379,1651.347543204
9869,5975,6396,2637,17379,1651.347596310
9870,5975,6396,2637,17379,1651.347649415
9871,5975,6396,2636,17378,1651.347702520
9872,5975,6396,2635,17378,1651.347755626
9873,5975,6396,2634,17378,1651.347808731
9874,5975,6396,2633,17377,1651.347861836
9875,5975,6396,2633,17377,1651.347914941
9876,5975,6396,2632,17377,1651.347968047
9877,5975,6396,2631,17376,1651.348021152
9878,5975,6396,2630,17376,1651.348074257
9879,5975,6396,2630,17376,1651.348127363
9880,5975,6396,2629,17375,1651.348180468
9881,5975,6396,2628,17375,1651.348233573
9882,5975,6396,2628,17375,1651.348286679
9883,5975,6396,2627,17374,1651.348339784
9884,5975,6396,2626,17374,1651.348392889
9885,5975,6396,2625,17374,1651.348445995
9886,5975,6396,2625,17374,1651.348499100
9887,5975,6396,2624,17373,1651.348552205
9888,5975,6396,2623,17373,1651.348605311
9889,5975,6396,2623,17373,1651.348658416
9890,5975,6396,2622,17373,1651.348711521
9891,5975,6396,2622,17373,1651.348764626
9892,5975,6396,2621,17372,1651.348817732
9893,5975,6396,2620,17372,1651.348870837
9894,5975,6396,2620,17372,1651.348923942
9895,5975,6396,2619,17372,1651.348977048
9896,5975,6396,2619,17372,1651.349030153
9897,5975,6396,2618,17372,1651.349083258
9898,5975,6396,2617,17372,1651.349136364
9899,5975,6396,2617,17371,1651.349189469
9900,5975,6396,2616,17371,1651.349242574
9901,5975,6396,2616,17371,1651.349295680
9902,5975,6396,2615,17371,1651.349348785
9903,5975,6396,2615,17371,1651.349401890
9904,5975,6396,2614,17371,1651.349454995
9905,5975,6396,2614,17371,1651.349508101
9906,5975,6396,2613,17371,1651.349561206
9907,5975,6396,2613,17371,1651.349614311
9908,5975,6396,2613,17371,1651.349667417
9909,5975,6396,2612,17371,1651.349720522
9910,5975,6396,2612,17371,1651.349773627
9911,5975,6396,2611,17371,1651.349826733
9912,5975,6396,2611,17371,1651.349879838
9913,5975,6396,2610,17371,1651.349932943
9914,5975,6396,2610,17371,1651.349986049
9915,5975,6396,2610,17371,1651.350039154
9916,5975,6396,2609,17371,1651.350092259
9917,5975,6396,2609,17371,1651.350145365
9918,5975,6396,2609,17371,1651.350198470
9919,5975,6396,2608,17371,1651.350251575
9920,5975,6396,2608,17372,1651.350304680
9921,5975,6396,2608,17372,1651.350357786
9922,5975,6396,2608,17372,1651.350410891
9923,5975,6396,2607,17372,1651.350463996
9924,5975,6396,2607,17372,1651.350517102
9925,5975,6396,2607,17372,1651.350570207
9926,5975,6396,2607,17373,1651.350623312
9927,5975,6396,2606,17373,1651.350676418
9928,5975,6396,2606,17373,1651.350729523
9929,5975,6396,2606,17373,1651.350782628
9930,5975,6396,2606,17373,1651.350835734
9931,5975,6396,2606,17374,1651.350888839
9932,5975,6396,2606,17374,1651.350941944
9933,5975,6396,2605,17374,1651.350995050
9934,5975,6396,2605,17375,1651.351048155
9935,5975,6396,2605,17375,1651.351101260
9936,5975,6396,2605,17375,1651.351154365
9937,5975,6396,2605,17376,1651.351207471
9938,5975,6396,2605,17376,1651.351260576
9939,5975,6396,2605,17376,1651.351313681
9940,5975,6396,2605,17377,1651.351366787
9941,5975,6396,2605,17377,1651.351419892
9942,5975,6396,2605,17378,1651.351472997
9943,5975,6396,2605,17378,1651.351526103
9944,5975,6396,2605,17379,1651.351579208
9945,5975,6396,2605,17379,1651.351632313
9946,5975,6396,2605,17379,1651.351685419
9947,5975,6396,2605,17380,1651.351738524
9948,5975,6396,2605,17380,1651.351791629
9949,5975,6396,2605,17381,1651.351844734
9950,5975,6396,2606,17382,1651.351897840
9951,5975,6396,2606,17382,1651.351950945
9952,5975,6396,2606,17383,1651.352004050
9953,5975,6396,2606,17383,1651.352057156
9954,5975,6396,2606,17384,1651.352110261
9955,5975,6396,2607,17385,1651.352163366
9956,5975,6396,2607,17385,1651.352216472
9957,5975,6396,2607,17386,1651.352269577
9958,5975,6396,2607,17386,1651.352322682
9959,5975,6396,2608,17387,1651.352375788
9960,5975,6396,2608,17388,1651.352428893
9961,5975,6396,2608,17389,1651.352481998
9962,5975,6396,2609,17389,1651.352535104
9963,5975,6396,2609,17390,1651.352588209
9964,5975,6396,2609,17391,1651.352641314
9965,5975,6396,2610,17392,1651.352694419
9966,5975,6396,2610,17392,1651.352747525
9967,5975,6396,2610,17393,1651.352800630
9968,5975,6396,2611,17394,1651.352853735
9969,5975,6396,2611,17395,1651.352906841
9970,5975,6396,2612,17396,1651.352959946
9971,5975,6396,2612,17397,1651.353013051
9972,5975,6396,2613,17398,1651.353066157
9973,5975,6396,2613,17399,1651.353119262
9974,5975,6396,2614,17400,1651.353172367
9975,5975,6396,2615,17400,1651.353225473
9976,5975,6396,2615,17401,1651.353278578
9977,5975,6396,2616,17402,1651.353331683
9978,5975,6396,2616,17403,1651.353384788
9979,5975,6396,2617,17405,1651.353437894
9980,5975,6396,2618,17406,1651.353490999
9981,5975,6396,2618,17407,1651.353544104
9982,5975,6396,2619,17408,1651.353597210
9983,5975,6396,2620,17409,1651.353650315
9984,5975,6396,2621,17410,1651.353703420
9985,5975,6396,2621,17411,1651.353756526
9986,5975,6396,2622,17412,1651.353809631
9987,5975,6396,2623,17413,1651.353862736
9988,5975,6396,2624,17415,1651.353915842
9989,5975,6396,2625,17416,1651.353968947
9990,5975,6396,2625,17417,1651.354022052
9991,5975,6396,2626,17418,1651.354075158
9992,5975,6396,2627,17420,1651.354128263
9993,5975,6396,2628,17421,1651.354181368
9994,5975,6396,2629,17422,1651.354234473
9995,5975,6396,2630,17424,1651.354287579
9996,5975,6396,2631,17425,1651.354340684
9997,5975,6396,2632,17426,1651.354393789
9998,5975,6396,2633,17428,1651.354446895
9999,5975,6396,2634,17429,1651.354500000
