IDX,Voltage 1,Voltage 2,Target Wl
0,0.9479684829711914,0.9732074737548828,1627.5
1,1.000339388847351,1.0397753715515137,1627.5045
2,0.9694216251373291,0.9855114817619324,1627.509
3,0.860262930393219,1.0618594884872437,1627.5135
4,0.9874044060707092,1.0034942626953125,1627.518
5,0.955855667591095,1.0236854553222656,1627.5225
6,1.0921462774276733,1.018322229385376,1627.527
7,1.0924617052078247,1.0426146984100342,1627.5315
8,0.9391348361968994,1.062174916267395,1627.536
9,0.9179971218109131,0.9369264245033264,1627.5405
10,0.9631118774414062,1.0839436054229736,1627.545
11,0.9347180128097534,1.0233700275421143,1627.5495
12,0.942605197429657,1.0703775882720947,1627.554
13,0.9643738269805908,1.0176912546157837,1627.5585
14,0.9795172214508057,0.9924522042274475,1627.563
15,1.0031788349151611,0.9788862466812134,1627.5675
16,0.9561711549758911,1.0697466135025024,1627.572
17,0.9892973303794861,1.0965631008148193,1627.5765
18,1.042930245399475,1.01390540599823,1627.581
19,1.071324110031128,0.9397658109664917,1627.5855
20,0.9656357765197754,1.018322229385376,1627.59
21,1.01390540599823,1.0350430011749268,1627.5945
22,0.9243069291114807,1.0691156387329102,1627.599
23,0.8571080565452576,1.062174916267395,1627.6035
24,0.9498614072799683,0.9627963900566101,1627.608
25,0.9804636836051941,1.1142303943634033,1627.6125
26,0.9517543315887451,0.9126338362693787,1627.617
27,0.8785611987113953,0.9094789624214172,1627.6215
28,1.044823169708252,0.9258843660354614,1627.626
29,1.0072801113128662,1.0161137580871582,1627.6305
30,0.9321941137313843,0.9807791709899902,1627.635
31,0.9889818429946899,0.9586950540542603,1627.6395
32,0.9189435839653015,0.9978154897689819,1627.644
33,0.949230432510376,0.9328250885009766,1627.6485
34,1.027155876159668,0.9662667512893677,1627.653
35,0.8325000405311584,0.908847987651825,1627.6575
36,0.9142112731933594,0.869096577167511,1627.662
37,0.9896128177642822,0.9435516595840454,1627.6665
38,1.066907286643982,0.9441826343536377,1627.671
39,0.9167351722717285,1.0413527488708496,1627.6755
40,0.9151577353477478,1.035673975944519,1627.68
41,0.9627963900566101,0.886763870716095,1627.6845
42,1.0016013383865356,0.8886567950248718,1627.689
43,0.9135802984237671,0.9561711549758911,1627.6935
44,1.048924446105957,0.949230432510376,1627.698
45,1.0265249013900757,1.0397753715515137,1627.7025
46,0.9489149451255798,0.9511233568191528,1627.707
47,0.9520698189735413,1.0514483451843262,1627.7115
48,1.0167447328567505,0.9334560632705688,1627.716
49,0.8918116688728333,0.8924426436424255,1627.7205
50,1.0366204977035522,0.9501768946647644,1627.725
51,0.9722610116004944,0.9678441882133484,1627.7295
52,0.9896128177642822,0.9321941137313843,1627.734
53,1.115176796913147,0.9864579439163208,1627.7385
54,0.9091634750366211,0.9990774393081665,1627.743
55,0.9990774393081665,0.9296702146530151,1627.7475
56,1.01106595993042,0.9763623476028442,1627.752
57,1.0691156387329102,0.9280927777290344,1627.7565
58,0.9833030700683594,0.958064079284668,1627.761
59,0.9113718867301941,1.057758092880249,1627.7655
60,1.0246319770812988,0.9107409119606018,1627.77
61,1.0363049507141113,0.9441826343536377,1627.7745
62,1.0262093544006348,0.9545937180519104,1627.779
63,0.9908747673034668,0.9173661470413208,1627.7835
64,0.964689314365387,1.0085420608520508,1627.788
65,0.9422897100448608,0.8583700060844421,1627.7925
66,0.9946606159210205,0.9552246928215027,1627.797
67,0.9568021297454834,0.9959225654602051,1627.8015
68,0.9230449795722961,1.0120124816894531,1627.806
69,1.01106595993042,0.8776147365570068,1627.8105
70,1.0016013383865356,1.0722705125808716,1627.815
71,0.9826720952987671,0.9946606159210205,1627.8195
72,0.8407027125358582,0.9716300368309021,1627.824
73,1.041983723640442,1.0476624965667725,1627.8285
74,1.0407217741012573,0.9921367168426514,1627.833
75,1.0539722442626953,0.9776242971420288,1627.8375
76,1.0520793199539185,0.9738384485244751,1627.842
77,0.9309321641921997,1.0322036743164062,1627.8465
78,0.9432361721992493,0.9385038614273071,1627.851
79,0.8864483833312988,0.9675287008285522,1627.8555
80,1.0281022787094116,0.9410277605056763,1627.86
81,0.9751003980636597,0.9990774393081665,1627.8645
82,0.9877198934555054,1.0148518085479736,1627.869
83,0.904431164264679,0.9659512639045715,1627.8735
84,0.9596415162086487,0.9703680872917175,1627.878
85,0.9804636836051941,0.8937045931816101,1627.8825
86,0.8788766860961914,1.0085420608520508,1627.887
87,1.0126434564590454,0.9956070780754089,1627.8915
88,0.9870889186859131,0.9933986663818359,1627.896
89,0.9318786263465881,1.057758092880249,1627.9005
90,0.9662667512893677,0.9211520552635193,1627.905
91,0.9609034657478333,0.9732074737548828,1627.9095
92,0.9195745587348938,0.9978154897689819,1627.914
93,1.093408226966858,1.0281022787094116,1627.9185
94,1.0088576078414917,0.984565019607544,1627.923
95,0.9438671469688416,1.0246319770812988,1627.9275
96,0.9984464645385742,1.009488582611084,1627.932
97,0.9186280965805054,0.9656357765197754,1627.9365
98,1.08015775680542,0.9261998534202576,1627.941
99,0.9946606159210205,0.9975000023841858,1627.9455
100,0.9662667512893677,0.9930831789970398,1627.95
101,1.0378824472427368,1.019899606704712,1627.9545
102,1.0744789838790894,1.046400547027588,1627.959
103,1.022423505783081,0.9495459198951721,1627.9635
104,0.9375573992729187,0.938188374042511,1627.968
105,1.0142208337783813,0.9719455242156982,1627.9725
106,1.0240010023117065,1.0454541444778442,1627.977
107,1.0265249013900757,1.0454541444778442,1627.9815
108,0.9744694232940674,1.0217925310134888,1627.986
109,0.9848805069923401,0.9539627432823181,1627.9905
110,0.9504923820495605,0.955855667591095,1627.995
111,0.9861424565315247,0.9407122731208801,1627.9995
112,0.9318786263465881,0.9952915906906128,1628.004
113,1.1161233186721802,1.0422992706298828,1628.0085
114,1.0927772521972656,0.9965535402297974,1628.013
115,1.0012859106063843,0.953647255897522,1628.0175
116,1.0596510171890259,0.9454445838928223,1628.022
117,0.9170506596565247,1.006649136543274,1628.0265
118,0.7848614454269409,0.8817160725593567,1628.031
119,1.053656816482544,1.0069646835327148,1628.0355
120,1.0539722442626953,1.034096598625183,1628.04
121,0.9937141537666321,1.0063337087631226,1628.0445
122,0.9889818429946899,1.0956165790557861,1628.049
123,0.9101099371910095,0.9126338362693787,1628.0535
124,0.9675287008285522,0.9833030700683594,1628.058
125,0.8258748054504395,1.1145458221435547,1628.0625
126,0.9631118774414062,0.9744694232940674,1628.067
127,0.9820411205291748,1.0943546295166016,1628.0715
128,1.0290488004684448,0.8407027125358582,1628.076
129,0.980148196220398,0.9407122731208801,1628.0805
130,1.0672227144241333,1.0236854553222656,1628.085
131,0.9094789624214172,1.1167542934417725,1628.0895
132,1.0116969347000122,1.0069646835327148,1628.094
133,1.0744789838790894,0.9072705507278442,1628.0985
134,1.01106595993042,0.9473375082015991,1628.103
135,1.0126434564590454,0.9911902546882629,1628.1075
136,1.0741634368896484,0.9265153408050537,1628.112
137,0.8750908374786377,1.0441921949386597,1628.1165
138,0.8353394269943237,0.902222752571106,1628.121
139,0.9520698189735413,1.119593620300293,1628.1255
140,0.9656357765197754,1.1025573015213013,1628.13
141,0.9883508682250977,0.9574331045150757,1628.1345
142,0.9968690276145935,1.0716395378112793,1628.139
143,0.9927676916122437,0.9694216251373291,1628.1435
144,1.01106595993042,1.0255783796310425,1628.148
145,1.0811041593551636,0.9605879783630371,1628.1525
146,1.01106595993042,1.08015775680542,1628.157
147,0.9751003980636597,1.028733253479004,1628.1615
148,0.971314549446106,1.0274713039398193,1628.166
149,0.9356644749641418,0.9583795666694641,1628.1705
150,0.9334560632705688,1.000339388847351,1628.175
151,1.0366204977035522,0.9482839703559875,1628.1795
152,1.1457791328430176,1.0230544805526733,1628.184
153,0.9618499279022217,1.0164293050765991,1628.1885
154,0.9545937180519104,0.9334560632705688,1628.193
155,0.8940200805664062,1.0132744312286377,1628.1975
156,0.9060086011886597,0.9706835746765137,1628.202
157,0.9179971218109131,0.9545937180519104,1628.2065
158,0.9075860381126404,0.9687906503677368,1628.211
159,1.0034942626953125,1.0571271181106567,1628.2155
160,0.9299857020378113,1.0640678405761719,1628.22
161,1.0262093544006348,0.982356607913971,1628.2245
162,0.9997084140777588,0.9744694232940674,1628.229
163,0.9593260288238525,0.9009608030319214,1628.2335
164,0.9703680872917175,0.9795172214508057,1628.238
165,0.8902342319488525,0.9126338362693787,1628.2425
166,1.0703775882720947,1.0053871870040894,1628.247
167,1.044823169708252,1.0441921949386597,1628.2515
168,1.0675382614135742,0.9732074737548828,1628.256
169,1.101926326751709,1.0410373210906982,1628.2605
170,1.0457695722579956,1.0457695722579956,1628.265
171,0.9687906503677368,0.9495459198951721,1628.2695
172,1.009173035621643,1.131266713142395,1628.274
173,1.0006548166275024,0.9807791709899902,1628.2785
174,0.9962380528450012,0.9060086011886597,1628.283
175,0.9993929266929626,0.9028537273406982,1628.2875
176,0.9905592799186707,0.895597517490387,1628.292
177,0.9261998534202576,0.9703680872917175,1628.2965
178,0.9763623476028442,0.9956070780754089,1628.301
179,0.9328250885009766,0.9637428522109985,1628.3055
180,1.0123279094696045,1.0192686319351196,1628.31
181,1.044823169708252,1.042930245399475,1628.3145
182,0.960272490978241,1.01106595993042,1628.319
183,0.9769933223724365,0.9751003980636597,1628.3235
184,0.982356607913971,0.9741539359092712,1628.328
185,1.0252629518508911,0.9637428522109985,1628.3325
186,0.9795172214508057,1.0016013383865356,1628.337
187,1.0057027339935303,1.034096598625183,1628.3415
188,1.028733253479004,1.0236854553222656,1628.346
189,0.9151577353477478,0.9719455242156982,1628.3505
190,0.8369168639183044,1.0568116903305054,1628.355
191,0.9015917778015137,1.031257152557373,1628.3595
192,0.9990774393081665,0.8829780220985413,1628.364
193,0.913264811038971,1.0299952030181885,1628.3685
194,0.958064079284668,0.9325096011161804,1628.373
195,0.8883413076400757,0.8798231482505798,1628.3775
196,1.0681692361831665,0.9463910460472107,1628.382
197,0.9933986663818359,0.9905592799186707,1628.3865
198,1.1104445457458496,0.9400812983512878,1628.391
199,0.906639575958252,0.9388193488121033,1628.3955
200,0.9568021297454834,1.0123279094696045,1628.4
201,1.0432456731796265,1.0148518085479736,1628.4045
202,0.9722610116004944,0.8914961814880371,1628.409
203,0.960272490978241,0.9388193488121033,1628.4135
204,0.8959130048751831,1.0129588842391968,1628.418
205,1.0211615562438965,0.8817160725593567,1628.4225
206,0.9650048017501831,0.9924522042274475,1628.427
207,0.9959225654602051,0.9523853063583374,1628.4315
208,1.0422992706298828,0.9530162811279297,1628.436
209,0.9214675426483154,0.9542782306671143,1628.4405
210,1.0530258417129517,0.9719455242156982,1628.445
211,0.8864483833312988,0.9675287008285522,1628.4495
212,0.9987619519233704,1.0350430011749268,1628.454
213,1.088991403579712,0.9776242971420288,1628.4585
214,0.9653202891349792,1.079842209815979,1628.463
215,0.886763870716095,1.0211615562438965,1628.4675
216,0.9634273648262024,0.9498614072799683,1628.472
217,0.9391348361968994,0.9662667512893677,1628.4765
218,1.0240010023117065,1.1038192510604858,1628.481
219,0.8984369039535522,0.9908747673034668,1628.4855
220,0.9362954497337341,0.949230432510376,1628.49
221,1.0454541444778442,1.015482783317566,1628.4945
222,0.980148196220398,1.0284178256988525,1628.499
223,0.9719455242156982,0.949230432510376,1628.5035
224,1.040406346321106,0.8826625347137451,1628.508
225,1.1050812005996704,0.9369264245033264,1628.5125
226,1.040090799331665,0.9527007937431335,1628.517
227,1.2155019044876099,0.8987523913383484,1628.5215
228,0.9728919863700867,0.9372419118881226,1628.526
229,0.9350335001945496,0.940396785736084,1628.5305
230,0.9867734313011169,1.0016013383865356,1628.535
231,0.940396785736084,0.9220985174179077,1628.5395
232,0.9239914417266846,0.9170506596565247,1628.544
233,0.9959225654602051,1.0016013383865356,1628.5485
234,1.0000238418579102,0.9268308281898499,1628.553
235,0.9776242971420288,1.0634368658065796,1628.5575
236,0.9113718867301941,1.0593355894088745,1628.562
237,0.9413432478904724,0.9173661470413208,1628.5665
238,1.040090799331665,0.9183126091957092,1628.571
239,0.9385038614273071,0.9716300368309021,1628.5755
240,0.9792017340660095,1.026840329170227,1628.58
241,0.9785707592964172,0.8855019211769104,1628.5845
242,0.9892973303794861,0.9902437925338745,1628.589
243,0.9407122731208801,0.9905592799186707,1628.5935
244,0.9318786263465881,1.1053967475891113,1628.598
245,1.0265249013900757,0.9776242971420288,1628.6025
246,0.9965535402297974,0.8719359636306763,1628.607
247,0.8949665427207947,0.9706835746765137,1628.6115
248,1.0369359254837036,0.9489149451255798,1628.616
249,1.10224187374115,1.0085420608520508,1628.6205
250,0.977939784526825,1.047347068786621,1628.625
251,1.0230544805526733,1.0299952030181885,1628.6295
252,1.0129588842391968,1.0107505321502686,1628.634
253,1.1088670492172241,1.1199091672897339,1628.6385
254,1.005071759223938,0.9435516595840454,1628.643
255,0.9962380528450012,0.9971845149993896,1628.6475
256,0.9183126091957092,0.975731372833252,1628.652
257,0.9817256331443787,1.0937236547470093,1628.6565
258,0.8974904417991638,0.927146315574646,1628.661
259,0.927146315574646,1.0148518085479736,1628.6655
260,1.106658697128296,1.0167447328567505,1628.67
261,0.9347180128097534,1.013589859008789,1628.6745
262,1.1028728485107422,0.980148196220398,1628.679
263,0.9378728866577148,1.0867829322814941,1628.6835
264,1.0388288497924805,0.929354727268219,1628.688
265,0.9949761033058167,1.1117064952850342,1628.6925
266,0.9501768946647644,1.0211615562438965,1628.697
267,0.9120028614997864,0.9284082651138306,1628.7015
268,0.9760468602180481,0.94481360912323,1628.706
269,0.9678441882133484,0.89780592918396,1628.7105
270,0.9214675426483154,0.9463910460472107,1628.715
271,1.040090799331665,0.9476529955863953,1628.7195
272,1.024316430091858,0.9672132134437561,1628.724
273,1.0167447328567505,0.9924522042274475,1628.7285
274,0.9826720952987671,0.833761990070343,1628.733
275,0.9422897100448608,0.9706835746765137,1628.7375
276,0.9489149451255798,0.8400717377662659,1628.742
277,0.9908747673034668,0.9653202891349792,1628.7465
278,0.8485898971557617,0.9943451285362244,1628.751
279,0.9075860381126404,0.9959225654602051,1628.7555
280,0.9946606159210205,0.9839340448379517,1628.76
281,0.9886663556098938,1.002232313156128,1628.7645
282,1.0394598245620728,0.9782552719116211,1628.769
283,1.0451385974884033,0.9006453156471252,1628.7735
284,0.9476529955863953,0.9012762904167175,1628.778
285,1.000339388847351,0.9179971218109131,1628.7825
286,0.9968690276145935,1.0479780435562134,1628.787
287,0.9804636836051941,0.8369168639183044,1628.7915
288,0.9656357765197754,0.9940296411514282,1628.796
289,0.9085325002670288,1.122433066368103,1628.8005
290,0.9870889186859131,0.9435516595840454,1628.805
291,0.9012762904167175,0.9385038614273071,1628.8095
292,1.0164293050765991,1.1142303943634033,1628.814
293,0.8716204762458801,0.9340870380401611,1628.8185
294,0.9542782306671143,0.962480902671814,1628.823
295,0.9107409119606018,0.9489149451255798,1628.8275
296,0.9085325002670288,1.0157983303070068,1628.832
297,1.075425386428833,1.0722705125808716,1628.8365
298,1.0098040103912354,1.037566900253296,1628.841
299,1.0019168853759766,0.9347180128097534,1628.8455
300,0.9593260288238525,1.0211615562438965,1628.85
301,0.9574331045150757,0.9858269691467285,1628.8545
302,0.9924522042274475,1.0104349851608276,1628.859
303,1.0258939266204834,1.1249569654464722,1628.8635
304,0.902222752571106,1.049239993095398,1628.868
305,0.9113718867301941,0.8287141919136047,1628.8725
306,0.9940296411514282,0.920521080493927,1628.877
307,0.962480902671814,0.9643738269805908,1628.8815
308,1.0057027339935303,0.8769837617874146,1628.886
309,1.1779588460922241,0.8776147365570068,1628.8905
310,0.9908747673034668,1.0255783796310425,1628.895
311,0.9053776264190674,0.9968690276145935,1628.8995
312,1.1000334024429321,0.929354727268219,1628.904
313,1.0293642282485962,0.9328250885009766,1628.9085
314,0.8905497193336487,1.0662763118743896,1628.913
315,0.9094789624214172,0.9230449795722961,1628.9175
316,0.9807791709899902,0.8728824257850647,1628.922
317,1.0908843278884888,0.9700525999069214,1628.9265
318,1.009488582611084,1.0337810516357422,1628.931
319,1.01106595993042,1.0129588842391968,1628.9355
320,0.9814101457595825,1.013589859008789,1628.94
321,1.0006548166275024,1.029679775238037,1628.9445
322,0.9388193488121033,0.9634273648262024,1628.949
323,0.9889818429946899,1.0129588842391968,1628.9535
324,0.9965535402297974,0.9571176171302795,1628.958
325,1.040090799331665,0.9769933223724365,1628.9625
326,1.046400547027588,0.9094789624214172,1628.967
327,0.9946606159210205,1.040406346321106,1628.9715
328,0.9889818429946899,0.9523853063583374,1628.976
329,0.9921367168426514,0.9798327088356018,1628.9805
330,0.9457600712776184,0.9186280965805054,1628.985
331,0.9385038614273071,0.8747753500938416,1628.9895
332,0.9984464645385742,0.9681596755981445,1628.994
333,1.0085420608520508,0.9984464645385742,1628.9985
334,1.0381978750228882,1.035673975944519,1629.003
335,1.0609129667282104,0.9981309771537781,1629.0075
336,0.9899283051490784,1.0012859106063843,1629.012
337,0.9189435839653015,0.9407122731208801,1629.0165
338,1.062174916267395,1.0205305814743042,1629.021
339,1.0240010023117065,0.9896128177642822,1629.0255
340,1.0262093544006348,0.9795172214508057,1629.03
341,1.03315007686615,0.9400812983512878,1629.0345
342,1.0309417247772217,0.8785611987113953,1629.039
343,0.9915057420730591,0.960272490978241,1629.0435
344,1.000339388847351,0.9280927777290344,1629.048
345,0.9340870380401611,0.9457600712776184,1629.0525
346,0.9763623476028442,0.9123183488845825,1629.057
347,1.0779492855072021,1.004756212234497,1629.0615
348,1.0706931352615356,1.0173757076263428,1629.066
349,1.1006643772125244,1.009173035621643,1629.0705
350,0.9372419118881226,0.9744694232940674,1629.075
351,0.9586950540542603,0.9864579439163208,1629.0795
352,1.0520793199539185,1.0394598245620728,1629.084
353,1.0596510171890259,1.0309417247772217,1629.0885
354,0.9782552719116211,0.9933986663818359,1629.093
355,0.9874044060707092,0.9687906503677368,1629.0975
356,0.9179971218109131,1.0189532041549683,1629.102
357,0.9416587352752686,0.9751003980636597,1629.1065
358,1.0123279094696045,0.9899283051490784,1629.111
359,0.9855114817619324,0.933771550655365,1629.1155
360,0.955855667591095,1.0186376571655273,1629.12
361,0.9309321641921997,0.9820411205291748,1629.1245
362,1.0173757076263428,1.0523948669433594,1629.129
363,0.8466969728469849,1.0363049507141113,1629.1335
364,0.9747849106788635,0.908847987651825,1629.138
365,0.8873948454856873,1.0063337087631226,1629.1425
366,0.9943451285362244,0.873513400554657,1629.147
367,0.9104254245758057,0.8242973685264587,1629.1515
368,0.9138957858085632,0.971314549446106,1629.156
369,1.0031788349151611,0.9375573992729187,1629.1605
370,0.9911902546882629,0.9946606159210205,1629.165
371,1.0101195573806763,1.1012953519821167,1629.1695
372,0.938188374042511,0.9861424565315247,1629.174
373,1.0908843278884888,0.908847987651825,1629.1785
374,1.0176912546157837,1.0407217741012573,1629.183
375,0.982356607913971,1.03598952293396,1629.1875
376,0.9025382399559021,0.938188374042511,1629.192
377,0.9946606159210205,1.0252629518508911,1629.1965
378,1.0060181617736816,0.9987619519233704,1629.201
379,1.062174916267395,0.9533317685127258,1629.2055
380,1.031572699546814,1.0451385974884033,1629.21
381,0.8949665427207947,0.9397658109664917,1629.2145
382,0.9769933223724365,0.9921367168426514,1629.219
383,1.0848900079727173,0.9959225654602051,1629.2235
384,0.982356607913971,1.0347275733947754,1629.228
385,0.9921367168426514,0.9829875826835632,1629.2325
386,1.03315007686615,0.9738384485244751,1629.237
387,1.0041252374649048,0.9618499279022217,1629.2415
388,0.940396785736084,0.9372419118881226,1629.246
389,1.0246319770812988,1.0435612201690674,1629.2505
390,1.0350430011749268,0.9725764989852905,1629.255
391,1.0372514724731445,1.0501863956451416,1629.2595
392,1.0293642282485962,1.031572699546814,1629.264
393,1.0350430011749268,0.8855019211769104,1629.2685
394,0.9858269691467285,0.9933986663818359,1629.273
395,0.9334560632705688,0.9829875826835632,1629.2775
396,0.9542782306671143,1.013589859008789,1629.282
397,0.9523853063583374,0.9530162811279297,1629.2865
398,1.01106595993042,0.9640583395957947,1629.291
399,0.9441826343536377,0.9915057420730591,1629.2955
400,0.891180694103241,1.015482783317566,1629.3
401,0.8274522423744202,1.034096598625183,1629.3045
402,0.9542782306671143,0.9965535402297974,1629.309
403,0.9855114817619324,0.9179971218109131,1629.3135
404,0.9467065334320068,1.0299952030181885,1629.318
405,1.0672227144241333,0.9732074737548828,1629.3225
406,0.938188374042511,0.9568021297454834,1629.327
407,1.0044407844543457,1.037566900253296,1629.3315
408,0.9101099371910095,1.0085420608520508,1629.336
409,0.8914961814880371,0.9561711549758911,1629.3405
410,0.9085325002670288,0.9782552719116211,1629.345
411,1.0113815069198608,0.977939784526825,1629.3495
412,1.0397753715515137,0.8981214165687561,1629.354
413,0.9331405758857727,0.9318786263465881,1629.3585
414,1.1000334024429321,1.0281022787094116,1629.363
415,0.982356607913971,0.9075860381126404,1629.3675
416,0.908847987651825,0.8880258202552795,1629.372
417,1.0088576078414917,0.9785707592964172,1629.3765
418,0.9634273648262024,1.0079110860824585,1629.381
419,0.9769933223724365,1.0195841789245605,1629.3855
420,1.139784812927246,1.0811041593551636,1629.39
421,0.942605197429657,0.9766778349876404,1629.3945
422,1.0170602798461914,0.973522961139679,1629.399
423,0.929354727268219,0.9252533912658691,1629.4035
424,0.9372419118881226,0.9978154897689819,1629.408
425,1.0129588842391968,0.9224140048027039,1629.4125
426,0.9391348361968994,0.9590105414390564,1629.417
427,1.0072801113128662,1.0236854553222656,1629.4215
428,0.9741539359092712,1.0120124816894531,1629.426
429,1.0441921949386597,0.9498614072799683,1629.4305
430,0.9915057420730591,0.9419742226600647,1629.435
431,1.019899606704712,0.9012762904167175,1629.4395
432,0.962480902671814,0.9659512639045715,1629.444
433,0.9318786263465881,0.96689772605896,1629.4485
434,0.9615344405174255,0.9892973303794861,1629.453
435,0.9839340448379517,0.8971749544143677,1629.4575
436,0.9618499279022217,1.1025573015213013,1629.462
437,0.9243069291114807,0.9053776264190674,1629.4665
438,0.9921367168426514,0.9687906503677368,1629.471
439,0.9063240885734558,0.964689314365387,1629.4755
440,0.9328250885009766,0.9047466516494751,1629.48
441,0.9971845149993896,1.1016108989715576,1629.4845
442,0.8331310153007507,1.0441921949386597,1629.489
443,0.9839340448379517,0.891180694103241,1629.4935
444,1.0325191020965576,1.0369359254837036,1629.498
445,0.9684751629829407,0.9672132134437561,1629.5025
446,1.01106595993042,1.0258939266204834,1629.507
447,0.9833030700683594,1.040090799331665,1629.5115
448,0.9321941137313843,0.9883508682250977,1629.516
449,1.0653297901153564,1.1423087120056152,1629.5205
450,1.0041252374649048,0.9482839703559875,1629.525
451,1.071324110031128,1.139784812927246,1629.5295
452,1.0820506811141968,0.982356607913971,1629.534
453,0.9659512639045715,0.9148422479629517,1629.5385
454,0.9467065334320068,0.9479684829711914,1629.543
455,0.9375573992729187,0.9236759543418884,1629.5475
456,1.0482934713363647,1.0372514724731445,1629.552
457,1.1094980239868164,0.9747849106788635,1629.5565
458,0.955855667591095,1.0167447328567505,1629.561
459,1.0281022787094116,1.0211615562438965,1629.5655
460,0.9826720952987671,0.9435516595840454,1629.57
461,0.9732074737548828,1.01106595993042,1629.5745
462,1.0192686319351196,0.9918212294578552,1629.579
463,0.9829875826835632,0.9769933223724365,1629.5835
464,1.0167447328567505,0.9776242971420288,1629.588
465,1.006649136543274,0.9940296411514282,1629.5925
466,0.975731372833252,0.9662667512893677,1629.597
467,0.9952915906906128,0.9508078694343567,1629.6015
468,1.0981404781341553,0.9508078694343567,1629.606
469,1.0053871870040894,0.9309321641921997,1629.6105
470,0.9836185574531555,0.984565019607544,1629.615
471,0.9268308281898499,1.000339388847351,1629.6195
472,0.9467065334320068,0.9990774393081665,1629.624
473,1.0167447328567505,1.0719550848007202,1629.6285
474,1.0098040103912354,0.9202055931091309,1629.633
475,0.9732074737548828,1.018006682395935,1629.6375
476,0.955855667591095,0.96689772605896,1629.642
477,1.0943546295166016,1.0394598245620728,1629.6465
478,0.9438671469688416,0.9025382399559021,1629.651
479,1.004756212234497,0.9318786263465881,1629.6555
480,0.9754158854484558,0.9432361721992493,1629.66
481,1.0123279094696045,1.0170602798461914,1629.6645
482,1.0618594884872437,0.9041156768798828,1629.669
483,1.013589859008789,0.9012762904167175,1629.6735
484,1.1697561740875244,0.9416587352752686,1629.678
485,0.9814101457595825,0.9984464645385742,1629.6825
486,0.9987619519233704,1.078264832496643,1629.687
487,0.9031692147254944,1.009488582611084,1629.6915
488,1.048924446105957,0.9303011894226074,1629.696
489,1.004756212234497,0.9618499279022217,1629.7005
490,0.977939784526825,0.9782552719116211,1629.705
491,0.9864579439163208,0.9924522042274475,1629.7095
492,0.9495459198951721,0.9012762904167175,1629.714
493,0.9956070780754089,1.0520793199539185,1629.7185
494,1.0388288497924805,0.9719455242156982,1629.723
495,1.0495554208755493,1.109182596206665,1629.7275
496,0.9463910460472107,1.0019168853759766,1629.732
497,0.9101099371910095,1.009173035621643,1629.7365
498,0.9678441882133484,0.9662667512893677,1629.741
499,1.0072801113128662,0.9785707592964172,1629.7455
500,0.9385038614273071,0.9019072651863098,1629.75
501,1.009173035621643,1.0082266330718994,1629.7545
502,1.0211615562438965,1.0079110860824585,1629.759
503,1.049239993095398,1.0539722442626953,1629.7635
504,0.9656357765197754,1.1334750652313232,1629.768
505,1.0233700275421143,0.9583795666694641,1629.7725
506,1.0322036743164062,0.933771550655365,1629.777
507,0.8612093925476074,0.9709990620613098,1629.7815
508,0.9855114817619324,0.9353489875793457,1629.786
509,0.9593260288238525,0.9277772903442383,1629.7905
510,0.9353489875793457,1.0391443967819214,1629.795
511,0.9839340448379517,1.0949856042861938,1629.7995
512,0.96689772605896,0.900014340877533,1629.804
513,0.9615344405174255,0.9574331045150757,1629.8085
514,0.9179971218109131,0.9265153408050537,1629.813
515,0.9344025254249573,1.0173757076263428,1629.8175
516,1.0063337087631226,0.9287237524986267,1629.822
517,0.9851959943771362,0.8940200805664062,1629.8265
518,0.8996988534927368,0.975731372833252,1629.831
519,0.9927676916122437,0.949230432510376,1629.8355
520,0.9116873741149902,1.0132744312286377,1629.84
521,1.0344120264053345,0.9776242971420288,1629.8445
522,1.0467160940170288,1.0495554208755493,1629.849
523,0.9997084140777588,1.0303107500076294,1629.8535
524,1.0028632879257202,1.0501863956451416,1629.858
525,0.9709990620613098,0.9722610116004944,1629.8625
526,1.019899606704712,1.110759973526001,1629.867
527,1.028733253479004,0.9687906503677368,1629.8715
528,1.0195841789245605,1.078264832496643,1629.876
529,0.9309321641921997,1.0151673555374146,1629.8805
530,0.9252533912658691,0.9116873741149902,1629.885
531,0.984565019607544,1.088675856590271,1629.8895
532,0.9372419118881226,1.0564961433410645,1629.894
533,0.8987523913383484,0.9397658109664917,1629.8985
534,0.8542686700820923,1.0230544805526733,1629.903
535,1.019899606704712,0.9889818429946899,1629.9075
536,1.0397753715515137,1.0252629518508911,1629.912
537,1.015482783317566,1.0997179746627808,1629.9165
538,1.0240010023117065,0.9896128177642822,1629.921
539,0.9091634750366211,1.0101195573806763,1629.9255
540,1.0028632879257202,0.938188374042511,1629.93
541,0.9296702146530151,1.0202151536941528,1629.9345
542,0.9274618029594421,0.9571176171302795,1629.939
543,0.8946510553359985,0.9280927777290344,1629.9435
544,1.004756212234497,1.022423505783081,1629.948
545,1.022739052772522,1.0249474048614502,1629.9525
546,0.9482839703559875,0.9441826343536377,1629.957
547,0.8993833661079407,0.9978154897689819,1629.9615
548,0.9583795666694641,1.0378824472427368,1629.966
549,1.01390540599823,0.9019072651863098,1629.9705
550,0.9012762904167175,1.0498709678649902,1629.975
551,0.9082170128822327,0.9886663556098938,1629.9795
552,0.9927676916122437,0.9577485918998718,1629.984
553,1.0019168853759766,0.9347180128097534,1629.9885
554,0.8520602583885193,1.0744789838790894,1629.993
555,0.9145267605781555,1.0971940755844116,1629.9975
556,1.0249474048614502,0.893389105796814,1630.002
557,0.9523853063583374,1.0990869998931885,1630.0065
558,0.973522961139679,0.8261902928352356,1630.011
559,0.9874044060707092,1.062174916267395,1630.0155
560,1.0381978750228882,1.009173035621643,1630.02
561,0.962480902671814,1.048924446105957,1630.0245
562,0.9495459198951721,0.9568021297454834,1630.029
563,0.9839340448379517,0.9990774393081665,1630.0335
564,0.9296702146530151,0.8684656023979187,1630.038
565,0.8873948454856873,1.0028632879257202,1630.0425
566,0.9839340448379517,0.9539627432823181,1630.047
567,0.9416587352752686,1.022423505783081,1630.0515
568,1.0435612201690674,0.9312476515769958,1630.056
569,0.9965535402297974,1.0751099586486816,1630.0605
570,0.9082170128822327,1.002232313156128,1630.065
571,1.0189532041549683,0.8769837617874146,1630.0695
572,0.9782552719116211,1.0192686319351196,1630.074
573,1.1331596374511719,1.0186376571655273,1630.0785
574,0.9101099371910095,0.8981214165687561,1630.083
575,0.9176816344261169,0.9817256331443787,1630.0875
576,0.964689314365387,0.9933986663818359,1630.092
577,0.9769933223724365,1.0116969347000122,1630.0965
578,0.9788862466812134,0.9129493236541748,1630.101
579,1.0855209827423096,1.03598952293396,1630.1055
580,1.05807363986969,1.0596510171890259,1630.11
581,0.9656357765197754,1.0034942626953125,1630.1145
582,1.0082266330718994,0.9732074737548828,1630.119
583,1.0274713039398193,1.0328346490859985,1630.1235
584,1.0262093544006348,0.9943451285362244,1630.128
585,0.8571080565452576,0.9577485918998718,1630.1325
586,0.8842399716377258,0.9921367168426514,1630.137
587,1.0697466135025024,0.9179971218109131,1630.1415
588,0.9208365678787231,0.9937141537666321,1630.146
589,0.9807791709899902,0.9618499279022217,1630.1505
590,0.9069550633430481,0.9555401802062988,1630.155
591,0.9984464645385742,0.9003298282623291,1630.1595
592,1.0318881273269653,0.9650048017501831,1630.164
593,0.9009608030319214,0.9760468602180481,1630.1685
594,0.9820411205291748,0.9949761033058167,1630.173
595,1.0814197063446045,0.9362954497337341,1630.1775
596,1.0583890676498413,1.0703775882720947,1630.182
597,1.0195841789245605,0.9605879783630371,1630.1865
598,0.9842495322227478,1.069431185722351,1630.191
599,1.0381978750228882,0.969106137752533,1630.1955
600,0.8921271562576294,1.0325191020965576,1630.2
601,1.0142208337783813,1.015482783317566,1630.2045
602,1.0069646835327148,0.9577485918998718,1630.209
603,0.9265153408050537,0.9675287008285522,1630.2135
604,1.0735324621200562,0.9473375082015991,1630.218
605,1.0006548166275024,0.9186280965805054,1630.2225
606,1.0214771032333374,1.0034942626953125,1630.227
607,0.9148422479629517,0.9555401802062988,1630.2315
608,0.9441826343536377,1.0025478601455688,1630.236
609,0.9870889186859131,0.9631118774414062,1630.2405
610,1.0766873359680176,0.953647255897522,1630.245
611,0.8996988534927368,0.9495459198951721,1630.2495
612,0.9776242971420288,1.0189532041549683,1630.254
613,0.9975000023841858,0.9861424565315247,1630.2585
614,0.9634273648262024,0.8918116688728333,1630.263
615,0.9984464645385742,0.9369264245033264,1630.2675
616,0.958064079284668,0.920521080493927,1630.272
617,0.9744694232940674,1.031257152557373,1630.2765
618,0.9706835746765137,0.906639575958252,1630.281
619,0.9195745587348938,1.015482783317566,1630.2855
620,1.009173035621643,0.931563138961792,1630.29
621,0.9378728866577148,0.9517543315887451,1630.2945
622,0.9981309771537781,1.1467255353927612,1630.299
623,0.9650048017501831,0.964689314365387,1630.3035
624,1.053656816482544,0.9306166768074036,1630.308
625,1.022423505783081,0.8621558547019958,1630.3125
626,0.942605197429657,1.0217925310134888,1630.317
627,0.9097944498062134,1.0883604288101196,1630.3215
628,0.9075860381126404,1.0571271181106567,1630.326
629,0.9489149451255798,0.9728919863700867,1630.3305
630,0.9444981217384338,1.009488582611084,1630.335
631,0.9097944498062134,1.0318881273269653,1630.3395
632,1.0041252374649048,0.9050621390342712,1630.344
633,1.0501863956451416,0.9937141537666321,1630.3485
634,1.0719550848007202,0.971314549446106,1630.353
635,1.0523948669433594,1.0564961433410645,1630.3575
636,1.0662763118743896,1.0391443967819214,1630.362
637,0.9725764989852905,0.8914961814880371,1630.3665
638,0.8571080565452576,0.9716300368309021,1630.371
639,0.9810946583747864,0.9120028614997864,1630.3755
640,0.9148422479629517,0.9785707592964172,1630.38
641,0.9618499279022217,0.908847987651825,1630.3845
642,0.9817256331443787,0.8864483833312988,1630.389
643,1.0016013383865356,1.002232313156128,1630.3935
644,0.9243069291114807,1.073848009109497,1630.398
645,1.071324110031128,0.9394503235816956,1630.4025
646,0.8022132515907288,1.0776338577270508,1630.407
647,1.0293642282485962,0.955855667591095,1630.4115
648,0.9918212294578552,0.9946606159210205,1630.416
649,1.004756212234497,0.962480902671814,1630.4205
650,1.0167447328567505,0.9157887101173401,1630.425
651,1.0170602798461914,1.041983723640442,1630.4295
652,1.0344120264053345,0.955855667591095,1630.434
653,0.9561711549758911,0.891180694103241,1630.4385
654,1.0151673555374146,0.9053776264190674,1630.443
655,0.9388193488121033,1.0217925310134888,1630.4475
656,0.9814101457595825,0.9971845149993896,1630.452
657,0.9662667512893677,0.9829875826835632,1630.4565
658,0.8810850977897644,0.9981309771537781,1630.461
659,0.9265153408050537,0.9892973303794861,1630.4655
660,1.0186376571655273,0.9851959943771362,1630.47
661,0.9643738269805908,0.9372419118881226,1630.4745
662,1.031257152557373,1.0369359254837036,1630.479
663,0.8656262159347534,0.9520698189735413,1630.4835
664,0.9612189531326294,0.9861424565315247,1630.488
665,1.0258939266204834,0.8618403673171997,1630.4925
666,0.9571176171302795,1.0328346490859985,1630.497
667,1.0290488004684448,0.9366109371185303,1630.5015
668,0.9593260288238525,1.024316430091858,1630.506
669,1.006649136543274,0.9258843660354614,1630.5105
670,1.0031788349151611,0.8984369039535522,1630.515
671,0.9050621390342712,1.0760563611984253,1630.5195
672,0.9340870380401611,0.9744694232940674,1630.524
673,0.8432266116142273,0.9568021297454834,1630.5285
674,0.9627963900566101,0.9504923820495605,1630.533
675,0.9435516595840454,1.0741634368896484,1630.5375
676,0.9520698189735413,1.1012953519821167,1630.542
677,1.0120124816894531,1.0413527488708496,1630.5465
678,0.9908747673034668,0.9851959943771362,1630.551
679,0.9751003980636597,0.9681596755981445,1630.5555
680,0.9435516595840454,0.9539627432823181,1630.56
681,0.9539627432823181,0.8785611987113953,1630.5645
682,1.0568116903305054,0.8921271562576294,1630.569
683,0.8858174085617065,1.01390540599823,1630.5735
684,1.0006548166275024,1.0041252374649048,1630.578
685,0.9719455242156982,0.9656357765197754,1630.5825
686,0.980148196220398,1.0599665641784668,1630.587
687,1.0656453371047974,1.0467160940170288,1630.5915
688,1.0205305814743042,0.9542782306671143,1630.596
689,0.9530162811279297,1.0252629518508911,1630.6005
690,0.9782552719116211,0.9870889186859131,1630.605
691,1.0265249013900757,0.9892973303794861,1630.6095
692,1.044507622718811,0.9517543315887451,1630.614
693,0.9773088097572327,0.938188374042511,1630.6185
694,1.006649136543274,0.8798231482505798,1630.623
695,0.9224140048027039,0.9441826343536377,1630.6275
696,0.9965535402297974,0.9571176171302795,1630.632
697,1.031572699546814,0.9460755586624146,1630.6365
698,1.015482783317566,0.9725764989852905,1630.641
699,1.0587046146392822,0.953647255897522,1630.6455
700,1.002232313156128,1.0255783796310425,1630.65
701,0.9454445838928223,0.9574331045150757,1630.6545
702,1.10224187374115,1.0587046146392822,1630.659
703,0.9501768946647644,1.0258939266204834,1630.6635
704,0.9211520552635193,0.9145267605781555,1630.668
705,1.0082266330718994,0.9265153408050537,1630.6725
706,0.9438671469688416,1.109182596206665,1630.677
707,0.9773088097572327,1.0514483451843262,1630.6815
708,0.942605197429657,1.0833126306533813,1630.686
709,1.027155876159668,0.9038001894950867,1630.6905
710,0.9571176171302795,1.0217925310134888,1630.695
711,0.9921367168426514,0.9612189531326294,1630.6995
712,0.8419646620750427,0.9252533912658691,1630.704
713,1.049239993095398,1.0363049507141113,1630.7085
714,1.0527102947235107,0.9678441882133484,1630.713
715,0.9675287008285522,1.000339388847351,1630.7175
716,1.0145363807678223,0.9476529955863953,1630.722
717,1.0388288497924805,1.084574580192566,1630.7265
718,0.975731372833252,0.9766778349876404,1630.731
719,0.8880258202552795,0.9892973303794861,1630.7355
720,0.9672132134437561,0.9883508682250977,1630.74
721,0.9709990620613098,1.088991403579712,1630.7445
722,1.01106595993042,1.0394598245620728,1630.749
723,0.9429206848144531,0.9120028614997864,1630.7535
724,1.0085420608520508,1.0337810516357422,1630.758
725,1.057758092880249,1.0981404781341553,1630.7625
726,0.9233604669570923,1.0290488004684448,1630.767
727,1.0574426651000977,1.0217925310134888,1630.7715
728,1.0792112350463867,1.053656816482544,1630.776
729,1.0258939266204834,0.8716204762458801,1630.7805
730,1.0012859106063843,0.9129493236541748,1630.785
731,0.9751003980636597,1.0366204977035522,1630.7895
732,0.9252533912658691,0.949230432510376,1630.794
733,0.9454445838928223,0.962480902671814,1630.7985
734,0.8927581310272217,0.9056931138038635,1630.803
735,1.0413527488708496,1.0470315217971802,1630.8075
736,0.9700525999069214,0.8908652067184448,1630.812
737,0.9905592799186707,0.9413432478904724,1630.8165
738,1.1946797370910645,0.9590105414390564,1630.821
739,0.9164196848869324,0.9851959943771362,1630.8255
740,0.9751003980636597,0.9962380528450012,1630.83
741,0.9038001894950867,0.9047466516494751,1630.8345
742,0.9993929266929626,1.0157983303070068,1630.839
743,0.9927676916122437,0.9634273648262024,1630.8435
744,0.935979962348938,1.0211615562438965,1630.848
745,1.0337810516357422,0.9703680872917175,1630.8525
746,1.0391443967819214,1.0940392017364502,1630.857
747,1.0258939266204834,0.9886663556098938,1630.8615
748,1.0501863956451416,0.9167351722717285,1630.866
749,0.9120028614997864,0.9760468602180481,1630.8705
750,0.9650048017501831,0.9782552719116211,1630.875
751,0.9760468602180481,1.0148518085479736,1630.8795
752,0.9615344405174255,0.9094789624214172,1630.884
753,1.115176796913147,0.9997084140777588,1630.8885
754,0.9769933223724365,0.9672132134437561,1630.893
755,0.9687906503677368,0.9410277605056763,1630.8975
756,0.9697371125221252,0.940396785736084,1630.902
757,0.9962380528450012,0.9331405758857727,1630.9065
758,0.9479684829711914,0.9593260288238525,1630.911
759,0.9034847021102905,1.0038098096847534,1630.9155
760,1.0334656238555908,0.9258843660354614,1630.92
761,0.9870889186859131,1.0262093544006348,1630.9245
762,0.915473222732544,1.0363049507141113,1630.929
763,0.9687906503677368,0.9798327088356018,1630.9335
764,0.9233604669570923,0.8943355679512024,1630.938
765,0.9385038614273071,0.9157887101173401,1630.9425
766,0.9814101457595825,0.9864579439163208,1630.947
767,1.0060181617736816,0.9706835746765137,1630.9515
768,1.1429396867752075,1.1464101076126099,1630.956
769,0.8034752011299133,1.0255783796310425,1630.9605
770,1.0378824472427368,0.9867734313011169,1630.965
771,1.0732170343399048,1.057758092880249,1630.9695
772,1.053341269493103,0.8709895014762878,1630.974
773,0.94481360912323,0.9148422479629517,1630.9785
774,0.9728919863700867,1.0344120264053345,1630.983
775,0.9438671469688416,0.9444981217384338,1630.9875
776,0.9334560632705688,0.8965439796447754,1630.992
777,0.933771550655365,0.9937141537666321,1630.9965
778,1.111075520515442,1.002232313156128,1631.001
779,0.9413432478904724,0.9303011894226074,1631.0055
780,0.9410277605056763,1.0467160940170288,1631.01
781,0.9864579439163208,0.8053681254386902,1631.0145
782,0.9807791709899902,0.9220985174179077,1631.019
783,0.938188374042511,1.029679775238037,1631.0235
784,0.9684751629829407,0.9773088097572327,1631.028
785,0.9142112731933594,0.9782552719116211,1631.0325
786,1.0164293050765991,1.049239993095398,1631.037
787,1.0120124816894531,0.9990774393081665,1631.0415
788,0.9340870380401611,0.9239914417266846,1631.046
789,0.9157887101173401,0.9851959943771362,1631.0505
790,1.0413527488708496,0.9892973303794861,1631.055
791,0.9555401802062988,0.9586950540542603,1631.0595
792,1.009173035621643,1.0407217741012573,1631.064
793,0.9621654152870178,0.9792017340660095,1631.0685
794,0.9233604669570923,0.9993929266929626,1631.073
795,1.0527102947235107,0.8886567950248718,1631.0775
796,0.9662667512893677,1.075740933418274,1631.082
797,1.0164293050765991,1.1132838726043701,1631.0865
798,0.8864483833312988,0.8877103328704834,1631.091
799,1.0063337087631226,0.9593260288238525,1631.0955
800,1.1407313346862793,1.0274713039398193,1631.1
801,1.0126434564590454,1.0211615562438965,1631.1045
802,0.9984464645385742,1.0542877912521362,1631.109
803,0.9921367168426514,1.0123279094696045,1631.1135
804,0.8829780220985413,0.9959225654602051,1631.118
805,1.0426146984100342,1.022423505783081,1631.1225
806,1.0107505321502686,0.9504923820495605,1631.127
807,0.9820411205291748,1.0599665641784668,1631.1315
808,1.0546032190322876,0.973522961139679,1631.136
809,0.9545937180519104,1.0012859106063843,1631.1405
810,1.0246319770812988,0.9946606159210205,1631.145
811,0.9593260288238525,0.9697371125221252,1631.1495
812,0.8722514510154724,1.028733253479004,1631.154
813,1.031257152557373,0.8937045931816101,1631.1585
814,0.9968690276145935,0.9299857020378113,1631.163
815,0.9356644749641418,1.0672227144241333,1631.1675
816,1.0706931352615356,0.9975000023841858,1631.172
817,1.0905687808990479,0.8968594670295715,1631.1765
818,1.018006682395935,0.8318690657615662,1631.181
819,1.0173757076263428,0.8678346276283264,1631.1855
820,1.0511329174041748,0.980148196220398,1631.19
821,0.9476529955863953,0.893389105796814,1631.1945
822,0.9227294921875,0.9208365678787231,1631.199
823,0.8937045931816101,0.9829875826835632,1631.2035
824,1.0659607648849487,1.1344215869903564,1631.208
825,0.9429206848144531,0.9457600712776184,1631.2125
826,1.0858365297317505,0.9454445838928223,1631.217
827,0.9391348361968994,0.8728824257850647,1631.2215
828,0.9924522042274475,0.975731372833252,1631.226
829,1.1306357383728027,1.0571271181106567,1631.2305
830,0.9586950540542603,1.0318881273269653,1631.235
831,0.94481360912323,1.0353585481643677,1631.2395
832,1.1006643772125244,0.9006453156471252,1631.244
833,1.031257152557373,0.9227294921875,1631.2485
834,0.8694120645523071,0.9605879783630371,1631.253
835,1.0028632879257202,0.9145267605781555,1631.2575
836,0.9643738269805908,0.8968594670295715,1631.262
837,0.9896128177642822,0.9340870380401611,1631.2665
838,0.9400812983512878,1.0085420608520508,1631.271
839,1.0546032190322876,0.9173661470413208,1631.2755
840,0.9795172214508057,1.0189532041549683,1631.28
841,1.0164293050765991,0.9656357765197754,1631.2845
842,1.0192686319351196,1.062490463256836,1631.289
843,0.9631118774414062,1.0441921949386597,1631.2935
844,1.0763719081878662,1.0041252374649048,1631.298
845,0.9391348361968994,0.8826625347137451,1631.3025
846,1.0350430011749268,1.0306261777877808,1631.307
847,1.1303201913833618,0.820511519908905,1631.3115
848,1.0164293050765991,0.9899283051490784,1631.316
849,1.0123279094696045,0.9754158854484558,1631.3205
850,1.0170602798461914,0.975731372833252,1631.325
851,0.9987619519233704,0.8482744097709656,1631.3295
852,1.0309417247772217,1.0946701765060425,1631.334
853,1.038513422012329,0.9915057420730591,1631.3385
854,0.9842495322227478,0.9574331045150757,1631.343
855,1.0918307304382324,0.975731372833252,1631.3475
856,1.0069646835327148,1.0031788349151611,1631.352
857,0.9331405758857727,1.0482934713363647,1631.3565
858,0.9621654152870178,1.018006682395935,1631.361
859,0.9012762904167175,1.03315007686615,1631.3655
860,0.9810946583747864,0.9290392398834229,1631.37
861,0.9463910460472107,1.0388288497924805,1631.3745
862,1.0060181617736816,0.96689772605896,1631.379
863,1.1432552337646484,1.082681655883789,1631.3835
864,1.0634368658065796,1.0587046146392822,1631.388
865,1.097825050354004,0.9959225654602051,1631.3925
866,0.9921367168426514,1.0189532041549683,1631.397
867,0.9861424565315247,0.9631118774414062,1631.4015
868,1.0596510171890259,0.9290392398834229,1631.406
869,0.9261998534202576,1.1391538381576538,1631.4105
870,1.0454541444778442,1.0277868509292603,1631.415
871,0.9435516595840454,0.9782552719116211,1631.4195
872,1.005071759223938,0.864679753780365,1631.424
873,0.8974904417991638,0.9861424565315247,1631.4285
874,1.0552341938018799,0.9609034657478333,1631.433
875,0.9325096011161804,1.0053871870040894,1631.4375
876,1.0697466135025024,0.9656357765197754,1631.442
877,1.0520793199539185,1.022739052772522,1631.4465
878,1.0337810516357422,1.1082360744476318,1631.451
879,1.128427267074585,1.0063337087631226,1631.4555
880,0.9769933223724365,0.9334560632705688,1631.46
881,0.9763623476028442,1.0372514724731445,1631.4645
882,0.96689772605896,1.0539722442626953,1631.469
883,0.9444981217384338,0.9347180128097534,1631.4735
884,1.0157983303070068,0.9987619519233704,1631.478
885,0.9350335001945496,0.9530162811279297,1631.4825
886,1.0514483451843262,0.8750908374786377,1631.487
887,1.0612285137176514,0.9870889186859131,1631.4915
888,0.9467065334320068,0.9312476515769958,1631.496
889,0.9795172214508057,0.9940296411514282,1631.5005
890,1.0814197063446045,0.9915057420730591,1631.505
891,0.8460659980773926,1.0369359254837036,1631.5095
892,1.1016108989715576,1.0249474048614502,1631.514
893,1.044823169708252,1.019899606704712,1631.5185
894,0.9634273648262024,1.1186472177505493,1631.523
895,0.9618499279022217,1.018322229385376,1631.5275
896,1.031572699546814,0.9599570035934448,1631.532
897,0.9867734313011169,0.8684656023979187,1631.5365
898,1.0381978750228882,0.9751003980636597,1631.541
899,0.94481360912323,1.0476624965667725,1631.5455
900,0.9709990620613098,1.018322229385376,1631.55
901,0.924937903881073,1.0773183107376099,1631.5545
902,0.9369264245033264,1.0741634368896484,1631.559
903,0.9927676916122437,0.9785707592964172,1631.5635
904,0.8438575863838196,1.0653297901153564,1631.568
905,1.0044407844543457,0.9662667512893677,1631.5725
906,0.9814101457595825,1.0142208337783813,1631.577
907,1.044507622718811,1.0221080780029297,1631.5815
908,0.8810850977897644,1.009488582611084,1631.586
909,1.0299952030181885,0.9959225654602051,1631.5905
910,0.9227294921875,0.9769933223724365,1631.595
911,1.009173035621643,0.9467065334320068,1631.5995
912,1.0410373210906982,0.9883508682250977,1631.604
913,1.0981404781341553,1.0811041593551636,1631.6085
914,0.9438671469688416,0.9211520552635193,1631.613
915,1.106343150138855,1.0088576078414917,1631.6175
916,0.9814101457595825,0.8306071162223816,1631.622
917,0.9886663556098938,0.9968690276145935,1631.6265
918,1.01106595993042,1.1290582418441772,1631.631
919,0.9482839703559875,0.9697371125221252,1631.6355
920,1.1038192510604858,1.0123279094696045,1631.64
921,0.9123183488845825,0.913264811038971,1631.6445
922,0.9530162811279297,0.9261998534202576,1631.649
923,0.9306166768074036,0.8410181999206543,1631.6535
924,0.9482839703559875,0.9861424565315247,1631.658
925,1.0208461284637451,0.9880353808403015,1631.6625
926,0.9429206848144531,1.0432456731796265,1631.667
927,1.071008563041687,0.9523853063583374,1631.6715
928,0.9618499279022217,0.9883508682250977,1631.676
929,1.0230544805526733,0.9924522042274475,1631.6805
930,1.104765772819519,1.009173035621643,1631.685
931,0.9340870380401611,1.073848009109497,1631.6895
932,1.0208461284637451,0.9533317685127258,1631.694
933,0.9441826343536377,1.002232313156128,1631.6985
934,0.902222752571106,0.9892973303794861,1631.703
935,1.0546032190322876,0.8836089968681335,1631.7075
936,0.871304988861084,0.9432361721992493,1631.712
937,1.0192686319351196,1.000339388847351,1631.7165
938,0.9041156768798828,1.0230544805526733,1631.721
939,0.9684751629829407,0.9476529955863953,1631.7255
940,0.9482839703559875,0.9867734313011169,1631.73
941,0.9662667512893677,1.053341269493103,1631.7345
942,1.062174916267395,1.0233700275421143,1631.739
943,0.969106137752533,0.9217830300331116,1631.7435
944,1.0265249013900757,0.9287237524986267,1631.748
945,1.0246319770812988,1.0795267820358276,1631.7525
946,0.8684656023979187,0.9511233568191528,1631.757
947,0.9861424565315247,0.9366109371185303,1631.7615
948,0.9407122731208801,1.1170697212219238,1631.766
949,1.1016108989715576,1.013589859008789,1631.7705
950,1.0057027339935303,0.9687906503677368,1631.775
951,1.065014362335205,1.0123279094696045,1631.7795
952,1.0369359254837036,1.0691156387329102,1631.784
953,0.8820315599441528,0.9467065334320068,1631.7885
954,1.0293642282485962,1.0505019426345825,1631.793
955,0.9312476515769958,0.9224140048027039,1631.7975
956,0.9829875826835632,1.1202245950698853,1631.802
957,0.9429206848144531,1.009488582611084,1631.8065
958,1.0773183107376099,1.0441921949386597,1631.811
959,1.0763719081878662,0.931563138961792,1631.8155
960,1.004756212234497,1.035673975944519,1631.82
961,0.9631118774414062,0.9233604669570923,1631.8245
962,1.01106595993042,0.8855019211769104,1631.829
963,0.9277772903442383,0.9836185574531555,1631.8335
964,1.0441921949386597,0.9555401802062988,1631.838
965,1.0148518085479736,0.9940296411514282,1631.8425
966,0.9356644749641418,1.118016242980957,1631.847
967,1.0123279094696045,0.9697371125221252,1631.8515
968,0.9719455242156982,1.0987714529037476,1631.856
969,1.0281022787094116,0.9142112731933594,1631.8605
970,0.8608939051628113,0.9120028614997864,1631.865
971,0.9867734313011169,1.0773183107376099,1631.8695
972,0.9927676916122437,1.01390540599823,1631.874
973,0.9508078694343567,0.9807791709899902,1631.8785
974,0.9432361721992493,0.9722610116004944,1631.883
975,0.8687810897827148,0.9807791709899902,1631.8875
976,1.0394598245620728,0.9990774393081665,1631.892
977,1.0328346490859985,0.8996988534927368,1631.8965
978,0.9867734313011169,1.0025478601455688,1631.901
979,0.9583795666694641,0.8855019211769104,1631.9055
980,0.9208365678787231,0.8870793581008911,1631.91
981,1.009488582611084,1.013589859008789,1631.9145
982,0.9214675426483154,0.9060086011886597,1631.919
983,0.8545841574668884,0.8621558547019958,1631.9235
984,1.0574426651000977,0.9173661470413208,1631.928
985,1.0760563611984253,1.0104349851608276,1631.9325
986,1.0829970836639404,1.0265249013900757,1631.937
987,0.9820411205291748,1.0277868509292603,1631.9415
988,0.9725764989852905,1.075425386428833,1631.946
989,1.0173757076263428,0.9378728866577148,1631.9505
990,0.9672132134437561,0.9899283051490784,1631.955
991,0.9921367168426514,0.8937045931816101,1631.9595
992,0.9940296411514282,0.9870889186859131,1631.964
993,0.9246224164962769,1.0009703636169434,1631.9685
994,0.9577485918998718,0.9769933223724365,1631.973
995,0.9593260288238525,1.1025573015213013,1631.9775
996,0.913264811038971,1.0016013383865356,1631.982
997,1.0255783796310425,1.091515302658081,1631.9865
998,0.9561711549758911,0.9176816344261169,1631.991
999,0.9833030700683594,1.0290488004684448,1631.9955
1000,1.027155876159668,1.0883604288101196,1632.0
1001,0.935979962348938,1.0038098096847534,1632.0045
1002,1.0656453371047974,0.9773088097572327,1632.009
1003,0.9009608030319214,1.1236950159072876,1632.0135
1004,0.9533317685127258,0.9672132134437561,1632.018
1005,0.9268308281898499,1.0643833875656128,1632.0225
1006,1.0482934713363647,0.9485994577407837,1632.027
1007,0.864679753780365,0.9804636836051941,1632.0315
1008,0.955855667591095,0.9473375082015991,1632.036
1009,0.9571176171302795,1.0451385974884033,1632.0405
1010,0.9836185574531555,0.9053776264190674,1632.045
1011,1.1069741249084473,1.0060181617736816,1632.0495
1012,0.9129493236541748,0.8703585267066956,1632.054
1013,0.9407122731208801,1.0908843278884888,1632.0585
1014,1.0053871870040894,0.9482839703559875,1632.063
1015,0.9457600712776184,0.9719455242156982,1632.0675
1016,1.0016013383865356,1.0217925310134888,1632.072
1017,0.9978154897689819,1.0236854553222656,1632.0765
1018,1.0568116903305054,0.9410277605056763,1632.081
1019,0.8877103328704834,0.9561711549758911,1632.0855
1020,0.9441826343536377,0.9952915906906128,1632.09
1021,1.0173757076263428,0.9309321641921997,1632.0945
1022,0.9722610116004944,1.0599665641784668,1632.099
1023,0.9810946583747864,0.8974904417991638,1632.1035
1024,1.0217925310134888,0.9347180128097534,1632.108
1025,1.0438766479492188,1.048924446105957,1632.1125
1026,0.9892973303794861,1.0176912546157837,1632.117
1027,0.9833030700683594,1.0788958072662354,1632.1215
1028,1.022423505783081,0.9527007937431335,1632.126
1029,0.9410277605056763,0.8766682744026184,1632.1305
1030,0.9896128177642822,0.9444981217384338,1632.135
1031,1.031572699546814,1.0012859106063843,1632.1395
1032,0.9217830300331116,1.0142208337783813,1632.144
1033,0.9814101457595825,0.9454445838928223,1632.1485
1034,0.9485994577407837,0.9176816344261169,1632.153
1035,0.9460755586624146,1.0662763118743896,1632.1575
1036,1.0230544805526733,0.9706835746765137,1632.162
1037,0.951438844203949,1.0240010023117065,1632.1665
1038,1.0306261777877808,1.1038192510604858,1632.171
1039,0.9498614072799683,0.9451290965080261,1632.1755
1040,1.075740933418274,1.0564961433410645,1632.18
1041,0.960272490978241,0.9984464645385742,1632.1845
1042,0.8810850977897644,0.9400812983512878,1632.189
1043,0.9883508682250977,0.9508078694343567,1632.1935
1044,0.8577390313148499,0.9334560632705688,1632.198
1045,0.9366109371185303,0.9984464645385742,1632.2025
1046,0.9545937180519104,0.9896128177642822,1632.207
1047,0.8940200805664062,0.9473375082015991,1632.2115
1048,1.0028632879257202,1.0587046146392822,1632.216
1049,1.0564961433410645,0.9848805069923401,1632.2205
1050,0.982356607913971,0.9195745587348938,1632.225
1051,0.8877103328704834,0.9978154897689819,1632.2295
1052,1.079842209815979,0.9700525999069214,1632.234
1053,1.006649136543274,0.9851959943771362,1632.2385
1054,0.9261998534202576,1.0949856042861938,1632.243
1055,0.9933986663818359,0.958064079284668,1632.2475
1056,1.0019168853759766,1.0255783796310425,1632.252
1057,0.9202055931091309,1.0571271181106567,1632.2565
1058,1.1334750652313232,1.1006643772125244,1632.261
1059,1.0596510171890259,0.9176816344261169,1632.2655
1060,1.0142208337783813,0.8896032571792603,1632.27
1061,1.0438766479492188,0.9751003980636597,1632.2745
1062,0.891180694103241,1.0350430011749268,1632.279
1063,0.9378728866577148,1.004756212234497,1632.2835
1064,1.0281022787094116,0.9511233568191528,1632.288
1065,0.9501768946647644,0.9239914417266846,1632.2925
1066,0.9684751629829407,1.009488582611084,1632.297
1067,1.0388288497924805,0.9738384485244751,1632.3015
1068,1.031257152557373,1.0142208337783813,1632.306
1069,0.9198900461196899,1.0691156387329102,1632.3105
1070,0.949230432510376,1.0552341938018799,1632.315
1071,1.0038098096847534,0.9681596755981445,1632.3195
1072,0.9391348361968994,1.082681655883789,1632.324
1073,1.0123279094696045,1.0148518085479736,1632.3285
1074,0.9069550633430481,0.9072705507278442,1632.333
1075,1.0618594884872437,1.0486090183258057,1632.3375
1076,0.9034847021102905,0.9574331045150757,1632.342
1077,1.0079110860824585,1.0394598245620728,1632.3465
1078,0.9719455242156982,1.0290488004684448,1632.351
1079,1.013589859008789,0.8880258202552795,1632.3555
1080,1.0079110860824585,0.9864579439163208,1632.36
1081,1.0318881273269653,0.9672132134437561,1632.3645
1082,0.9173661470413208,0.9533317685127258,1632.369
1083,0.9441826343536377,0.9905592799186707,1632.3735
1084,1.0255783796310425,0.9056931138038635,1632.378
1085,0.9842495322227478,0.958064079284668,1632.3825
1086,0.9123183488845825,0.924937903881073,1632.387
1087,0.9583795666694641,0.9902437925338745,1632.3915
1088,0.9694216251373291,1.028733253479004,1632.396
1089,0.9530162811279297,1.0189532041549683,1632.4005
1090,0.9258843660354614,0.911056399345398,1632.405
1091,1.0025478601455688,0.9542782306671143,1632.4095
1092,0.8331310153007507,0.9441826343536377,1632.414
1093,1.0233700275421143,0.9937141537666321,1632.4185
1094,0.9129493236541748,1.015482783317566,1632.423
1095,0.9176816344261169,0.9987619519233704,1632.4275
1096,0.9997084140777588,0.9391348361968994,1632.432
1097,0.9239914417266846,0.9785707592964172,1632.4365
1098,1.0322036743164062,0.9896128177642822,1632.441
1099,0.9321941137313843,1.041983723640442,1632.4455
1100,0.8590009808540344,0.9997084140777588,1632.45
1101,1.0530258417129517,0.9943451285362244,1632.4545
1102,0.9391348361968994,1.0000238418579102,1632.459
1103,0.9937141537666321,1.0249474048614502,1632.4635
1104,0.9385038614273071,1.006649136543274,1632.468
1105,1.0101195573806763,1.0921462774276733,1632.4725
1106,1.0211615562438965,0.9773088097572327,1632.477
1107,1.0217925310134888,0.9504923820495605,1632.4815
1108,0.900014340877533,0.9463910460472107,1632.486
1109,0.864679753780365,0.9927676916122437,1632.4905
1110,0.8747753500938416,1.0476624965667725,1632.495
1111,1.0101195573806763,1.0129588842391968,1632.4995
1112,1.0381978750228882,1.0874139070510864,1632.504
1113,1.0530258417129517,0.9220985174179077,1632.5085
1114,1.022423505783081,1.0265249013900757,1632.513
1115,1.0394598245620728,1.0107505321502686,1632.5175
1116,0.9987619519233704,1.0192686319351196,1632.522
1117,0.9858269691467285,0.969106137752533,1632.5265
1118,1.0678536891937256,1.0325191020965576,1632.531
1119,0.9810946583747864,0.8684656023979187,1632.5355
1120,0.9195745587348938,0.9612189531326294,1632.54
1121,1.0760563611984253,0.9530162811279297,1632.5445
1122,0.8842399716377258,1.0426146984100342,1632.549
1123,0.9473375082015991,1.0214771032333374,1632.5535
1124,0.9927676916122437,0.9877198934555054,1632.558
1125,0.9631118774414062,0.9233604669570923,1632.5625
1126,0.958064079284668,1.0233700275421143,1632.567
1127,0.9640583395957947,1.0145363807678223,1632.5715
1128,0.9170506596565247,1.022739052772522,1632.576
1129,0.9530162811279297,0.908847987651825,1632.5805
1130,1.0303107500076294,1.0249474048614502,1632.585
1131,0.9179971218109131,0.8829780220985413,1632.5895
1132,1.0369359254837036,0.9435516595840454,1632.594
1133,0.9788862466812134,0.9918212294578552,1632.5985
1134,0.9911902546882629,1.0435612201690674,1632.603
1135,0.9706835746765137,1.0410373210906982,1632.6075
1136,1.024316430091858,0.971314549446106,1632.612
1137,0.9675287008285522,1.0804731845855713,1632.6165
1138,1.0123279094696045,1.0587046146392822,1632.621
1139,1.0148518085479736,0.9372419118881226,1632.6255
1140,1.0028632879257202,0.931563138961792,1632.63
1141,1.0284178256988525,1.03315007686615,1632.6345
1142,1.01106595993042,0.9545937180519104,1632.639
1143,1.0590200424194336,0.9252533912658691,1632.6435
1144,1.022423505783081,1.0602819919586182,1632.648
1145,0.9839340448379517,0.9915057420730591,1632.6525
1146,1.0277868509292603,1.1094980239868164,1632.657
1147,1.0435612201690674,0.9700525999069214,1632.6615
1148,0.884555459022522,1.0214771032333374,1632.666
1149,1.0397753715515137,0.9728919863700867,1632.6705
1150,0.9208365678787231,0.9864579439163208,1632.675
1151,0.9899283051490784,0.9126338362693787,1632.6795
1152,0.9082170128822327,0.9896128177642822,1632.684
1153,0.975731372833252,1.0236854553222656,1632.6885
1154,1.0142208337783813,1.05807363986969,1632.693
1155,1.013589859008789,0.984565019607544,1632.6975
1156,0.9179971218109131,0.89780592918396,1632.702
1157,0.9586950540542603,0.9829875826835632,1632.7065
1158,0.9142112731933594,0.9599570035934448,1632.711
1159,0.906639575958252,1.013589859008789,1632.7155
1160,1.0407217741012573,0.940396785736084,1632.72
1161,1.009173035621643,0.9918212294578552,1632.7245
1162,0.869096577167511,1.0612285137176514,1632.729
1163,0.9902437925338745,0.9176816344261169,1632.7335
1164,0.9135802984237671,0.9252533912658691,1632.738
1165,1.0451385974884033,1.0299952030181885,1632.7425
1166,0.8810850977897644,0.9848805069923401,1632.747
1167,0.9656357765197754,1.0501863956451416,1632.7515
1168,0.9971845149993896,0.9940296411514282,1632.756
1169,0.9732074737548828,0.8791921734809875,1632.7605
1170,0.977939784526825,0.8930736184120178,1632.765
1171,0.9744694232940674,0.9997084140777588,1632.7695
1172,0.931563138961792,0.9719455242156982,1632.774
1173,0.955855667591095,0.9498614072799683,1632.7785
1174,0.962480902671814,1.0697466135025024,1632.783
1175,0.8441730737686157,0.9246224164962769,1632.7875
1176,0.9971845149993896,1.0722705125808716,1632.792
1177,0.9609034657478333,0.8952820301055908,1632.7965
1178,0.9347180128097534,0.9792017340660095,1632.801
1179,0.9344025254249573,1.0511329174041748,1632.8055
1180,0.9586950540542603,0.8962284922599792,1632.81
1181,0.9050621390342712,0.9908747673034668,1632.8145
1182,0.980148196220398,0.9769933223724365,1632.819
1183,1.004756212234497,0.8542686700820923,1632.8235
1184,0.9940296411514282,0.873513400554657,1632.828
1185,0.9419742226600647,1.0176912546157837,1632.8325
1186,0.9328250885009766,1.0063337087631226,1632.837
1187,1.0328346490859985,0.924937903881073,1632.8415
1188,0.9659512639045715,0.9034847021102905,1632.846
1189,1.0438766479492188,0.940396785736084,1632.8505
1190,0.9697371125221252,1.0539722442626953,1632.855
1191,0.9599570035934448,0.962480902671814,1632.8595
1192,0.9738384485244751,0.9063240885734558,1632.864
1193,0.9523853063583374,0.9858269691467285,1632.8685
1194,1.0672227144241333,0.9265153408050537,1632.873
1195,0.9896128177642822,0.9290392398834229,1632.8775
1196,0.9728919863700867,0.9574331045150757,1632.882
1197,1.031572699546814,0.980148196220398,1632.8865
1198,0.9807791709899902,0.9265153408050537,1632.891
1199,0.9596415162086487,0.9340870380401611,1632.8955
1200,0.9874044060707092,1.0265249013900757,1632.9
1201,0.8952820301055908,1.0776338577270508,1632.9045
1202,0.9933986663818359,0.9609034657478333,1632.909
1203,0.9457600712776184,0.9012762904167175,1632.9135
1204,0.8993833661079407,0.9751003980636597,1632.918
1205,0.9738384485244751,0.9586950540542603,1632.9225
1206,0.9949761033058167,0.955855667591095,1632.927
1207,0.9959225654602051,1.0088576078414917,1632.9315
1208,1.0918307304382324,0.9728919863700867,1632.936
1209,1.0129588842391968,1.0120124816894531,1632.9405
1210,1.0855209827423096,1.046400547027588,1632.945
1211,0.9826720952987671,1.018006682395935,1632.9495
1212,1.0646988153457642,1.0744789838790894,1632.954
1213,1.022739052772522,0.9356644749641418,1632.9585
1214,0.975731372833252,1.1255879402160645,1632.963
1215,0.9246224164962769,1.0205305814743042,1632.9675
1216,1.0763719081878662,0.9659512639045715,1632.972
1217,0.9385038614273071,0.9321941137313843,1632.9765
1218,0.9763623476028442,0.8738288879394531,1632.981
1219,0.9956070780754089,1.0697466135025024,1632.9855
1220,0.9814101457595825,0.94481360912323,1632.99
1221,1.0214771032333374,1.0501863956451416,1632.9945
1222,1.0911997556686401,1.0151673555374146,1632.999
1223,0.9937141537666321,0.9463910460472107,1633.0035
1224,1.0000238418579102,1.0113815069198608,1633.008
1225,1.0069646835327148,1.0230544805526733,1633.0125
1226,1.002232313156128,1.009173035621643,1633.017
1227,0.9694216251373291,0.9192590713500977,1633.0215
1228,1.0028632879257202,0.9394503235816956,1633.026
1229,0.9675287008285522,0.9981309771537781,1633.0305
1230,1.0290488004684448,1.0098040103912354,1633.035
1231,1.0057027339935303,1.0350430011749268,1633.0395
1232,1.0088576078414917,0.9728919863700867,1633.044
1233,0.9650048017501831,1.093408226966858,1633.0485
1234,0.9268308281898499,1.0255783796310425,1633.053
1235,0.8836089968681335,0.9776242971420288,1633.0575
1236,1.0025478601455688,0.8820315599441528,1633.062
1237,0.9378728866577148,0.9933986663818359,1633.0665
1238,1.0549187660217285,1.0527102947235107,1633.071
1239,0.9353489875793457,0.9593260288238525,1633.0755
1240,1.0113815069198608,1.1009799242019653,1633.08
1241,0.953647255897522,0.9836185574531555,1633.0845
1242,1.139784812927246,0.9318786263465881,1633.089
1243,0.8848709464073181,1.0041252374649048,1633.0935
1244,0.9684751629829407,1.01106595993042,1633.098
1245,0.9662667512893677,1.0000238418579102,1633.1025
1246,1.079842209815979,1.095932126045227,1633.107
1247,0.9659512639045715,1.0391443967819214,1633.1115
1248,0.9451290965080261,1.0467160940170288,1633.116
1249,0.971314549446106,0.9899283051490784,1633.1205
1250,1.01106595993042,1.013589859008789,1633.125
1251,0.9356644749641418,0.9858269691467285,1633.1295
1252,1.0363049507141113,0.9997084140777588,1633.134
1253,1.1069741249084473,1.0325191020965576,1633.1385
1254,0.933771550655365,1.0618594884872437,1633.143
1255,0.9217830300331116,0.9728919863700867,1633.1475
1256,0.977939784526825,1.0583890676498413,1633.152
1257,0.9744694232940674,1.018006682395935,1633.1565
1258,0.9643738269805908,0.9694216251373291,1633.161
1259,0.9833030700683594,0.9586950540542603,1633.1655
1260,0.9347180128097534,0.9634273648262024,1633.17
1261,0.9467065334320068,1.037566900253296,1633.1745
1262,1.0072801113128662,1.0208461284637451,1633.179
1263,1.0028632879257202,0.9419742226600647,1633.1835
1264,0.9422897100448608,1.0596510171890259,1633.188
1265,1.009488582611084,0.9388193488121033,1633.1925
1266,1.0646988153457642,1.0309417247772217,1633.197
1267,0.8697275519371033,0.9971845149993896,1633.2015
1268,1.0546032190322876,0.9833030700683594,1633.206
1269,0.8583700060844421,1.0369359254837036,1633.2105
1270,0.9615344405174255,0.9883508682250977,1633.215
1271,0.8785611987113953,1.000339388847351,1633.2195
1272,1.0000238418579102,0.958064079284668,1633.224
1273,1.004756212234497,1.0101195573806763,1633.2285
1274,1.0451385974884033,0.9429206848144531,1633.233
1275,0.9280927777290344,0.9905592799186707,1633.2375
1276,0.9725764989852905,0.8880258202552795,1633.242
1277,0.969106137752533,0.9391348361968994,1633.2465
1278,1.0085420608520508,0.9306166768074036,1633.251
1279,1.1101289987564087,0.9687906503677368,1633.2555
1280,1.041983723640442,0.949230432510376,1633.26
1281,1.0514483451843262,1.0318881273269653,1633.2645
1282,0.9899283051490784,0.9728919863700867,1633.269
1283,1.0880448818206787,0.9255688786506653,1633.2735
1284,0.9397658109664917,1.009173035621643,1633.278
1285,0.9230449795722961,1.060597538948059,1633.2825
1286,1.0353585481643677,1.0388288497924805,1633.287
1287,0.9523853063583374,1.0438766479492188,1633.2915
1288,1.0293642282485962,0.9612189531326294,1633.296
1289,0.9533317685127258,0.9542782306671143,1633.3005
1290,1.0344120264053345,0.953647255897522,1633.305
1291,1.005071759223938,0.94481360912323,1633.3095
1292,1.0482934713363647,1.1249569654464722,1633.314
1293,0.9457600712776184,0.9826720952987671,1633.3185
1294,1.0760563611984253,0.9410277605056763,1633.323
1295,0.9176816344261169,1.0098040103912354,1633.3275
1296,0.9186280965805054,0.911056399345398,1633.332
1297,0.9738384485244751,1.0240010023117065,1633.3365
1298,0.9889818429946899,0.9848805069923401,1633.341
1299,0.9186280965805054,0.9896128177642822,1633.3455
1300,0.940396785736084,0.8905497193336487,1633.35
1301,0.9489149451255798,1.0189532041549683,1633.3545
1302,1.0088576078414917,0.940396785736084,1633.359
1303,0.9807791709899902,0.9227294921875,1633.3635
1304,0.9675287008285522,0.904431164264679,1633.368
1305,0.9485994577407837,0.9798327088356018,1633.3725
1306,0.9892973303794861,0.9681596755981445,1633.377
1307,0.9760468602180481,1.0779492855072021,1633.3815
1308,0.8659417033195496,1.0211615562438965,1633.386
1309,0.982356607913971,1.0214771032333374,1633.3905
1310,1.005071759223938,0.9741539359092712,1633.395
1311,0.9280927777290344,0.9681596755981445,1633.3995
1312,1.0394598245620728,0.9659512639045715,1633.404
1313,1.0157983303070068,1.019899606704712,1633.4085
1314,1.1719646453857422,1.0060181617736816,1633.413
1315,1.047347068786621,0.9220985174179077,1633.4175
1316,0.9340870380401611,0.877930223941803,1633.422
1317,0.9858269691467285,1.0839436054229736,1633.4265
1318,0.982356607913971,0.9085325002670288,1633.431
1319,0.9239914417266846,0.9911902546882629,1633.4355
1320,0.9485994577407837,0.9261998534202576,1633.44
1321,0.9183126091957092,1.0151673555374146,1633.4445
1322,0.973522961139679,1.1072896718978882,1633.449
1323,0.9766778349876404,1.040406346321106,1633.4535
1324,1.0157983303070068,0.973522961139679,1633.458
1325,0.9990774393081665,0.8918116688728333,1633.4625
1326,0.9157887101173401,0.8366013765335083,1633.467
1327,0.9454445838928223,1.0410373210906982,1633.4715
1328,0.9728919863700867,0.9792017340660095,1633.476
1329,0.9722610116004944,0.9432361721992493,1633.4805
1330,0.933771550655365,1.0079110860824585,1633.485
1331,1.035673975944519,0.9751003980636597,1633.4895
1332,0.935979962348938,1.0583890676498413,1633.494
1333,0.9662667512893677,0.9744694232940674,1633.4985
1334,0.9978154897689819,1.0703775882720947,1633.503
1335,1.0388288497924805,0.9189435839653015,1633.5075
1336,0.9072705507278442,1.062490463256836,1633.512
1337,0.9618499279022217,1.0192686319351196,1633.5165
1338,1.0230544805526733,0.9987619519233704,1633.521
1339,0.9463910460472107,0.9728919863700867,1633.5255
1340,1.0088576078414917,0.9836185574531555,1633.53
1341,0.9874044060707092,0.9975000023841858,1633.5345
1342,0.9173661470413208,1.0258939266204834,1633.539
1343,1.1867924928665161,0.9915057420730591,1633.5435
1344,1.0593355894088745,1.0252629518508911,1633.548
1345,1.0618594884872437,0.8258748054504395,1633.5525
1346,0.9709990620613098,0.9120028614997864,1633.557
1347,0.9511233568191528,0.9874044060707092,1633.5615
1348,1.0246319770812988,0.9053776264190674,1633.566
1349,0.9362954497337341,0.9549092054367065,1633.5705
1350,0.9444981217384338,1.0347275733947754,1633.575
1351,0.9217830300331116,0.9864579439163208,1633.5795
1352,1.0555497407913208,1.0145363807678223,1633.584
1353,1.0325191020965576,0.9356644749641418,1633.5885
1354,1.0148518085479736,0.9984464645385742,1633.593
1355,0.958064079284668,0.9555401802062988,1633.5975
1356,1.0057027339935303,0.9984464645385742,1633.602
1357,0.96689772605896,1.0700621604919434,1633.6065
1358,1.0170602798461914,0.9583795666694641,1633.611
1359,1.0344120264053345,1.0034942626953125,1633.6155
1360,0.9861424565315247,0.9072705507278442,1633.62
1361,1.009173035621643,1.0501863956451416,1633.6245
1362,0.8943355679512024,0.9785707592964172,1633.629
1363,1.0101195573806763,0.8672036528587341,1633.6335
1364,0.8788766860961914,0.9921367168426514,1633.638
1365,0.9703680872917175,0.8940200805664062,1633.6425
1366,0.9555401802062988,0.9927676916122437,1633.647
1367,0.9911902546882629,0.9170506596565247,1633.6515
1368,0.8832935094833374,0.9340870380401611,1633.656
1369,0.973522961139679,0.9940296411514282,1633.6605
1370,0.900014340877533,0.8703585267066956,1633.665
1371,0.9586950540542603,0.9220985174179077,1633.6695
1372,0.9618499279022217,1.0722705125808716,1633.674
1373,1.101926326751709,0.8829780220985413,1633.6785
1374,1.0880448818206787,0.9908747673034668,1633.683
1375,1.031572699546814,0.9552246928215027,1633.6875
1376,1.0221080780029297,0.9971845149993896,1633.692
1377,1.0167447328567505,0.9183126091957092,1633.6965
1378,0.847012460231781,0.9416587352752686,1633.701
1379,1.013589859008789,1.1104445457458496,1633.7055
1380,0.9605879783630371,0.9959225654602051,1633.71
1381,0.9189435839653015,0.9520698189735413,1633.7145
1382,0.9372419118881226,0.9631118774414062,1633.719
1383,1.0747944116592407,0.8943355679512024,1633.7235
1384,0.9637428522109985,0.9732074737548828,1633.728
1385,1.026840329170227,0.9331405758857727,1633.7325
1386,0.9975000023841858,1.0044407844543457,1633.737
1387,1.0397753715515137,0.9012762904167175,1633.7415
1388,0.9261998534202576,0.9962380528450012,1633.746
1389,1.0101195573806763,0.9599570035934448,1633.7505
1390,1.0170602798461914,1.0060181617736816,1633.755
1391,0.9981309771537781,0.9353489875793457,1633.7595
1392,0.9075860381126404,1.0422992706298828,1633.764
1393,1.1315821409225464,1.0369359254837036,1633.7685
1394,0.9993929266929626,0.9911902546882629,1633.773
1395,0.9681596755981445,1.005071759223938,1633.7775
1396,1.0060181617736816,0.9637428522109985,1633.782
1397,1.0542877912521362,0.9432361721992493,1633.7865
1398,0.9987619519233704,0.8848709464073181,1633.791
1399,0.9997084140777588,0.9905592799186707,1633.7955
1400,1.029679775238037,0.8883413076400757,1633.8
1401,0.9482839703559875,1.0284178256988525,1633.8045
1402,0.9747849106788635,0.9968690276145935,1633.809
1403,1.0072801113128662,0.9855114817619324,1633.8135
1404,1.0028632879257202,1.0208461284637451,1633.818
1405,1.0325191020965576,1.0233700275421143,1633.8225
1406,0.980148196220398,1.0098040103912354,1633.827
1407,1.0252629518508911,0.9864579439163208,1633.8315
1408,0.9429206848144531,1.0230544805526733,1633.836
1409,0.9975000023841858,0.9019072651863098,1633.8405
1410,1.0946701765060425,0.9949761033058167,1633.845
1411,1.0634368658065796,0.9634273648262024,1633.8495
1412,0.9202055931091309,1.0688002109527588,1633.854
1413,0.9874044060707092,0.9631118774414062,1633.8585
1414,0.9687906503677368,0.8870793581008911,1633.863
1415,0.9167351722717285,0.9586950540542603,1633.8675
1416,1.0142208337783813,0.9877198934555054,1633.872
1417,1.0255783796310425,1.0905687808990479,1633.8765
1418,0.9407122731208801,0.9946606159210205,1633.881
1419,0.9312476515769958,0.9467065334320068,1633.8855
1420,0.9896128177642822,0.9129493236541748,1633.89
1421,0.9164196848869324,0.9751003980636597,1633.8945
1422,0.9820411205291748,0.9034847021102905,1633.899
1423,0.9665822386741638,1.0700621604919434,1633.9035
1424,1.1363145112991333,0.9593260288238525,1633.908
1425,1.0274713039398193,0.9804636836051941,1633.9125
1426,0.9637428522109985,0.9940296411514282,1633.917
1427,0.9782552719116211,0.9776242971420288,1633.9215
1428,1.0123279094696045,1.0937236547470093,1633.926
1429,1.0265249013900757,1.0006548166275024,1633.9305
1430,1.0318881273269653,0.9870889186859131,1633.935
1431,0.8545841574668884,1.0101195573806763,1633.9395
1432,1.0344120264053345,0.984565019607544,1633.944
1433,0.8791921734809875,1.087098479270935,1633.9485
1434,0.9138957858085632,1.000339388847351,1633.953
1435,0.9990774393081665,1.0612285137176514,1633.9575
1436,1.0113815069198608,0.9438671469688416,1633.962
1437,0.9025382399559021,1.0741634368896484,1633.9665
1438,0.8722514510154724,0.893389105796814,1633.971
1439,1.006649136543274,0.9268308281898499,1633.9755
1440,1.0615439414978027,0.915473222732544,1633.98
1441,0.8706740140914917,0.9706835746765137,1633.9845
1442,0.9747849106788635,1.031257152557373,1633.989
1443,0.9552246928215027,1.0255783796310425,1633.9935
1444,0.9836185574531555,0.9460755586624146,1633.998
1445,1.0142208337783813,1.1164387464523315,1634.0025
1446,0.9744694232940674,1.084259033203125,1634.007
1447,1.028733253479004,0.9258843660354614,1634.0115
1448,1.0085420608520508,0.9060086011886597,1634.016
1449,1.0688002109527588,0.9858269691467285,1634.0205
1450,1.009173035621643,1.066907286643982,1634.025
1451,0.9918212294578552,0.951438844203949,1634.0295
1452,1.065014362335205,0.9555401802062988,1634.034
1453,1.0318881273269653,0.9545937180519104,1634.0385
1454,0.94481360912323,1.0397753715515137,1634.043
1455,0.9508078694343567,1.006649136543274,1634.0475
1456,0.9618499279022217,0.9306166768074036,1634.052
1457,0.9738384485244751,1.0104349851608276,1634.0565
1458,0.9751003980636597,0.900014340877533,1634.061
1459,1.0691156387329102,0.9946606159210205,1634.0655
1460,0.9605879783630371,1.029679775238037,1634.07
1461,1.0028632879257202,1.0855209827423096,1634.0745
1462,1.0542877912521362,1.029679775238037,1634.079
1463,0.9788862466812134,0.8924426436424255,1634.0835
1464,1.018006682395935,0.9195745587348938,1634.088
1465,1.0457695722579956,0.9104254245758057,1634.0925
1466,0.9388193488121033,1.0457695722579956,1634.097
1467,0.9277772903442383,0.9851959943771362,1634.1015
1468,1.03598952293396,0.9208365678787231,1634.106
1469,0.9618499279022217,1.0053871870040894,1634.1105
1470,0.9804636836051941,0.9391348361968994,1634.115
1471,0.9400812983512878,0.8772992491722107,1634.1195
1472,1.0672227144241333,1.0034942626953125,1634.124
1473,1.0779492855072021,1.0337810516357422,1634.1285
1474,0.9495459198951721,0.9997084140777588,1634.133
1475,1.0299952030181885,1.0381978750228882,1634.1375
1476,0.9353489875793457,0.9858269691467285,1634.142
1477,0.9940296411514282,0.9161041975021362,1634.1465
1478,0.9747849106788635,0.9615344405174255,1634.151
1479,0.9555401802062988,0.8937045931816101,1634.1555
1480,0.884555459022522,0.9911902546882629,1634.16
1481,0.9637428522109985,1.0391443967819214,1634.1645
1482,0.9694216251373291,0.9605879783630371,1634.169
1483,0.9173661470413208,0.9634273648262024,1634.1735
1484,0.9839340448379517,1.1524043083190918,1634.178
1485,0.9511233568191528,1.0344120264053345,1634.1825
1486,1.0195841789245605,0.9167351722717285,1634.187
1487,1.111075520515442,1.0451385974884033,1634.1915
1488,1.0675382614135742,0.9523853063583374,1634.196
1489,0.869096577167511,0.958064079284668,1634.2005
1490,0.9056931138038635,0.9814101457595825,1634.205
1491,0.9886663556098938,0.9861424565315247,1634.2095
1492,1.0514483451843262,0.9410277605056763,1634.214
1493,1.0880448818206787,1.0145363807678223,1634.2185
1494,1.0495554208755493,1.0523948669433594,1634.223
1495,0.9574331045150757,1.0028632879257202,1634.2275
1496,0.9918212294578552,0.9637428522109985,1634.232
1497,1.0691156387329102,1.091515302658081,1634.2365
1498,0.8829780220985413,1.0025478601455688,1634.241
1499,1.0116969347000122,1.0019168853759766,1634.2455
1500,0.9220985174179077,1.0157983303070068,1634.25
1501,1.041983723640442,1.0422992706298828,1634.2545
1502,1.046400547027588,1.044823169708252,1634.259
1503,0.9441826343536377,0.9476529955863953,1634.2635
1504,0.9094789624214172,1.0325191020965576,1634.268
1505,0.9347180128097534,1.0098040103912354,1634.2725
1506,1.0016013383865356,0.9334560632705688,1634.277
1507,1.101926326751709,0.8772992491722107,1634.2815
1508,1.013589859008789,1.0435612201690674,1634.286
1509,0.9640583395957947,1.0240010023117065,1634.2905
1510,1.0028632879257202,0.9933986663818359,1634.295
1511,0.908847987651825,0.9179971218109131,1634.2995
1512,0.9785707592964172,1.000339388847351,1634.304
1513,1.0230544805526733,0.96689772605896,1634.3085
1514,0.9946606159210205,1.0508173704147339,1634.313
1515,0.9981309771537781,1.1035038232803345,1634.3175
1516,0.931563138961792,0.9145267605781555,1634.322
1517,0.9586950540542603,1.1025573015213013,1634.3265
1518,0.9126338362693787,0.8306071162223816,1634.331
1519,1.0505019426345825,1.0785802602767944,1634.3355
1520,0.9561711549758911,1.0416682958602905,1634.34
1521,1.0318881273269653,1.0413527488708496,1634.3445
1522,0.9984464645385742,0.9552246928215027,1634.349
1523,0.940396785736084,0.8984369039535522,1634.3535
1524,1.0552341938018799,1.084574580192566,1634.358
1525,0.8741443753242493,1.0281022787094116,1634.3625
1526,1.0132744312286377,1.0281022787094116,1634.367
1527,1.0501863956451416,0.9599570035934448,1634.3715
1528,1.0120124816894531,1.0646988153457642,1634.376
1529,0.9397658109664917,0.9788862466812134,1634.3805
1530,1.1243259906768799,0.9120028614997864,1634.385
1531,0.9848805069923401,0.9612189531326294,1634.3895
1532,1.0164293050765991,1.0656453371047974,1634.394
1533,0.9804636836051941,0.9760468602180481,1634.3985
1534,1.0583890676498413,1.0129588842391968,1634.403
1535,0.9978154897689819,1.1404157876968384,1634.4075
1536,0.9189435839653015,1.022739052772522,1634.412
1537,1.0016013383865356,0.8372323513031006,1634.4165
1538,0.955855667591095,0.953647255897522,1634.421
1539,1.0697466135025024,0.9744694232940674,1634.4255
1540,0.9107409119606018,0.962480902671814,1634.43
1541,1.0454541444778442,0.902222752571106,1634.4345
1542,0.9640583395957947,0.9927676916122437,1634.439
1543,0.9842495322227478,0.9031692147254944,1634.4435
1544,1.0631214380264282,0.9441826343536377,1634.448
1545,0.9766778349876404,0.9839340448379517,1634.4525
1546,1.0299952030181885,1.0546032190322876,1634.457
1547,0.9788862466812134,1.104765772819519,1634.4615
1548,1.037566900253296,1.0053871870040894,1634.466
1549,0.9804636836051941,0.9107409119606018,1634.4705
1550,1.0277868509292603,0.9681596755981445,1634.475
1551,0.8918116688728333,1.073848009109497,1634.4795
1552,1.0195841789245605,0.9179971218109131,1634.484
1553,1.0211615562438965,0.9899283051490784,1634.4885
1554,1.0527102947235107,1.0126434564590454,1634.493
1555,0.9877198934555054,0.9987619519233704,1634.4975
1556,0.8902342319488525,0.9634273648262024,1634.502
1557,1.040406346321106,0.9637428522109985,1634.5065
1558,1.0457695722579956,0.9968690276145935,1634.511
1559,0.9605879783630371,0.9965535402297974,1634.5155
1560,0.822719931602478,1.0249474048614502,1634.52
1561,0.9776242971420288,0.9258843660354614,1634.5245
1562,0.9618499279022217,0.9378728866577148,1634.529
1563,0.9138957858085632,1.0028632879257202,1634.5335
1564,1.0249474048614502,0.949230432510376,1634.538
1565,0.9896128177642822,0.9523853063583374,1634.5425
1566,0.9375573992729187,0.9290392398834229,1634.547
1567,0.89780592918396,1.0527102947235107,1634.5515
1568,1.0451385974884033,0.9520698189735413,1634.556
1569,0.9552246928215027,0.9892973303794861,1634.5605
1570,0.9883508682250977,0.9949761033058167,1634.565
1571,0.9829875826835632,0.9962380528450012,1634.5695
1572,1.0075956583023071,0.9372419118881226,1634.574
1573,0.9230449795722961,0.8842399716377258,1634.5785
1574,0.9511233568191528,0.9883508682250977,1634.583
1575,0.9631118774414062,0.9318786263465881,1634.5875
1576,0.9006453156471252,1.062490463256836,1634.592
1577,0.9501768946647644,0.9388193488121033,1634.5965
1578,1.0221080780029297,0.9006453156471252,1634.601
1579,0.9451290965080261,0.9870889186859131,1634.6055
1580,1.0072801113128662,0.8577390313148499,1634.61
1581,0.9101099371910095,0.9347180128097534,1634.6145
1582,1.0012859106063843,1.0353585481643677,1634.619
1583,0.9583795666694641,1.031572699546814,1634.6235
1584,0.9833030700683594,0.9463910460472107,1634.628
1585,1.0678536891937256,1.0527102947235107,1634.6325
1586,1.0391443967819214,0.9672132134437561,1634.637
1587,0.9255688786506653,0.94481360912323,1634.6415
1588,0.9933986663818359,0.8892877697944641,1634.646
1589,0.9444981217384338,0.9120028614997864,1634.6505
1590,0.877930223941803,0.9542782306671143,1634.655
1591,1.002232313156128,1.0675382614135742,1634.6595
1592,1.03598952293396,1.097825050354004,1634.664
1593,1.041983723640442,0.9694216251373291,1634.6685
1594,0.877930223941803,0.9334560632705688,1634.673
1595,1.0691156387329102,1.0413527488708496,1634.6775
1596,0.9741539359092712,0.866888165473938,1634.682
1597,1.0378824472427368,1.0451385974884033,1634.6865
1598,0.9902437925338745,1.0527102947235107,1634.691
1599,0.9722610116004944,1.0088576078414917,1634.6955
1600,0.9858269691467285,1.0085420608520508,1634.7
1601,0.9069550633430481,1.0186376571655273,1634.7045
1602,0.933771550655365,0.9545937180519104,1634.709
1603,0.9681596755981445,0.9157887101173401,1634.7135
1604,1.0167447328567505,0.9224140048027039,1634.718
1605,1.0019168853759766,1.0025478601455688,1634.7225
1606,0.9362954497337341,1.0284178256988525,1634.727
1607,0.9419742226600647,1.0432456731796265,1634.7315
1608,0.9116873741149902,0.8627868294715881,1634.736
1609,1.1296892166137695,0.9495459198951721,1634.7405
1610,0.9905592799186707,1.082681655883789,1634.745
1611,1.0505019426345825,0.9672132134437561,1634.7495
1612,1.019899606704712,0.9915057420730591,1634.754
1613,1.015482783317566,0.9233604669570923,1634.7585
1614,1.0019168853759766,0.980148196220398,1634.763
1615,0.9795172214508057,1.0151673555374146,1634.7675
1616,0.9883508682250977,0.953647255897522,1634.772
1617,0.9997084140777588,1.0211615562438965,1634.7765
1618,1.0031788349151611,0.9003298282623291,1634.781
1619,1.01106595993042,0.9637428522109985,1634.7855
1620,1.0009703636169434,0.9457600712776184,1634.79
1621,0.9870889186859131,0.9031692147254944,1634.7945
1622,0.9773088097572327,0.949230432510376,1634.799
1623,1.0725860595703125,0.962480902671814,1634.8035
1624,0.9511233568191528,0.9760468602180481,1634.808
1625,1.0038098096847534,0.9444981217384338,1634.8125
1626,0.958064079284668,0.9419742226600647,1634.817
1627,0.9574331045150757,0.9908747673034668,1634.8215
1628,1.0807887315750122,1.0164293050765991,1634.826
1629,1.0318881273269653,0.9747849106788635,1634.8305
1630,0.9479684829711914,0.9943451285362244,1634.835
1631,1.0104349851608276,1.0057027339935303,1634.8395
1632,1.1000334024429321,0.9590105414390564,1634.844
1633,1.0202151536941528,0.9640583395957947,1634.8485
1634,1.0195841789245605,0.958064079284668,1634.853
1635,0.9858269691467285,0.8962284922599792,1634.8575
1636,1.0514483451843262,0.9933986663818359,1634.862
1637,0.9946606159210205,1.0028632879257202,1634.8665
1638,0.9542782306671143,1.0505019426345825,1634.871
1639,0.951438844203949,1.0571271181106567,1634.8755
1640,0.9921367168426514,0.9429206848144531,1634.88
1641,0.9997084140777588,0.9261998534202576,1634.8845
1642,1.0911997556686401,0.9517543315887451,1634.889
1643,0.9627963900566101,1.0063337087631226,1634.8935
1644,0.9908747673034668,0.9419742226600647,1634.898
1645,1.0025478601455688,1.0157983303070068,1634.9025
1646,0.8567925691604614,0.8501673340797424,1634.907
1647,0.9870889186859131,1.0230544805526733,1634.9115
1648,1.0968785285949707,1.0587046146392822,1634.916
1649,0.9744694232940674,1.0413527488708496,1634.9205
1650,0.9485994577407837,0.8974904417991638,1634.925
1651,1.042930245399475,0.9489149451255798,1634.9295
1652,1.0249474048614502,1.0426146984100342,1634.934
1653,0.9738384485244751,0.96689772605896,1634.9385
1654,1.0246319770812988,1.0344120264053345,1634.943
1655,0.927146315574646,0.9208365678787231,1634.9475
1656,1.1132838726043701,0.9741539359092712,1634.952
1657,0.9662667512893677,1.0672227144241333,1634.9565
1658,0.8741443753242493,0.9687906503677368,1634.961
1659,1.018006682395935,1.0019168853759766,1634.9655
1660,1.0482934713363647,1.1467255353927612,1634.97
1661,1.0041252374649048,1.0678536891937256,1634.9745
1662,0.9978154897689819,0.9183126091957092,1634.979
1663,1.0394598245620728,1.071324110031128,1634.9835
1664,0.9309321641921997,0.9785707592964172,1634.988
1665,0.9867734313011169,0.9258843660354614,1634.9925
1666,1.0176912546157837,1.0161137580871582,1634.997
1667,0.8280832171440125,0.9195745587348938,1635.0015
1668,1.139784812927246,0.9820411205291748,1635.006
1669,0.9776242971420288,0.9795172214508057,1635.0105
1670,0.9107409119606018,0.9552246928215027,1635.015
1671,0.9782552719116211,1.0120124816894531,1635.0195
1672,0.924937903881073,0.8940200805664062,1635.024
1673,0.827136754989624,0.911056399345398,1635.0285
1674,1.0729014873504639,0.933771550655365,1635.033
1675,1.0262093544006348,0.9006453156471252,1635.0375
1676,1.046400547027588,1.0053871870040894,1635.042
1677,1.0981404781341553,0.9454445838928223,1635.0465
1678,1.0344120264053345,0.9965535402297974,1635.051
1679,0.8899187445640564,1.0397753715515137,1635.0555
1680,0.9612189531326294,0.953647255897522,1635.06
1681,1.0075956583023071,1.0303107500076294,1635.0645
1682,0.8962284922599792,0.984565019607544,1635.069
1683,0.9164196848869324,0.9675287008285522,1635.0735
1684,1.0426146984100342,0.9394503235816956,1635.078
1685,0.9485994577407837,1.0956165790557861,1635.0825
1686,0.964689314365387,1.0394598245620728,1635.087
1687,1.0596510171890259,1.0176912546157837,1635.0915
1688,0.9650048017501831,0.8608939051628113,1635.096
1689,1.0113815069198608,0.9984464645385742,1635.1005
1690,1.056180715560913,0.9886663556098938,1635.105
1691,1.0189532041549683,1.0902533531188965,1635.1095
1692,0.9019072651863098,1.0643833875656128,1635.114
1693,0.9170506596565247,0.9681596755981445,1635.1185
1694,0.8971749544143677,0.9344025254249573,1635.123
1695,1.0176912546157837,0.9378728866577148,1635.1275
1696,0.9792017340660095,0.8605784177780151,1635.132
1697,1.0482934713363647,1.0470315217971802,1635.1365
1698,0.9725764989852905,0.971314549446106,1635.141
1699,0.9511233568191528,0.8996988534927368,1635.1455
1700,1.0457695722579956,0.9593260288238525,1635.15
1701,0.8817160725593567,0.9744694232940674,1635.1545
1702,0.9997084140777588,0.8990678787231445,1635.159
1703,0.9454445838928223,0.9937141537666321,1635.1635
1704,1.0615439414978027,1.0631214380264282,1635.168
1705,0.9220985174179077,0.908847987651825,1635.1725
1706,0.9987619519233704,0.8798231482505798,1635.177
1707,0.9678441882133484,1.0773183107376099,1635.1815
1708,0.9107409119606018,0.9798327088356018,1635.186
1709,1.0602819919586182,0.8564770817756653,1635.1905
1710,1.0637524127960205,1.0688002109527588,1635.195
1711,1.0893068313598633,1.0552341938018799,1635.1995
1712,1.0167447328567505,0.9157887101173401,1635.204
1713,0.9732074737548828,0.8962284922599792,1635.2085
1714,1.0672227144241333,1.0101195573806763,1635.213
1715,0.8864483833312988,1.0009703636169434,1635.2175
1716,1.0432456731796265,0.8798231482505798,1635.222
1717,0.9650048017501831,0.8952820301055908,1635.2265
1718,0.9747849106788635,0.9454445838928223,1635.231
1719,1.1044502258300781,0.9990774393081665,1635.2355
1720,1.0505019426345825,0.9060086011886597,1635.24
1721,1.0262093544006348,0.9927676916122437,1635.2445
1722,0.94481360912323,1.100348949432373,1635.249
1723,1.009173035621643,0.9504923820495605,1635.2535
1724,0.9892973303794861,0.9258843660354614,1635.258
1725,1.022423505783081,0.9905592799186707,1635.2625
1726,1.0053871870040894,0.9968690276145935,1635.267
1727,1.0482934713363647,0.9975000023841858,1635.2715
1728,0.9214675426483154,0.9940296411514282,1635.276
1729,1.0233700275421143,0.96689772605896,1635.2805
1730,0.9605879783630371,0.9930831789970398,1635.285
1731,0.8848709464073181,1.0063337087631226,1635.2895
1732,1.0025478601455688,0.9542782306671143,1635.294
1733,1.0552341938018799,1.006649136543274,1635.2985
1734,0.9738384485244751,1.0523948669433594,1635.303
1735,1.035673975944519,1.0088576078414917,1635.3075
1736,0.9552246928215027,0.9959225654602051,1635.312
1737,1.0107505321502686,1.0120124816894531,1635.3165
1738,0.9334560632705688,1.0353585481643677,1635.321
1739,0.8870793581008911,0.9362954497337341,1635.3255
1740,0.9848805069923401,0.9987619519233704,1635.33
1741,0.9921367168426514,1.051763892173767,1635.3345
1742,0.9577485918998718,0.9965535402297974,1635.339
1743,0.9833030700683594,1.1167542934417725,1635.3435
1744,1.0646988153457642,0.9896128177642822,1635.348
1745,1.0378824472427368,0.9511233568191528,1635.3525
1746,0.9309321641921997,0.958064079284668,1635.357
1747,0.9984464645385742,0.9981309771537781,1635.3615
1748,0.9997084140777588,0.9053776264190674,1635.366
1749,0.9372419118881226,0.9542782306671143,1635.3705
1750,0.9441826343536377,1.0281022787094116,1635.375
1751,0.871304988861084,1.0520793199539185,1635.3795
1752,0.9744694232940674,1.1072896718978882,1635.384
1753,0.9861424565315247,1.0861519575119019,1635.3885
1754,0.962480902671814,0.9328250885009766,1635.393
1755,1.0388288497924805,1.0072801113128662,1635.3975
1756,0.9561711549758911,1.0366204977035522,1635.402
1757,0.9350335001945496,1.0539722442626953,1635.4065
1758,0.9814101457595825,0.9902437925338745,1635.411
1759,0.9527007937431335,0.9312476515769958,1635.4155
1760,0.9583795666694641,1.015482783317566,1635.42
1761,0.9498614072799683,1.0618594884872437,1635.4245
1762,0.9858269691467285,1.0558651685714722,1635.429
1763,1.084574580192566,0.9927676916122437,1635.4335
1764,1.0476624965667725,0.96689772605896,1635.438
1765,1.004756212234497,0.9744694232940674,1635.4425
1766,1.073848009109497,0.9741539359092712,1635.447
1767,1.0284178256988525,1.0113815069198608,1635.4515
1768,1.0413527488708496,0.9309321641921997,1635.456
1769,0.9530162811279297,1.0571271181106567,1635.4605
1770,0.9984464645385742,0.9656357765197754,1635.465
1771,0.8810850977897644,1.004756212234497,1635.4695
1772,0.8750908374786377,0.9892973303794861,1635.474
1773,0.9615344405174255,0.9984464645385742,1635.4785
1774,0.9312476515769958,0.9728919863700867,1635.483
1775,0.9940296411514282,1.005071759223938,1635.4875
1776,0.9290392398834229,1.0116969347000122,1635.492
1777,1.0438766479492188,1.002232313156128,1635.4965
1778,0.9246224164962769,0.9148422479629517,1635.501
1779,0.9754158854484558,0.9892973303794861,1635.5055
1780,0.8851864337921143,0.973522961139679,1635.51
1781,1.024316430091858,0.8766682744026184,1635.5145
1782,1.0079110860824585,1.0691156387329102,1635.519
1783,1.0167447328567505,1.0132744312286377,1635.5235
1784,0.8400717377662659,0.9328250885009766,1635.528
1785,1.0041252374649048,1.0773183107376099,1635.5325
1786,0.9501768946647644,1.0088576078414917,1635.537
1787,0.9807791709899902,1.057758092880249,1635.5415
1788,0.9997084140777588,1.0422992706298828,1635.546
1789,1.0590200424194336,0.9568021297454834,1635.5505
1790,0.9684751629829407,0.9347180128097534,1635.555
1791,0.9751003980636597,0.9287237524986267,1635.5595
1792,0.9769933223724365,1.0691156387329102,1635.564
1793,1.0735324621200562,0.9060086011886597,1635.5685
1794,0.9416587352752686,0.9183126091957092,1635.573
1795,0.9754158854484558,0.9542782306671143,1635.5775
1796,0.9410277605056763,1.0075956583023071,1635.582
1797,0.8905497193336487,1.0867829322814941,1635.5865
1798,0.864679753780365,1.044507622718811,1635.591
1799,0.9927676916122437,1.0729014873504639,1635.5955
1800,0.8653107285499573,1.0397753715515137,1635.6
1801,0.9665822386741638,1.0072801113128662,1635.6045
1802,0.9621654152870178,0.9719455242156982,1635.609
1803,1.018006682395935,0.94481360912323,1635.6135
1804,0.9814101457595825,1.0006548166275024,1635.618
1805,0.9814101457595825,0.9987619519233704,1635.6225
1806,1.0255783796310425,0.9795172214508057,1635.627
1807,0.9810946583747864,1.053656816482544,1635.6315
1808,1.022423505783081,1.0391443967819214,1635.636
1809,1.035673975944519,1.0334656238555908,1635.6405
1810,0.9208365678787231,0.8937045931816101,1635.645
1811,0.9593260288238525,1.0041252374649048,1635.6495
1812,0.9006453156471252,1.106658697128296,1635.654
1813,0.9545937180519104,1.0381978750228882,1635.6585
1814,1.0672227144241333,0.9631118774414062,1635.663
1815,0.9069550633430481,0.9870889186859131,1635.6675
1816,0.9350335001945496,0.877930223941803,1635.672
1817,1.0069646835327148,1.053341269493103,1635.6765
1818,0.9331405758857727,0.9539627432823181,1635.681
1819,0.9952915906906128,1.0574426651000977,1635.6855
1820,0.9861424565315247,1.026840329170227,1635.69
1821,0.9113718867301941,0.9659512639045715,1635.6945
1822,1.0795267820358276,0.8728824257850647,1635.699
1823,1.0823661088943481,1.038513422012329,1635.7035
1824,1.0060181617736816,1.0148518085479736,1635.708
1825,0.9738384485244751,0.9653202891349792,1635.7125
1826,1.0460851192474365,0.9933986663818359,1635.717
1827,1.0038098096847534,0.9788862466812134,1635.7215
1828,1.1183316707611084,1.0684846639633179,1635.726
1829,1.0681692361831665,0.9586950540542603,1635.7305
1830,0.9782552719116211,1.019899606704712,1635.735
1831,0.9161041975021362,0.9833030700683594,1635.7395
1832,1.01106595993042,0.9719455242156982,1635.744
1833,0.8826625347137451,1.051763892173767,1635.7485
1834,0.9971845149993896,0.924937903881073,1635.753
1835,1.018322229385376,1.0546032190322876,1635.7575
1836,0.8858174085617065,0.9848805069923401,1635.762
1837,0.9015917778015137,0.951438844203949,1635.7665
1838,0.9959225654602051,1.0044407844543457,1635.771
1839,1.0186376571655273,0.9908747673034668,1635.7755
1840,0.9877198934555054,1.0479780435562134,1635.78
1841,0.9807791709899902,1.0236854553222656,1635.7845
1842,0.9325096011161804,0.9331405758857727,1635.789
1843,0.9959225654602051,1.0407217741012573,1635.7935
1844,1.0126434564590454,1.104765772819519,1635.798
1845,1.0829970836639404,1.0167447328567505,1635.8025
1846,0.9905592799186707,0.9255688786506653,1635.807
1847,0.9902437925338745,0.9369264245033264,1635.8115
1848,0.9041156768798828,1.097825050354004,1635.816
1849,0.9927676916122437,1.0426146984100342,1635.8205
1850,1.1009799242019653,0.980148196220398,1635.825
1851,0.869096577167511,1.0107505321502686,1635.8295
1852,0.9261998534202576,1.031257152557373,1635.834
1853,0.9874044060707092,0.9161041975021362,1635.8385
1854,1.1082360744476318,0.9883508682250977,1635.843
1855,0.9769933223724365,0.9965535402297974,1635.8475
1856,0.9605879783630371,1.0552341938018799,1635.852
1857,0.9924522042274475,0.9252533912658691,1635.8565
1858,1.0284178256988525,0.9858269691467285,1635.861
1859,0.971314549446106,0.9413432478904724,1635.8655
1860,0.9596415162086487,0.9795172214508057,1635.87
1861,0.9946606159210205,1.0706931352615356,1635.8745
1862,0.9202055931091309,0.9681596755981445,1635.879
1863,0.9176816344261169,1.0388288497924805,1635.8835
1864,0.9454445838928223,0.8725669384002686,1635.888
1865,1.0763719081878662,0.8798231482505798,1635.8925
1866,0.9700525999069214,0.9504923820495605,1635.897
1867,0.9400812983512878,1.0896223783493042,1635.9015
1868,1.0328346490859985,1.0609129667282104,1635.906
1869,1.034096598625183,0.940396785736084,1635.9105
1870,1.009488582611084,1.0508173704147339,1635.915
1871,0.9561711549758911,0.982356607913971,1635.9195
1872,0.9754158854484558,0.9870889186859131,1635.924
1873,0.980148196220398,0.9009608030319214,1635.9285
1874,0.9463910460472107,0.9946606159210205,1635.933
1875,0.8864483833312988,1.100348949432373,1635.9375
1876,0.9309321641921997,0.8949665427207947,1635.942
1877,0.9889818429946899,1.0214771032333374,1635.9465
1878,0.9807791709899902,0.942605197429657,1635.951
1879,1.0006548166275024,1.071008563041687,1635.9555
1880,0.8899187445640564,0.9732074737548828,1635.96
1881,0.9877198934555054,0.9703680872917175,1635.9645
1882,0.9038001894950867,1.0063337087631226,1635.969
1883,0.9833030700683594,0.9877198934555054,1635.9735
1884,0.940396785736084,1.0602819919586182,1635.978
1885,0.9741539359092712,1.0063337087631226,1635.9825
1886,0.9820411205291748,0.9940296411514282,1635.987
1887,0.9959225654602051,1.0640678405761719,1635.9915
1888,0.982356607913971,0.9170506596565247,1635.996
1889,1.0284178256988525,0.9851959943771362,1636.0005
1890,1.0211615562438965,1.0028632879257202,1636.005
1891,0.8864483833312988,0.984565019607544,1636.0095
1892,1.0328346490859985,0.984565019607544,1636.014
1893,1.031257152557373,1.0874139070510864,1636.0185
1894,0.8782457113265991,0.9627963900566101,1636.023
1895,1.0044407844543457,0.9463910460472107,1636.0275
1896,0.9085325002670288,0.8362858891487122,1636.032
1897,0.9883508682250977,0.9833030700683594,1636.0365
1898,0.9741539359092712,0.9776242971420288,1636.041
1899,0.962480902671814,1.0116969347000122,1636.0455
1900,0.9634273648262024,1.0457695722579956,1636.05
1901,1.000339388847351,0.9101099371910095,1636.0545
1902,1.0508173704147339,0.9306166768074036,1636.059
1903,1.0602819919586182,0.9978154897689819,1636.0635
1904,0.971314549446106,0.9561711549758911,1636.068
1905,1.0751099586486816,0.9498614072799683,1636.0725
1906,1.009488582611084,0.9968690276145935,1636.077
1907,0.8694120645523071,0.9451290965080261,1636.0815
1908,1.0628058910369873,1.006649136543274,1636.086
1909,1.0899378061294556,1.0230544805526733,1636.0905
1910,0.9785707592964172,0.8839244842529297,1636.095
1911,0.8507983088493347,0.940396785736084,1636.0995
1912,0.9280927777290344,0.9930831789970398,1636.104
1913,0.8621558547019958,0.9460755586624146,1636.1085
1914,0.9968690276145935,0.9971845149993896,1636.113
1915,1.0883604288101196,1.0864675045013428,1636.1175
1916,1.0246319770812988,0.9290392398834229,1636.122
1917,0.9962380528450012,1.0397753715515137,1636.1265
1918,0.9990774393081665,0.9921367168426514,1636.131
1919,0.9362954497337341,0.9706835746765137,1636.1355
1920,0.9479684829711914,0.913264811038971,1636.14
1921,0.9012762904167175,0.982356607913971,1636.1445
1922,0.9946606159210205,0.9463910460472107,1636.149
1923,0.8892877697944641,0.9946606159210205,1636.1535
1924,1.022423505783081,0.8523757457733154,1636.158
1925,0.938188374042511,1.0265249013900757,1636.1625
1926,0.9120028614997864,1.0126434564590454,1636.167
1927,0.9378728866577148,0.938188374042511,1636.1715
1928,0.96689772605896,1.0820506811141968,1636.176
1929,1.0012859106063843,0.958064079284668,1636.1805
1930,1.035673975944519,1.0675382614135742,1636.185
1931,0.9709990620613098,0.9618499279022217,1636.1895
1932,1.0482934713363647,0.9627963900566101,1636.194
1933,0.9631118774414062,1.0246319770812988,1636.1985
1934,0.9577485918998718,0.9946606159210205,1636.203
1935,0.9826720952987671,0.9063240885734558,1636.2075
1936,0.8665726780891418,1.0363049507141113,1636.212
1937,0.9034847021102905,0.9782552719116211,1636.2165
1938,1.024316430091858,0.9889818429946899,1636.221
1939,1.0025478601455688,0.9530162811279297,1636.2255
1940,0.8927581310272217,1.03315007686615,1636.23
1941,0.9012762904167175,0.9687906503677368,1636.2345
1942,0.9586950540542603,1.0564961433410645,1636.239
1943,0.8709895014762878,0.9463910460472107,1636.2435
1944,0.9126338362693787,1.0123279094696045,1636.248
1945,0.9738384485244751,1.0025478601455688,1636.2525
1946,1.0760563611984253,1.0634368658065796,1636.257
1947,1.10224187374115,0.949230432510376,1636.2615
1948,0.9520698189735413,0.9892973303794861,1636.266
1949,0.9489149451255798,0.8435420989990234,1636.2705
1950,1.0684846639633179,0.9911902546882629,1636.275
1951,1.031572699546814,0.9476529955863953,1636.2795
1952,1.0262093544006348,0.9883508682250977,1636.284
1953,0.9555401802062988,0.9568021297454834,1636.2885
1954,1.0542877912521362,1.0325191020965576,1636.293
1955,1.0716395378112793,1.0205305814743042,1636.2975
1956,0.9738384485244751,1.0735324621200562,1636.302
1957,0.940396785736084,1.1375764608383179,1636.3065
1958,0.8886567950248718,0.9839340448379517,1636.311
1959,0.9687906503677368,0.9211520552635193,1636.3155
1960,0.9719455242156982,1.1419932842254639,1636.32
1961,1.0221080780029297,0.9621654152870178,1636.3245
1962,1.0306261777877808,1.0539722442626953,1636.329
1963,0.9340870380401611,1.0233700275421143,1636.3335
1964,1.037566900253296,0.8877103328704834,1636.338
1965,1.0211615562438965,0.9990774393081665,1636.3425
1966,0.9681596755981445,0.9454445838928223,1636.347
1967,0.9539627432823181,0.9416587352752686,1636.3515
1968,1.0394598245620728,0.973522961139679,1636.356
1969,0.9782552719116211,0.9003298282623291,1636.3605
1970,0.9820411205291748,0.9457600712776184,1636.365
1971,1.0249474048614502,1.0274713039398193,1636.3695
1972,0.9542782306671143,1.0192686319351196,1636.374
1973,0.9299857020378113,0.8656262159347534,1636.3785
1974,0.9432361721992493,1.005071759223938,1636.383
1975,0.8814005851745605,0.9568021297454834,1636.3875
1976,0.9709990620613098,0.9937141537666321,1636.392
1977,0.9615344405174255,0.8930736184120178,1636.3965
1978,0.9277772903442383,1.062174916267395,1636.401
1979,0.9788862466812134,0.9508078694343567,1636.4055
1980,0.9429206848144531,0.9312476515769958,1636.41
1981,0.9886663556098938,0.9498614072799683,1636.4145
1982,0.8782457113265991,1.0426146984100342,1636.419
1983,1.071324110031128,0.9997084140777588,1636.4235
1984,1.0025478601455688,0.8930736184120178,1636.428
1985,0.9372419118881226,1.0214771032333374,1636.4325
1986,1.0337810516357422,0.9498614072799683,1636.437
1987,0.9479684829711914,1.0123279094696045,1636.4415
1988,1.0971940755844116,0.9943451285362244,1636.446
1989,1.0211615562438965,1.024316430091858,1636.4505
1990,0.9861424565315247,0.9552246928215027,1636.455
1991,0.9940296411514282,1.0038098096847534,1636.4595
1992,1.0249474048614502,1.1031882762908936,1636.464
1993,0.8943355679512024,0.860262930393219,1636.4685
1994,1.0599665641784668,0.9795172214508057,1636.473
1995,0.9094789624214172,1.0132744312286377,1636.4775
1996,0.9347180128097534,0.9792017340660095,1636.482
1997,0.9833030700683594,0.9545937180519104,1636.4865
1998,0.9217830300331116,0.9161041975021362,1636.491
1999,0.9063240885734558,0.9258843660354614,1636.4955
2000,0.8451195359230042,1.0019168853759766,1636.5
2001,0.9012762904167175,1.0388288497924805,1636.5045
2002,1.0662763118743896,0.8981214165687561,1636.509
2003,0.9978154897689819,0.9593260288238525,1636.5135
2004,1.0252629518508911,1.0274713039398193,1636.518
2005,0.9946606159210205,0.9804636836051941,1636.5225
2006,0.9366109371185303,0.9971845149993896,1636.527
2007,0.9751003980636597,0.9908747673034668,1636.5315
2008,0.9479684829711914,1.060597538948059,1636.536
2009,0.947022020816803,1.0609129667282104,1636.5405
2010,0.9637428522109985,1.0208461284637451,1636.545
2011,0.975731372833252,0.9561711549758911,1636.5495
2012,0.9858269691467285,1.031572699546814,1636.554
2013,1.1082360744476318,0.9444981217384338,1636.5585
2014,1.0281022787094116,0.9618499279022217,1636.563
2015,1.03315007686615,0.8485898971557617,1636.5675
2016,1.0129588842391968,0.913264811038971,1636.572
2017,1.1161233186721802,0.9454445838928223,1636.5765
2018,0.9810946583747864,1.1069741249084473,1636.581
2019,0.8851864337921143,0.9179971218109131,1636.5855
2020,0.9053776264190674,0.8675191402435303,1636.59
2021,0.9366109371185303,0.9773088097572327,1636.5945
2022,0.9173661470413208,0.984565019607544,1636.599
2023,0.9933986663818359,1.0435612201690674,1636.6035
2024,0.9265153408050537,0.9807791709899902,1636.608
2025,1.0309417247772217,0.9331405758857727,1636.6125
2026,1.0186376571655273,0.9303011894226074,1636.617
2027,0.971314549446106,0.9157887101173401,1636.6215
2028,0.9385038614273071,1.0706931352615356,1636.626
2029,1.0498709678649902,0.9987619519233704,1636.6305
2030,1.0151673555374146,0.855846107006073,1636.635
2031,1.040406346321106,1.0053871870040894,1636.6395
2032,0.9085325002670288,0.9208365678787231,1636.644
2033,0.9432361721992493,0.9419742226600647,1636.6485
2034,0.9164196848869324,1.0479780435562134,1636.653
2035,0.8851864337921143,1.009488582611084,1636.6575
2036,1.0281022787094116,0.9186280965805054,1636.662
2037,0.9268308281898499,0.9675287008285522,1636.6665
2038,1.0422992706298828,0.9227294921875,1636.671
2039,0.9738384485244751,0.942605197429657,1636.6755
2040,1.1382074356079102,0.9164196848869324,1636.68
2041,0.9968690276145935,0.9902437925338745,1636.6845
2042,1.048924446105957,1.0956165790557861,1636.689
2043,1.0208461284637451,1.0249474048614502,1636.6935
2044,1.048924446105957,1.1072896718978882,1636.698
2045,0.9085325002670288,1.0041252374649048,1636.7025
2046,0.9192590713500977,1.026840329170227,1636.707
2047,0.9896128177642822,0.9855114817619324,1636.7115
2048,0.9738384485244751,0.9672132134437561,1636.716
2049,0.9085325002670288,0.8817160725593567,1636.7205
2050,0.9883508682250977,1.08015775680542,1636.725
2051,0.9978154897689819,0.915473222732544,1636.7295
2052,1.0057027339935303,0.9807791709899902,1636.734
2053,0.9672132134437561,1.0454541444778442,1636.7385
2054,0.8659417033195496,0.9126338362693787,1636.743
2055,0.9839340448379517,0.9511233568191528,1636.7475
2056,0.9851959943771362,0.9388193488121033,1636.752
2057,0.9511233568191528,0.9555401802062988,1636.7565
2058,1.0558651685714722,0.9599570035934448,1636.761
2059,0.9956070780754089,0.9889818429946899,1636.7655
2060,0.9987619519233704,0.9848805069923401,1636.77
2061,0.9810946583747864,0.9703680872917175,1636.7745
2062,0.955855667591095,0.9198900461196899,1636.779
2063,0.8681501150131226,0.8832935094833374,1636.7835
2064,1.0564961433410645,0.9328250885009766,1636.788
2065,0.949230432510376,0.9956070780754089,1636.7925
2066,0.951438844203949,0.9258843660354614,1636.797
2067,1.0741634368896484,0.9571176171302795,1636.8015
2068,0.9997084140777588,1.0240010023117065,1636.806
2069,0.982356607913971,0.9126338362693787,1636.8105
2070,0.9659512639045715,0.9277772903442383,1636.815
2071,0.9981309771537781,1.0388288497924805,1636.8195
2072,1.0788958072662354,1.0164293050765991,1636.824
2073,0.9157887101173401,1.0211615562438965,1636.8285
2074,1.013589859008789,1.048924446105957,1636.833
2075,0.9899283051490784,1.0911997556686401,1636.8375
2076,0.9933986663818359,1.0161137580871582,1636.842
2077,0.9908747673034668,1.024316430091858,1636.8465
2078,0.9047466516494751,1.0438766479492188,1636.851
2079,0.9940296411514282,1.1170697212219238,1636.8555
2080,1.051763892173767,0.9366109371185303,1636.86
2081,1.031257152557373,1.0246319770812988,1636.8645
2082,1.1088670492172241,1.004756212234497,1636.869
2083,0.8927581310272217,0.9927676916122437,1636.8735
2084,1.027155876159668,0.9252533912658691,1636.878
2085,0.9776242971420288,0.9227294921875,1636.8825
2086,0.9782552719116211,0.953647255897522,1636.887
2087,0.9593260288238525,0.9738384485244751,1636.8915
2088,0.9347180128097534,0.9975000023841858,1636.896
2089,0.886763870716095,0.9328250885009766,1636.9005
2090,0.908847987651825,0.9615344405174255,1636.905
2091,0.920521080493927,1.0523948669433594,1636.9095
2092,1.0505019426345825,0.9795172214508057,1636.914
2093,0.9776242971420288,0.9744694232940674,1636.9185
2094,1.0722705125808716,1.0208461284637451,1636.923
2095,1.0016013383865356,1.0505019426345825,1636.9275
2096,0.9899283051490784,0.9987619519233704,1636.932
2097,1.0763719081878662,0.9561711549758911,1636.9365
2098,0.9413432478904724,1.0691156387329102,1636.941
2099,0.9940296411514282,0.9700525999069214,1636.9455
2100,0.9918212294578552,1.056180715560913,1636.95
2101,0.9751003980636597,0.8971749544143677,1636.9545
2102,1.0088576078414917,0.9650048017501831,1636.959
2103,0.9716300368309021,0.8697275519371033,1636.9635
2104,0.9675287008285522,1.0640678405761719,1636.968
2105,0.9836185574531555,1.0609129667282104,1636.9725
2106,1.0031788349151611,1.049239993095398,1636.977
2107,1.0681692361831665,1.0747944116592407,1636.9815
2108,0.8962284922599792,1.035673975944519,1636.986
2109,1.040090799331665,0.9504923820495605,1636.9905
2110,1.0732170343399048,0.9943451285362244,1636.995
2111,1.0079110860824585,1.0883604288101196,1636.9995
2112,0.9760468602180481,1.044507622718811,1637.004
2113,1.0053871870040894,1.0205305814743042,1637.0085
2114,1.018322229385376,0.9883508682250977,1637.013
2115,0.9978154897689819,0.9851959943771362,1637.0175
2116,0.9722610116004944,0.9060086011886597,1637.022
2117,0.9984464645385742,0.9952915906906128,1637.0265
2118,0.9908747673034668,1.024316430091858,1637.031
2119,1.0072801113128662,0.9590105414390564,1637.0355
2120,1.031572699546814,0.9836185574531555,1637.04
2121,0.9211520552635193,0.9227294921875,1637.0445
2122,0.9697371125221252,1.0170602798461914,1637.049
2123,0.9997084140777588,0.9927676916122437,1637.0535
2124,0.9101099371910095,0.9482839703559875,1637.058
2125,1.0038098096847534,0.9303011894226074,1637.0625
2126,0.8340774774551392,0.9747849106788635,1637.067
2127,0.9643738269805908,1.0691156387329102,1637.0715
2128,1.1296892166137695,0.9340870380401611,1637.076
2129,0.9028537273406982,0.9511233568191528,1637.0805
2130,0.9807791709899902,0.9621654152870178,1637.085
2131,1.0804731845855713,1.0681692361831665,1637.0895
2132,1.0085420608520508,1.075425386428833,1637.094
2133,0.9933986663818359,0.962480902671814,1637.0985
2134,0.9290392398834229,0.9675287008285522,1637.103
2135,0.9814101457595825,0.9817256331443787,1637.1075
2136,1.0069646835327148,1.0069646835327148,1637.112
2137,1.0953011512756348,0.9419742226600647,1637.1165
2138,1.0088576078414917,0.904431164264679,1637.121
2139,0.9094789624214172,0.9549092054367065,1637.1255
2140,0.882347047328949,1.0240010023117065,1637.13
2141,1.0142208337783813,0.9350335001945496,1637.1345
2142,0.9142112731933594,0.8968594670295715,1637.139
2143,1.0460851192474365,1.0006548166275024,1637.1435
2144,1.0240010023117065,0.9697371125221252,1637.148
2145,0.9618499279022217,1.0646988153457642,1637.1525
2146,0.9003298282623291,0.9129493236541748,1637.157
2147,0.935979962348938,0.891180694103241,1637.1615
2148,0.9956070780754089,0.9785707592964172,1637.166
2149,1.0476624965667725,0.980148196220398,1637.1705
2150,0.9217830300331116,0.9485994577407837,1637.175
2151,1.0716395378112793,0.9769933223724365,1637.1795
2152,0.8700430393218994,0.9744694232940674,1637.184
2153,1.029679775238037,0.9568021297454834,1637.1885
2154,0.9697371125221252,1.0599665641784668,1637.193
2155,0.9921367168426514,1.0902533531188965,1637.1975
2156,0.9782552719116211,1.0615439414978027,1637.202
2157,1.031257152557373,1.0009703636169434,1637.2065
2158,0.9826720952987671,0.9949761033058167,1637.211
2159,0.9975000023841858,0.9744694232940674,1637.2155
2160,1.0523948669433594,0.9788862466812134,1637.22
2161,1.0615439414978027,0.9804636836051941,1637.2245
2162,0.9792017340660095,0.9782552719116211,1637.229
2163,0.9716300368309021,0.9246224164962769,1637.2335
2164,0.9394503235816956,1.115492343902588,1637.238
2165,0.8526912331581116,0.9858269691467285,1637.2425
2166,1.0760563611984253,0.9956070780754089,1637.247
2167,0.9615344405174255,0.9508078694343567,1637.2515
2168,0.9530162811279297,1.0129588842391968,1637.256
2169,1.0574426651000977,1.0217925310134888,1637.2605
2170,0.9918212294578552,0.9896128177642822,1637.265
2171,1.1255879402160645,1.002232313156128,1637.2695
2172,0.9520698189735413,0.9738384485244751,1637.274
2173,1.0034942626953125,0.9467065334320068,1637.2785
2174,0.9653202891349792,0.9615344405174255,1637.283
2175,0.938188374042511,1.0501863956451416,1637.2875
2176,0.9962380528450012,1.0744789838790894,1637.292
2177,0.9549092054367065,1.1218020915985107,1637.2965
2178,1.0009703636169434,1.0770028829574585,1637.301
2179,0.9839340448379517,0.9621654152870178,1637.3055
2180,1.122433066368103,1.048924446105957,1637.31
2181,1.0082266330718994,1.097509503364563,1637.3145
2182,1.002232313156128,0.880138635635376,1637.319
2183,1.0501863956451416,0.8899187445640564,1637.3235
2184,0.8810850977897644,1.0000238418579102,1637.328
2185,0.9344025254249573,0.9299857020378113,1637.3325
2186,0.9019072651863098,1.0034942626953125,1637.337
2187,1.0858365297317505,0.9984464645385742,1637.3415
2188,1.075740933418274,0.9211520552635193,1637.346
2189,1.0053871870040894,0.9814101457595825,1637.3505
2190,1.018322229385376,0.9224140048027039,1637.355
2191,1.03315007686615,0.9937141537666321,1637.3595
2192,0.9422897100448608,1.004756212234497,1637.364
2193,0.9243069291114807,0.960272490978241,1637.3685
2194,1.0542877912521362,0.9309321641921997,1637.373
2195,1.0246319770812988,1.0574426651000977,1637.3775
2196,1.0681692361831665,1.0602819919586182,1637.382
2197,0.9618499279022217,0.9820411205291748,1637.3865
2198,0.9444981217384338,0.9498614072799683,1637.391
2199,1.053341269493103,1.1094980239868164,1637.3955
2200,1.0637524127960205,1.0700621604919434,1637.4
2201,0.9839340448379517,0.8921271562576294,1637.4045
2202,1.0113815069198608,1.0823661088943481,1637.409
2203,1.0706931352615356,1.026840329170227,1637.4135
2204,0.9949761033058167,1.0413527488708496,1637.418
2205,1.0381978750228882,0.9378728866577148,1637.4225
2206,0.9485994577407837,0.9672132134437561,1637.427
2207,0.9104254245758057,0.9990774393081665,1637.4315
2208,0.9978154897689819,1.01390540599823,1637.436
2209,1.0937236547470093,1.0965631008148193,1637.4405
2210,1.0763719081878662,0.935979962348938,1637.445
2211,1.040406346321106,0.9419742226600647,1637.4495
2212,0.8375478386878967,1.005071759223938,1637.454
2213,0.9347180128097534,1.0126434564590454,1637.4585
2214,0.9993929266929626,1.0299952030181885,1637.463
2215,1.0069646835327148,1.027155876159668,1637.4675
2216,0.9517543315887451,0.9915057420730591,1637.472
2217,1.0173757076263428,1.002232313156128,1637.4765
2218,1.0145363807678223,0.9593260288238525,1637.481
2219,0.9422897100448608,0.9883508682250977,1637.4855
2220,0.9681596755981445,1.0211615562438965,1637.49
2221,0.8899187445640564,0.9028537273406982,1637.4945
2222,1.0104349851608276,1.0006548166275024,1637.499
2223,0.9700525999069214,0.9362954497337341,1637.5035
2224,0.9807791709899902,1.018006682395935,1637.508
2225,1.0031788349151611,1.0274713039398193,1637.5125
2226,0.9530162811279297,0.9372419118881226,1637.517
2227,0.9369264245033264,0.9747849106788635,1637.5215
2228,1.037566900253296,0.8520602583885193,1637.526
2229,1.0363049507141113,0.9564866423606873,1637.5305
2230,1.0363049507141113,0.9732074737548828,1637.535
2231,0.9309321641921997,0.9574331045150757,1637.5395
2232,0.9694216251373291,0.924937903881073,1637.544
2233,0.9284082651138306,1.0672227144241333,1637.5485
2234,0.9782552719116211,0.9829875826835632,1637.553
2235,0.9605879783630371,0.973522961139679,1637.5575
2236,0.927146315574646,0.9287237524986267,1637.562
2237,1.0864675045013428,1.0082266330718994,1637.5665
2238,1.0637524127960205,1.0700621604919434,1637.571
2239,1.0505019426345825,0.9643738269805908,1637.5755
2240,0.9874044060707092,0.8615248799324036,1637.58
2241,0.891180694103241,0.7867543697357178,1637.5845
2242,0.980148196220398,0.9662667512893677,1637.589
2243,0.9441826343536377,0.9552246928215027,1637.5935
2244,0.9643738269805908,0.9839340448379517,1637.598
2245,0.8968594670295715,0.96689772605896,1637.6025
2246,0.9362954497337341,1.0208461284637451,1637.607
2247,0.9785707592964172,0.9407122731208801,1637.6115
2248,1.024316430091858,0.9643738269805908,1637.616
2249,0.9460755586624146,0.9997084140777588,1637.6205
2250,1.071324110031128,0.9485994577407837,1637.625
2251,1.0779492855072021,1.1041347980499268,1637.6295
2252,1.104765772819519,1.0249474048614502,1637.634
2253,1.0867829322814941,0.9785707592964172,1637.6385
2254,1.073848009109497,0.9038001894950867,1637.643
2255,1.0060181617736816,0.982356607913971,1637.6475
2256,0.9561711549758911,1.0098040103912354,1637.652
2257,0.951438844203949,1.0104349851608276,1637.6565
2258,0.9833030700683594,0.9659512639045715,1637.661
2259,0.9858269691467285,0.8959130048751831,1637.6655
2260,0.9785707592964172,1.05807363986969,1637.67
2261,1.140100359916687,1.071008563041687,1637.6745
2262,0.9362954497337341,1.0173757076263428,1637.679
2263,0.8555306196212769,0.9138957858085632,1637.6835
2264,1.0148518085479736,1.0249474048614502,1637.688
2265,0.9959225654602051,0.9583795666694641,1637.6925
2266,1.0208461284637451,0.8873948454856873,1637.697
2267,0.9618499279022217,1.075425386428833,1637.7015
2268,0.8817160725593567,0.9306166768074036,1637.706
2269,0.9886663556098938,1.013589859008789,1637.7105
2270,1.048924446105957,0.975731372833252,1637.715
2271,1.0274713039398193,0.980148196220398,1637.7195
2272,0.9290392398834229,1.0085420608520508,1637.724
2273,0.8195650577545166,0.9697371125221252,1637.7285
2274,0.8700430393218994,0.9113718867301941,1637.733
2275,1.0441921949386597,0.8495363593101501,1637.7375
2276,0.9397658109664917,1.0722705125808716,1637.742
2277,0.9489149451255798,0.9760468602180481,1637.7465
2278,0.9479684829711914,0.8782457113265991,1637.751
2279,1.038513422012329,1.0258939266204834,1637.7555
2280,0.973522961139679,1.0176912546157837,1637.76
2281,0.96689772605896,0.8946510553359985,1637.7645
2282,0.9631118774414062,0.9038001894950867,1637.769
2283,0.9135802984237671,0.9899283051490784,1637.7735
2284,0.9634273648262024,0.962480902671814,1637.778
2285,0.8864483833312988,1.1426242589950562,1637.7825
2286,0.962480902671814,0.9962380528450012,1637.787
2287,1.03598952293396,0.9432361721992493,1637.7915
2288,1.066907286643982,0.9855114817619324,1637.796
2289,1.0574426651000977,1.0394598245620728,1637.8005
2290,0.9918212294578552,1.0454541444778442,1637.805
2291,0.8391252756118774,0.9918212294578552,1637.8095
2292,1.0747944116592407,0.8946510553359985,1637.814
2293,1.0249474048614502,1.018322229385376,1637.8185
2294,1.013589859008789,0.9388193488121033,1637.823
2295,1.0079110860824585,0.8924426436424255,1637.8275
2296,0.964689314365387,0.9195745587348938,1637.832
2297,1.0416682958602905,1.0009703636169434,1637.8365
2298,0.9675287008285522,0.9851959943771362,1637.841
2299,0.9965535402297974,1.0470315217971802,1637.8455
2300,0.8627868294715881,0.9189435839653015,1637.85
2301,0.8921271562576294,1.035673975944519,1637.8545
2302,1.0773183107376099,0.9145267605781555,1637.859
2303,1.0012859106063843,0.9586950540542603,1637.8635
2304,0.9277772903442383,0.9284082651138306,1637.868
2305,0.8921271562576294,1.0956165790557861,1637.8725
2306,0.9552246928215027,0.9889818429946899,1637.877
2307,1.0328346490859985,0.9183126091957092,1637.8815
2308,1.0703775882720947,0.938188374042511,1637.886
2309,0.9230449795722961,0.962480902671814,1637.8905
2310,0.9328250885009766,0.9183126091957092,1637.895
2311,0.9694216251373291,0.9870889186859131,1637.8995
2312,0.9220985174179077,0.9940296411514282,1637.904
2313,0.9344025254249573,0.9738384485244751,1637.9085
2314,1.037566900253296,0.9306166768074036,1637.913
2315,1.0435612201690674,1.0284178256988525,1637.9175
2316,0.9277772903442383,0.9347180128097534,1637.922
2317,0.9019072651863098,0.9956070780754089,1637.9265
2318,0.9202055931091309,1.01106595993042,1637.931
2319,0.9858269691467285,0.9444981217384338,1637.9355
2320,0.958064079284668,0.9555401802062988,1637.94
2321,1.002232313156128,1.0293642282485962,1637.9445
2322,1.000339388847351,1.0520793199539185,1637.949
2323,0.9851959943771362,0.9097944498062134,1637.9535
2324,1.0637524127960205,0.9113718867301941,1637.958
2325,0.9883508682250977,1.0527102947235107,1637.9625
2326,1.1318976879119873,1.009173035621643,1637.967
2327,0.9804636836051941,0.9687906503677368,1637.9715
2328,1.006649136543274,1.0602819919586182,1637.976
2329,1.0262093544006348,1.0221080780029297,1637.9805
2330,0.8886567950248718,0.9413432478904724,1637.985
2331,1.004756212234497,0.9407122731208801,1637.9895
2332,0.9246224164962769,0.9410277605056763,1637.994
2333,1.1246414184570312,1.0596510171890259,1637.9985
2334,1.0306261777877808,0.9656357765197754,1638.003
2335,0.9476529955863953,0.9142112731933594,1638.0075
2336,0.9331405758857727,0.9725764989852905,1638.012
2337,1.0167447328567505,1.040406346321106,1638.0165
2338,0.8296606540679932,0.9814101457595825,1638.021
2339,0.9422897100448608,1.0523948669433594,1638.0255
2340,0.955855667591095,0.9495459198951721,1638.03
2341,1.0451385974884033,0.9189435839653015,1638.0345
2342,0.9709990620613098,1.022739052772522,1638.039
2343,0.9063240885734558,1.019899606704712,1638.0435
2344,0.9940296411514282,0.9394503235816956,1638.048
2345,0.980148196220398,1.0751099586486816,1638.0525
2346,0.906639575958252,1.0546032190322876,1638.057
2347,1.027155876159668,1.0236854553222656,1638.0615
2348,1.075740933418274,1.0123279094696045,1638.066
2349,0.9833030700683594,0.913264811038971,1638.0705
2350,1.1028728485107422,0.913264811038971,1638.075
2351,0.8987523913383484,0.9116873741149902,1638.0795
2352,1.0120124816894531,0.8577390313148499,1638.084
2353,0.9694216251373291,0.9444981217384338,1638.0885
2354,0.9817256331443787,0.973522961139679,1638.093
2355,1.0659607648849487,0.8574235439300537,1638.0975
2356,0.9186280965805054,0.8347084522247314,1638.102
2357,0.8798231482505798,0.9183126091957092,1638.1065
2358,0.8965439796447754,1.009173035621643,1638.111
2359,1.0236854553222656,0.9599570035934448,1638.1155
2360,0.9451290965080261,0.9186280965805054,1638.12
2361,1.0012859106063843,0.8826625347137451,1638.1245
2362,0.9694216251373291,1.0214771032333374,1638.129
2363,1.0016013383865356,0.9334560632705688,1638.1335
2364,0.9489149451255798,0.9681596755981445,1638.138
2365,0.9391348361968994,1.0252629518508911,1638.1425
2366,0.9719455242156982,0.9236759543418884,1638.147
2367,0.9851959943771362,0.938188374042511,1638.1515
2368,1.0173757076263428,1.019899606704712,1638.156
2369,0.9542782306671143,0.8659417033195496,1638.1605
2370,0.9984464645385742,0.947022020816803,1638.165
2371,0.847012460231781,1.08015775680542,1638.1695
2372,1.0148518085479736,1.0132744312286377,1638.174
2373,1.0722705125808716,1.0344120264053345,1638.1785
2374,0.9432361721992493,1.075740933418274,1638.183
2375,0.9637428522109985,0.949230432510376,1638.1875
2376,0.9325096011161804,1.0034942626953125,1638.192
2377,0.8530067205429077,1.0508173704147339,1638.1965
2378,1.066591739654541,0.8829780220985413,1638.201
2379,0.9192590713500977,0.951438844203949,1638.2055
2380,0.94481360912323,0.9511233568191528,1638.21
2381,0.9220985174179077,1.0697466135025024,1638.2145
2382,0.9933986663818359,0.9590105414390564,1638.219
2383,0.9833030700683594,0.8391252756118774,1638.2235
2384,0.9220985174179077,0.9432361721992493,1638.228
2385,0.9993929266929626,0.949230432510376,1638.2325
2386,0.9836185574531555,0.9258843660354614,1638.237
2387,0.9867734313011169,0.9504923820495605,1638.2415
2388,1.0432456731796265,0.9394503235816956,1638.246
2389,0.9839340448379517,0.9542782306671143,1638.2505
2390,1.0965631008148193,0.9454445838928223,1638.255
2391,1.0116969347000122,0.855846107006073,1638.2595
2392,0.8583700060844421,0.8962284922599792,1638.264
2393,1.0202151536941528,0.9366109371185303,1638.2685
2394,0.9183126091957092,1.071324110031128,1638.273
2395,0.9362954497337341,0.8946510553359985,1638.2775
2396,0.9391348361968994,0.9069550633430481,1638.282
2397,1.027155876159668,1.0874139070510864,1638.2865
2398,1.0274713039398193,1.0366204977035522,1638.291
2399,0.9870889186859131,1.013589859008789,1638.2955
2400,1.006649136543274,0.9303011894226074,1638.3
2401,0.9738384485244751,0.9662667512893677,1638.3045
2402,0.9126338362693787,1.009173035621643,1638.309
2403,1.0016013383865356,0.8814005851745605,1638.3135
2404,1.0653297901153564,0.9353489875793457,1638.318
2405,1.0009703636169434,1.0953011512756348,1638.3225
2406,1.0811041593551636,1.0640678405761719,1638.327
2407,0.964689314365387,1.0240010023117065,1638.3315
2408,1.0262093544006348,0.9946606159210205,1638.336
2409,0.9949761033058167,0.9732074737548828,1638.3405
2410,1.0508173704147339,1.124010443687439,1638.345
2411,1.0706931352615356,0.8479589223861694,1638.3495
2412,0.9650048017501831,0.9126338362693787,1638.354
2413,1.0120124816894531,0.8548996448516846,1638.3585
2414,0.9833030700683594,0.842595636844635,1638.363
2415,1.071324110031128,0.9684751629829407,1638.3675
2416,0.9817256331443787,1.071324110031128,1638.372
2417,1.0161137580871582,1.066907286643982,1638.3765
2418,0.9224140048027039,1.0284178256988525,1638.381
2419,0.9807791709899902,0.971314549446106,1638.3855
2420,1.1359989643096924,0.9347180128097534,1638.39
2421,1.135683536529541,0.9747849106788635,1638.3945
2422,1.0164293050765991,0.9520698189735413,1638.399
2423,0.9284082651138306,1.1031882762908936,1638.4035
2424,1.0306261777877808,0.915473222732544,1638.408
2425,0.9776242971420288,0.908847987651825,1638.4125
2426,1.0306261777877808,1.0101195573806763,1638.417
2427,1.0290488004684448,1.0012859106063843,1638.4215
2428,0.980148196220398,1.0602819919586182,1638.426
2429,1.0643833875656128,0.9899283051490784,1638.4305
2430,0.8817160725593567,1.0391443967819214,1638.435
2431,1.0381978750228882,0.8864483833312988,1638.4395
2432,0.9605879783630371,0.8782457113265991,1638.444
2433,0.9104254245758057,0.9687906503677368,1638.4485
2434,0.9501768946647644,1.0044407844543457,1638.453
2435,0.9782552719116211,0.9851959943771362,1638.4575
2436,0.9255688786506653,0.9741539359092712,1638.462
2437,1.0309417247772217,0.9303011894226074,1638.4665
2438,1.0075956583023071,1.0744789838790894,1638.471
2439,0.9388193488121033,0.9416587352752686,1638.4755
2440,0.9612189531326294,0.9877198934555054,1638.48
2441,1.03598952293396,0.8864483833312988,1638.4845
2442,1.0120124816894531,1.0072801113128662,1638.489
2443,1.0968785285949707,0.9911902546882629,1638.4935
2444,0.9962380528450012,0.8940200805664062,1638.498
2445,1.022423505783081,1.087098479270935,1638.5025
2446,0.9880353808403015,0.9605879783630371,1638.507
2447,1.0855209827423096,1.0523948669433594,1638.5115
2448,1.0167447328567505,0.9798327088356018,1638.516
2449,0.9867734313011169,0.9637428522109985,1638.5205
2450,1.084259033203125,0.9684751629829407,1638.525
2451,1.0927772521972656,1.013589859008789,1638.5295
2452,0.9463910460472107,0.9060086011886597,1638.534
2453,0.9097944498062134,0.902222752571106,1638.5385
2454,1.0394598245620728,0.960272490978241,1638.543
2455,0.9170506596565247,0.9429206848144531,1638.5475
2456,0.8839244842529297,0.9164196848869324,1638.552
2457,1.03315007686615,0.9280927777290344,1638.5565
2458,0.9520698189735413,0.9637428522109985,1638.561
2459,1.1218020915985107,1.0722705125808716,1638.5655
2460,0.9350335001945496,0.9927676916122437,1638.57
2461,0.9892973303794861,0.9091634750366211,1638.5745
2462,0.9905592799186707,0.9397658109664917,1638.579
2463,0.9640583395957947,1.0173757076263428,1638.5835
2464,0.9473375082015991,1.0126434564590454,1638.588
2465,0.9725764989852905,1.0729014873504639,1638.5925
2466,0.9959225654602051,0.89780592918396,1638.597
2467,0.9340870380401611,0.9407122731208801,1638.6015
2468,0.9747849106788635,0.9697371125221252,1638.606
2469,0.9375573992729187,1.0293642282485962,1638.6105
2470,1.031257152557373,1.0394598245620728,1638.615
2471,0.984565019607544,0.9527007937431335,1638.6195
2472,0.9555401802062988,1.0691156387329102,1638.624
2473,0.9356644749641418,1.0116969347000122,1638.6285
2474,1.0088576078414917,0.9527007937431335,1638.633
2475,0.9728919863700867,0.9833030700683594,1638.6375
2476,0.933771550655365,1.0085420608520508,1638.642
2477,1.046400547027588,0.9457600712776184,1638.6465
2478,0.8571080565452576,0.9463910460472107,1638.651
2479,1.040406346321106,0.9571176171302795,1638.6555
2480,0.8662571907043457,1.0795267820358276,1638.66
2481,0.9971845149993896,0.9394503235816956,1638.6645
2482,0.9795172214508057,1.0208461284637451,1638.669
2483,0.9034847021102905,1.0325191020965576,1638.6735
2484,0.960272490978241,1.0763719081878662,1638.678
2485,0.9744694232940674,0.9738384485244751,1638.6825
2486,0.9217830300331116,1.0148518085479736,1638.687
2487,0.9946606159210205,0.8391252756118774,1638.6915
2488,0.9075860381126404,1.0230544805526733,1638.696
2489,0.9441826343536377,0.8848709464073181,1638.7005
2490,0.9164196848869324,0.8965439796447754,1638.705
2491,1.0476624965667725,0.8896032571792603,1638.7095
2492,0.9482839703559875,0.9609034657478333,1638.714
2493,1.0208461284637451,1.027155876159668,1638.7185
2494,0.9959225654602051,0.96689772605896,1638.723
2495,1.005071759223938,0.9312476515769958,1638.7275
2496,1.0391443967819214,0.89780592918396,1638.732
2497,1.0142208337783813,0.9353489875793457,1638.7365
2498,1.0457695722579956,1.024316430091858,1638.741
2499,0.8795076608657837,1.0520793199539185,1638.7455
2500,0.9833030700683594,0.8959130048751831,1638.75
2501,0.8798231482505798,0.9968690276145935,1638.7545
2502,0.9504923820495605,0.8722514510154724,1638.759
2503,0.9921367168426514,0.9965535402297974,1638.7635
2504,0.911056399345398,1.0940392017364502,1638.768
2505,0.9208365678787231,0.9747849106788635,1638.7725
2506,1.0467160940170288,1.013589859008789,1638.777
2507,1.0520793199539185,0.9675287008285522,1638.7815
2508,0.9833030700683594,1.0075956583023071,1638.786
2509,0.9306166768074036,1.049239993095398,1638.7905
2510,1.0571271181106567,0.9217830300331116,1638.795
2511,1.0132744312286377,1.066591739654541,1638.7995
2512,0.9243069291114807,0.953647255897522,1638.804
2513,1.0719550848007202,0.9918212294578552,1638.8085
2514,1.0700621604919434,0.9776242971420288,1638.813
2515,0.955855667591095,1.0000238418579102,1638.8175
2516,0.9593260288238525,1.0388288497924805,1638.822
2517,0.9142112731933594,0.9612189531326294,1638.8265
2518,1.0101195573806763,0.9814101457595825,1638.831
2519,1.0833126306533813,0.8766682744026184,1638.8355
2520,0.9303011894226074,0.9038001894950867,1638.84
2521,0.975731372833252,1.037566900253296,1638.8445
2522,0.9041156768798828,0.977939784526825,1638.849
2523,1.0173757076263428,0.9151577353477478,1638.8535
2524,0.9508078694343567,0.9930831789970398,1638.858
2525,0.858054518699646,1.0836280584335327,1638.8625
2526,1.0129588842391968,1.046400547027588,1638.867
2527,0.9874044060707092,0.9028537273406982,1638.8715
2528,0.9060086011886597,0.9918212294578552,1638.876
2529,0.9063240885734558,1.0041252374649048,1638.8805
2530,1.057758092880249,0.9593260288238525,1638.885
2531,1.0192686319351196,1.0612285137176514,1638.8895
2532,1.0041252374649048,1.009173035621643,1638.894
2533,1.0252629518508911,0.9839340448379517,1638.8985
2534,1.0060181617736816,1.0063337087631226,1638.903
2535,0.9511233568191528,0.9577485918998718,1638.9075
2536,1.0038098096847534,0.9252533912658691,1638.912
2537,0.8886567950248718,1.0896223783493042,1638.9165
2538,1.0041252374649048,1.0230544805526733,1638.921
2539,0.9921367168426514,0.955855667591095,1638.9255
2540,1.0505019426345825,0.9697371125221252,1638.93
2541,0.9328250885009766,1.0000238418579102,1638.9345
2542,0.9810946583747864,1.066591739654541,1638.939
2543,1.0416682958602905,0.9864579439163208,1638.9435
2544,0.9303011894226074,0.9842495322227478,1638.948
2545,0.9990774393081665,0.9665822386741638,1638.9525
2546,1.0956165790557861,0.96689772605896,1638.957
2547,1.0460851192474365,0.9511233568191528,1638.9615
2548,0.9987619519233704,0.9615344405174255,1638.966
2549,1.0457695722579956,0.9687906503677368,1638.9705
2550,1.056180715560913,0.9728919863700867,1638.975
2551,1.0628058910369873,0.96689772605896,1638.9795
2552,1.0451385974884033,0.9460755586624146,1638.984
2553,0.9233604669570923,0.9520698189735413,1638.9885
2554,0.9817256331443787,1.0167447328567505,1638.993
2555,1.0113815069198608,0.975731372833252,1638.9975
2556,0.9498614072799683,1.0000238418579102,1639.002
2557,0.9489149451255798,0.7952725291252136,1639.0065
2558,1.018006682395935,1.0142208337783813,1639.011
2559,0.9700525999069214,0.9385038614273071,1639.0155
2560,0.977939784526825,0.9883508682250977,1639.02
2561,0.9937141537666321,0.9482839703559875,1639.0245
2562,1.048924446105957,0.9747849106788635,1639.029
2563,1.0031788349151611,0.9867734313011169,1639.0335
2564,0.9605879783630371,1.0347275733947754,1639.038
2565,0.9738384485244751,1.0157983303070068,1639.0425
2566,1.024316430091858,0.9959225654602051,1639.047
2567,1.0016013383865356,1.0760563611984253,1639.0515
2568,0.980148196220398,0.9738384485244751,1639.056
2569,1.0372514724731445,1.018322229385376,1639.0605
2570,0.9807791709899902,1.0388288497924805,1639.065
2571,1.0012859106063843,1.0681692361831665,1639.0695
2572,0.9662667512893677,0.951438844203949,1639.074
2573,0.9754158854484558,0.9804636836051941,1639.0785
2574,1.0366204977035522,1.073848009109497,1639.083
2575,1.0924617052078247,0.9284082651138306,1639.0875
2576,0.949230432510376,0.9839340448379517,1639.092
2577,1.0438766479492188,0.9848805069923401,1639.0965
2578,1.0984560251235962,0.951438844203949,1639.101
2579,0.931563138961792,0.9498614072799683,1639.1055
2580,1.0883604288101196,1.0277868509292603,1639.11
2581,0.9899283051490784,0.9287237524986267,1639.1145
2582,0.9233604669570923,0.9883508682250977,1639.119
2583,0.9479684829711914,0.9855114817619324,1639.1235
2584,0.9533317685127258,1.0236854553222656,1639.128
2585,1.0016013383865356,1.000339388847351,1639.1325
2586,0.9296702146530151,0.9889818429946899,1639.137
2587,1.031257152557373,1.1173852682113647,1639.1415
2588,1.022739052772522,0.9025382399559021,1639.146
2589,0.9874044060707092,1.0098040103912354,1639.1505
2590,0.9325096011161804,0.9593260288238525,1639.155
2591,0.9498614072799683,1.0306261777877808,1639.1595
2592,1.0590200424194336,1.0643833875656128,1639.164
2593,1.005071759223938,1.009488582611084,1639.1685
2594,0.9410277605056763,1.0325191020965576,1639.173
2595,0.9615344405174255,1.0703775882720947,1639.1775
2596,1.091515302658081,0.9880353808403015,1639.182
2597,0.9687906503677368,1.024316430091858,1639.1865
2598,1.0583890676498413,1.0773183107376099,1639.191
2599,0.9041156768798828,0.9369264245033264,1639.1955
2600,1.0290488004684448,0.87572181224823,1639.2
2601,0.9123183488845825,0.9019072651863098,1639.2045
2602,0.9747849106788635,1.0539722442626953,1639.209
2603,1.0116969347000122,1.0009703636169434,1639.2135
2604,0.9195745587348938,0.9880353808403015,1639.218
2605,0.8924426436424255,0.9009608030319214,1639.2225
2606,0.9725764989852905,1.0646988153457642,1639.227
2607,0.9590105414390564,0.9817256331443787,1639.2315
2608,0.9299857020378113,0.9949761033058167,1639.236
2609,0.9079015254974365,0.9586950540542603,1639.2405
2610,1.062174916267395,0.9161041975021362,1639.245
2611,1.1208555698394775,0.920521080493927,1639.2495
2612,0.9233604669570923,0.9284082651138306,1639.254
2613,0.962480902671814,0.9325096011161804,1639.2585
2614,0.9940296411514282,1.0539722442626953,1639.263
2615,1.0583890676498413,1.041983723640442,1639.2675
2616,0.9520698189735413,1.0426146984100342,1639.272
2617,1.0107505321502686,0.8905497193336487,1639.2765
2618,0.9306166768074036,0.9697371125221252,1639.281
2619,0.8993833661079407,0.8832935094833374,1639.2855
2620,0.9542782306671143,1.0306261777877808,1639.29
2621,0.9284082651138306,0.9839340448379517,1639.2945
2622,0.964689314365387,0.9006453156471252,1639.299
2623,1.0940392017364502,0.973522961139679,1639.3035
2624,0.9697371125221252,1.0542877912521362,1639.308
2625,0.9596415162086487,1.084574580192566,1639.3125
2626,0.8224044442176819,1.0240010023117065,1639.317
2627,1.035673975944519,0.8993833661079407,1639.3215
2628,1.0918307304382324,1.0161137580871582,1639.326
2629,0.9678441882133484,0.9366109371185303,1639.3305
2630,1.018322229385376,1.0123279094696045,1639.335
2631,1.0246319770812988,0.9574331045150757,1639.3395
2632,0.9211520552635193,0.9583795666694641,1639.344
2633,1.0322036743164062,0.9593260288238525,1639.3485
2634,1.0653297901153564,0.9568021297454834,1639.353
2635,0.9479684829711914,1.004756212234497,1639.3575
2636,1.0564961433410645,1.0000238418579102,1639.362
2637,1.0353585481643677,0.8618403673171997,1639.3665
2638,0.9984464645385742,1.0675382614135742,1639.371
2639,0.9946606159210205,0.7864388823509216,1639.3755
2640,0.9839340448379517,0.9258843660354614,1639.38
2641,0.9675287008285522,0.9889818429946899,1639.3845
2642,0.962480902671814,0.8829780220985413,1639.389
2643,0.9101099371910095,0.900014340877533,1639.3935
2644,0.9385038614273071,1.0905687808990479,1639.398
2645,0.913264811038971,1.0495554208755493,1639.4025
2646,1.0366204977035522,1.0306261777877808,1639.407
2647,0.9851959943771362,1.03315007686615,1639.4115
2648,0.9981309771537781,1.0672227144241333,1639.416
2649,0.9561711549758911,1.0347275733947754,1639.4205
2650,1.0075956583023071,1.027155876159668,1639.425
2651,0.9902437925338745,0.9101099371910095,1639.4295
2652,0.9517543315887451,0.880138635635376,1639.434
2653,0.9681596755981445,1.0284178256988525,1639.4385
2654,1.1161233186721802,0.9101099371910095,1639.443
2655,0.9366109371185303,0.9239914417266846,1639.4475
2656,0.8665726780891418,0.9956070780754089,1639.452
2657,0.9804636836051941,0.9747849106788635,1639.4565
2658,0.9848805069923401,1.0833126306533813,1639.461
2659,1.0523948669433594,0.9675287008285522,1639.4655
2660,0.9662667512893677,0.9407122731208801,1639.47
2661,0.9378728866577148,0.9605879783630371,1639.4745
2662,0.9485994577407837,1.0079110860824585,1639.479
2663,0.9738384485244751,0.9754158854484558,1639.4835
2664,1.071324110031128,0.9861424565315247,1639.488
2665,1.0019168853759766,0.9918212294578552,1639.4925
2666,1.0381978750228882,0.9116873741149902,1639.497
2667,0.9864579439163208,0.8706740140914917,1639.5015
2668,0.9785707592964172,1.0221080780029297,1639.506
2669,1.0656453371047974,0.9385038614273071,1639.5105
2670,1.0675382614135742,0.9612189531326294,1639.515
2671,1.0101195573806763,0.9306166768074036,1639.5195
2672,0.9148422479629517,1.0643833875656128,1639.524
2673,0.9284082651138306,0.9012762904167175,1639.5285
2674,0.8848709464073181,1.0520793199539185,1639.533
2675,1.1438862085342407,0.9545937180519104,1639.5375
2676,1.1126528978347778,1.0299952030181885,1639.542
2677,0.9397658109664917,1.0729014873504639,1639.5465
2678,0.8810850977897644,0.9817256331443787,1639.551
2679,0.9858269691467285,1.0337810516357422,1639.5555
2680,1.0337810516357422,0.9097944498062134,1639.56
2681,1.0252629518508911,1.038513422012329,1639.5645
2682,1.0044407844543457,0.8659417033195496,1639.569
2683,1.097509503364563,0.9183126091957092,1639.5735
2684,0.9662667512893677,1.0019168853759766,1639.578
2685,0.9101099371910095,1.0145363807678223,1639.5825
2686,1.0527102947235107,1.0085420608520508,1639.587
2687,0.8593164682388306,1.075425386428833,1639.5915
2688,1.0911997556686401,0.900014340877533,1639.596
2689,0.9334560632705688,1.0646988153457642,1639.6005
2690,1.0836280584335327,1.0546032190322876,1639.605
2691,0.920521080493927,1.0303107500076294,1639.6095
2692,1.1429396867752075,0.8656262159347534,1639.614
2693,1.0038098096847534,0.8725669384002686,1639.6185
2694,0.9451290965080261,0.9148422479629517,1639.623
2695,1.0221080780029297,0.9728919863700867,1639.6275
2696,0.9397658109664917,1.0350430011749268,1639.632
2697,0.964689314365387,1.03598952293396,1639.6365
2698,0.8880258202552795,0.9817256331443787,1639.641
2699,1.0877294540405273,0.9385038614273071,1639.6455
2700,0.9135802984237671,0.9432361721992493,1639.65
2701,1.0372514724731445,1.0558651685714722,1639.6545
2702,1.005071759223938,0.9596415162086487,1639.659
2703,1.0735324621200562,0.9091634750366211,1639.6635
2704,1.0129588842391968,0.9568021297454834,1639.668
2705,0.9751003980636597,1.0041252374649048,1639.6725
2706,0.9694216251373291,1.0069646835327148,1639.677
2707,0.9473375082015991,0.9915057420730591,1639.6815
2708,1.028733253479004,1.03315007686615,1639.686
2709,1.0277868509292603,1.0148518085479736,1639.6905
2710,0.9621654152870178,0.9527007937431335,1639.695
2711,0.9523853063583374,1.000339388847351,1639.6995
2712,0.9700525999069214,0.9637428522109985,1639.704
2713,1.1069741249084473,0.9937141537666321,1639.7085
2714,0.9148422479629517,0.9586950540542603,1639.713
2715,1.0337810516357422,0.9038001894950867,1639.7175
2716,0.9299857020378113,0.9627963900566101,1639.722
2717,0.9760468602180481,1.0249474048614502,1639.7265
2718,1.1896319389343262,0.9416587352752686,1639.731
2719,0.9331405758857727,0.9722610116004944,1639.7355
2720,1.0347275733947754,1.0060181617736816,1639.74
2721,0.9877198934555054,0.9372419118881226,1639.7445
2722,1.0542877912521362,1.0148518085479736,1639.749
2723,0.9937141537666321,0.8877103328704834,1639.7535
2724,1.0829970836639404,0.9858269691467285,1639.758
2725,1.041983723640442,0.9243069291114807,1639.7625
2726,1.0148518085479736,0.9189435839653015,1639.767
2727,1.0249474048614502,0.9577485918998718,1639.7715
2728,0.9769933223724365,0.9915057420730591,1639.776
2729,0.9413432478904724,1.0164293050765991,1639.7805
2730,0.9732074737548828,0.9574331045150757,1639.785
2731,0.911056399345398,0.9880353808403015,1639.7895
2732,0.9684751629829407,0.8946510553359985,1639.794
2733,1.0344120264053345,0.9593260288238525,1639.7985
2734,1.0697466135025024,0.9656357765197754,1639.803
2735,0.8242973685264587,1.0328346490859985,1639.8075
2736,0.9788862466812134,0.9987619519233704,1639.812
2737,0.9325096011161804,0.9157887101173401,1639.8165
2738,0.8306071162223816,1.0211615562438965,1639.821
2739,0.9530162811279297,1.0542877912521362,1639.8255
2740,0.9788862466812134,1.0057027339935303,1639.83
2741,1.03315007686615,0.9709990620613098,1639.8345
2742,1.0041252374649048,1.009173035621643,1639.839
2743,1.057758092880249,0.9265153408050537,1639.8435
2744,0.9268308281898499,0.9987619519233704,1639.848
2745,0.9454445838928223,0.9675287008285522,1639.8525
2746,0.929354727268219,1.0334656238555908,1639.857
2747,0.9896128177642822,1.0126434564590454,1639.8615
2748,0.9609034657478333,0.9504923820495605,1639.866
2749,1.0987714529037476,0.9889818429946899,1639.8705
2750,0.9896128177642822,0.9530162811279297,1639.875
2751,0.931563138961792,0.9653202891349792,1639.8795
2752,0.9795172214508057,0.9460755586624146,1639.884
2753,0.9785707592964172,0.9918212294578552,1639.8885
2754,0.9855114817619324,0.982356607913971,1639.893
2755,0.9978154897689819,0.9826720952987671,1639.8975
2756,0.9662667512893677,0.929354727268219,1639.902
2757,0.8855019211769104,1.0309417247772217,1639.9065
2758,1.0337810516357422,1.0246319770812988,1639.911
2759,0.9195745587348938,0.9817256331443787,1639.9155
2760,0.9653202891349792,0.962480902671814,1639.92
2761,0.9703680872917175,1.0120124816894531,1639.9245
2762,0.9047466516494751,0.9038001894950867,1639.929
2763,1.0432456731796265,0.9643738269805908,1639.9335
2764,0.9889818429946899,0.9675287008285522,1639.938
2765,1.0353585481643677,1.0394598245620728,1639.9425
2766,0.977939784526825,0.9366109371185303,1639.947
2767,0.9501768946647644,0.9839340448379517,1639.9515
2768,1.0246319770812988,0.8791921734809875,1639.956
2769,0.8738288879394531,0.9451290965080261,1639.9605
2770,0.8577390313148499,0.9498614072799683,1639.965
2771,0.9968690276145935,0.9700525999069214,1639.9695
2772,0.9776242971420288,1.031572699546814,1639.974
2773,0.9618499279022217,0.9962380528450012,1639.9785
2774,0.8571080565452576,1.0303107500076294,1639.983
2775,0.9287237524986267,1.005071759223938,1639.9875
2776,0.9725764989852905,0.9905592799186707,1639.992
2777,1.0303107500076294,0.9820411205291748,1639.9965
2778,0.9896128177642822,0.9161041975021362,1640.001
2779,1.0363049507141113,1.0460851192474365,1640.0055
2780,0.9694216251373291,1.0299952030181885,1640.01
2781,1.0142208337783813,0.9075860381126404,1640.0145
2782,0.8990678787231445,1.0148518085479736,1640.019
2783,0.9615344405174255,0.8927581310272217,1640.0235
2784,1.0063337087631226,0.9444981217384338,1640.028
2785,0.9703680872917175,1.0968785285949707,1640.0325
2786,0.8984369039535522,0.9653202891349792,1640.037
2787,0.975731372833252,0.8899187445640564,1640.0415
2788,0.9605879783630371,0.9583795666694641,1640.046
2789,0.9444981217384338,1.1126528978347778,1640.0505
2790,0.9309321641921997,0.915473222732544,1640.055
2791,0.977939784526825,0.9782552719116211,1640.0595
2792,1.0820506811141968,0.9839340448379517,1640.064
2793,1.082681655883789,1.026840329170227,1640.0685
2794,0.9432361721992493,1.0432456731796265,1640.073
2795,1.0167447328567505,1.0075956583023071,1640.0775
2796,1.0195841789245605,0.9504923820495605,1640.082
2797,0.9637428522109985,0.9407122731208801,1640.0865
2798,0.9391348361968994,0.9593260288238525,1640.091
2799,1.0937236547470093,1.0195841789245605,1640.0955
2800,1.0684846639633179,1.0252629518508911,1640.1
2801,0.9533317685127258,0.9848805069923401,1640.1045
2802,0.9842495322227478,1.0019168853759766,1640.109
2803,0.9763623476028442,1.0057027339935303,1640.1135
2804,0.9962380528450012,0.9378728866577148,1640.118
2805,1.0363049507141113,0.9280927777290344,1640.1225
2806,0.973522961139679,0.8927581310272217,1640.127
2807,1.0325191020965576,0.9233604669570923,1640.1315
2808,0.9889818429946899,1.0262093544006348,1640.136
2809,0.9164196848869324,0.9618499279022217,1640.1405
2810,1.044507622718811,0.9552246928215027,1640.145
2811,0.9151577353477478,0.9741539359092712,1640.1495
2812,1.084574580192566,0.9962380528450012,1640.154
2813,0.9867734313011169,0.9687906503677368,1640.1585
2814,1.05807363986969,1.051763892173767,1640.163
2815,1.0334656238555908,1.093408226966858,1640.1675
2816,0.9621654152870178,0.8479589223861694,1640.172
2817,0.9328250885009766,1.0006548166275024,1640.1765
2818,0.9918212294578552,1.0779492855072021,1640.181
2819,1.013589859008789,0.8940200805664062,1640.1855
2820,1.0290488004684448,1.0211615562438965,1640.19
2821,0.8760372996330261,1.060597538948059,1640.1945
2822,0.9107409119606018,1.0681692361831665,1640.199
2823,0.882347047328949,0.9542782306671143,1640.2035
2824,1.040090799331665,0.8530067205429077,1640.208
2825,1.0618594884872437,0.9394503235816956,1640.2125
2826,1.062174916267395,0.9971845149993896,1640.217
2827,1.0053871870040894,1.0281022787094116,1640.2215
2828,0.9075860381126404,1.0151673555374146,1640.226
2829,1.0514483451843262,0.9504923820495605,1640.2305
2830,0.9454445838928223,1.0186376571655273,1640.235
2831,0.9754158854484558,1.0817351341247559,1640.2395
2832,0.9959225654602051,0.9886663556098938,1640.244
2833,1.0041252374649048,1.022423505783081,1640.2485
2834,0.9924522042274475,1.0306261777877808,1640.253
2835,0.8924426436424255,1.0751099586486816,1640.2575
2836,0.9006453156471252,0.9751003980636597,1640.262
2837,1.0347275733947754,0.9176816344261169,1640.2665
2838,1.0719550848007202,0.9082170128822327,1640.271
2839,0.942605197429657,1.0230544805526733,1640.2755
2840,0.9009608030319214,0.9820411205291748,1640.28
2841,1.0249474048614502,0.8545841574668884,1640.2845
2842,0.9542782306671143,1.0034942626953125,1640.289
2843,1.084259033203125,0.884555459022522,1640.2935
2844,0.955855667591095,0.8993833661079407,1640.298
2845,1.0120124816894531,0.8769837617874146,1640.3025
2846,0.9564866423606873,1.0848900079727173,1640.307
2847,1.0394598245620728,0.9533317685127258,1640.3115
2848,0.971314549446106,1.0322036743164062,1640.316
2849,1.0479780435562134,1.0703775882720947,1640.3205
2850,1.041983723640442,0.9161041975021362,1640.325
2851,1.0088576078414917,1.018006682395935,1640.3295
2852,0.9353489875793457,0.958064079284668,1640.334
2853,0.8993833661079407,0.8864483833312988,1640.3385
2854,1.0602819919586182,0.9968690276145935,1640.343
2855,1.004756212234497,1.002232313156128,1640.3475
2856,1.0000238418579102,0.9716300368309021,1640.352
2857,0.9716300368309021,1.000339388847351,1640.3565
2858,0.924937903881073,0.9946606159210205,1640.361
2859,1.0460851192474365,0.9851959943771362,1640.3655
2860,0.9927676916122437,1.0176912546157837,1640.37
2861,0.8817160725593567,0.9798327088356018,1640.3745
2862,0.931563138961792,0.9643738269805908,1640.379
2863,1.0542877912521362,0.9937141537666321,1640.3835
2864,0.8517447710037231,1.087098479270935,1640.388
2865,1.0394598245620728,1.049239993095398,1640.3925
2866,0.9350335001945496,0.9467065334320068,1640.397
2867,1.0410373210906982,1.0192686319351196,1640.4015
2868,0.9968690276145935,0.9798327088356018,1640.406
2869,0.9129493236541748,0.9697371125221252,1640.4105
2870,1.004756212234497,0.9656357765197754,1640.415
2871,0.9053776264190674,0.9082170128822327,1640.4195
2872,1.0009703636169434,0.9902437925338745,1640.424
2873,1.1126528978347778,1.0337810516357422,1640.4285
2874,0.9662667512893677,1.0520793199539185,1640.433
2875,0.980148196220398,1.0498709678649902,1640.4375
2876,1.044507622718811,1.060597538948059,1640.442
2877,0.9344025254249573,0.8612093925476074,1640.4465
2878,1.0006548166275024,0.9662667512893677,1640.451
2879,1.047347068786621,0.8877103328704834,1640.4555
2880,1.004756212234497,0.9467065334320068,1640.46
2881,0.9643738269805908,1.0142208337783813,1640.4645
2882,1.0681692361831665,1.0044407844543457,1640.469
2883,0.9612189531326294,0.9549092054367065,1640.4735
2884,1.0612285137176514,0.9467065334320068,1640.478
2885,0.8873948454856873,1.0157983303070068,1640.4825
2886,0.9709990620613098,1.0208461284637451,1640.487
2887,0.9855114817619324,0.9031692147254944,1640.4915
2888,0.9741539359092712,1.0416682958602905,1640.496
2889,0.9539627432823181,1.0262093544006348,1640.5005
2890,0.9299857020378113,0.9217830300331116,1640.505
2891,0.9978154897689819,1.0230544805526733,1640.5095
2892,1.0202151536941528,0.9482839703559875,1640.514
2893,1.013589859008789,1.0255783796310425,1640.5185
2894,1.0422992706298828,0.9782552719116211,1640.523
2895,0.9952915906906128,0.9675287008285522,1640.5275
2896,0.9694216251373291,1.0659607648849487,1640.532
2897,0.9725764989852905,1.0366204977035522,1640.5365
2898,0.9268308281898499,1.153035283088684,1640.541
2899,1.0252629518508911,0.9921367168426514,1640.5455
2900,1.0852055549621582,0.9530162811279297,1640.55
2901,1.0378824472427368,0.9615344405174255,1640.5545
2902,0.9356644749641418,0.9990774393081665,1640.559
2903,0.9508078694343567,0.9839340448379517,1640.5635
2904,0.9807791709899902,0.9842495322227478,1640.568
2905,0.980148196220398,0.9990774393081665,1640.5725
2906,0.9261998534202576,1.0034942626953125,1640.577
2907,1.0053871870040894,1.0249474048614502,1640.5815
2908,1.0186376571655273,0.9586950540542603,1640.586
2909,0.9930831789970398,0.9949761033058167,1640.5905
2910,0.920521080493927,0.9687906503677368,1640.595
2911,0.9814101457595825,1.01106595993042,1640.5995
2912,0.9618499279022217,0.9167351722717285,1640.604
2913,0.8596319556236267,1.004756212234497,1640.6085
2914,0.9990774393081665,1.041983723640442,1640.613
2915,1.031572699546814,0.9687906503677368,1640.6175
2916,1.0157983303070068,0.9851959943771362,1640.622
2917,1.115176796913147,1.0514483451843262,1640.6265
2918,0.9814101457595825,0.8769837617874146,1640.631
2919,1.0328346490859985,1.0303107500076294,1640.6355
2920,0.8631023168563843,0.8984369039535522,1640.64
2921,1.0107505321502686,0.9930831789970398,1640.6445
2922,0.9643738269805908,0.9400812983512878,1640.649
2923,0.9072705507278442,0.933771550655365,1640.6535
2924,0.9239914417266846,0.849220871925354,1640.658
2925,1.018006682395935,0.9631118774414062,1640.6625
2926,1.018322229385376,0.9277772903442383,1640.667
2927,1.0252629518508911,1.0571271181106567,1640.6715
2928,0.9965535402297974,1.1082360744476318,1640.676
2929,1.0211615562438965,1.0549187660217285,1640.6805
2930,0.9836185574531555,0.9255688786506653,1640.685
2931,0.9460755586624146,0.9908747673034668,1640.6895
2932,1.019899606704712,0.9858269691467285,1640.694
2933,1.0167447328567505,0.9325096011161804,1640.6985
2934,1.0164293050765991,1.1031882762908936,1640.703
2935,0.9618499279022217,0.9356644749641418,1640.7075
2936,0.9643738269805908,0.9751003980636597,1640.712
2937,1.0498709678649902,0.9732074737548828,1640.7165
2938,1.0725860595703125,0.938188374042511,1640.721
2939,0.9179971218109131,1.0394598245620728,1640.7255
2940,0.9444981217384338,1.0501863956451416,1640.73
2941,0.9877198934555054,0.9321941137313843,1640.7345
2942,0.9599570035934448,0.915473222732544,1640.739
2943,0.9776242971420288,0.9703680872917175,1640.7435
2944,0.9751003980636597,0.975731372833252,1640.748
2945,1.1233794689178467,1.024316430091858,1640.7525
2946,0.8987523913383484,0.9019072651863098,1640.757
2947,0.8990678787231445,1.01390540599823,1640.7615
2948,0.8851864337921143,0.9441826343536377,1640.766
2949,0.977939784526825,0.969106137752533,1640.7705
2950,1.0599665641784668,1.053341269493103,1640.775
2951,0.9372419118881226,0.900014340877533,1640.7795
2952,1.0044407844543457,0.958064079284668,1640.784
2953,0.9101099371910095,0.964689314365387,1640.7885
2954,0.9874044060707092,0.9918212294578552,1640.793
2955,1.0104349851608276,1.0337810516357422,1640.7975
2956,0.9189435839653015,1.0098040103912354,1640.802
2957,1.0435612201690674,1.018006682395935,1640.8065
2958,1.0038098096847534,1.0347275733947754,1640.811
2959,1.000339388847351,1.0262093544006348,1640.8155
2960,0.8914961814880371,0.9593260288238525,1640.82
2961,0.9116873741149902,0.9233604669570923,1640.8245
2962,0.940396785736084,1.0217925310134888,1640.829
2963,1.0041252374649048,0.9460755586624146,1640.8335
2964,1.0855209827423096,0.8908652067184448,1640.838
2965,1.0161137580871582,1.0164293050765991,1640.8425
2966,0.9564866423606873,1.0142208337783813,1640.847
2967,0.9952915906906128,0.9940296411514282,1640.8515
2968,0.9612189531326294,1.0325191020965576,1640.856
2969,1.005071759223938,0.9309321641921997,1640.8605
2970,0.951438844203949,1.0788958072662354,1640.865
2971,0.9435516595840454,1.0176912546157837,1640.8695
2972,0.955855667591095,0.9034847021102905,1640.874
2973,0.9252533912658691,0.9687906503677368,1640.8785
2974,1.0113815069198608,0.958064079284668,1640.883
2975,0.9350335001945496,0.9861424565315247,1640.8875
2976,0.9479684829711914,1.1378918886184692,1640.892
2977,1.1050812005996704,0.9138957858085632,1640.8965
2978,1.0817351341247559,0.9186280965805054,1640.901
2979,0.9962380528450012,0.9836185574531555,1640.9055
2980,0.9927676916122437,0.9236759543418884,1640.91
2981,1.0236854553222656,0.8930736184120178,1640.9145
2982,1.000339388847351,1.0072801113128662,1640.919
2983,0.8829780220985413,0.920521080493927,1640.9235
2984,0.9290392398834229,0.9836185574531555,1640.928
2985,1.0202151536941528,0.9763623476028442,1640.9325
2986,0.9754158854484558,0.9211520552635193,1640.937
2987,0.9921367168426514,0.9681596755981445,1640.9415
2988,0.9728919863700867,0.9962380528450012,1640.946
2989,0.900014340877533,1.0476624965667725,1640.9505
2990,1.046400547027588,0.9523853063583374,1640.955
2991,1.0104349851608276,1.0236854553222656,1640.9595
2992,1.0410373210906982,1.022423505783081,1640.964
2993,0.9299857020378113,1.0186376571655273,1640.9685
2994,1.0413527488708496,1.040090799331665,1640.973
2995,0.982356607913971,0.9990774393081665,1640.9775
2996,1.0176912546157837,0.9568021297454834,1640.982
2997,0.9643738269805908,0.9889818429946899,1640.9865
2998,1.0028632879257202,0.9258843660354614,1640.991
2999,1.0016013383865356,1.110759973526001,1640.9955
3000,0.971314549446106,0.8952820301055908,1641.0
3001,1.041983723640442,0.9482839703559875,1641.0045
3002,0.9142112731933594,1.0246319770812988,1641.009
3003,0.8984369039535522,1.0546032190322876,1641.0135
3004,1.0325191020965576,0.9041156768798828,1641.018
3005,1.0432456731796265,0.9410277605056763,1641.0225
3006,1.0747944116592407,0.9716300368309021,1641.027
3007,0.929354727268219,0.9877198934555054,1641.0315
3008,0.8684656023979187,0.9328250885009766,1641.036
3009,1.071008563041687,0.9539627432823181,1641.0405
3010,0.9732074737548828,0.9148422479629517,1641.045
3011,0.9785707592964172,0.9208365678787231,1641.0495
3012,1.002232313156128,0.9416587352752686,1641.054
3013,0.9457600712776184,0.9303011894226074,1641.0585
3014,0.9170506596565247,1.0318881273269653,1641.063
3015,1.0240010023117065,0.8795076608657837,1641.0675
3016,1.0880448818206787,1.0681692361831665,1641.072
3017,0.9189435839653015,1.026840329170227,1641.0765
3018,0.9962380528450012,0.8776147365570068,1641.081
3019,0.8996988534927368,0.933771550655365,1641.0855
3020,0.913264811038971,0.9031692147254944,1641.09
3021,0.9728919863700867,0.9681596755981445,1641.0945
3022,1.071008563041687,1.0034942626953125,1641.099
3023,0.9489149451255798,1.0451385974884033,1641.1035
3024,0.9949761033058167,0.9810946583747864,1641.108
3025,1.0230544805526733,0.931563138961792,1641.1125
3026,1.000339388847351,0.9186280965805054,1641.117
3027,1.1883699893951416,0.9564866423606873,1641.1215
3028,1.1262189149856567,1.0167447328567505,1641.126
3029,1.0120124816894531,1.0328346490859985,1641.1305
3030,0.9788862466812134,0.9971845149993896,1641.135
3031,0.8877103328704834,1.0157983303070068,1641.1395
3032,0.9804636836051941,1.0025478601455688,1641.144
3033,0.9416587352752686,0.8224044442176819,1641.1485
3034,1.0688002109527588,1.084574580192566,1641.153
3035,0.9145267605781555,0.9410277605056763,1641.1575
3036,0.9085325002670288,0.9378728866577148,1641.162
3037,0.9804636836051941,1.0293642282485962,1641.1665
3038,0.9751003980636597,0.9952915906906128,1641.171
3039,1.029679775238037,1.1053967475891113,1641.1755
3040,1.0795267820358276,1.0072801113128662,1641.18
3041,0.9650048017501831,0.9334560632705688,1641.1845
3042,1.0700621604919434,1.005071759223938,1641.189
3043,1.0063337087631226,1.0085420608520508,1641.1935
3044,0.8851864337921143,0.9776242971420288,1641.198
3045,0.9637428522109985,0.9697371125221252,1641.2025
3046,1.0208461284637451,1.0217925310134888,1641.207
3047,1.0148518085479736,0.9842495322227478,1641.2115
3048,0.9631118774414062,0.9227294921875,1641.216
3049,1.0028632879257202,0.9577485918998718,1641.2205
3050,0.9993929266929626,1.0318881273269653,1641.225
3051,1.0031788349151611,1.0148518085479736,1641.2295
3052,0.9981309771537781,1.0123279094696045,1641.234
3053,0.8709895014762878,1.0277868509292603,1641.2385
3054,0.9290392398834229,0.9593260288238525,1641.243
3055,1.0719550848007202,1.0763719081878662,1641.2475
3056,0.9978154897689819,0.9227294921875,1641.252
3057,0.8362858891487122,1.0971940755844116,1641.2565
3058,1.0703775882720947,0.9662667512893677,1641.261
3059,1.057758092880249,0.9454445838928223,1641.2655
3060,0.9555401802062988,0.9091634750366211,1641.27
3061,1.0246319770812988,0.9167351722717285,1641.2745
3062,0.9454445838928223,0.9432361721992493,1641.279
3063,0.9097944498062134,0.880138635635376,1641.2835
3064,1.0053871870040894,0.9788862466812134,1641.288
3065,1.0381978750228882,1.057758092880249,1641.2925
3066,0.9501768946647644,0.9833030700683594,1641.297
3067,0.9792017340660095,1.0041252374649048,1641.3015
3068,1.0000238418579102,0.8943355679512024,1641.306
3069,0.971314549446106,0.9615344405174255,1641.3105
3070,0.962480902671814,1.002232313156128,1641.315
3071,0.9012762904167175,0.9870889186859131,1641.3195
3072,1.0044407844543457,0.9075860381126404,1641.324
3073,0.8407027125358582,1.0322036743164062,1641.3285
3074,1.084574580192566,0.9719455242156982,1641.333
3075,0.9583795666694641,0.9429206848144531,1641.3375
3076,0.9596415162086487,0.8552151322364807,1641.342
3077,1.0293642282485962,1.0628058910369873,1641.3465
3078,0.9722610116004944,1.0281022787094116,1641.351
3079,1.0943546295166016,1.0501863956451416,1641.3555
3080,0.9274618029594421,0.951438844203949,1641.36
3081,0.9454445838928223,1.0123279094696045,1641.3645
3082,0.9851959943771362,0.9833030700683594,1641.369
3083,1.0031788349151611,0.9949761033058167,1641.3735
3084,1.1218020915985107,1.0265249013900757,1641.378
3085,1.0069646835327148,1.0325191020965576,1641.3825
3086,1.0082266330718994,0.9883508682250977,1641.387
3087,0.8899187445640564,0.9877198934555054,1641.3915
3088,1.0164293050765991,0.9889818429946899,1641.396
3089,0.9836185574531555,1.062174916267395,1641.4005
3090,1.0990869998931885,0.9530162811279297,1641.405
3091,0.9766778349876404,0.949230432510376,1641.4095
3092,0.9533317685127258,0.962480902671814,1641.414
3093,0.9880353808403015,1.0082266330718994,1641.4185
3094,0.940396785736084,0.9552246928215027,1641.423
3095,0.9886663556098938,0.871304988861084,1641.4275
3096,0.9356644749641418,0.9728919863700867,1641.432
3097,1.0148518085479736,1.0618594884872437,1641.4365
3098,0.9681596755981445,1.0388288497924805,1641.441
3099,0.947022020816803,0.9366109371185303,1641.4455
3100,1.0072801113128662,0.9107409119606018,1641.45
3101,0.9684751629829407,0.9063240885734558,1641.4545
3102,1.009488582611084,0.9583795666694641,1641.459
3103,0.9173661470413208,0.9091634750366211,1641.4635
3104,0.9918212294578552,0.913264811038971,1641.468
3105,0.9627963900566101,0.9631118774414062,1641.4725
3106,1.0470315217971802,1.0025478601455688,1641.477
3107,0.9697371125221252,1.0075956583023071,1641.4815
3108,0.9097944498062134,1.0277868509292603,1641.486
3109,0.9826720952987671,1.0028632879257202,1641.4905
3110,1.009173035621643,0.962480902671814,1641.495
3111,0.8435420989990234,1.0593355894088745,1641.4995
3112,0.9025382399559021,1.0129588842391968,1641.504
3113,0.9792017340660095,0.8700430393218994,1641.5085
3114,0.9924522042274475,0.9678441882133484,1641.513
3115,0.9410277605056763,0.9189435839653015,1641.5175
3116,0.9618499279022217,1.097509503364563,1641.522
3117,0.9504923820495605,0.8930736184120178,1641.5265
3118,0.9019072651863098,0.8672036528587341,1641.531
3119,1.0009703636169434,0.9038001894950867,1641.5355
3120,1.0659607648849487,1.0088576078414917,1641.54
3121,1.0034942626953125,1.075425386428833,1641.5445
3122,0.9429206848144531,0.9170506596565247,1641.549
3123,1.0596510171890259,0.8899187445640564,1641.5535
3124,0.9697371125221252,0.9097944498062134,1641.558
3125,0.9183126091957092,1.0719550848007202,1641.5625
3126,0.9520698189735413,1.1028728485107422,1641.567
3127,1.009173035621643,1.0378824472427368,1641.5715
3128,0.9006453156471252,0.9839340448379517,1641.576
3129,1.0170602798461914,1.0214771032333374,1641.5805
3130,0.8627868294715881,1.0098040103912354,1641.585
3131,0.9586950540542603,1.044507622718811,1641.5895
3132,0.9665822386741638,1.005071759223938,1641.594
3133,0.9429206848144531,0.9353489875793457,1641.5985
3134,0.955855667591095,0.8940200805664062,1641.603
3135,0.9940296411514282,0.955855667591095,1641.6075
3136,1.0410373210906982,0.8927581310272217,1641.612
3137,0.9978154897689819,0.9662667512893677,1641.6165
3138,0.9634273648262024,0.9915057420730591,1641.621
3139,1.004756212234497,0.933771550655365,1641.6255
3140,0.9773088097572327,0.9432361721992493,1641.63
3141,0.980148196220398,0.9009608030319214,1641.6345
3142,0.9987619519233704,0.982356607913971,1641.639
3143,0.911056399345398,0.9725764989852905,1641.6435
3144,0.8842399716377258,0.9956070780754089,1641.648
3145,0.9441826343536377,0.9460755586624146,1641.6525
3146,0.9615344405174255,0.931563138961792,1641.657
3147,0.9217830300331116,1.004756212234497,1641.6615
3148,0.9782552719116211,0.9697371125221252,1641.666
3149,0.9460755586624146,0.904431164264679,1641.6705
3150,1.1214865446090698,0.9814101457595825,1641.675
3151,0.9687906503677368,1.0653297901153564,1641.6795
3152,1.0236854553222656,1.018322229385376,1641.684
3153,0.9725764989852905,1.031572699546814,1641.6885
3154,0.9366109371185303,0.9321941137313843,1641.693
3155,0.9599570035934448,0.935979962348938,1641.6975
3156,0.9965535402297974,0.9810946583747864,1641.702
3157,0.9754158854484558,1.0646988153457642,1641.7065
3158,1.0000238418579102,0.9782552719116211,1641.711
3159,0.940396785736084,1.0322036743164062,1641.7155
3160,1.0236854553222656,0.9915057420730591,1641.72
3161,1.041983723640442,0.9864579439163208,1641.7245
3162,1.0596510171890259,0.902222752571106,1641.729
3163,0.9252533912658691,0.9706835746765137,1641.7335
3164,1.0303107500076294,0.9489149451255798,1641.738
3165,0.9545937180519104,1.009173035621643,1641.7425
3166,0.9905592799186707,0.9965535402297974,1641.747
3167,0.9101099371910095,0.971314549446106,1641.7515
3168,1.0233700275421143,0.9820411205291748,1641.756
3169,0.9410277605056763,1.0145363807678223,1641.7605
3170,0.9763623476028442,0.9527007937431335,1641.765
3171,1.0413527488708496,0.9924522042274475,1641.7695
3172,1.0299952030181885,0.9687906503677368,1641.774
3173,0.9489149451255798,0.827136754989624,1641.7785
3174,1.0221080780029297,1.031257152557373,1641.783
3175,0.9997084140777588,1.0293642282485962,1641.7875
3176,1.0482934713363647,0.96689772605896,1641.792
3177,1.1628154516220093,1.0088576078414917,1641.7965
3178,1.1050812005996704,0.969106137752533,1641.801
3179,0.8366013765335083,1.0249474048614502,1641.8055
3180,1.0460851192474365,1.0085420608520508,1641.81
3181,1.018322229385376,0.9997084140777588,1641.8145
3182,1.004756212234497,1.0558651685714722,1641.819
3183,0.9738384485244751,1.0170602798461914,1641.8235
3184,0.886763870716095,0.9586950540542603,1641.828
3185,0.9015917778015137,0.9344025254249573,1641.8325
3186,1.018322229385376,1.019899606704712,1641.837
3187,0.9921367168426514,1.0482934713363647,1641.8415
3188,1.0994024276733398,0.9820411205291748,1641.846
3189,0.9290392398834229,1.0258939266204834,1641.8505
3190,0.9265153408050537,0.9681596755981445,1641.855
3191,1.0009703636169434,0.9975000023841858,1641.8595
3192,0.9933986663818359,1.1025573015213013,1641.864
3193,0.9864579439163208,1.0211615562438965,1641.8685
3194,0.969106137752533,0.8684656023979187,1641.873
3195,0.9634273648262024,1.0290488004684448,1641.8775
3196,0.8697275519371033,0.9053776264190674,1641.882
3197,0.9435516595840454,1.0025478601455688,1641.8865
3198,0.9744694232940674,0.9454445838928223,1641.891
3199,0.9126338362693787,0.9627963900566101,1641.8955
3200,1.0839436054229736,0.9012762904167175,1641.9
3201,0.9331405758857727,0.9984464645385742,1641.9045
3202,0.9896128177642822,0.9410277605056763,1641.909
3203,0.9432361721992493,1.0028632879257202,1641.9135
3204,0.9255688786506653,0.9896128177642822,1641.918
3205,0.8908652067184448,0.9719455242156982,1641.9225
3206,1.0511329174041748,1.002232313156128,1641.927
3207,0.9971845149993896,1.0646988153457642,1641.9315
3208,1.1719646453857422,0.9400812983512878,1641.936
3209,0.9019072651863098,1.0520793199539185,1641.9405
3210,0.9179971218109131,1.0672227144241333,1641.945
3211,0.9902437925338745,1.0369359254837036,1641.9495
3212,0.9053776264190674,0.969106137752533,1641.954
3213,0.9290392398834229,0.9366109371185303,1641.9585
3214,0.9123183488845825,0.9309321641921997,1641.963
3215,1.0230544805526733,1.0221080780029297,1641.9675
3216,0.9949761033058167,1.1167542934417725,1641.972
3217,0.9877198934555054,1.040090799331665,1641.9765
3218,0.9599570035934448,0.900014340877533,1641.981
3219,1.0325191020965576,1.0653297901153564,1641.9855
3220,1.013589859008789,1.0249474048614502,1641.99
3221,0.882347047328949,0.9564866423606873,1641.9945
3222,1.0413527488708496,1.0391443967819214,1641.999
3223,0.9422897100448608,0.9940296411514282,1642.0035
3224,0.9473375082015991,0.9744694232940674,1642.008
3225,0.9410277605056763,1.005071759223938,1642.0125
3226,0.9457600712776184,0.9214675426483154,1642.017
3227,0.9892973303794861,0.9577485918998718,1642.0215
3228,0.9145267605781555,1.0902533531188965,1642.026
3229,0.9921367168426514,1.019899606704712,1642.0305
3230,0.9921367168426514,0.9933986663818359,1642.035
3231,0.9773088097572327,1.037566900253296,1642.0395
3232,0.9350335001945496,0.9388193488121033,1642.044
3233,0.9656357765197754,0.9615344405174255,1642.0485
3234,1.0123279094696045,0.9192590713500977,1642.053
3235,1.0028632879257202,1.0085420608520508,1642.0575
3236,1.0848900079727173,0.9012762904167175,1642.062
3237,0.9498614072799683,0.9631118774414062,1642.0665
3238,0.9530162811279297,1.0214771032333374,1642.071
3239,0.9593260288238525,0.9694216251373291,1642.0755
3240,0.8577390313148499,1.0454541444778442,1642.08
3241,0.9795172214508057,0.9306166768074036,1642.0845
3242,1.0107505321502686,0.9407122731208801,1642.089
3243,1.0994024276733398,0.9416587352752686,1642.0935
3244,0.9498614072799683,1.0495554208755493,1642.098
3245,0.9564866423606873,1.1527198553085327,1642.1025
3246,1.1161233186721802,1.0126434564590454,1642.107
3247,1.0063337087631226,0.9015917778015137,1642.1115
3248,0.9769933223724365,1.0325191020965576,1642.116
3249,0.8842399716377258,1.0195841789245605,1642.1205
3250,1.0240010023117065,1.0025478601455688,1642.125
3251,0.971314549446106,1.0129588842391968,1642.1295
3252,0.9915057420730591,1.0069646835327148,1642.134
3253,1.0057027339935303,1.0299952030181885,1642.1385
3254,0.9312476515769958,1.0640678405761719,1642.143
3255,1.0438766479492188,1.0075956583023071,1642.1475
3256,1.0725860595703125,0.9798327088356018,1642.152
3257,0.9933986663818359,0.8561615943908691,1642.1565
3258,1.0069646835327148,0.8807696104049683,1642.161
3259,0.9997084140777588,1.013589859008789,1642.1655
3260,0.8451195359230042,0.886763870716095,1642.17
3261,0.9864579439163208,0.8968594670295715,1642.1745
3262,0.9984464645385742,0.9151577353477478,1642.179
3263,0.9366109371185303,0.9760468602180481,1642.1835
3264,0.982356607913971,0.9921367168426514,1642.188
3265,0.9047466516494751,0.9444981217384338,1642.1925
3266,0.9650048017501831,0.9899283051490784,1642.197
3267,0.9523853063583374,0.9555401802062988,1642.2015
3268,1.1041347980499268,1.0344120264053345,1642.206
3269,1.009173035621643,1.0451385974884033,1642.2105
3270,0.8760372996330261,1.1031882762908936,1642.215
3271,1.0391443967819214,0.96689772605896,1642.2195
3272,1.0495554208755493,0.9754158854484558,1642.224
3273,0.9839340448379517,0.9956070780754089,1642.2285
3274,0.9006453156471252,0.9751003980636597,1642.233
3275,0.9129493236541748,0.9476529955863953,1642.2375
3276,0.9896128177642822,0.9643738269805908,1642.242
3277,1.0735324621200562,0.9366109371185303,1642.2465
3278,0.9252533912658691,0.9094789624214172,1642.251
3279,0.9410277605056763,0.984565019607544,1642.2555
3280,0.9908747673034668,0.9422897100448608,1642.26
3281,0.9905592799186707,0.9590105414390564,1642.2645
3282,1.0129588842391968,1.0476624965667725,1642.269
3283,0.915473222732544,0.9820411205291748,1642.2735
3284,0.9905592799186707,0.9978154897689819,1642.278
3285,1.035673975944519,1.0258939266204834,1642.2825
3286,1.0643833875656128,0.9725764989852905,1642.287
3287,0.9643738269805908,1.0088576078414917,1642.2915
3288,0.9826720952987671,0.9539627432823181,1642.296
3289,1.0609129667282104,0.9485994577407837,1642.3005
3290,0.9886663556098938,1.0779492855072021,1642.305
3291,0.9258843660354614,1.0255783796310425,1642.3095
3292,0.9593260288238525,1.03315007686615,1642.314
3293,0.9220985174179077,1.0729014873504639,1642.3185
3294,0.9763623476028442,1.018322229385376,1642.323
3295,1.0016013383865356,1.0057027339935303,1642.3275
3296,0.8634178042411804,1.0426146984100342,1642.332
3297,0.9410277605056763,0.9441826343536377,1642.3365
3298,1.0098040103912354,0.9202055931091309,1642.341
3299,1.106658697128296,0.9498614072799683,1642.3455
3300,0.9940296411514282,0.9268308281898499,1642.35
3301,0.9577485918998718,0.8350239396095276,1642.3545
3302,0.9243069291114807,1.0918307304382324,1642.359
3303,0.9981309771537781,0.9911902546882629,1642.3635
3304,0.9476529955863953,1.130951166152954,1642.368
3305,1.0391443967819214,0.9738384485244751,1642.3725
3306,1.084259033203125,0.9312476515769958,1642.377
3307,0.9751003980636597,0.9287237524986267,1642.3815
3308,0.9795172214508057,1.035673975944519,1642.386
3309,0.9965535402297974,0.9946606159210205,1642.3905
3310,1.0599665641784668,1.0205305814743042,1642.395
3311,0.9568021297454834,1.0612285137176514,1642.3995
3312,1.0126434564590454,1.0038098096847534,1642.404
3313,0.9388193488121033,0.9643738269805908,1642.4085
3314,0.9552246928215027,1.0255783796310425,1642.413
3315,0.8520602583885193,1.0700621604919434,1642.4175
3316,1.0653297901153564,0.9694216251373291,1642.422
3317,0.9038001894950867,0.9243069291114807,1642.4265
3318,1.0293642282485962,1.0299952030181885,1642.431
3319,0.977939784526825,0.8672036528587341,1642.4355
3320,0.933771550655365,0.9817256331443787,1642.44
3321,0.964689314365387,1.0072801113128662,1642.4445
3322,0.9498614072799683,0.8678346276283264,1642.449
3323,1.0236854553222656,0.96689772605896,1642.4535
3324,0.958064079284668,0.9984464645385742,1642.458
3325,0.924937903881073,1.028733253479004,1642.4625
3326,0.9662667512893677,0.8836089968681335,1642.467
3327,0.9744694232940674,1.01390540599823,1642.4715
3328,0.9179971218109131,1.0587046146392822,1642.476
3329,1.018322229385376,0.9810946583747864,1642.4805
3330,0.9908747673034668,0.9523853063583374,1642.485
3331,0.9003298282623291,0.9877198934555054,1642.4895
3332,1.028733253479004,0.9662667512893677,1642.494
3333,1.004756212234497,0.9725764989852905,1642.4985
3334,0.8987523913383484,1.0262093544006348,1642.503
3335,1.1359989643096924,0.9795172214508057,1642.5075
3336,1.040090799331665,0.9978154897689819,1642.512
3337,0.8605784177780151,0.9833030700683594,1642.5165
3338,0.9653202891349792,1.0555497407913208,1642.521
3339,1.0678536891937256,0.9842495322227478,1642.5255
3340,1.0186376571655273,0.9236759543418884,1642.53
3341,0.895597517490387,0.951438844203949,1642.5345
3342,1.0438766479492188,1.0549187660217285,1642.539
3343,0.951438844203949,0.9631118774414062,1642.5435
3344,1.0549187660217285,1.1262189149856567,1642.548
3345,0.8984369039535522,0.9751003980636597,1642.5525
3346,1.056180715560913,0.9732074737548828,1642.557
3347,1.024316430091858,0.8836089968681335,1642.5615
3348,0.9650048017501831,1.0593355894088745,1642.566
3349,0.9549092054367065,0.9561711549758911,1642.5705
3350,0.9435516595840454,0.9053776264190674,1642.575
3351,1.062174916267395,1.0514483451843262,1642.5795
3352,1.0116969347000122,1.079842209815979,1642.584
3353,0.9987619519233704,0.9687906503677368,1642.5885
3354,0.9709990620613098,0.9886663556098938,1642.593
3355,1.0688002109527588,0.9539627432823181,1642.5975
3356,0.9574331045150757,1.0407217741012573,1642.602
3357,0.9482839703559875,1.0520793199539185,1642.6065
3358,1.018006682395935,1.048924446105957,1642.611
3359,0.9353489875793457,1.0195841789245605,1642.6155
3360,0.9804636836051941,0.9810946583747864,1642.62
3361,1.002232313156128,1.024316430091858,1642.6245
3362,0.947022020816803,0.8504828214645386,1642.629
3363,0.9075860381126404,0.9138957858085632,1642.6335
3364,0.89780592918396,0.9618499279022217,1642.638
3365,0.9274618029594421,0.9814101457595825,1642.6425
3366,0.9378728866577148,0.9921367168426514,1642.647
3367,1.018006682395935,1.0101195573806763,1642.6515
3368,1.1148613691329956,1.0372514724731445,1642.656
3369,1.0602819919586182,0.931563138961792,1642.6605
3370,0.8126243352890015,0.902222752571106,1642.665
3371,0.9864579439163208,0.9864579439163208,1642.6695
3372,0.9530162811279297,0.920521080493927,1642.674
3373,0.9747849106788635,0.9899283051490784,1642.6785
3374,0.9962380528450012,1.0416682958602905,1642.683
3375,0.9694216251373291,1.0609129667282104,1642.6875
3376,0.9798327088356018,1.0322036743164062,1642.692
3377,0.9760468602180481,1.029679775238037,1642.6965
3378,0.9978154897689819,0.938188374042511,1642.701
3379,0.9990774393081665,0.9120028614997864,1642.7055
3380,1.0394598245620728,1.1000334024429321,1642.71
3381,1.0792112350463867,0.9728919863700867,1642.7145
3382,1.0615439414978027,0.9277772903442383,1642.719
3383,0.9504923820495605,0.9621654152870178,1642.7235
3384,0.8873948454856873,0.9006453156471252,1642.728
3385,0.9874044060707092,0.9609034657478333,1642.7325
3386,1.0678536891937256,0.9981309771537781,1642.737
3387,0.9763623476028442,0.9243069291114807,1642.7415
3388,1.0038098096847534,0.9176816344261169,1642.746
3389,0.9123183488845825,0.9940296411514282,1642.7505
3390,0.9949761033058167,0.8842399716377258,1642.755
3391,1.013589859008789,1.0205305814743042,1642.7595
3392,0.9675287008285522,0.9650048017501831,1642.764
3393,0.9861424565315247,1.0249474048614502,1642.7685
3394,1.0722705125808716,0.9577485918998718,1642.773
3395,0.9754158854484558,0.9836185574531555,1642.7775
3396,0.8940200805664062,0.9495459198951721,1642.782
3397,0.9675287008285522,1.1322131156921387,1642.7865
3398,0.9911902546882629,0.9820411205291748,1642.791
3399,0.9956070780754089,1.0060181617736816,1642.7955
3400,1.1353679895401,0.8949665427207947,1642.8
3401,0.9618499279022217,0.9372419118881226,1642.8045
3402,0.940396785736084,0.9344025254249573,1642.809
3403,1.097509503364563,1.029679775238037,1642.8135
3404,0.9940296411514282,0.9751003980636597,1642.818
3405,0.980148196220398,1.0413527488708496,1642.8225
3406,1.0486090183258057,1.0829970836639404,1642.827
3407,0.9930831789970398,1.0697466135025024,1642.8315
3408,0.9391348361968994,1.0016013383865356,1642.836
3409,0.96689772605896,1.0161137580871582,1642.8405
3410,0.9754158854484558,0.9527007937431335,1642.845
3411,0.9905592799186707,0.9015917778015137,1642.8495
3412,0.9722610116004944,0.9883508682250977,1642.854
3413,1.0189532041549683,0.9952915906906128,1642.8585
3414,0.9987619519233704,0.9773088097572327,1642.863
3415,0.8454350233078003,0.9946606159210205,1642.8675
3416,0.9192590713500977,0.9451290965080261,1642.872
3417,0.8817160725593567,0.9568021297454834,1642.8765
3418,0.984565019607544,0.9120028614997864,1642.881
3419,0.9867734313011169,1.0744789838790894,1642.8855
3420,0.8722514510154724,1.0527102947235107,1642.89
3421,1.0161137580871582,0.9340870380401611,1642.8945
3422,1.044507622718811,1.0126434564590454,1642.899
3423,1.0394598245620728,0.9997084140777588,1642.9035
3424,0.9520698189735413,0.8684656023979187,1642.908
3425,0.9599570035934448,0.9366109371185303,1642.9125
3426,1.0293642282485962,0.895597517490387,1642.917
3427,0.9031692147254944,0.9555401802062988,1642.9215
3428,0.9457600712776184,1.071324110031128,1642.926
3429,1.0104349851608276,0.9785707592964172,1642.9305
3430,1.075425386428833,1.0505019426345825,1642.935
3431,1.0422992706298828,0.9807791709899902,1642.9395
3432,0.9451290965080261,1.03315007686615,1642.944
3433,0.9804636836051941,0.9094789624214172,1642.9485
3434,0.9940296411514282,1.019899606704712,1642.953
3435,0.9539627432823181,1.0012859106063843,1642.9575
3436,1.062174916267395,0.9675287008285522,1642.962
3437,0.891180694103241,1.069431185722351,1642.9665
3438,1.0751099586486816,0.9482839703559875,1642.971
3439,0.9511233568191528,1.0186376571655273,1642.9755
3440,0.9798327088356018,1.0911997556686401,1642.98
3441,1.0009703636169434,0.9498614072799683,1642.9845
3442,1.034096598625183,0.953647255897522,1642.989
3443,0.9261998534202576,0.9773088097572327,1642.9935
3444,0.9706835746765137,0.9883508682250977,1642.998
3445,0.947022020816803,0.9463910460472107,1643.0025
3446,1.0426146984100342,0.9217830300331116,1643.007
3447,1.0514483451843262,1.0416682958602905,1643.0115
3448,0.9019072651863098,0.9277772903442383,1643.016
3449,0.9328250885009766,0.9233604669570923,1643.0205
3450,0.9892973303794861,0.9523853063583374,1643.025
3451,1.132844090461731,1.013589859008789,1643.0295
3452,0.9836185574531555,0.9984464645385742,1643.034
3453,1.0101195573806763,1.0344120264053345,1643.0385
3454,0.9684751629829407,0.9773088097572327,1643.043
3455,1.1158077716827393,1.0615439414978027,1643.0475
3456,0.904431164264679,0.9356644749641418,1643.052
3457,1.0520793199539185,1.0293642282485962,1643.0565
3458,0.9921367168426514,0.9047466516494751,1643.061
3459,0.9545937180519104,0.9148422479629517,1643.0655
3460,0.9921367168426514,0.9732074737548828,1643.07
3461,0.9997084140777588,1.0558651685714722,1643.0745
3462,1.0495554208755493,0.9643738269805908,1643.079
3463,0.9176816344261169,1.0498709678649902,1643.0835
3464,0.940396785736084,0.927146315574646,1643.088
3465,1.037566900253296,1.0063337087631226,1643.0925
3466,0.964689314365387,0.9246224164962769,1643.097
3467,0.8747753500938416,1.0905687808990479,1643.1015
3468,0.9233604669570923,0.9340870380401611,1643.106
3469,0.9419742226600647,0.9681596755981445,1643.1105
3470,0.9874044060707092,1.0451385974884033,1643.115
3471,0.8410181999206543,1.0460851192474365,1643.1195
3472,0.9419742226600647,0.900014340877533,1643.124
3473,0.9637428522109985,0.8924426436424255,1643.1285
3474,1.0372514724731445,0.977939784526825,1643.133
3475,1.0325191020965576,1.0599665641784668,1643.1375
3476,0.9665822386741638,1.0107505321502686,1643.142
3477,0.9220985174179077,0.9858269691467285,1643.1465
3478,1.1259033679962158,1.0388288497924805,1643.151
3479,1.0167447328567505,0.9520698189735413,1643.1555
3480,0.9956070780754089,0.9233604669570923,1643.16
3481,0.9586950540542603,1.0344120264053345,1643.1645
3482,1.0057027339935303,0.9192590713500977,1643.169
3483,0.893389105796814,1.027155876159668,1643.1735
3484,0.8498518466949463,1.1558747291564941,1643.178
3485,0.9473375082015991,1.0523948669433594,1643.1825
3486,0.933771550655365,1.000339388847351,1643.187
3487,0.9952915906906128,0.9792017340660095,1643.1915
3488,1.0542877912521362,0.9350335001945496,1643.196
3489,0.9394503235816956,0.969106137752533,1643.2005
3490,1.005071759223938,1.1094980239868164,1643.205
3491,0.8896032571792603,1.0167447328567505,1643.2095
3492,1.0208461284637451,0.9637428522109985,1643.214
3493,1.0129588842391968,1.0688002109527588,1643.2185
3494,0.9501768946647644,0.9971845149993896,1643.223
3495,1.0044407844543457,0.9814101457595825,1643.2275
3496,1.03315007686615,0.942605197429657,1643.232
3497,0.9672132134437561,0.9287237524986267,1643.2365
3498,1.0659607648849487,0.9280927777290344,1643.241
3499,0.9527007937431335,0.9952915906906128,1643.2455
3500,0.9202055931091309,0.9820411205291748,1643.25
3501,0.8747753500938416,0.953647255897522,1643.2545
3502,1.0041252374649048,0.9618499279022217,1643.259
3503,1.0303107500076294,0.9145267605781555,1643.2635
3504,0.880138635635376,0.9164196848869324,1643.268
3505,1.0044407844543457,0.9766778349876404,1643.2725
3506,1.0265249013900757,0.9741539359092712,1643.277
3507,1.057758092880249,0.9280927777290344,1643.2815
3508,1.0069646835327148,0.9741539359092712,1643.286
3509,1.0258939266204834,0.8564770817756653,1643.2905
3510,1.0233700275421143,0.8971749544143677,1643.295
3511,1.0407217741012573,1.0176912546157837,1643.2995
3512,0.9908747673034668,1.100348949432373,1643.304
3513,1.0520793199539185,0.9501768946647644,1643.3085
3514,1.002232313156128,0.9937141537666321,1643.313
3515,0.9605879783630371,0.9299857020378113,1643.3175
3516,0.9782552719116211,0.9930831789970398,1643.322
3517,0.9640583395957947,1.031257152557373,1643.3265
3518,0.9202055931091309,0.8211424946784973,1643.331
3519,0.900014340877533,0.9899283051490784,1643.3355
3520,1.004756212234497,1.0539722442626953,1643.34
3521,0.9788862466812134,0.9583795666694641,1643.3445
3522,0.94481360912323,0.9833030700683594,1643.349
3523,0.8886567950248718,1.0016013383865356,1643.3535
3524,1.0479780435562134,0.9277772903442383,1643.358
3525,0.9347180128097534,0.9164196848869324,1643.3625
3526,1.0381978750228882,1.0773183107376099,1643.367
3527,1.1145458221435547,0.9079015254974365,1643.3715
3528,1.046400547027588,0.9564866423606873,1643.376
3529,1.013589859008789,1.0281022787094116,1643.3805
3530,0.9861424565315247,0.9176816344261169,1643.385
3531,0.94481360912323,0.8861328959465027,1643.3895
3532,0.9722610116004944,0.9224140048027039,1643.394
3533,1.01390540599823,1.0520793199539185,1643.3985
3534,0.9798327088356018,0.9568021297454834,1643.403
3535,0.9848805069923401,0.9123183488845825,1643.4075
3536,1.0069646835327148,1.0262093544006348,1643.412
3537,0.9479684829711914,1.0230544805526733,1643.4165
3538,1.0874139070510864,1.0574426651000977,1643.421
3539,1.0148518085479736,0.895597517490387,1643.4255
3540,1.046400547027588,0.9839340448379517,1643.43
3541,0.9574331045150757,0.9621654152870178,1643.4345
3542,0.9798327088356018,0.9586950540542603,1643.439
3543,0.9290392398834229,1.0123279094696045,1643.4435
3544,0.9769933223724365,0.8974904417991638,1643.448
3545,0.8328155279159546,0.9290392398834229,1643.4525
3546,0.935979962348938,1.0921462774276733,1643.457
3547,0.9441826343536377,0.975731372833252,1643.4615
3548,0.9113718867301941,0.8697275519371033,1643.466
3549,1.0123279094696045,0.9896128177642822,1643.4705
3550,0.9410277605056763,0.9435516595840454,1643.475
3551,0.9776242971420288,1.0344120264053345,1643.4795
3552,0.9353489875793457,0.9429206848144531,1643.484
3553,1.0132744312286377,0.9949761033058167,1643.4885
3554,0.9665822386741638,1.1139148473739624,1643.493
3555,0.9615344405174255,0.9949761033058167,1643.4975
3556,0.9220985174179077,1.0823661088943481,1643.502
3557,1.0157983303070068,1.0075956583023071,1643.5065
3558,1.0546032190322876,1.0044407844543457,1643.511
3559,0.9829875826835632,1.0126434564590454,1643.5155
3560,1.026840329170227,0.984565019607544,1643.52
3561,1.028733253479004,0.9839340448379517,1643.5245
3562,0.9921367168426514,0.9441826343536377,1643.529
3563,0.8700430393218994,1.0378824472427368,1643.5335
3564,0.9681596755981445,0.9675287008285522,1643.538
3565,0.9937141537666321,1.0322036743164062,1643.5425
3566,1.01390540599823,0.9744694232940674,1643.547
3567,0.9870889186859131,0.9946606159210205,1643.5515
3568,1.01106595993042,1.009173035621643,1643.556
3569,0.9763623476028442,1.087098479270935,1643.5605
3570,1.0075956583023071,0.9101099371910095,1643.565
3571,1.018006682395935,1.0151673555374146,1643.5695
3572,1.0085420608520508,1.0173757076263428,1643.574
3573,1.044507622718811,0.955855667591095,1643.5785
3574,0.8564770817756653,0.8684656023979187,1643.583
3575,1.0940392017364502,0.9460755586624146,1643.5875
3576,1.0318881273269653,1.0262093544006348,1643.592
3577,0.8996988534927368,1.0192686319351196,1643.5965
3578,1.029679775238037,1.0564961433410645,1643.601
3579,0.9627963900566101,0.9940296411514282,1643.6055
3580,1.0151673555374146,1.0353585481643677,1643.61
3581,0.8318690657615662,0.984565019607544,1643.6145
3582,1.0230544805526733,0.9855114817619324,1643.619
3583,0.9530162811279297,0.9501768946647644,1643.6235
3584,1.066591739654541,1.1249569654464722,1643.628
3585,0.940396785736084,0.8962284922599792,1643.6325
3586,0.9142112731933594,0.9940296411514282,1643.637
3587,0.8959130048751831,1.0120124816894531,1643.6415
3588,0.9937141537666321,0.8996988534927368,1643.646
3589,0.9687906503677368,0.9504923820495605,1643.6505
3590,1.0552341938018799,0.9422897100448608,1643.655
3591,0.9025382399559021,0.9719455242156982,1643.6595
3592,0.977939784526825,0.933771550655365,1643.664
3593,1.005071759223938,0.9416587352752686,1643.6685
3594,0.9265153408050537,1.037566900253296,1643.673
3595,0.9836185574531555,1.0079110860824585,1643.6775
3596,0.9678441882133484,0.9094789624214172,1643.682
3597,0.9959225654602051,0.9855114817619324,1643.6865
3598,0.9741539359092712,1.0334656238555908,1643.691
3599,0.9457600712776184,1.006649136543274,1643.6955
3600,0.9618499279022217,1.0211615562438965,1643.7
3601,0.9476529955863953,0.9612189531326294,1643.7045
3602,0.9694216251373291,0.9230449795722961,1643.709
3603,1.1183316707611084,1.0716395378112793,1643.7135
3604,0.971314549446106,1.0258939266204834,1643.718
3605,0.9167351722717285,0.9397658109664917,1643.7225
3606,0.973522961139679,0.984565019607544,1643.727
3607,0.8807696104049683,0.9621654152870178,1643.7315
3608,1.009173035621643,0.9192590713500977,1643.736
3609,1.0514483451843262,1.0770028829574585,1643.7405
3610,0.9675287008285522,1.0031788349151611,1643.745
3611,0.8971749544143677,1.0217925310134888,1643.7495
3612,1.051763892173767,1.0151673555374146,1643.754
3613,0.9684751629829407,0.9864579439163208,1643.7585
3614,0.9987619519233704,0.8974904417991638,1643.763
3615,0.9441826343536377,0.96689772605896,1643.7675
3616,0.9908747673034668,1.0281022787094116,1643.772
3617,0.9706835746765137,0.973522961139679,1643.7765
3618,0.893389105796814,1.0170602798461914,1643.781
3619,1.0422992706298828,0.9672132134437561,1643.7855
3620,1.0353585481643677,1.027155876159668,1643.79
3621,0.9344025254249573,0.9896128177642822,1643.7945
3622,0.9318786263465881,0.9763623476028442,1643.799
3623,0.9943451285362244,0.9460755586624146,1643.8035
3624,0.9378728866577148,0.895597517490387,1643.808
3625,1.0192686319351196,1.0214771032333374,1643.8125
3626,1.0435612201690674,1.0482934713363647,1643.817
3627,1.073848009109497,1.0454541444778442,1643.8215
3628,0.9195745587348938,0.9239914417266846,1643.826
3629,0.8930736184120178,0.9533317685127258,1643.8305
3630,0.9940296411514282,1.0741634368896484,1643.835
3631,0.9296702146530151,0.9161041975021362,1643.8395
3632,1.0009703636169434,1.051763892173767,1643.844
3633,0.9631118774414062,0.8788766860961914,1643.8485
3634,0.9243069291114807,1.0217925310134888,1643.853
3635,0.9631118774414062,1.0145363807678223,1643.8575
3636,0.8914961814880371,0.9574331045150757,1643.862
3637,0.9599570035934448,0.958064079284668,1643.8665
3638,0.9217830300331116,0.9896128177642822,1643.871
3639,0.9744694232940674,1.0104349851608276,1643.8755
3640,1.0615439414978027,0.8716204762458801,1643.88
3641,0.9438671469688416,1.0836280584335327,1643.8845
3642,0.9855114817619324,0.9107409119606018,1643.889
3643,0.9296702146530151,0.9120028614997864,1643.8935
3644,0.9385038614273071,0.9331405758857727,1643.898
3645,0.893389105796814,0.94481360912323,1643.9025
3646,1.0189532041549683,0.8782457113265991,1643.907
3647,1.046400547027588,1.0501863956451416,1643.9115
3648,0.9050621390342712,0.9031692147254944,1643.916
3649,1.0514483451843262,0.9009608030319214,1643.9205
3650,0.9366109371185303,1.0057027339935303,1643.925
3651,1.01106595993042,1.0662763118743896,1643.9295
3652,1.0161137580871582,0.9959225654602051,1643.934
3653,0.8984369039535522,1.0255783796310425,1643.9385
3654,1.0123279094696045,0.9933986663818359,1643.943
3655,0.9485994577407837,0.9542782306671143,1643.9475
3656,1.0363049507141113,0.900014340877533,1643.952
3657,0.9795172214508057,0.9577485918998718,1643.9565
3658,1.0542877912521362,0.9981309771537781,1643.961
3659,0.9451290965080261,1.024316430091858,1643.9655
3660,0.975731372833252,0.9662667512893677,1643.97
3661,1.0281022787094116,0.8962284922599792,1643.9745
3662,1.0438766479492188,0.9571176171302795,1643.979
3663,1.048924446105957,0.9571176171302795,1643.9835
3664,0.8791921734809875,0.9804636836051941,1643.988
3665,0.9176816344261169,1.044507622718811,1643.9925
3666,0.9640583395957947,0.9457600712776184,1643.997
3667,0.9839340448379517,0.9858269691467285,1644.0015
3668,0.8798231482505798,0.9918212294578552,1644.006
3669,1.0501863956451416,0.9583795666694641,1644.0105
3670,0.9372419118881226,0.869096577167511,1644.015
3671,1.004756212234497,0.9463910460472107,1644.0195
3672,1.019899606704712,0.96689772605896,1644.024
3673,1.0113815069198608,0.9760468602180481,1644.0285
3674,0.9227294921875,1.0369359254837036,1644.033
3675,0.9265153408050537,1.0514483451843262,1644.0375
3676,0.9612189531326294,1.05807363986969,1644.042
3677,0.9539627432823181,1.091515302658081,1644.0465
3678,0.9378728866577148,1.0255783796310425,1644.051
3679,0.958064079284668,1.0527102947235107,1644.0555
3680,1.0211615562438965,1.0457695722579956,1644.06
3681,0.9908747673034668,0.9224140048027039,1644.0645
3682,1.0363049507141113,0.9318786263465881,1644.069
3683,1.0530258417129517,0.8896032571792603,1644.0735
3684,1.0344120264053345,1.0098040103912354,1644.078
3685,1.0120124816894531,0.9325096011161804,1644.0825
3686,0.9508078694343567,0.9375573992729187,1644.087
3687,0.9621654152870178,0.9744694232940674,1644.0915
3688,1.0116969347000122,1.0397753715515137,1644.096
3689,1.0041252374649048,0.9817256331443787,1644.1005
3690,1.0946701765060425,1.0555497407913208,1644.105
3691,1.0072801113128662,0.9230449795722961,1644.1095
3692,0.962480902671814,1.0388288497924805,1644.114
3693,0.9681596755981445,1.0009703636169434,1644.1185
3694,0.880138635635376,1.0252629518508911,1644.123
3695,0.9687906503677368,0.9476529955863953,1644.1275
3696,0.8842399716377258,1.0006548166275024,1644.132
3697,0.973522961139679,1.0303107500076294,1644.1365
3698,0.9476529955863953,0.9038001894950867,1644.141
3699,0.9627963900566101,1.0079110860824585,1644.1455
3700,1.0646988153457642,1.0435612201690674,1644.15
3701,0.9650048017501831,1.0025478601455688,1644.1545
3702,1.0527102947235107,1.0905687808990479,1644.159
3703,0.9902437925338745,1.041983723640442,1644.1635
3704,0.9555401802062988,1.0659607648849487,1644.168
3705,0.9908747673034668,0.8861328959465027,1644.1725
3706,0.9640583395957947,1.062490463256836,1644.177
3707,0.9467065334320068,0.9479684829711914,1644.1815
3708,0.9650048017501831,1.0309417247772217,1644.186
3709,1.1423087120056152,0.9694216251373291,1644.1905
3710,0.9306166768074036,0.8842399716377258,1644.195
3711,1.0060181617736816,0.9842495322227478,1644.1995
3712,1.0186376571655273,1.0527102947235107,1644.204
3713,0.9725764989852905,1.0063337087631226,1644.2085
3714,0.9321941137313843,1.057758092880249,1644.213
3715,0.9347180128097534,1.0000238418579102,1644.2175
3716,0.8716204762458801,1.0164293050765991,1644.222
3717,0.8848709464073181,0.9552246928215027,1644.2265
3718,1.1050812005996704,1.0085420608520508,1644.231
3719,0.9855114817619324,1.0615439414978027,1644.2355
3720,0.8990678787231445,1.0681692361831665,1644.24
3721,0.969106137752533,0.9861424565315247,1644.2445
3722,0.9312476515769958,0.9975000023841858,1644.249
3723,1.0303107500076294,0.9949761033058167,1644.2535
3724,1.0432456731796265,1.0729014873504639,1644.258
3725,1.027155876159668,1.0322036743164062,1644.2625
3726,1.0435612201690674,0.9662667512893677,1644.267
3727,0.9388193488121033,0.9981309771537781,1644.2715
3728,0.9738384485244751,1.0290488004684448,1644.276
3729,0.9208365678787231,1.0817351341247559,1644.2805
3730,0.8959130048751831,0.940396785736084,1644.285
3731,0.9978154897689819,0.9650048017501831,1644.2895
3732,1.0927772521972656,1.0053871870040894,1644.294
3733,1.038513422012329,0.96689772605896,1644.2985
3734,1.0994024276733398,1.0779492855072021,1644.303
3735,1.0823661088943481,0.9422897100448608,1644.3075
3736,1.0072801113128662,0.9861424565315247,1644.312
3737,1.0426146984100342,0.9874044060707092,1644.3165
3738,0.8176721334457397,0.9586950540542603,1644.321
3739,0.9299857020378113,1.0520793199539185,1644.3255
3740,0.9962380528450012,0.9656357765197754,1644.33
3741,0.9896128177642822,0.931563138961792,1644.3345
3742,1.0145363807678223,0.9681596755981445,1644.339
3743,0.9334560632705688,1.0069646835327148,1644.3435
3744,0.9003298282623291,0.9170506596565247,1644.348
3745,1.0034942626953125,0.9656357765197754,1644.3525
3746,0.8555306196212769,1.0214771032333374,1644.357
3747,0.8858174085617065,0.9937141537666321,1644.3615
3748,0.8959130048751831,1.0186376571655273,1644.366
3749,0.9785707592964172,0.9508078694343567,1644.3705
3750,0.9366109371185303,1.0646988153457642,1644.375
3751,1.0883604288101196,0.9643738269805908,1644.3795
3752,0.9366109371185303,1.0069646835327148,1644.384
3753,0.9593260288238525,0.9719455242156982,1644.3885
3754,0.962480902671814,0.949230432510376,1644.393
3755,0.9410277605056763,1.106658697128296,1644.3975
3756,1.066907286643982,0.9722610116004944,1644.402
3757,0.9189435839653015,0.9952915906906128,1644.4065
3758,0.9454445838928223,0.9511233568191528,1644.411
3759,1.0107505321502686,0.9810946583747864,1644.4155
3760,1.0236854553222656,0.8631023168563843,1644.42
3761,0.9157887101173401,1.075740933418274,1644.4245
3762,0.9940296411514282,0.9429206848144531,1644.429
3763,0.9527007937431335,0.9085325002670288,1644.4335
3764,0.9328250885009766,0.9148422479629517,1644.438
3765,0.9911902546882629,0.9899283051490784,1644.4425
3766,0.9094789624214172,0.942605197429657,1644.447
3767,1.044507622718811,0.9965535402297974,1644.4515
3768,1.0233700275421143,0.9747849106788635,1644.456
3769,1.0236854553222656,1.0527102947235107,1644.4605
3770,1.0583890676498413,1.0435612201690674,1644.465
3771,1.0274713039398193,0.9744694232940674,1644.4695
3772,1.0034942626953125,1.0855209827423096,1644.474
3773,0.9485994577407837,0.9280927777290344,1644.4785
3774,0.9769933223724365,1.0457695722579956,1644.483
3775,0.984565019607544,0.9981309771537781,1644.4875
3776,0.9303011894226074,0.9798327088356018,1644.492
3777,0.9962380528450012,0.9542782306671143,1644.4965
3778,0.9097944498062134,0.9921682834625244,1644.501
3779,0.935979962348938,0.9868365347385406,1644.5055
3780,0.9129493236541748,0.9886979222297668,1644.51
3781,1.0918307304382324,0.9593891084194184,1644.5145
3782,0.9325096011161804,0.9614397764205933,1644.519
3783,0.9867734313011169,0.9818202733993531,1644.5235
3784,0.9097944498062134,0.9811577558517456,1644.528
3785,0.982356607913971,1.0213824093341828,1644.5325
3786,0.9533317685127258,0.9425420820713043,1644.537
3787,1.0363049507141113,0.9814101338386536,1644.5415
3788,1.0060181617736816,0.9567074716091156,1644.546
3789,1.0773183107376099,0.9521960079669952,1644.5505
3790,1.0009703636169434,1.0216663599014282,1644.555
3791,0.9870889186859131,0.9634273529052735,1644.5595
3792,1.0921462774276733,0.9825143575668335,1644.564
3793,0.9473375082015991,0.9850697994232178,1644.5685
3794,1.009488582611084,0.980968463420868,1644.573
3795,0.9485994577407837,1.0214139640331268,1644.5775
3796,0.9874044060707092,0.9671501159667969,1644.582
3797,0.9956070780754089,0.9983202695846558,1644.5865
3798,0.8810850977897644,1.0062074661254883,1644.591
3799,0.9653202891349792,0.9526061356067658,1644.5955
3800,0.9410277605056763,0.9745325148105621,1644.6
3801,0.9161041975021362,0.9696424782276154,1644.6045
3802,0.9227294921875,0.9989828109741211,1644.609
3803,0.9858269691467285,0.9767724752426148,1644.6135
3804,0.9441826343536377,0.9387877821922302,1644.618
3805,0.9662667512893677,0.9772141635417938,1644.6225
3806,1.078264832496643,0.9928623318672181,1644.627
3807,1.05807363986969,1.0013174176216126,1644.6315
3808,0.9867734313011169,0.9922944486141205,1644.636
3809,0.924937903881073,0.968853747844696,1644.6405
3810,1.0028632879257202,0.9899283111095428,1644.645
3811,1.0085420608520508,0.9613766849040986,1644.6495
3812,1.0145363807678223,1.0063651919364929,1644.654
3813,1.0817351341247559,1.0305630922317506,1644.6585
3814,0.9148422479629517,0.9954177975654602,1644.663
3815,0.9681596755981445,0.9857323169708252,1644.6675
3816,1.0927772521972656,0.9994244873523712,1644.672
3817,0.9568021297454834,0.9722294569015503,1644.6765
3818,0.9539627432823181,0.9796434283256531,1644.681
3819,0.9795172214508057,0.9621338605880737,1644.6855
3820,1.0085420608520508,0.9853537380695343,1644.69
3821,0.9933986663818359,0.9744378805160523,1644.6945
3822,0.9164196848869324,0.968443614244461,1644.699
3823,0.9372419118881226,0.9860478222370148,1644.7035
3824,0.9741539359092712,0.9762677073478698,1644.708
3825,0.931563138961792,1.0168078422546387,1644.7125
3826,1.0949856042861938,0.9958910405635834,1644.717
3827,1.056180715560913,0.983460807800293,1644.7215
3828,0.9896128177642822,0.9670239150524139,1644.726
3829,1.0293642282485962,0.9867418825626373,1644.7305
3830,0.958064079284668,0.9686329007148743,1644.735
3831,0.9375573992729187,0.9872782111167908,1644.7395
3832,0.9896128177642822,0.9836501121520996,1644.744
3833,0.9782552719116211,0.9733021080493927,1644.7485
3834,0.8347084522247314,0.9660774648189545,1644.753
3835,1.047347068786621,0.9959541201591492,1644.7575
3836,0.9883508682250977,0.953899621963501,1644.762
3837,0.9706835746765137,0.9731443881988525,1644.7665
3838,1.0072801113128662,1.0009072780609132,1644.771
3839,0.9665822386741638,1.0039044082164765,1644.7755
3840,0.8798231482505798,1.0154197096824646,1644.78
3841,1.0508173704147339,0.9722294569015503,1644.7845
3842,0.9438671469688416,0.9858900666236877,1644.789
3843,1.0211615562438965,0.9596730589866638,1644.7935
3844,0.9933986663818359,0.9888872087001801,1644.798
3845,0.9072705507278442,0.9725764989852905,1644.8025
3846,1.0148518085479736,0.9639952421188355,1644.807
3847,0.9340870380401611,0.9936195135116577,1644.8115
3848,0.958064079284668,0.988035386800766,1644.816
3849,1.031257152557373,0.9923891186714172,1644.8205
3850,1.031257152557373,1.0254206538200379,1644.825
3851,1.0388288497924805,0.9950707495212555,1644.8295
3852,1.0482934713363647,1.0078795611858369,1644.834
3853,1.0688002109527588,0.9998030662536621,1644.8385
3854,0.955855667591095,0.948536342382431,1644.843
3855,0.9940296411514282,0.9941242873668671,1644.8475
3856,0.9599570035934448,0.9689483880996704,1644.852
3857,0.9511233568191528,0.985385286808014,1644.8565
3858,0.8791921734809875,0.9647208392620087,1644.861
3859,0.9930831789970398,1.0024216175079346,1644.8655
3860,1.0016013383865356,0.9545937061309815,1644.87
3861,0.9612189531326294,0.9642476320266724,1644.8745
3862,1.1009799242019653,0.9575277507305145,1644.879
3863,0.9741539359092712,0.9970267832279205,1644.8835
3864,0.9971845149993896,1.0081003963947297,1644.888
3865,0.8962284922599792,0.9524168372154236,1644.8925
3866,1.0053871870040894,0.9625124573707581,1644.897
3867,1.0347275733947754,1.0168393969535827,1644.9015
3868,0.8217734694480896,0.9665506839752197,1644.906
3869,1.0221080780029297,0.960966557264328,1644.9105
3870,1.0006548166275024,0.9686013579368591,1644.915
3871,0.94481360912323,0.9847543060779571,1644.9195
3872,0.9148422479629517,0.9743432223796844,1644.924
3873,1.0258939266204834,0.9642791748046875,1644.9285
3874,1.042930245399475,0.9973738074302674,1644.933
3875,1.0214771032333374,0.9914110839366913,1644.9375
3876,0.984565019607544,0.9830506920814515,1644.942
3877,1.084259033203125,0.9586004018783569,1644.9465
3878,0.9612189531326294,1.010813581943512,1644.951
3879,0.9732074737548828,0.9629541218280793,1644.9555
3880,0.9975000023841858,0.9835554480552673,1644.96
3881,1.0337810516357422,0.9867734313011169,1644.9645
3882,0.9833030700683594,0.9649101436138153,1644.969
3883,1.031572699546814,0.973112827539444,1644.9735
3884,1.0085420608520508,0.993682610988617,1644.978
3885,1.0281022787094116,0.9916950345039368,1644.9825
3886,0.9984464645385742,0.962607079744339,1644.987
3887,0.9836185574531555,0.9951654016971588,1644.9915
3888,1.037566900253296,0.965257179737091,1644.996
3889,0.9883508682250977,0.9646577596664428,1645.0005
3890,0.8716204762458801,0.9619445621967315,1645.005
3891,0.9041156768798828,0.9892026841640472,1645.0095
3892,0.982356607913971,0.9795487582683563,1645.014
3893,0.9814101457595825,1.0144416987895966,1645.0185
3894,0.9792017340660095,0.983208417892456,1645.023
3895,0.9082170128822327,0.9868680775165558,1645.0275
3896,0.9552246928215027,0.9698633015155792,1645.032
3897,1.01390540599823,0.9749742031097413,1645.0365
3898,1.0369359254837036,0.9928938865661621,1645.041
3899,0.9006453156471252,0.9715984761714935,1645.0455
3900,0.9451290965080261,0.998951256275177,1645.05
3901,0.9728919863700867,0.9916319370269775,1645.0545
3902,0.9747849106788635,0.9796434164047241,1645.059
3903,1.0628058910369873,0.959609967470169,1645.0635
3904,0.915473222732544,0.9550669193267822,1645.068
3905,1.0555497407913208,1.0106242954730988,1645.0725
3906,0.9265153408050537,0.9682543098926544,1645.077
3907,0.951438844203949,1.0019168317317964,1645.0815
3908,0.8571080565452576,0.9687591016292572,1645.086
3909,0.8583700060844421,0.969674003124237,1645.0905
3910,1.0337810516357422,0.9719139754772186,1645.095
3911,0.8656262159347534,1.0020430266857148,1645.0995
3912,0.9438671469688416,0.9648786067962647,1645.104
3913,0.908847987651825,0.9774350047111511,1645.1085
3914,1.0151673555374146,0.9917896807193756,1645.113
3915,0.9151577353477478,0.9927676975727081,1645.1175
3916,0.955855667591095,0.9708097577095032,1645.122
3917,0.9653202891349792,0.9841864347457886,1645.1265
3918,1.002232313156128,0.9627332746982574,1645.131
3919,0.9949761033058167,0.9861109018325805,1645.1355
3920,1.018322229385376,0.974343228340149,1645.14
3921,1.0053871870040894,0.9805583357810974,1645.1445
3922,0.9728919863700867,0.9973107099533081,1645.149
3923,1.0495554208755493,0.9846596717834473,1645.1535
3924,0.9047466516494751,1.0069330751895904,1645.158
3925,0.9640583395957947,0.9894235372543335,1645.1625
3926,0.9069550633430481,0.9799589037895202,1645.167
3927,1.0120124816894531,0.9884139716625213,1645.1715
3928,1.0618594884872437,0.996458888053894,1645.176
3929,0.9479684829711914,0.9287552833557129,1645.1805
3930,0.9593260288238525,0.9904015481472015,1645.185
3931,0.949230432510376,0.9912849068641663,1645.1895
3932,1.0028632879257202,0.9587265908718109,1645.194
3933,0.9769933223724365,0.9764885425567627,1645.1985
3934,1.0170602798461914,0.9981940865516663,1645.203
3935,0.9432361721992493,0.9798011600971221,1645.2075
3936,0.9612189531326294,1.0123910069465638,1645.212
3937,1.0186376571655273,0.9813470482826233,1645.2165
3938,1.0069646835327148,0.9629225790500641,1645.221
3939,0.953647255897522,0.9784130215644836,1645.2255
3940,0.9485994577407837,0.965509581565857,1645.23
3941,1.0028632879257202,1.0043145298957825,1645.2345
3942,0.980148196220398,0.9669292628765106,1645.239
3943,0.9760468602180481,0.969390070438385,1645.2435
3944,0.9530162811279297,0.9621654093265534,1645.248
3945,0.9183126091957092,0.983334618806839,1645.2525
3946,0.9176816344261169,0.9691376924514771,1645.257
3947,1.0732170343399048,0.9658881664276123,1645.2615
3948,0.9643738269805908,0.9890449464321136,1645.266
3949,0.9441826343536377,0.9939981043338776,1645.2705
3950,1.0189532041549683,0.9915057420730591,1645.275
3951,0.9915057420730591,0.981000018119812,1645.2795
3952,1.0116969347000122,1.0304684460163116,1645.284
3953,0.9738384485244751,0.9787916004657745,1645.2885
3954,1.0422992706298828,0.9840602457523346,1645.293
3955,1.0176912546157837,0.9685382664203643,1645.2975
3956,0.8590009808540344,0.9663613796234131,1645.302
3957,0.9555401802062988,0.9885717153549194,1645.3065
3958,0.9744694232940674,0.9918527781963349,1645.311
3959,0.9631118774414062,0.9724818468093872,1645.3155
3960,0.9047466516494751,0.9994875729084015,1645.32
3961,0.9605879783630371,1.0078164339065552,1645.3245
3962,0.9489149451255798,0.9559187650680542,1645.329
3963,0.927146315574646,0.9567705631256104,1645.3335
3964,0.9672132134437561,1.032203620672226,1645.338
3965,0.8772992491722107,0.9737753450870514,1645.3425
3966,1.041983723640442,0.9573700070381165,1645.347
3967,0.9687906503677368,0.9952916026115417,1645.3515
3968,1.0221080780029297,0.9643107175827026,1645.356
3969,0.9167351722717285,0.9640898883342743,1645.3605
3970,0.9984464645385742,0.9819149374961853,1645.365
3971,0.9344025254249573,0.9696109056472778,1645.3695
3972,0.9725764989852905,1.0114760994911194,1645.374
3973,0.9261998534202576,0.9687590956687927,1645.3785
3974,1.0662763118743896,0.9874675035476684,1645.383
3975,0.9583795666694641,1.0004340350627898,1645.3875
3976,1.024316430091858,0.9680650293827057,1645.392
3977,1.0129588842391968,0.9770564138889313,1645.3965
3978,0.9344025254249573,0.9945659875869751,1645.401
3979,0.9189435839653015,1.0075325131416322,1645.4055
3980,1.0072801113128662,1.0201520204544068,1645.41
3981,1.0132744312286377,1.010182613134384,1645.4145
3982,0.9609034657478333,0.9885086238384246,1645.419
3983,1.0085420608520508,0.9762676894664765,1645.4235
3984,1.0151673555374146,0.976457005739212,1645.428
3985,1.0615439414978027,0.9828929245471955,1645.4325
3986,1.0290488004684448,1.0287332594394685,1645.437
3987,1.0145363807678223,0.9761099517345428,1645.4415
3988,0.9438671469688416,0.9691692352294922,1645.446
3989,1.0214771032333374,0.9631118774414062,1645.4505
3990,0.9719455242156982,1.0012543022632598,1645.455
3991,0.975731372833252,1.001317423582077,1645.4595
3992,1.0236854553222656,0.9666137874126435,1645.464
3993,1.0776338577270508,0.9792963624000549,1645.4685
3994,0.9350335001945496,0.9653518259525299,1645.473
3995,1.0211615562438965,1.0055133998394012,1645.4775
3996,1.0258939266204834,0.9973738193511963,1645.482
3997,1.0451385974884033,0.9941873908042907,1645.4865
3998,0.8842399716377258,0.9859847128391266,1645.491
3999,0.9296702146530151,0.9886032462120056,1645.4955
4000,1.0148518085479736,0.951975154876709,1645.5
4001,0.9479684829711914,0.993682599067688,1645.5045
4002,0.9773088097572327,0.9835554540157319,1645.509
4003,1.004756212234497,0.950208431482315,1645.5135
4004,0.9309321641921997,0.9503661692142487,1645.518
4005,1.0246319770812988,0.9913164556026459,1645.5225
4006,1.031257152557373,0.9820411264896393,1645.527
4007,1.0609129667282104,0.9774665594100952,1645.5315
4008,0.951438844203949,0.9816309928894043,1645.536
4009,0.8877103328704834,0.9811893105506897,1645.5405
4010,0.9886663556098938,0.985416829586029,1645.545
4011,1.0344120264053345,0.9608719050884247,1645.5495
4012,1.0438766479492188,0.9680334866046906,1645.554
4013,0.8987523913383484,0.9817571759223938,1645.5585
4014,1.0432456731796265,0.9736176013946534,1645.563
4015,0.9350335001945496,0.9820411264896393,1645.5675
4016,0.9239914417266846,0.9706520318984986,1645.572
4017,1.013589859008789,0.9817571699619293,1645.5765
4018,0.9933986663818359,0.9980047881603241,1645.581
4019,0.9943451285362244,0.9897390127182006,1645.5855
4020,0.9618499279022217,0.9627332806587219,1645.59
4021,0.9612189531326294,0.9865210473537445,1645.5945
4022,0.9495459198951721,0.9479053795337677,1645.599
4023,0.9971845149993896,0.9702418863773346,1645.6035
4024,0.962480902671814,0.9857954204082489,1645.608
4025,1.0274713039398193,0.9867103457450866,1645.6125
4026,0.9072705507278442,0.9907170355319976,1645.617
4027,0.9568021297454834,0.9768671274185181,1645.6215
4028,0.9763623476028442,0.9938403546810151,1645.626
4029,1.0167447328567505,0.9848174095153809,1645.6305
4030,0.9719455242156982,0.959420669078827,1645.635
4031,1.0501863956451416,0.9668030798435211,1645.6395
4032,1.0221080780029297,0.9396711468696595,1645.644
4033,1.0252629518508911,0.9892342269420624,1645.6485
4034,0.9549092054367065,1.009267693758011,1645.653
4035,0.9586950540542603,0.9785392045974731,1645.6575
4036,1.0016013383865356,1.0019168317317964,1645.662
4037,0.9662667512893677,0.9578432261943817,1645.6665
4038,0.9467065334320068,0.9904015362262726,1645.671
4039,0.953647255897522,0.9891711175441742,1645.6755
4040,0.9867734313011169,0.9938719034194946,1645.68
4041,0.8930736184120178,0.9849436104297637,1645.6845
4042,0.9422897100448608,0.9939665496349335,1645.689
4043,0.9820411205291748,1.0028317391872406,1645.6935
4044,1.015482783317566,0.9776242911815644,1645.698
4045,0.962480902671814,0.9528900682926178,1645.7025
4046,0.8855019211769104,0.9524799346923828,1645.707
4047,1.0328346490859985,0.9853537440299988,1645.7115
4048,0.9202055931091309,0.9710937142372131,1645.716
4049,0.8760372996330261,0.9596099555492401,1645.7205
4050,1.0104349851608276,0.9640898883342743,1645.725
4051,0.9744694232940674,0.9846912264823914,1645.7295
4052,0.9744694232940674,0.9708413183689117,1645.734
4053,0.9839340448379517,0.9613135933876038,1645.7385
4054,0.9284082651138306,1.0041252493858337,1645.743
4055,1.0104349851608276,0.9785707592964172,1645.7475
4056,1.0262093544006348,0.9565812706947326,1645.752
4057,0.9331405758857727,0.99425048828125,1645.7565
4058,1.0811041593551636,0.976804006099701,1645.761
4059,1.0558651685714722,0.9791070759296417,1645.7655
4060,0.9126338362693787,0.9618499219417572,1645.77
4061,1.0173757076263428,0.9789808928966522,1645.7745
4062,0.9766778349876404,1.014536327123642,1645.779
4063,1.0098040103912354,0.9915372908115387,1645.7835
4064,0.9716300368309021,0.971188348531723,1645.788
4065,0.9085325002670288,0.9894866108894348,1645.7925
4066,1.093092679977417,0.9760468542575836,1645.797
4067,0.880138635635376,0.9874675154685975,1645.8015
4068,1.0205305814743042,0.9656988680362701,1645.806
4069,0.9457600712776184,0.9774981141090393,1645.8105
4070,0.9217830300331116,0.9861424505710602,1645.815
4071,1.0413527488708496,0.983997130393982,1645.8195
4072,0.893389105796814,0.9528900802135467,1645.824
4073,0.9239914417266846,0.973933094739914,1645.8285
4074,1.1293737888336182,0.9724187552928925,1645.833
4075,0.871304988861084,1.0064283072948457,1645.8375
4076,0.9915057420730591,1.0031156837940216,1645.842
4077,1.013589859008789,0.9633327126502991,1645.8465
4078,0.9659512639045715,0.9863948464393616,1645.851
4079,1.0770028829574585,0.9972476184368133,1645.8555
4080,0.9356644749641418,1.0373460948467255,1645.86
4081,0.9113718867301941,0.9854483842849732,1645.8645
4082,1.0505019426345825,0.9896759271621705,1645.869
4083,0.962480902671814,1.0006233274936676,1645.8735
4084,0.8899187445640564,0.9777189552783966,1645.878
4085,1.0640678405761719,0.9833977162837982,1645.8825
4086,0.9877198934555054,0.9915057361125946,1645.887
4087,0.9239914417266846,0.9869627237319947,1645.8915
4088,0.8842399716377258,1.0065860509872437,1645.896
4089,0.969106137752533,0.9694216132164002,1645.9005
4090,0.9198900461196899,0.9652887403964996,1645.905
4091,0.9915057420730591,0.9665506780147552,1645.9095
4092,0.9397658109664917,0.9985726654529572,1645.914
4093,1.0564961433410645,1.0159560322761536,1645.9185
4094,0.9419742226600647,1.0165239095687866,1645.923
4095,1.0602819919586182,0.9617237210273742,1645.9275
4096,1.0634368658065796,0.978633850812912,1645.932
4097,0.8501673340797424,0.9820411086082459,1645.9365
4098,0.9744694232940674,0.9756367266178131,1645.941
4099,0.9444981217384338,0.9745956063270569,1645.9455
4100,0.9356644749641418,0.9772141695022583,1645.95
4101,0.9605879783630371,0.9804005801677704,1645.9545
4102,1.004756212234497,0.9645946681499481,1645.959
4103,0.9631118774414062,0.9741539418697357,1645.9635
4104,0.9252533912658691,0.9748480021953583,1645.968
4105,0.9807791709899902,0.9640583217144012,1645.9725
4106,1.0883604288101196,0.9984464704990387,1645.977
4107,0.9299857020378113,0.9899598658084869,1645.9815
4108,0.9700525999069214,0.9752896964550019,1645.986
4109,0.920521080493927,0.9568021237850189,1645.9905
4110,0.9568021297454834,0.9799273550510407,1645.995
4111,1.0085420608520508,0.9825774610042572,1645.9995
4112,0.9672132134437561,0.9698317468166351,1646.004
4113,1.03315007686615,1.0020745813846588,1646.0085
4114,0.9605879783630371,0.9986988782882691,1646.013
4115,1.022739052772522,0.9206787943840027,1646.0175
4116,1.091515302658081,0.9907170295715332,1646.022
4117,1.0205305814743042,0.9351912260055542,1646.0265
4118,0.9861424565315247,0.9539627373218537,1646.031
4119,1.0426146984100342,1.0013805210590363,1646.0355
4120,0.9792017340660095,1.011823147535324,1646.04
4121,0.9467065334320068,0.9739330887794495,1646.0445
4122,0.9520698189735413,0.9963958084583282,1646.049
4123,1.027155876159668,0.9863633155822754,1646.0535
4124,0.9851959943771362,0.9768355667591095,1646.058
4125,1.0590200424194336,1.003652036190033,1646.0625
4126,0.9239914417266846,0.997121411561966,1646.067
4127,1.0795267820358276,0.9702418923377991,1646.0715
4128,1.0019168853759766,1.0033996403217316,1646.076
4129,0.9621654152870178,0.9840917885303497,1646.0805
4130,1.0363049507141113,0.9704942762851715,1646.085
4131,1.013589859008789,0.9888872027397155,1646.0895
4132,1.0337810516357422,1.0186061322689057,1646.094
4133,1.1322131156921387,1.0106873869895936,1646.0985
4134,0.9539627432823181,0.9700525879859925,1646.103
4135,0.8545841574668884,0.9838078498840332,1646.1075
4136,0.8731979131698608,0.9578747808933258,1646.112
4137,0.9473375082015991,0.9911587059497833,1646.1165
4138,0.9886663556098938,0.9835870206356049,1646.121
4139,0.9627963900566101,0.9892027020454407,1646.1255
4140,0.982356607913971,0.988855654001236,1646.13
4141,0.8605784177780151,0.9985411167144775,1646.1345
4142,0.980148196220398,0.9618814766407013,1646.139
4143,0.9833030700683594,0.968853747844696,1646.1435
4144,0.9716300368309021,0.9937772631645203,1646.148
4145,0.94481360912323,0.9920105457305908,1646.1525
4146,0.9173661470413208,0.9790124297142029,1646.157
4147,1.027155876159668,0.9783183634281158,1646.1615
4148,1.0956165790557861,0.9605248689651489,1646.166
4149,0.8306071162223816,0.9593575775623322,1646.1705
4150,1.0546032190322876,1.011507660150528,1646.175
4151,0.9463910460472107,0.9744378685951233,1646.1795
4152,0.9694216251373291,0.9749111115932465,1646.184
4153,0.8653107285499573,0.9921998083591461,1646.1885
4154,1.028733253479004,0.9786023080348969,1646.193
4155,0.9457600712776184,0.9497351944446564,1646.1975
4156,0.9637428522109985,0.9596730530261993,1646.202
4157,1.1006643772125244,0.9940612018108368,1646.2065
4158,0.7706645131111145,0.935412061214447,1646.211
4159,0.9747849106788635,0.9409962058067322,1646.2155
4160,0.973522961139679,0.9941242933273315,1646.22
4161,0.9807791709899902,0.9852906465530396,1646.2245
4162,0.9593260288238525,0.96453155875206,1646.229
4163,0.8672036528587341,0.9706520199775696,1646.2335
4164,0.958064079284668,0.9684436082839966,1646.238
4165,0.9523853063583374,0.982230418920517,1646.2425
4166,0.9482839703559875,0.9679703831672668,1646.247
4167,1.0467160940170288,1.014283937215805,1646.2515
4168,0.9744694232940674,0.9893604278564453,1646.256
4169,1.0482934713363647,0.9726395905017853,1646.2605
4170,0.9243069291114807,1.0105927407741546,1646.265
4171,0.9971845149993896,0.9944713354110718,1646.2695
4172,0.877930223941803,0.9703365325927734,1646.274
4173,1.0855209827423096,0.9835239112377167,1646.2785
4174,0.9886663556098938,0.9429522216320038,1646.283
4175,0.9700525999069214,0.9917581379413605,1646.2875
4176,0.9855114817619324,0.9699579536914825,1646.292
4177,1.0479780435562134,0.984312629699707,1646.2965
4178,0.9334560632705688,1.0122648298740387,1646.301
4179,1.0981404781341553,1.0073432147502899,1646.3055
4180,0.9829875826835632,1.0011596620082854,1646.31
4181,1.0255783796310425,0.9635850965976716,1646.3145
4182,1.051763892173767,0.9433938980102539,1646.319
4183,0.931563138961792,0.955161589384079,1646.3235
4184,0.9653202891349792,0.9870889365673066,1646.328
4185,0.9662667512893677,0.9961118698120117,1646.3325
4186,0.8959130048751831,0.9798327088356018,1646.337
4187,0.9202055931091309,0.9589158892631531,1646.3415
4188,0.9615344405174255,0.9733652114868164,1646.346
4189,0.8268212676048279,0.9856061339378357,1646.3505
4190,1.0240010023117065,0.9960172235965729,1646.355
4191,0.9627963900566101,0.993808799982071,1646.3595
4192,0.9918212294578552,0.9653518259525299,1646.364
4193,0.9533317685127258,0.9883508682250977,1646.3685
4194,0.9274618029594421,0.940522962808609,1646.373
4195,0.9217830300331116,1.0107504963874816,1646.3775
4196,0.8965439796447754,0.9526692450046539,1646.382
4197,0.9725764989852905,0.9722609996795655,1646.3865
4198,0.8571080565452576,0.9680965662002563,1646.391
4199,1.0129588842391968,0.9905908226966857,1646.3955
4200,0.9590105414390564,0.9834923684597016,1646.4
4201,1.0098040103912354,0.984028697013855,1646.4045
4202,0.9662667512893677,1.0093938887119294,1646.409
4203,0.9318786263465881,0.9467380464076995,1646.4135
4204,0.9539627432823181,0.9999608099460602,1646.418
4205,0.9804636836051941,1.001001924276352,1646.4225
4206,0.9533317685127258,0.9956070899963378,1646.427
4207,0.9694216251373291,0.9827352046966553,1646.4315
4208,0.9306166768074036,0.9841548919677734,1646.436
4209,1.037566900253296,0.9924206554889679,1646.4405
4210,0.9350335001945496,0.9912848949432373,1646.445
4211,0.9255688786506653,0.9721032679080963,1646.4495
4212,0.949230432510376,0.9727973461151123,1646.454
4213,0.9495459198951721,0.991347998380661,1646.4585
4214,1.0334656238555908,0.983744740486145,1646.463
4215,0.9675287008285522,1.0042199075222016,1646.4675
4216,0.9804636836051941,1.0059235155582429,1646.472
4217,1.0123279094696045,0.9681281268596649,1646.4765
4218,1.0161137580871582,0.9725449502468109,1646.481
4219,0.9577485918998718,1.0465583145618438,1646.4855
4220,1.0145363807678223,1.0030841410160065,1646.49
4221,1.0523948669433594,0.9527007937431335,1646.4945
4222,0.8706740140914917,1.0012227475643158,1646.499
4223,0.8940200805664062,0.9647523999214173,1646.5035
4224,0.9530162811279297,0.978760051727295,1646.508
4225,1.0363049507141113,0.9879722833633423,1646.5125
4226,0.9618499279022217,1.014662539958954,1646.517
4227,0.8864483833312988,0.9810946643352508,1646.5215
4228,0.9050621390342712,0.9686328887939453,1646.526
4229,0.9773088097572327,0.9676864385604859,1646.5305
4230,0.9672132134437561,0.9612820386886597,1646.535
4231,1.0221080780029297,1.0185114681720733,1646.5395
4232,1.0079110860824585,1.0142524003982545,1646.544
4233,0.9009608030319214,1.0197734355926513,1646.5485
4234,0.8873948454856873,0.9549091875553131,1646.553
4235,0.9927676916122437,0.9926414966583252,1646.5575
4236,1.1129684448242188,0.9703996300697326,1646.562
4237,0.9697371125221252,1.02116157412529,1646.5665
4238,0.9839340448379517,0.9814416885375976,1646.571
4239,0.8047371506690979,1.015798282623291,1646.5755
4240,0.9126338362693787,0.9677179992198944,1646.58
4241,0.9340870380401611,0.9834608137607574,1646.5845
4242,0.9889818429946899,0.9818202793598175,1646.589
4243,0.9170506596565247,0.9960487663745881,1646.5935
4244,0.9441826343536377,0.989265787601471,1646.598
4245,1.0309417247772217,0.9955755352973938,1646.6025
4246,1.0927772521972656,1.012454128265381,1646.607
4247,0.9927676916122437,0.9758260190486908,1646.6115
4248,1.0164293050765991,0.9802113056182862,1646.616
4249,0.940396785736084,0.9625755429267884,1646.6205
4250,1.0157983303070068,0.9643422603607178,1646.625
4251,0.9760468602180481,0.9979732394218445,1646.6295
4252,0.9782552719116211,0.9603355765342713,1646.634
4253,1.0012859106063843,1.0010965585708618,1646.6385
4254,1.031257152557373,1.001001912355423,1646.643
4255,0.9025382399559021,0.9915688455104827,1646.6475
4256,1.015482783317566,0.9800219893455505,1646.652
4257,0.9820411205291748,0.9662667393684388,1646.6565
4258,1.002232313156128,0.9698317527770997,1646.661
4259,1.057758092880249,0.9767724812030792,1646.6655
4260,1.049239993095398,0.9689799308776855,1646.67
4261,0.8694120645523071,0.9495774507522583,1646.6745
4262,1.0009703636169434,1.0179120421409606,1646.679
4263,0.9810946583747864,0.9990458965301514,1646.6835
4264,1.084574580192566,0.9506816625595093,1646.688
4265,1.046400547027588,0.9981940925121308,1646.6925
4266,1.013589859008789,0.9391663670539856,1646.697
4267,1.0571271181106567,0.9909694135189057,1646.7015
4268,0.9590105414390564,0.9560449540615081,1646.706
4269,0.9908747673034668,0.9647208511829376,1646.7105
4270,1.0659607648849487,0.9789493560791016,1646.715
4271,0.927146315574646,0.9845965743064881,1646.7195
4272,0.9485994577407837,0.9792017340660095,1646.724
4273,0.9593260288238525,0.9986042201519012,1646.7285
4274,0.938188374042511,0.9940611958503723,1646.733
4275,1.0770028829574585,0.9881300330162048,1646.7375
4276,0.9523853063583374,0.9906539380550384,1646.742
4277,1.0337810516357422,0.9670870184898377,1646.7465
4278,0.8772992491722107,0.9911271631717682,1646.751
4279,1.019899606704712,0.9647208631038666,1646.7555
4280,0.9902437925338745,0.9915057480335235,1646.76
4281,0.9810946583747864,1.010845124721527,1646.7645
4282,1.0451385974884033,0.9801797449588776,1646.769
4283,1.0233700275421143,0.9726711332798004,1646.7735
4284,1.0214771032333374,0.9875937044620514,1646.778
4285,1.0217925310134888,0.9709359645843506,1646.7825
4286,0.9385038614273071,0.999077433347702,1646.787
4287,0.9839340448379517,0.9806214332580566,1646.7915
4288,0.8968594670295715,1.0139369070529938,1646.796
4289,0.9877198934555054,0.9970898807048798,1646.8005
4290,0.9993929266929626,0.9672447562217712,1646.805
4291,0.8738288879394531,0.9763307988643646,1646.8095
4292,1.0202151536941528,0.9882562279701232,1646.814
4293,1.0438766479492188,1.01507266163826,1646.8185
4294,1.0451385974884033,1.0194263875484466,1646.823
4295,0.9489149451255798,0.9720086216926574,1646.8275
4296,0.9258843660354614,0.9723241031169891,1646.832
4297,0.9429206848144531,1.0029894888401032,1646.8365
4298,1.0132744312286377,0.9731759309768677,1646.841
4299,1.0770028829574585,0.9896759152412414,1646.8455
4300,0.9851959943771362,1.004440724849701,1646.85
4301,0.886763870716095,0.9929569900035858,1646.8545
4302,1.0416682958602905,0.9883508682250977,1646.859
4303,0.9568021297454834,0.9713461041450501,1646.8635
4304,0.9978154897689819,1.0008441627025604,1646.868
4305,0.8741443753242493,0.9586004018783569,1646.8725
4306,1.009173035621643,0.9523852944374085,1646.877
4307,0.9050621390342712,0.9591051757335662,1646.8815
4308,0.9817256331443787,0.9972476243972779,1646.886
4309,1.0060181617736816,0.9965220034122467,1646.8905
4310,1.111075520515442,1.0157982766628266,1646.895
4311,1.0498709678649902,0.9684751749038696,1646.8995
4312,1.037566900253296,0.9753843545913696,1646.904
4313,1.0940392017364502,0.9913164496421814,1646.9085
4314,0.9192590713500977,0.9933671176433563,1646.913
4315,1.1599760055541992,1.0067122340202332,1646.9175
4316,1.01390540599823,0.9942189395427704,1646.922
4317,1.048924446105957,0.9766778349876404,1646.9265
4318,0.9612189531326294,0.967875725030899,1646.931
4319,0.9678441882133484,0.9764569938182831,1646.9355
4320,1.0189532041549683,0.9643107295036316,1646.94
4321,0.9378728866577148,0.9835554659366608,1646.9445
4322,0.9650048017501831,0.9897705554962158,1646.949
4323,0.9650048017501831,0.9479684710502625,1646.9535
4324,1.0123279094696045,0.9979732513427735,1646.958
4325,1.0205305814743042,0.9936195194721222,1646.9625
4326,1.0394598245620728,0.9813154995441437,1646.967
4327,0.9451290965080261,0.9917896926403046,1646.9715
4328,1.0170602798461914,0.9931462824344635,1646.976
4329,1.024316430091858,0.9823566198348999,1646.9805
4330,1.0173757076263428,0.9739015460014343,1646.985
4331,0.9631118774414062,1.010876679420471,1646.9895
4332,1.0120124816894531,0.9993929207324982,1646.994
4333,1.0867829322814941,1.0084158837795258,1646.9985
4334,0.8615248799324036,0.9927361488342286,1647.003
4335,0.9662667512893677,0.9538996398448945,1647.0075
4336,0.8356549143791199,1.0030525743961334,1647.012
4337,0.9176816344261169,0.9969005823135376,1647.0165
4338,1.0085420608520508,1.009173047542572,1647.021
4339,0.9877198934555054,0.982482784986496,1647.0255
4340,0.9896128177642822,0.9817887306213379,1647.03
4341,1.0505019426345825,0.99298854470253,1647.0345
4342,0.9501768946647644,0.9898967564105987,1647.039
4343,1.05807363986969,0.9605564117431641,1647.0435
4344,0.9924522042274475,0.9828929483890534,1647.048
4345,0.9665822386741638,0.9461386382579804,1647.0525
4346,1.0880448818206787,0.9668346226215363,1647.057
4347,1.0684846639633179,0.9709044098854065,1647.0615
4348,0.9665822386741638,0.9529216289520264,1647.066
4349,0.9621654152870178,0.9893604338169097,1647.0705
4350,1.0176912546157837,0.9682543158531189,1647.075
4351,0.9867734313011169,0.9658250629901886,1647.0795
4352,0.9883508682250977,0.9852590978145599,1647.084
4353,1.0240010023117065,0.9929254353046417,1647.0885
4354,1.093092679977417,0.9929569780826568,1647.093
4355,0.9268308281898499,0.9945028901100159,1647.0975
4356,1.0009703636169434,0.9546568155288696,1647.102
4357,0.9350335001945496,1.0116022884845735,1647.1065
4358,0.9653202891349792,0.9676548957824707,1647.111
4359,1.0085420608520508,0.9699264109134674,1647.1155
4360,1.0104349851608276,0.9775927364826202,1647.12
4361,1.0318881273269653,0.9635220110416413,1647.1245
4362,1.091515302658081,0.9728919923305511,1647.129
4363,0.9236759543418884,0.9738700032234192,1647.1335
4364,0.9650048017501831,0.9853852927684784,1647.138
4365,1.0031788349151611,0.9837447524070739,1647.1425
4366,0.94481360912323,0.9819464743137359,1647.147
4367,0.9596415162086487,0.9645946681499481,1647.1515
4368,0.8855019211769104,0.9827036440372467,1647.156
4369,0.9498614072799683,0.996174955368042,1647.1605
4370,1.128427267074585,0.9625124454498291,1647.165
4371,0.9930831789970398,0.9686013460159302,1647.1695
4372,0.9915057420730591,0.9922313749790191,1647.174
4373,0.964689314365387,0.9893604159355164,1647.1785
4374,0.9829875826835632,1.0243164479732514,1647.183
4375,0.9353489875793457,0.9617552757263184,1647.1875
4376,0.9019072651863098,0.9820726752281189,1647.192
4377,0.9643738269805908,0.9541520297527313,1647.1965
4378,1.0451385974884033,0.9922629117965698,1647.201
4379,0.9397658109664917,1.0022954165935516,1647.2055
4380,0.9744694232940674,0.9912533521652221,1647.21
4381,0.8927581310272217,0.990117609500885,1647.2145
4382,0.9590105414390564,0.9817887425422669,1647.219
4383,1.0079110860824585,1.0051348149776458,1647.2235
4384,0.9785707592964172,1.0361472189426422,1647.228
4385,0.9397658109664917,0.9989828050136567,1647.2325
4386,0.9533317685127258,0.9926730573177338,1647.237
4387,0.9126338362693787,0.9990458965301514,1647.2415
4388,0.9807791709899902,0.9730812728404998,1647.246
4389,0.971314549446106,1.020341295003891,1647.2505
4390,0.9236759543418884,0.9832715272903443,1647.255
4391,1.0189532041549683,0.9472428500652313,1647.2595
4392,0.9911902546882629,0.9840602457523346,1647.264
4393,0.9842495322227478,0.9872151196002961,1647.2685
4394,0.9596415162086487,0.9917896866798401,1647.273
4395,1.044507622718811,1.0297112703323363,1647.2775
4396,1.0246319770812988,0.9945344030857086,1647.282
4397,0.9921367168426514,1.0042514503002167,1647.2865
4398,1.0372514724731445,0.9832399725914002,1647.291
4399,1.0486090183258057,0.9868996322154999,1647.2955
4400,0.9971845149993896,0.9725134074687958,1647.3
4401,0.9788862466812134,0.9748479902744294,1647.3045
4402,0.9915057420730591,1.0058604240417481,1647.309
4403,0.9082170128822327,0.9613451361656189,1647.3135
4404,1.0164293050765991,0.9964904606342315,1647.318
4405,0.9839340448379517,0.9797380566596985,1647.3225
4406,1.0435612201690674,0.9983202755451203,1647.327
4407,0.9161041975021362,0.9591998219490051,1647.3315
4408,1.0006548166275024,0.9970583260059357,1647.336
4409,1.084574580192566,0.9661405444145202,1647.3405
4410,0.9164196848869324,1.007343202829361,1647.345
4411,0.9527007937431335,0.9941242933273315,1647.3495
4412,0.9385038614273071,0.9583164632320404,1647.354
4413,0.9886663556098938,0.9980678856372833,1647.3585
4414,0.8943355679512024,0.987215107679367,1647.363
4415,0.9703680872917175,1.0181644439697266,1647.3675
4416,0.911056399345398,0.9531424522399903,1647.372
4417,0.9984464645385742,0.9689168453216552,1647.3765
4418,0.9527007937431335,0.9828929364681244,1647.381
4419,0.8848709464073181,0.9951338410377503,1647.3855
4420,0.935979962348938,0.9765200912952423,1647.39
4421,0.8864483833312988,0.9851644456386566,1647.3945
4422,0.9978154897689819,0.9483154952526093,1647.399
4423,0.9763623476028442,1.0195525884628296,1647.4035
4424,0.8419646620750427,0.9822935104370117,1647.408
4425,1.0681692361831665,1.004756212234497,1647.4125
4426,0.9161041975021362,0.9467065155506134,1647.417
4427,0.8880258202552795,0.9394503057003021,1647.4215
4428,1.0157983303070068,0.9876567959785462,1647.426
4429,0.9038001894950867,1.0155774474143981,1647.4305
4430,1.044823169708252,0.9641214191913605,1647.435
4431,0.9344025254249573,0.9948499143123627,1647.4395
4432,0.9615344405174255,0.9875306069850922,1647.444
4433,0.9252533912658691,0.941469419002533,1647.4485
4434,0.9495459198951721,0.9636797428131103,1647.453
4435,1.0157983303070068,0.9730181932449341,1647.4575
4436,1.0088576078414917,0.9745956182479858,1647.462
4437,0.9993929266929626,0.9966481924057007,1647.4665
4438,0.960272490978241,0.9766778349876404,1647.471
4439,0.9034847021102905,0.9809369146823883,1647.4755
4440,1.005071759223938,1.0082581222057343,1647.48
4441,0.9593260288238525,0.9548776388168335,1647.4845
4442,0.9344025254249573,1.01270649433136,1647.489
4443,1.0205305814743042,0.9960803329944611,1647.4935
4444,0.9933986663818359,0.9945975422859192,1647.498
4445,0.9523853063583374,0.9917265832424164,1647.5025
4446,0.9593260288238525,0.988319331407547,1647.507
4447,1.040090799331665,0.9682858765125275,1647.5115
4448,1.0107505321502686,0.931973260641098,1647.516
4449,0.9265153408050537,0.954751455783844,1647.5205
4450,0.9025382399559021,0.981946486234665,1647.525
4451,0.9277772903442383,0.9594522178173065,1647.5295
4452,0.9959225654602051,1.0134321212768556,1647.534
4453,0.9792017340660095,1.016050672531128,1647.5385
4454,0.940396785736084,0.991600388288498,1647.543
4455,1.0208461284637451,1.0102141439914702,1647.5475
4456,0.8653107285499573,0.9859216153621674,1647.552
4457,0.8848709464073181,0.9692638754844666,1647.5565
4458,0.960272490978241,0.980337506532669,1647.561
4459,1.0501863956451416,0.9862371206283569,1647.5655
4460,0.9467065334320068,0.9981940746307373,1647.57
4461,0.8905497193336487,0.9961749672889709,1647.5745
4462,0.9284082651138306,0.9995191216468811,1647.579
4463,1.0640678405761719,1.0057342290878295,1647.5835
4464,0.9435516595840454,1.0082896888256072,1647.588
4465,1.0306261777877808,0.9462963819503785,1647.5925
4466,0.9170506596565247,0.9916634917259216,1647.597
4467,0.982356607913971,0.9702734410762787,1647.6015
4468,1.0505019426345825,0.9700526058673858,1647.606
4469,1.035673975944519,0.9830822348594666,1647.6105
4470,1.0142208337783813,0.9951023161411285,1647.615
4471,1.0432456731796265,0.9784761190414428,1647.6195
4472,1.057758092880249,0.9651309907436371,1647.624
4473,0.9725764989852905,0.9974369287490845,1647.6285
4474,1.0034942626953125,0.9574330925941468,1647.633
4475,1.042930245399475,0.9646262168884278,1647.6375
4476,0.9785707592964172,0.9724818468093872,1647.642
4477,0.9940296411514282,0.9738700032234192,1647.6465
4478,0.9211520552635193,0.9877514481544495,1647.651
4479,0.9549092054367065,0.97506884932518,1647.6555
4480,1.0467160940170288,1.0064598500728608,1647.66
4481,1.0836280584335327,1.0112552702426911,1647.6645
4482,0.9653202891349792,0.9572753429412841,1647.669
4483,0.9220985174179077,0.9494197189807891,1647.6735
4484,0.9530162811279297,0.9903384387493134,1647.678
4485,0.9555401802062988,0.9769302308559418,1647.6825
4486,0.8908652067184448,1.014220839738846,1647.687
4487,0.9019072651863098,0.9720717072486877,1647.6915
4488,1.139784812927246,0.9717877924442291,1647.696
4489,1.0479780435562134,0.9961118519306182,1647.7005
4490,0.8987523913383484,0.9655411183834076,1647.705
4491,0.9239914417266846,0.9616921722888947,1647.7095
4492,1.0060181617736816,0.9783183753490448,1647.714
4493,0.9063240885734558,0.9686329007148743,1647.7185
4494,0.9848805069923401,0.9828298270702363,1647.723
4495,0.8873948454856873,0.9830506622791291,1647.7275
4496,0.9728919863700867,0.9970898807048798,1647.732
4497,0.9684751629829407,0.9893919885158539,1647.7365
4498,0.8930736184120178,0.9895497262477875,1647.741
4499,0.9952915906906128,0.9505870103836059,1647.7455
4500,0.9990774393081665,0.9563919901847839,1647.75
4501,1.0747944116592407,0.990401542186737,1647.7545
4502,0.9662667512893677,0.9990143537521362,1647.759
4503,1.0804731845855713,0.985416841506958,1647.7635
4504,1.0328346490859985,0.9788862466812134,1647.768
4505,1.0262093544006348,1.007090824842453,1647.7725
4506,0.8896032571792603,0.9385669350624084,1647.777
4507,0.9467065334320068,0.977119505405426,1647.7815
4508,1.0334656238555908,0.9748480021953583,1647.786
4509,0.9722610116004944,0.9822304308414459,1647.7905
4510,1.0031788349151611,0.9833977222442627,1647.795
4511,1.0770028829574585,0.9512179970741272,1647.7995
4512,1.0467160940170288,0.9702103495597839,1647.804
4513,0.929354727268219,0.9971845149993896,1647.8085
4514,0.8536376953125,0.954215121269226,1647.813
4515,1.0697466135025024,0.9956701695919037,1647.8175
4516,0.9220985174179077,1.003399634361267,1647.822
4517,0.9107409119606018,0.9910325229167938,1647.8265
4518,0.9861424565315247,1.0195841252803803,1647.831
4519,0.9927676916122437,0.9769617855548859,1647.8355
4520,0.8971749544143677,0.9740277469158173,1647.84
4521,0.9467065334320068,0.9749110996723175,1647.8445
4522,1.034096598625183,0.9900545001029968,1647.849
4523,0.906639575958252,0.9538365364074707,1647.8535
4524,0.8574235439300537,0.9751003921031952,1647.858
4525,0.9987619519233704,0.962891036272049,1647.8625
4526,1.0306261777877808,0.9626070857048035,1647.867
4527,0.9924522042274475,0.9797380685806274,1647.8715
4528,0.940396785736084,1.0183221876621247,1647.876
4529,0.8637332916259766,1.0139369070529938,1647.8805
4530,0.8902342319488525,0.99425048828125,1647.885
4531,0.9410277605056763,1.004913967847824,1647.8895
4532,0.8892877697944641,1.0034311771392823,1647.894
4533,0.9851959943771362,0.9794856786727906,1647.8985
4534,1.018322229385376,0.9615659952163697,1647.903
4535,0.9984464645385742,0.9703365325927734,1647.9075
4536,1.0363049507141113,0.9974053800106049,1647.912
4537,1.0322036743164062,0.9959541141986847,1647.9165
4538,1.002232313156128,0.9867418766021728,1647.921
4539,1.0079110860824585,0.9839971482753753,1647.9255
4540,1.0075956583023071,0.996458899974823,1647.93
4541,0.9962380528450012,0.9769302308559418,1647.9345
4542,1.044507622718811,0.977119505405426,1647.939
4543,0.9217830300331116,1.0199942767620087,1647.9435
4544,0.9290392398834229,0.9479684710502625,1647.948
4545,0.9905592799186707,1.0129588961601257,1647.9525
4546,0.9807791709899902,0.9879091858863831,1647.957
4547,0.8656262159347534,0.962354701757431,1647.9615
4548,0.900014340877533,0.9881931185722351,1647.966
4549,0.9719455242156982,0.9931147336959839,1647.9705
4550,0.9545937180519104,1.0011281073093414,1647.975
4551,0.9987619519233704,0.9957332849502564,1647.9795
4552,1.004756212234497,0.9690745890140533,1647.984
4553,1.0161137580871582,0.9687275469303132,1647.9885
4554,0.9833030700683594,0.9799904584884643,1647.993
4555,0.9063240885734558,1.0003394067287446,1647.9975
4556,0.9489149451255798,1.0051032602787018,1648.002
4557,1.08015775680542,0.9762046098709106,1648.0065
4558,0.9965535402297974,0.9705573678016662,1648.011
4559,0.9940296411514282,0.9839971482753753,1648.0155
4560,0.8088384866714478,0.9757629215717316,1648.02
4561,0.9605879783630371,1.0115707576274873,1648.0245
4562,1.046400547027588,1.0066176056861877,1648.029
4563,1.0132744312286377,0.9582218110561371,1648.0335
4564,0.9356644749641418,0.9845019280910492,1648.038
4565,1.0107505321502686,0.9892973244190216,1648.0425
4566,0.949230432510376,0.9934617578983307,1648.047
4567,1.0053871870040894,0.9568652212619781,1648.0515
4568,1.002232313156128,0.9770564198493957,1648.056
4569,0.9820411205291748,0.9825143456459046,1648.0605
4570,0.9369264245033264,0.9565812766551971,1648.065
4571,1.0116969347000122,0.9592313706874848,1648.0695
4572,0.9694216251373291,1.0111290633678436,1648.074
4573,0.8899187445640564,0.9385353922843933,1648.0785
4574,0.9485994577407837,0.9734283149242401,1648.083
4575,0.9817256331443787,1.0016328871250153,1648.0875
4576,1.0956165790557861,1.0202151238918304,1648.092
4577,0.9618499279022217,0.9832399904727935,1648.0965
4578,0.9501768946647644,0.985574585199356,1648.101
4579,1.0258939266204834,1.0060181796550751,1648.1055
4580,1.0186376571655273,0.9675286889076233,1648.11
4581,0.9855114817619324,0.9545306086540222,1648.1145
4582,1.066907286643982,1.0014751613140107,1648.119
4583,1.0038098096847534,0.9748480081558227,1648.1235
4584,1.040406346321106,0.9897705554962158,1648.128
4585,0.960272490978241,0.9863002002239227,1648.1325
4586,0.9167351722717285,0.9901491522789001,1648.137
4587,1.0016013383865356,0.9978785872459411,1648.1415
4588,0.904431164264679,0.9893604338169097,1648.146
4589,0.8637332916259766,0.9606510639190674,1648.1505
4590,0.911056399345398,0.9772457182407379,1648.155
4591,1.141677737236023,0.9811262130737305,1648.1595
4592,0.951438844203949,0.9574015378952027,1648.164
4593,1.0142208337783813,0.9924521923065186,1648.1685
4594,0.9776242971420288,0.9339608192443848,1648.173
4595,1.0344120264053345,0.9957332789897919,1648.1775
4596,0.9561711549758911,0.9708728671073914,1648.182
4597,1.0470315217971802,0.9687591075897217,1648.1865
4598,1.0325191020965576,0.9969952404499054,1648.191
4599,0.9741539359092712,0.9919158756732941,1648.1955
4600,1.0350430011749268,1.0166185319423675,1648.2
4601,0.9769933223724365,0.9853221952915192,1648.2045
4602,1.0558651685714722,0.9697371006011963,1648.209
4603,0.9918212294578552,0.9827351927757263,1648.2135
4604,1.0079110860824585,1.00324187874794,1648.218
4605,0.9123183488845825,0.9798327147960663,1648.2225
4606,0.89780592918396,0.9513126254081726,1648.227
4607,0.9148422479629517,1.0235908389091493,1648.2315
4608,1.0410373210906982,1.004472279548645,1648.236
4609,0.9157887101173401,0.9925468623638153,1648.2405
4610,0.9892973303794861,1.0103088080883027,1648.245
4611,0.9621654152870178,1.002358514070511,1648.2495
4612,1.0318881273269653,0.978760051727295,1648.254
4613,0.9239914417266846,0.9502715349197388,1648.2585
4614,0.980148196220398,0.9809369206428528,1648.263
4615,1.0157983303070068,0.9579694271087646,1648.2675
4616,1.0069646835327148,0.9832715332508087,1648.272
4617,1.057758092880249,1.025042062997818,1648.2765
4618,0.9798327088356018,0.9903699874877929,1648.281
4619,1.035673975944519,0.9399866461753845,1648.2855
4620,1.051763892173767,0.9825143575668335,1648.29
4621,0.8760372996330261,0.9606510698795319,1648.2945
4622,1.0299952030181885,1.011476105451584,1648.299
4623,1.0072801113128662,0.9699894964694977,1648.3035
4624,1.0706931352615356,0.9801481902599335,1648.308
4625,0.9451290965080261,0.981567895412445,1648.3125
4626,0.8299761414527893,1.005576479434967,1648.317
4627,0.9107409119606018,0.9847543239593506,1648.3215
4628,0.9833030700683594,0.9723241031169891,1648.326
4629,0.9325096011161804,0.9915688395500183,1648.3305
4630,0.9189435839653015,0.9797380566596985,1648.335
4631,0.9467065334320068,0.9526376843452453,1648.3395
4632,0.9246224164962769,1.0246950387954712,1648.344
4633,0.8637332916259766,1.0004340410232544,1648.3485
4634,1.0236854553222656,0.9929569840431214,1648.353
4635,0.9908747673034668,0.9800535559654235,1648.3575
4636,1.040090799331665,0.9676864385604859,1648.362
4637,0.9766778349876404,0.9786969542503356,1648.3665
4638,0.900014340877533,0.9842495262622833,1648.371
4639,0.9552246928215027,0.9850382626056671,1648.3755
4640,0.9609034657478333,0.9521960079669952,1648.38
4641,1.0691156387329102,0.9995506703853607,1648.3845
4642,1.0211615562438965,0.9509024918079376,1648.389
4643,0.9243069291114807,1.0006864428520204,1648.3935
4644,1.002232313156128,0.9642791628837586,1648.398
4645,0.96689772605896,0.9571176111698151,1648.4025
4646,0.9921367168426514,0.9581271648406983,1648.407
4647,0.9637428522109985,0.9653202831745148,1648.4115
4648,1.051763892173767,0.9477791726589203,1648.416
4649,1.071324110031128,0.969516259431839,1648.4205
4650,1.0451385974884033,0.9994244873523712,1648.425
4651,0.962480902671814,1.0120124161243438,1648.4295
4652,1.047347068786621,1.0044722855091095,1648.434
4653,0.9148422479629517,0.9868049919605255,1648.4385
4654,0.9949761033058167,0.9428260207176209,1648.443
4655,0.8927581310272217,0.9755420744419098,1648.4475
4656,0.9586950540542603,0.9725764989852905,1648.452
4657,1.031257152557373,0.969390070438385,1648.4565
4658,0.9855114817619324,0.9878776431083679,1648.461
4659,0.9858269691467285,0.9862055659294129,1648.4655
4660,0.9034847021102905,0.9854799270629883,1648.47
4661,0.9643738269805908,0.949924498796463,1648.4745
4662,0.8362858891487122,0.9885086059570313,1648.479
4663,0.8996988534927368,1.008447426557541,1648.4835
4664,0.958064079284668,0.9553193151950836,1648.488
4665,1.031572699546814,0.9343394100666046,1648.4925
4666,0.927146315574646,1.008762913942337,1648.497
4667,0.9227294921875,0.9815363466739655,1648.5015
4668,1.018006682395935,0.9700525999069214,1648.506
4669,0.9687906503677368,0.9524799346923828,1648.5105
4670,0.9334560632705688,1.0085736215114594,1648.515
4671,1.0501863956451416,0.9993613719940185,1648.5195
4672,0.9968690276145935,1.0082265794277192,1648.524
4673,0.9930831789970398,1.008731371164322,1648.5285
4674,1.0034942626953125,0.9669292509555817,1648.533
4675,0.9927676916122437,0.9612504959106445,1648.5375
4676,0.9233604669570923,0.9811577498912811,1648.542
4677,1.0142208337783813,0.9894866287708283,1648.5465
4678,1.1009799242019653,1.0042829930782318,1648.551
4679,0.977939784526825,0.9895812630653381,1648.5555
4680,1.0012859106063843,0.9879407346248626,1648.56
4681,0.9189435839653015,0.9486940920352935,1648.5645
4682,1.0221080780029297,0.9495774507522583,1648.569
4683,1.0274713039398193,1.0038728535175323,1648.5735
4684,0.9883508682250977,0.9833030700683594,1648.578
4685,0.9615344405174255,1.0088890969753266,1648.5825
4686,0.9896128177642822,0.9930516421794892,1648.587
4687,0.9908747673034668,1.0208145320415496,1648.5915
4688,1.040406346321106,0.9773403465747833,1648.596
4689,1.0571271181106567,0.9937457025051117,1648.6005
4690,0.8665726780891418,0.9538680970668793,1648.605
4691,1.1287428140640259,0.9598938941955566,1648.6095
4692,0.942605197429657,0.9902437925338745,1648.614
4693,0.9814101457595825,0.9593575716018676,1648.6185
4694,1.0284178256988525,1.0196472346782683,1648.623
4695,1.1057121753692627,1.0158613741397857,1648.6275
4696,0.8814005851745605,0.9876883447170257,1648.632
4697,0.9378728866577148,0.9935879468917846,1648.6365
4698,0.9299857020378113,0.9377151250839233,1648.641
4699,1.0476624965667725,0.9857954144477844,1648.6455
4700,0.9265153408050537,1.010403460264206,1648.65
4701,0.902222752571106,0.9820411086082459,1648.6545
4702,0.9782552719116211,0.9597676992416382,1648.659
4703,0.915473222732544,0.9773403465747833,1648.6635
4704,0.96689772605896,0.994818365573883,1648.668
4705,0.9050621390342712,0.9513757228851318,1648.6725
4706,0.8962284922599792,0.9557925581932067,1648.677
4707,0.9684751629829407,0.9538680791854859,1648.6815
4708,1.0249474048614502,0.9725449442863464,1648.686
4709,0.9419742226600647,0.9853221952915192,1648.6905
4710,0.962480902671814,0.9913480043411255,1648.695
4711,1.0587046146392822,0.961913013458252,1648.6995
4712,1.051763892173767,0.9809684693813324,1648.704
4713,1.0337810516357422,0.9991720914840698,1648.7085
4714,0.9230449795722961,0.9690745830535888,1648.713
4715,1.071324110031128,0.9795172154903412,1648.7175
4716,1.0151673555374146,0.9836185574531555,1648.722
4717,0.9388193488121033,0.9856376767158508,1648.7265
4718,0.9672132134437561,0.9448451399803162,1648.731
4719,1.0631214380264282,0.9694847106933594,1648.7355
4720,1.0262093544006348,0.9854483902454376,1648.74
4721,1.0034942626953125,0.9836185574531555,1648.7445
4722,0.9549092054367065,0.980873829126358,1648.749
4723,0.9489149451255798,0.9999923586845398,1648.7535
4724,0.9659512639045715,0.9799589097499848,1648.758
4725,0.8760372996330261,0.9448451459407806,1648.7625
4726,0.9530162811279297,0.9830191314220429,1648.767
4727,0.9719455242156982,0.9848805010318756,1648.7715
4728,0.9877198934555054,1.002358514070511,1648.776
4729,1.0142208337783813,0.9878460824489593,1648.7805
4730,1.0943546295166016,0.9634904623031616,1648.785
4731,1.0593355894088745,0.9529216170310975,1648.7895
4732,0.9107409119606018,1.012927347421646,1648.794
4733,0.9911902546882629,0.9928938984870911,1648.7985
4734,0.9880353808403015,0.9909063220024109,1648.803
4735,0.9435516595840454,0.9499244928359986,1648.8075
4736,0.9157887101173401,0.9981940746307373,1648.812
4737,0.9309321641921997,0.989991408586502,1648.8165
4738,0.8949665427207947,1.0317934930324555,1648.821
4739,1.0479780435562134,0.9980047941207886,1648.8255
4740,0.8571080565452576,0.9896759152412414,1648.83
4741,0.929354727268219,1.0190793573856354,1648.8345
4742,0.9687906503677368,0.9927046000957489,1648.839
4743,0.8990678787231445,1.0382925391197204,1648.8435
4744,0.9833030700683594,0.979895806312561,1648.848
4745,0.973522961139679,1.0142208576202392,1648.8525
4746,1.0088576078414917,0.9921367108821869,1648.857
4747,1.035673975944519,1.0041252613067626,1648.8615
4748,0.9627963900566101,1.0052610039710999,1648.866
4749,0.9650048017501831,0.9955124437808991,1648.8705
4750,1.0265249013900757,0.9855430364608765,1648.875
4751,0.9732074737548828,0.9824197113513946,1648.8795
4752,1.0514483451843262,0.9868996262550354,1648.884
4753,0.9321941137313843,1.0156405329704286,1648.8885
4754,0.969106137752533,0.9779082417488099,1648.893
4755,1.0438766479492188,0.9858900666236877,1648.8975
4756,0.9949761033058167,0.9813154816627503,1648.902
4757,1.1347370147705078,1.0084158778190613,1648.9065
4758,1.019899606704712,0.9601147532463074,1648.911
4759,0.9192590713500977,0.9963326990604401,1648.9155
4760,0.9618499279022217,0.9782552719116211,1648.92
4761,0.9463910460472107,0.9785391986370087,1648.9245
4762,0.9650048017501831,0.9806214332580566,1648.929
4763,0.9574331045150757,1.003336524963379,1648.9335
4764,1.0309417247772217,0.9877829909324646,1648.938
4765,0.9719455242156982,0.9651309907436371,1648.9425
4766,1.0069646835327148,0.9704942762851715,1648.947
4767,1.0104349851608276,0.9647839546203614,1648.9515
4768,0.8937045931816101,1.0057026863098144,1648.956
4769,1.0855209827423096,1.0123910188674927,1648.9605
4770,0.9984464645385742,0.9946921706199646,1648.965
4771,0.9485994577407837,0.9713776409626007,1648.9695
4772,1.0593355894088745,1.0025793492794037,1648.974
4773,0.9962380528450012,0.987625241279602,1648.9785
4774,1.0262093544006348,0.9708728551864624,1648.983
4775,0.9006453156471252,0.9966797351837158,1648.9875
4776,1.1177006959915161,0.9967743813991546,1648.992
4777,0.9965535402297974,0.9902437925338745,1648.9965
4778,0.9041156768798828,0.9880038440227509,1649.001
4779,1.0691156387329102,0.9726395905017853,1649.0055
4780,1.093408226966858,0.9904330909252167,1649.01
4781,1.019899606704712,0.9991721034049987,1649.0145
4782,0.8643642663955688,0.981694096326828,1649.019
4783,1.053656816482544,0.9788547039031983,1649.0235
4784,1.0217925310134888,0.9741223990917206,1649.028
4785,0.980148196220398,1.0031472325325013,1649.0325
4786,0.9545937180519104,0.9688852965831757,1649.037
4787,0.935979962348938,0.953931188583374,1649.0415
4788,1.0290488004684448,0.9678441822528839,1649.046
4789,1.1142303943634033,0.9695162653923035,1649.0505
4790,1.0186376571655273,0.9854483842849732,1649.055
4791,0.9378728866577148,1.0080372869968415,1649.0595
4792,0.9621654152870178,0.9741539299488068,1649.064
4793,1.0255783796310425,0.9550038337707519,1649.0685
4794,0.9703680872917175,0.9928938925266266,1649.073
4795,0.8416491746902466,0.978097528219223,1649.0775
4796,0.9870889186859131,0.9825774550437927,1649.082
4797,1.144517183303833,0.9641214311122894,1649.0865
4798,1.0921462774276733,0.9714092016220093,1649.091
4799,0.9303011894226074,0.9877199053764343,1649.0955
4800,1.0678536891937256,0.9289445638656616,1649.1
4801,1.0451385974884033,0.9995191156864166,1649.1045
4802,0.9741539359092712,1.0132428407669067,1649.109
4803,1.0823661088943481,0.9841864287853241,1649.1135
4804,1.0129588842391968,0.9672132134437561,1649.118
4805,0.933771550655365,0.9609981060028077,1649.1225
4806,0.9615344405174255,1.0002132058143616,1649.127
4807,0.9997084140777588,0.9433623552322388,1649.1315
4808,1.0262093544006348,0.9763307929039001,1649.136
4809,0.9851959943771362,0.9619130194187164,1649.1405
4810,0.9520698189735413,1.0223919749259949,1649.145
4811,1.047347068786621,1.004787766933441,1649.1495
4812,0.9148422479629517,0.9725134074687958,1649.154
4813,1.0410373210906982,0.9977839350700378,1649.1585
4814,0.9605879783630371,0.9992351830005646,1649.163
4815,0.9015917778015137,1.0038097560405732,1649.1675
4816,1.0157983303070068,0.9795172154903412,1649.172
4817,1.0038098096847534,0.9685067117214203,1649.1765
4818,1.0120124816894531,0.9695162773132324,1649.181
4819,0.9921367168426514,1.007090824842453,1649.1855
4820,0.9627963900566101,0.9807476162910461,1649.19
4821,1.0662763118743896,0.9552562355995178,1649.1945
4822,1.0016013383865356,0.9597046077251434,1649.199
4823,0.9545937180519104,1.0104980885982513,1649.2035
4824,0.9766778349876404,1.0007179975509644,1649.208
4825,0.9842495322227478,0.9995822310447693,1649.2125
4826,1.0631214380264282,0.961660635471344,1649.217
4827,0.9325096011161804,0.9584742069244385,1649.2215
4828,0.9454445838928223,0.9608718991279602,1649.226
4829,0.9422897100448608,0.9975000202655793,1649.2305
4830,0.9284082651138306,0.9807476103305817,1649.235
4831,0.9732074737548828,0.9769933164119721,1649.2395
4832,0.9738384485244751,1.0045353710651397,1649.244
4833,1.037566900253296,1.0109713137149812,1649.2485
4834,1.0019168853759766,0.9862055540084839,1649.253
4835,1.0599665641784668,0.977245706319809,1649.2575
4836,0.9927676916122437,0.9692638874053955,1649.262
4837,0.886763870716095,0.9302696287631989,1649.2665
4838,0.9413432478904724,0.9868996262550354,1649.271
4839,1.0558651685714722,0.9543097674846649,1649.2755
4840,1.0019168853759766,0.9502084255218506,1649.28
4841,0.9211520552635193,0.9895812630653381,1649.2845
4842,0.9962380528450012,0.9731443762779236,1649.289
4843,0.9940296411514282,0.973522961139679,1649.2935
4844,0.9612189531326294,0.9764254570007325,1649.298
4845,0.9795172214508057,0.9841864347457886,1649.3025
4846,0.9836185574531555,0.9635220170021057,1649.307
4847,1.0129588842391968,0.9440248727798461,1649.3115
4848,0.9892973303794861,0.966077446937561,1649.316
4849,1.0284178256988525,0.9765200912952423,1649.3205
4850,0.891180694103241,0.9670870065689087,1649.325
4851,1.009173035621643,1.0122963607311248,1649.3295
4852,1.0123279094696045,0.9576539397239685,1649.334
4853,0.9858269691467285,0.9699894905090332,1649.3385
4854,0.9164196848869324,0.9732074677944184,1649.343
4855,1.005071759223938,0.9723556458950042,1649.3475
4856,0.9340870380401611,1.010813581943512,1649.352
4857,1.0441921949386597,0.9738699972629548,1649.3565
4858,0.9479684829711914,0.9730497300624847,1649.361
4859,1.0552341938018799,0.9823250591754913,1649.3655
4860,0.9321941137313843,0.980179762840271,1649.37
4861,0.96689772605896,0.9868996322154999,1649.3745
4862,0.9590105414390564,0.9784445643424988,1649.379
4863,1.0173757076263428,1.0192055404186249,1649.3835
4864,0.8971749544143677,0.9753527998924255,1649.388
4865,0.9656357765197754,1.0321405291557313,1649.3925
4866,0.8706740140914917,0.9998346090316772,1649.397
4867,0.9224140048027039,0.9643107175827026,1649.4015
4868,0.9116873741149902,0.9903384387493134,1649.406
4869,0.9744694232940674,0.9778766870498657,1649.4105
4870,1.1038192510604858,1.0033365309238433,1649.415
4871,1.0646988153457642,0.9603040337562561,1649.4195
4872,0.9012762904167175,0.973112827539444,1649.424
4873,0.9681596755981445,0.9560449481010437,1649.4285
4874,1.0161137580871582,0.995228499174118,1649.433
4875,0.9116873741149902,1.0077218115329742,1649.4375
4876,0.9678441882133484,1.018416839838028,1649.442
4877,1.0173757076263428,1.0141577541828155,1649.4465
4878,0.984565019607544,1.027786809206009,1649.451
4879,1.1173852682113647,0.9555086314678192,1649.4555
4880,1.0628058910369873,0.9991089940071106,1649.46
4881,0.8700430393218994,0.9715669393539429,1649.4645
4882,0.9858269691467285,0.9902122557163239,1649.469
4883,1.019899606704712,1.0062705755233765,1649.4735
4884,1.0479780435562134,1.0088575601577758,1649.478
4885,1.0363049507141113,0.9917265951633454,1649.4825
4886,1.075425386428833,0.9911902606487274,1649.487
4887,0.9940296411514282,0.9570229530334473,1649.4915
4888,0.9568021297454834,0.9650047898292542,1649.496
4889,1.0322036743164062,0.9714091777801513,1649.5005
4890,1.0839436054229736,0.9899283111095428,1649.505
4891,0.9211520552635193,0.9975946605205536,1649.5095
4892,1.0495554208755493,0.9810000121593475,1649.514
4893,0.9725764989852905,0.973144394159317,1649.5185
4894,1.03598952293396,0.9956701874732972,1649.523
4895,0.9517543315887451,0.9715353965759277,1649.5275
4896,1.0167447328567505,0.994944566488266,1649.532
4897,1.0277868509292603,0.9924837648868561,1649.5365
4898,1.0527102947235107,0.9743116796016693,1649.541
4899,0.8217734694480896,1.0064598441123962,1649.5455
4900,0.8738288879394531,1.0211615800857543,1649.55
4901,0.9031692147254944,0.9930516302585601,1649.5545
4902,0.9738384485244751,0.9892026782035828,1649.559
4903,0.9612189531326294,1.0036204695701598,1649.5635
4904,0.9391348361968994,0.9864263892173767,1649.568
4905,0.9896128177642822,0.9609034538269043,1649.5725
4906,0.9498614072799683,1.0151673078536987,1649.577
4907,0.9126338362693787,0.975573617219925,1649.5815
4908,0.8760372996330261,0.9715669393539429,1649.586
4909,1.009488582611084,0.9668661713600158,1649.5905
4910,0.8463814854621887,0.9780659854412079,1649.595
4911,0.9687906503677368,1.0138738214969636,1649.5995
4912,0.9350335001945496,0.9975315570831299,1649.604
4913,0.9965535402297974,0.9765200793743134,1649.6085
4914,1.065014362335205,0.9669923603534698,1649.613
4915,1.0031788349151611,0.9917265772819519,1649.6175
4916,1.0189532041549683,0.9684751570224762,1649.622
4917,0.8873948454856873,0.9837447524070739,1649.6265
4918,1.0833126306533813,0.9861109018325805,1649.631
4919,0.9776242971420288,1.0071539342403413,1649.6355
4920,0.9883508682250977,0.9832399785518646,1649.64
4921,1.0681692361831665,0.9892658054828644,1649.6445
4922,1.0593355894088745,0.9769302189350129,1649.649
4923,0.9596415162086487,1.00115966796875,1649.6535
4924,1.0019168853759766,0.9594206750392914,1649.658
4925,1.015482783317566,0.9965535581111908,1649.6625
4926,1.046400547027588,0.9916319370269775,1649.667
4927,1.0202151536941528,0.9667715191841125,1649.6715
4928,0.8413336873054504,0.9421950519084931,1649.676
4929,1.0211615562438965,0.982640552520752,1649.6805
4930,0.9501768946647644,0.962764835357666,1649.685
4931,1.000339388847351,1.004472279548645,1649.6895
4932,0.8574235439300537,0.9691692233085633,1649.694
4933,1.0394598245620728,0.9989827930927276,1649.6985
4934,1.0646988153457642,0.9619761049747467,1649.703
4935,1.0344120264053345,0.9654780268669129,1649.7075
4936,1.0852055549621582,1.0000238955020904,1649.712
4937,1.078264832496643,0.9794225752353668,1649.7165
4938,0.9334560632705688,0.9680019319057465,1649.721
4939,0.9653202891349792,0.9726711392402649,1649.7255
4940,0.8902342319488525,0.9834608137607574,1649.73
4941,0.9940296411514282,0.9901491463184356,1649.7345
4942,1.0246319770812988,0.9837132036685944,1649.739
4943,0.9366109371185303,0.9832715213298797,1649.7435
4944,0.9318786263465881,0.9752265870571136,1649.748
4945,0.9189435839653015,1.0005917727947236,1649.7525
4946,1.0482934713363647,0.9912533640861512,1649.757
4947,0.9344025254249573,0.9762361586093903,1649.7615
4948,0.9618499279022217,0.9999923586845398,1649.766
4949,0.9258843660354614,1.0027686595916747,1649.7705
4950,1.0549187660217285,0.9915057480335235,1649.775
4951,0.971314549446106,0.9606195271015168,1649.7795
4952,0.9530162811279297,0.9858269691467285,1649.784
4953,0.9612189531326294,0.9775296568870544,1649.7885
4954,0.9041156768798828,0.9886347949504852,1649.793
4955,0.9495459198951721,0.9621023058891296,1649.7975
4956,1.0501863956451416,0.9715353786945343,1649.802
4957,1.0120124816894531,1.0076271653175355,1649.8065
4958,0.9432361721992493,1.0014436185359954,1649.811
4959,0.9508078694343567,0.9874990463256836,1649.8155
4960,1.041983723640442,1.016208416223526,1649.82
4961,0.895597517490387,0.9857638657093049,1649.8245
4962,1.047347068786621,0.956833666563034,1649.829
4963,0.8672036528587341,1.0005602359771728,1649.8335
4964,0.929354727268219,0.9788546860218048,1649.838
4965,1.0741634368896484,1.0041567921638488,1649.8425
4966,1.0069646835327148,1.0089522123336792,1649.847
4967,0.9123183488845825,0.9703680872917175,1649.8515
4968,0.8703585267066956,0.9430784106254577,1649.856
4969,0.9921367168426514,0.9567705631256104,1649.8605
4970,0.9069550633430481,0.9717246770858765,1649.865
4971,1.0195841789245605,0.9982256293296814,1649.8695
4972,1.0255783796310425,0.9626701951026917,1649.874
4973,1.0031788349151611,0.9852906227111816,1649.8785
4974,1.0088576078414917,0.9630803287029266,1649.883
4975,0.880138635635376,0.9520698130130768,1649.8875
4976,0.964689314365387,0.9868365287780761,1649.892
4977,0.9542782306671143,0.9672447621822358,1649.8965
4978,0.9220985174179077,1.0116969466209411,1649.901
4979,0.9192590713500977,0.9723871946334839,1649.9055
4980,0.9933986663818359,0.9541520297527313,1649.91
4981,0.9930831789970398,0.9753527879714966,1649.9145
4982,0.9605879783630371,0.954467523097992,1649.919
4983,0.9041156768798828,0.9608719170093536,1649.9235
4984,1.0817351341247559,0.9784761190414428,1649.928
4985,1.0277868509292603,0.9989512443542481,1649.9325
4986,1.0189532041549683,0.9874675095081329,1649.937
4987,0.9700525999069214,0.9597676992416382,1649.9415
4988,1.0016013383865356,1.0005917847156525,1649.946
4989,1.0107505321502686,0.9904961824417114,1649.9505
4990,1.0009703636169434,1.0073116719722748,1649.955
4991,1.0602819919586182,0.961660623550415,1649.9595
4992,1.0596510171890259,0.9821357667446137,1649.964
4993,0.9754158854484558,0.9935248672962189,1649.9685
4994,0.9993929266929626,0.9735545158386231,1649.973
4995,0.9312476515769958,0.9733021199703217,1649.9775
4996,1.0284178256988525,1.0070908486843109,1649.982
4997,0.9776242971420288,0.9960172295570373,1649.9865
4998,0.9056931138038635,1.0143785774707794,1649.991
4999,0.9173661470413208,0.9760784149169922,1649.9955
5000,0.9681596755981445,0.9709990561008454,1650.0
5001,0.9814101457595825,0.9923260152339936,1650.0045
5002,0.9230449795722961,1.010119515657425,1650.009
5003,0.9388193488121033,1.0187638640403747,1650.0135
5004,0.9785707592964172,1.0346959829330444,1650.018
5005,0.9751003980636597,0.9969321429729462,1650.0225
5006,1.018322229385376,1.0176281094551087,1650.027
5007,1.0467160940170288,0.9980678796768189,1650.0315
5008,1.0038098096847534,0.9976261973381042,1650.036
5009,0.9716300368309021,0.9963642418384552,1650.0405
5010,1.0221080780029297,0.9686013400554657,1650.045
5011,1.0116969347000122,1.0205305874347688,1650.0495
5012,1.093092679977417,1.0022954225540162,1650.054
5013,1.005071759223938,0.9857323229312897,1650.0585
5014,0.9839340448379517,0.9824828028678894,1650.063
5015,1.0290488004684448,0.9618814647197723,1650.0675
5016,1.0495554208755493,0.9941873967647552,1650.072
5017,1.047347068786621,0.987625253200531,1650.0765
5018,0.9700525999069214,0.9687591075897217,1650.081
5019,0.9555401802062988,1.0154196918010712,1650.0855
5020,0.9129493236541748,1.0243795573711396,1650.09
5021,0.9769933223724365,0.9751004040241241,1650.0945
5022,0.9987619519233704,0.9817571759223938,1650.099
5023,0.9467065334320068,0.9728604316711426,1650.1035
5024,0.9410277605056763,0.9748164534568786,1650.108
5025,0.844804048538208,0.973964637517929,1650.1125
5026,0.9839340448379517,0.9549722731113434,1650.117
5027,1.03315007686615,0.954467511177063,1650.1215
5028,0.9385038614273071,1.026114720106125,1650.126
5029,0.9716300368309021,1.008668267726898,1650.1305
5030,1.0451385974884033,0.9867418825626373,1650.135
5031,1.000339388847351,0.9907801270484924,1650.1395
5032,0.969106137752533,1.007911080121994,1650.144
5033,0.9681596755981445,0.9593260169029236,1650.1485
5034,0.971314549446106,0.9821042120456696,1650.153
5035,0.9656357765197754,0.9855114877223968,1650.1575
5036,0.9773088097572327,0.9834923684597016,1650.162
5037,0.8662571907043457,0.9797064960002899,1650.1665
5038,1.0044407844543457,0.9944713294506073,1650.171
5039,0.9568021297454834,0.9888871967792511,1650.1755
5040,0.9747849106788635,0.9835870027542114,1650.18
5041,0.9186280965805054,0.9809684514999389,1650.1845
5042,0.9407122731208801,0.9828298330307007,1650.189
5043,0.9814101457595825,1.004377645254135,1650.1935
5044,1.002232313156128,0.9686644613742829,1650.198
5045,0.96689772605896,0.9655411124229432,1650.2025
5046,1.0038098096847534,0.9885717153549194,1650.207
5047,1.0249474048614502,0.9806214451789856,1650.2115
5048,0.9312476515769958,0.9730812728404998,1650.216
5049,0.807261049747467,0.9625440001487732,1650.2205
5050,0.8810850977897644,0.9854799270629883,1650.225
5051,0.9725764989852905,0.982640540599823,1650.2295
5052,0.9782552719116211,0.9575592935085296,1650.234
5053,1.0353585481643677,0.9852906346321106,1650.2385
5054,1.0053871870040894,0.9655095756053924,1650.243
5055,0.9927676916122437,0.9592629194259643,1650.2475
5056,0.9164196848869324,0.9604617834091187,1650.252
5057,1.0044407844543457,0.9817256271839142,1650.2565
5058,0.9091634750366211,0.9544675052165985,1650.261
5059,0.9530162811279297,0.9774980962276458,1650.2655
5060,0.8984369039535522,0.9860478162765502,1650.27
5061,0.9041156768798828,0.9982887148857117,1650.2745
5062,1.0098040103912354,0.9670239269733429,1650.279
5063,0.9997084140777588,0.9910640597343445,1650.2835
5064,0.9886663556098938,0.973933094739914,1650.288
5065,1.0476624965667725,0.9703996300697326,1650.2925
5066,1.1139148473739624,0.9821988642215729,1650.297
5067,0.8826625347137451,0.9527638792991638,1650.3015
5068,0.9937141537666321,0.9722610056400299,1650.306
5069,0.9157887101173401,0.9758575737476349,1650.3105
5070,1.0839436054229736,0.957780122756958,1650.315
5071,0.9631118774414062,0.9962696015834809,1650.3195
5072,0.9817256331443787,0.9825459003448487,1650.324
5073,0.9643738269805908,0.9498298585414886,1650.3285
5074,0.9997084140777588,0.9839340507984161,1650.333
5075,1.0009703636169434,0.9605248808860779,1650.3375
5076,0.9378728866577148,0.9763307929039001,1650.342
5077,1.0322036743164062,0.9815678894519806,1650.3465
5078,1.0176912546157837,1.012864249944687,1650.351
5079,0.9287237524986267,0.9946606457233429,1650.3555
5080,1.0006548166275024,1.002390068769455,1650.36
5081,1.0025478601455688,0.9804321348667144,1650.3645
5082,1.0501863956451416,0.9875621616840362,1650.369
5083,0.9479684829711914,0.9427629232406616,1650.3735
5084,0.8984369039535522,0.9875306069850922,1650.378
5085,1.002232313156128,0.9785707533359528,1650.3825
5086,1.0120124816894531,0.9807791650295258,1650.387
5087,0.9378728866577148,0.9765200853347779,1650.3915
5088,1.0240010023117065,0.9958594739437103,1650.396
5089,1.0012859106063843,0.972418749332428,1650.4005
5090,0.9867734313011169,0.9824512541294098,1650.405
5091,1.0558651685714722,0.9954493284225464,1650.4095
5092,0.984565019607544,0.9828613936901093,1650.414
5093,1.0520793199539185,0.9722294628620147,1650.4185
5094,0.9347180128097534,0.9910009741783142,1650.423
5095,1.026840329170227,0.9705258369445801,1650.4275
5096,0.9703680872917175,0.9742485821247101,1650.432
5097,1.0142208337783813,0.9941873848438263,1650.4365
5098,1.0161137580871582,0.98125239610672,1650.441
5099,1.0381978750228882,0.9766147375106812,1650.4455
5100,0.9467065334320068,0.998257178068161,1650.45
5101,1.0486090183258057,0.9912848889827728,1650.4545
5102,0.9851959943771362,0.9561080574989319,1650.459
5103,0.971314549446106,0.9867734491825104,1650.4635
5104,0.9829875826835632,0.966929268836975,1650.468
5105,0.9432361721992493,0.9959856688976287,1650.4725
5106,0.9438671469688416,0.9736491620540619,1650.477
5107,1.0388288497924805,0.9799273431301116,1650.4815
5108,0.8760372996330261,0.9958594799041748,1650.486
5109,1.078264832496643,0.9886663734912873,1650.4905
5110,0.9441826343536377,0.9621969640254975,1650.495
5111,0.9738384485244751,0.9828298568725586,1650.4995
5112,1.034096598625183,0.9560134053230286,1650.504
5113,1.0217925310134888,0.9966481864452362,1650.5085
5114,0.9208365678787231,0.9746902585029602,1650.513
5115,0.9340870380401611,0.9357906460762024,1650.5175
5116,0.9596415162086487,1.0142208337783813,1650.522
5117,0.9441826343536377,0.9700210511684417,1650.5265
5118,1.0476624965667725,0.9784761071205139,1650.531
5119,0.8444885611534119,0.9636797487735749,1650.5355
5120,1.0732170343399048,0.9933355748653412,1650.54
5121,1.0167447328567505,0.9962065041065216,1650.5445
5122,1.0896223783493042,0.9748795568943024,1650.549
5123,0.9034847021102905,0.9915057480335235,1650.5535
5124,1.0016013383865356,0.9879722952842712,1650.558
5125,0.9930831789970398,1.0042198956012727,1650.5625
5126,1.0921462774276733,0.9978785991668702,1650.567
5127,0.9063240885734558,0.9715669512748718,1650.5715
5128,0.9921367168426514,0.9897074639797211,1650.576
5129,1.0539722442626953,0.9590105354785919,1650.5805
5130,0.9836185574531555,0.9901806950569153,1650.585
5131,0.9814101457595825,0.9893288910388947,1650.5895
5132,1.0792112350463867,1.0255468428134917,1650.594
5133,0.9151577353477478,0.962354701757431,1650.5985
5134,0.9593260288238525,0.9881931424140931,1650.603
5135,0.9280927777290344,0.9677495360374451,1650.6075
5136,1.0350430011749268,1.0084789633750915,1650.612
5137,0.9410277605056763,0.9950392007827759,1650.6165
5138,0.9788862466812134,0.9589158892631531,1650.621
5139,0.9637428522109985,0.9998661696910858,1650.6255
5140,1.0211615562438965,0.9750372886657714,1650.63
5141,0.9539627432823181,0.9789493381977081,1650.6345
5142,1.1120219230651855,1.0232437789440154,1650.639
5143,0.9741539359092712,0.9690745830535888,1650.6435
5144,0.955855667591095,0.9871835768222809,1650.648
5145,0.949230432510376,0.9943451285362244,1650.6525
5146,0.9741539359092712,0.9991405308246613,1650.657
5147,0.951438844203949,0.9555086255073547,1650.6615
5148,0.9732074737548828,0.9991089880466462,1650.666
5149,0.9593260288238525,0.9748164594173432,1650.6705
5150,0.9605879783630371,0.9878776490688324,1650.675
5151,0.9937141537666321,0.992199820280075,1650.6795
5152,0.9943451285362244,0.9935248672962189,1650.684
5153,1.0255783796310425,0.9923575639724731,1650.6885
5154,1.0716395378112793,0.9637428343296051,1650.693
5155,0.9574331045150757,0.9664560437202454,1650.6975
5156,0.9956070780754089,0.9910640478134155,1650.702
5157,0.9457600712776184,0.964720857143402,1650.7065
5158,0.958064079284668,1.0118862390518188,1650.711
5159,1.079842209815979,0.9702418923377991,1650.7155
5160,0.9766778349876404,0.9912533700466156,1650.72
5161,0.9804636836051941,0.9472428441047669,1650.7245
5162,0.9593260288238525,0.9845019280910492,1650.729
5163,1.0236854553222656,0.9442772686481475,1650.7335
5164,1.1255879402160645,0.986931174993515,1650.738
5165,0.9776242971420288,1.0084158897399902,1650.7425
5166,0.9495459198951721,0.9622600555419922,1650.747
5167,0.973522961139679,0.99507075548172,1650.7515
5168,0.9460755586624146,1.0179435908794403,1650.756
5169,0.9741539359092712,0.9879091918468476,1650.7605
5170,0.942605197429657,1.0085420727729797,1650.765
5171,0.9738384485244751,1.0151042103767396,1650.7695
5172,1.0558651685714722,0.9962380707263947,1650.774
5173,0.9463910460472107,0.9974369168281555,1650.7785
5174,0.9776242971420288,0.981694084405899,1650.783
5175,1.046400547027588,0.9629541277885437,1650.7875
5176,1.0233700275421143,0.9987304091453553,1650.792
5177,1.0688002109527588,0.9796434104442596,1650.7965
5178,0.9574331045150757,1.000307846069336,1650.801
5179,0.9385038614273071,0.979043984413147,1650.8055
5180,0.9542782306671143,0.9742485880851746,1650.81
5181,1.0855209827423096,0.9980678915977478,1650.8145
5182,0.8571080565452576,1.0282285034656524,1650.819
5183,0.9848805069923401,0.9842810809612275,1650.8235
5184,1.0299952030181885,0.96980020403862,1650.828
5185,1.009488582611084,0.9911587178707123,1650.8325
5186,0.9807791709899902,1.0012227654457093,1650.837
5187,1.057758092880249,0.989391976594925,1650.8415
5188,0.9870889186859131,0.9960172355175019,1650.846
5189,1.060597538948059,0.9643738269805908,1650.8505
5190,0.9438671469688416,0.9644053697586059,1650.855
5191,0.9946606159210205,0.9890764892101288,1650.8595
5192,0.9511233568191528,0.9846912205219269,1650.864
5193,1.0186376571655273,0.9716300308704376,1650.8685
5194,0.9435516595840454,0.9816625475883484,1650.873
5195,0.913264811038971,0.9501769006252289,1650.8775
5196,1.0634368658065796,0.9906539380550384,1650.882
5197,0.8883413076400757,0.996332710981369,1650.8865
5198,1.0151673555374146,0.9858585178852082,1650.891
5199,0.9252533912658691,0.9806845307350158,1650.8955
5200,0.9605879783630371,0.9869311809539795,1650.9
5201,1.0454541444778442,0.9885086059570313,1650.9045
5202,1.062174916267395,0.9896759212017059,1650.909
5203,0.9943451285362244,1.0198049604892732,1650.9135
5204,0.9621654152870178,0.950334632396698,1650.918
5205,1.0735324621200562,0.964847058057785,1650.9225
5206,0.9915057420730591,1.0017275512218475,1650.927
5207,1.026840329170227,0.9862371027469635,1650.9315
5208,1.153350830078125,0.9755105257034302,1650.936
5209,0.96689772605896,0.9808107137680053,1650.9405
5210,0.9195745587348938,0.9807160794734955,1650.945
5211,1.027155876159668,0.9910956144332885,1650.9495
5212,0.87572181224823,0.9812208473682403,1650.954
5213,1.0836280584335327,0.9480000138282776,1650.9585
5214,0.9965535402297974,0.9829560399055481,1650.963
5215,0.9659512639045715,0.9835870206356049,1650.9675
5216,1.0262093544006348,0.9686329007148743,1650.972
5217,0.9656357765197754,0.9712514400482177,1650.9765
5218,1.0088576078414917,0.9964589059352875,1650.981
5219,0.9552246928215027,0.9589474439620972,1650.9855
5220,0.927146315574646,0.9698317646980286,1650.99
5221,0.9429206848144531,0.9782868266105652,1650.9945
5222,0.9429206848144531,0.9947552561759949,1650.999
5223,0.9820411205291748,0.9611873924732208,1651.0035
5224,0.9527007937431335,0.9791070818901062,1651.008
5225,0.913264811038971,0.990653932094574,1651.0125
5226,0.9183126091957092,0.9763308048248291,1651.017
5227,0.9243069291114807,0.9370526015758515,1651.0215
5228,0.9877198934555054,0.9738699972629548,1651.026
5229,0.9709990620613098,0.9808107197284699,1651.0305
5230,0.9618499279022217,0.999897712469101,1651.035
5231,1.0123279094696045,0.9622285068035126,1651.0395
5232,0.9732074737548828,0.9735229551792145,1651.044
5233,0.9848805069923401,1.004093700647354,1651.0485
5234,1.046400547027588,0.9719139635562897,1651.053
5235,1.0057027339935303,0.9621969640254975,1651.0575
5236,0.9971845149993896,0.9557294547557831,1651.062
5237,1.0038098096847534,0.9954493343830109,1651.0665
5238,1.0009703636169434,0.99507075548172,1651.071
5239,1.0643833875656128,0.9657304108142852,1651.0755
5240,0.9621654152870178,0.9839655935764313,1651.08
5241,1.0397753715515137,0.9795487701892853,1651.0845
5242,1.031572699546814,0.9874990522861481,1651.089
5243,0.9880353808403015,0.990653932094574,1651.0935
5244,0.9839340448379517,0.9986988484859467,1651.098
5245,0.9776242971420288,0.9787284970283509,1651.1025
5246,1.0703775882720947,0.9872782170772553,1651.107
5247,0.9571176171302795,0.9685382604598999,1651.1115
5248,0.9864579439163208,1.0075640678405762,1651.116
5249,0.9504923820495605,0.9701156854629517,1651.1205
5250,1.018322229385376,1.0013805091381074,1651.125
5251,1.0814197063446045,0.9622916102409362,1651.1295
5252,0.9397658109664917,0.9808738112449646,1651.134
5253,0.8653107285499573,1.0044407367706298,1651.1385
5254,0.920521080493927,0.9864894926548005,1651.143
5255,0.9274618029594421,0.9929254412651062,1651.1475
5256,1.0129588842391968,0.9890449464321136,1651.152
5257,0.9388193488121033,0.9847227692604065,1651.1565
5258,1.0546032190322876,0.9694216251373291,1651.161
5259,0.9290392398834229,0.9678126335144043,1651.1655
5260,0.9981309771537781,0.9704627335071564,1651.17
5261,1.0426146984100342,0.9912533521652221,1651.1745
5262,0.9063240885734558,0.989297342300415,1651.179
5263,1.0233700275421143,0.9720717132091522,1651.1835
5264,1.0031788349151611,0.9884455144405365,1651.188
5265,0.9116873741149902,0.9568652153015137,1651.1925
5266,1.0369359254837036,0.985006695985794,1651.197
5267,0.844804048538208,0.9561080396175384,1651.2015
5268,1.029679775238037,0.9794541299343109,1651.206
5269,1.0176912546157837,0.9945975184440613,1651.2105
5270,1.0599665641784668,1.0207198917865754,1651.215
5271,0.9113718867301941,0.9950392067432403,1651.2195
5272,0.9400812983512878,0.9581271588802338,1651.224
5273,0.9807791709899902,0.9740592956542968,1651.2285
5274,1.0681692361831665,0.9688852965831757,1651.233
5275,0.9211520552635193,0.9738384306430816,1651.2375
5276,0.9539627432823181,1.000307834148407,1651.242
5277,0.949230432510376,0.9766147375106812,1651.2465
5278,1.000339388847351,0.9925784111022949,1651.251
5279,0.94481360912323,1.005008625984192,1651.2555
5280,1.0839436054229736,0.96443692445755,1651.26
5281,0.8504828214645386,0.9890449464321136,1651.2645
5282,1.0299952030181885,0.9991089999675751,1651.269
5283,0.9833030700683594,1.0031472444534302,1651.2735
5284,0.9265153408050537,0.982924473285675,1651.278
5285,0.9189435839653015,1.0036520302295684,1651.2825
5286,0.9476529955863953,0.9297963857650757,1651.287
5287,0.9694216251373291,1.0001185536384583,1651.2915
5288,0.9760468602180481,0.9909378588199615,1651.296
5289,0.9728919863700867,0.9882246792316437,1651.3005
5290,0.9792017340660095,0.9865841388702392,1651.305
5291,0.942605197429657,0.9884139716625213,1651.3095
5292,0.9362954497337341,0.9792333006858825,1651.314
5293,1.018006682395935,0.9461386442184448,1651.3185
5294,0.9350335001945496,0.9623862445354462,1651.323
5295,1.0006548166275024,0.970084148645401,1651.3275
5296,1.0410373210906982,0.9829560279846191,1651.332
5297,1.0968785285949707,0.9465803265571594,1651.3365
5298,0.9268308281898499,0.9930831909179687,1651.341
5299,0.8274522423744202,0.9781921684741974,1651.3455
5300,0.9836185574531555,0.9994560301303863,1651.35
5301,1.0918307304382324,0.9629856824874878,1651.3545
5302,0.9618499279022217,0.986899608373642,1651.359
5303,1.0747944116592407,0.9957332670688629,1651.3635
5304,0.9776242971420288,1.0169971287250519,1651.368
5305,1.0732170343399048,0.9676549017429352,1651.3725
5306,1.0697466135025024,0.984186440706253,1651.377
5307,0.9097944498062134,0.9749742090702057,1651.3815
5308,0.8946510553359985,1.0016644418239593,1651.386
5309,0.8987523913383484,0.9804005920886993,1651.3905
5310,0.9138957858085632,0.9806214272975922,1651.395
5311,1.0217925310134888,0.9910009562969208,1651.3995
5312,0.9776242971420288,0.9829560339450836,1651.404
5313,1.0063337087631226,1.0016328990459442,1651.4085
5314,0.8937045931816101,0.9885717153549194,1651.413
5315,0.9959225654602051,0.9997084379196167,1651.4175
5316,0.9504923820495605,0.9746902704238891,1651.422
5317,0.8981214165687561,0.9944397747516632,1651.4265
5318,0.9517543315887451,0.9599570095539093,1651.431
5319,0.958064079284668,0.9807791769504547,1651.4355
5320,0.884555459022522,0.9650678932666779,1651.44
5321,0.958064079284668,0.9820411205291748,1651.4445
5322,0.9861424565315247,0.9771826088428497,1651.449
5323,1.0511329174041748,1.0013489544391632,1651.4535
5324,1.0467160940170288,0.9985095620155334,1651.458
5325,1.0028632879257202,0.9921051740646363,1651.4625
5326,1.042930245399475,0.9774034440517425,1651.467
5327,0.9422897100448608,0.9950392127037049,1651.4715
5328,1.051763892173767,0.9923260271549225,1651.476
5329,1.0438766479492188,0.9610612094402313,1651.4805
5330,0.9915057420730591,0.9841864347457886,1651.485
5331,0.9527007937431335,0.9716615855693818,1651.4895
5332,0.9637428522109985,0.9733021080493927,1651.494
5333,0.8940200805664062,0.9799904584884643,1651.4985
5334,1.040090799331665,0.9641214311122894,1651.503
5335,0.9555401802062988,0.9894550740718842,1651.5075
5336,1.019899606704712,0.9904015481472015,1651.512
5337,0.9719455242156982,0.970210337638855,1651.5165
5338,0.9962380528450012,1.0059550762176515,1651.521
5339,1.062174916267395,0.9938719093799591,1651.5255
5340,1.029679775238037,1.0030841410160065,1651.53
5341,0.9126338362693787,0.9968059480190277,1651.5345
5342,1.0394598245620728,0.9890133917331696,1651.539
5343,0.9732074737548828,0.9543728709220887,1651.5435
5344,0.8880258202552795,0.9385984897613525,1651.548
5345,1.0814197063446045,0.9875621497631073,1651.5525
5346,0.8984369039535522,0.9603986799716949,1651.557
5347,1.0322036743164062,0.9445612072944641,1651.5615
5348,0.949230432510376,1.0147887229919434,1651.566
5349,1.0397753715515137,0.9963958084583282,1651.5705
5350,0.9990774393081665,0.9734283208847045,1651.575
5351,1.1404157876968384,0.9949761092662811,1651.5795
5352,0.9350335001945496,0.9894866347312927,1651.584
5353,0.9744694232940674,0.9614397883415222,1651.5885
5354,0.8782457113265991,0.9773088097572327,1651.593
5355,0.9287237524986267,0.9982887327671051,1651.5975
5356,1.0347275733947754,0.9735860705375672,1651.602
5357,0.9883508682250977,1.018826961517334,1651.6065
5358,0.9968690276145935,1.0005917847156525,1651.611
5359,0.9940296411514282,0.9585057497024536,1651.6155
5360,0.9978154897689819,0.990937864780426,1651.62
5361,1.0593355894088745,0.9646262049674987,1651.6245
5362,0.8804541230201721,0.965541136264801,1651.629
5363,1.0413527488708496,0.9977524042129516,1651.6335
5364,1.0145363807678223,0.998099434375763,1651.638
5365,0.9817256331443787,0.9818518221378326,1651.6425
5366,1.0457695722579956,0.9613451421260834,1651.647
5367,0.9719455242156982,0.982230418920517,1651.6515
5368,1.0236854553222656,0.9579694151878357,1651.656
5369,0.8634178042411804,0.9952915906906128,1651.6605
5370,0.8795076608657837,0.9878776609897614,1651.665
5371,0.9946606159210205,0.9874990522861481,1651.6695
5372,0.975731372833252,0.9812208473682403,1651.674
5373,0.9605879783630371,1.005292546749115,1651.6785
5374,1.0123279094696045,1.0059550881385804,1651.683
5375,1.0823661088943481,0.9557925581932067,1651.6875
5376,0.904431164264679,1.0076902508735657,1651.692
5377,1.0044407844543457,0.9813785910606384,1651.6965
5378,1.03315007686615,1.0019168496131896,1651.701
5379,1.0293642282485962,1.0075009644031525,1651.7055
5380,0.9473375082015991,0.9684751510620118,1651.71
5381,1.0034942626953125,0.9697055578231811,1651.7145
5382,1.0173757076263428,0.9715669453144073,1651.719
5383,0.9003298282623291,0.9746587216854096,1651.7235
5384,0.913264811038971,0.9957648277282715,1651.728
5385,0.9356644749641418,1.0007810711860656,1651.7325
5386,1.0883604288101196,0.9966797411441803,1651.737
5387,1.0309417247772217,1.0047246634960174,1651.7415
5388,0.9706835746765137,1.0109713196754455,1651.746
5389,1.0186376571655273,1.0089837431907653,1651.7505
5390,1.0186376571655273,0.9933355867862701,1651.755
5391,0.9684751629829407,0.9729550957679749,1651.7595
5392,0.9318786263465881,0.9917896807193756,1651.764
5393,0.9905592799186707,0.9850067019462585,1651.7685
5394,1.000339388847351,0.9882562339305878,1651.773
5395,0.9394503235816956,1.0094885289669038,1651.7775
5396,1.087098479270935,1.0131166219711303,1651.782
5397,1.0523948669433594,0.9675286889076233,1651.7865
5398,0.9230449795722961,1.0140315651893617,1651.791
5399,0.9643738269805908,0.9798642635345459,1651.7955
5400,1.0369359254837036,1.005734235048294,1651.8
5401,0.9940296411514282,0.9761099576950073,1651.8045
5402,0.9880353808403015,0.9680965662002563,1651.809
5403,1.0098040103912354,0.99188432097435,1651.8135
5404,0.8993833661079407,0.9809684574604034,1651.818
5405,0.9656357765197754,0.976173049211502,1651.8225
5406,0.924937903881073,0.9555717229843139,1651.827
5407,1.0372514724731445,0.9804321229457855,1651.8315
5408,1.0202151536941528,1.0010650217533112,1651.836
5409,0.8892877697944641,1.0023900628089906,1651.8405
5410,0.9728919863700867,0.9566759288311004,1651.845
5411,1.0350430011749268,0.972860437631607,1651.8495
5412,1.0060181617736816,0.9595468580722809,1651.854
5413,1.0530258417129517,0.9796433985233307,1651.8585
5414,0.9924522042274475,0.9565812826156617,1651.863
5415,0.9937141537666321,0.9876252472400665,1651.8675
5416,1.0202151536941528,0.9863948583602905,1651.872
5417,1.0407217741012573,0.9975315511226654,1651.8765
5418,1.0523948669433594,0.9820411205291748,1651.881
5419,0.9738384485244751,1.0049770653247834,1651.8855
5420,0.9981309771537781,0.9584111094474792,1651.89
5421,0.9709990620613098,1.0006864309310912,1651.8945
5422,1.0129588842391968,0.9697686553001403,1651.899
5423,0.9555401802062988,0.9849120497703552,1651.9035
5424,1.0132744312286377,1.0257045924663544,1651.908
5425,1.095932126045227,0.9719770789146424,1651.9125
5426,0.9473375082015991,0.957369989156723,1651.917
5427,1.0691156387329102,0.9715038359165191,1651.9215
5428,0.947022020816803,0.9715669274330139,1651.926
5429,0.9678441882133484,0.9896128296852111,1651.9305
5430,0.9965535402297974,1.0163977086544036,1651.935
5431,1.0795267820358276,0.9770248651504516,1651.9395
5432,0.9353489875793457,0.9979416966438294,1651.944
5433,0.8981214165687561,0.9923891067504883,1651.9485
5434,1.0034942626953125,0.9696740210056305,1651.953
5435,0.9962380528450012,0.9650678873062134,1651.9575
5436,1.0044407844543457,0.9809369027614594,1651.962
5437,0.9280927777290344,0.96579350233078,1651.9665
5438,1.0072801113128662,0.9704942822456359,1651.971
5439,0.9861424565315247,0.9821042239665985,1651.9755
5440,1.0148518085479736,0.9857638776302338,1651.98
5441,0.9940296411514282,1.0139684617519378,1651.9845
5442,0.8750908374786377,1.0111921668052672,1651.989
5443,1.0249474048614502,0.9801166534423829,1651.9935
5444,1.040090799331665,0.9736491680145264,1651.998
5445,0.824928343296051,1.0086998164653778,1652.0025
5446,1.0060181617736816,0.9666453182697297,1652.007
5447,0.9851959943771362,0.9968374729156494,1652.0115
5448,0.8952820301055908,0.9994560241699219,1652.016
5449,0.9328250885009766,0.9835554659366608,1652.0205
5450,0.984565019607544,0.9831453323364258,1652.025
5451,1.0344120264053345,0.9680019199848175,1652.0295
5452,1.0470315217971802,0.9871835708618164,1652.034
5453,1.0520793199539185,0.9803690433502197,1652.0385
5454,0.8441730737686157,0.9677810907363892,1652.043
5455,0.9523853063583374,0.9595468580722809,1652.0475
5456,0.9817256331443787,0.9795487701892853,1652.052
5457,0.9362954497337341,0.9858585178852082,1652.0565
5458,1.044507622718811,1.0022954106330872,1652.061
5459,1.0564961433410645,0.988319319486618,1652.0655
5460,0.8826625347137451,0.9751003980636597,1652.07
5461,0.9864579439163208,0.963458913564682,1652.0745
5462,1.018006682395935,0.9850067019462585,1652.079
5463,0.975731372833252,0.9480631232261658,1652.0835
5464,0.9552246928215027,1.0028948426246642,1652.088
5465,0.9839340448379517,0.9669923722743988,1652.0925
5466,0.9353489875793457,1.0187323272228241,1652.097
5467,1.0186376571655273,0.9690745830535888,1652.1015
5468,0.9593260288238525,0.9784761190414428,1652.106
5469,0.9391348361968994,0.9850382566452026,1652.1105
5470,0.9413432478904724,0.9886348068714141,1652.115
5471,0.9744694232940674,0.9744694173336029,1652.1195
5472,0.9252533912658691,0.9408699929714203,1652.124
5473,0.9138957858085632,0.9897074639797211,1652.1285
5474,0.9498614072799683,0.9707782089710235,1652.133
5475,0.9990774393081665,0.9768986701965332,1652.1375
5476,1.0236854553222656,1.011823147535324,1652.142
5477,1.0170602798461914,0.9624177932739257,1652.1465
5478,1.0069646835327148,0.9618499100208282,1652.151
5479,1.0221080780029297,0.9708097517490387,1652.1555
5480,1.002232313156128,0.9758575558662415,1652.16
5481,1.0467160940170288,0.9563604414463043,1652.1645
5482,0.9908747673034668,0.9834923624992371,1652.169
5483,0.8608939051628113,1.0165554583072662,1652.1735
5484,1.1142303943634033,0.9673078656196594,1652.178
5485,0.9454445838928223,0.9834923565387725,1652.1825
5486,0.9889818429946899,0.9709044098854065,1652.187
5487,1.110759973526001,0.9529216289520264,1652.1915
5488,0.8741443753242493,0.9991721034049987,1652.196
5489,0.9028537273406982,0.9805267810821533,1652.2005
5490,0.9454445838928223,0.9775612115859985,1652.205
5491,1.040090799331665,0.980747640132904,1652.2095
5492,1.0072801113128662,0.9850382626056671,1652.214
5493,1.1259033679962158,0.9928308010101319,1652.2185
5494,0.8520602583885193,0.9791701793670654,1652.223
5495,0.931563138961792,0.9746902585029602,1652.2275
5496,0.9208365678787231,1.0104350030422211,1652.232
5497,1.0211615562438965,0.9911271631717682,1652.2365
5498,0.8883413076400757,0.994912999868393,1652.241
5499,0.9239914417266846,0.9984780251979828,1652.2455
5500,0.9867734313011169,1.0016328930854796,1652.25
5501,0.9142112731933594,0.9741223871707916,1652.2545
5502,1.0858365297317505,0.9708413124084473,1652.259
5503,0.9451290965080261,0.957906323671341,1652.2635
5504,0.9653202891349792,0.9705889225006104,1652.268
5505,0.9520698189735413,0.9842495441436767,1652.2725
5506,1.022739052772522,0.9989827930927276,1652.277
5507,0.9157887101173401,0.9792648375034332,1652.2815
5508,0.9467065334320068,1.0003709495067596,1652.286
5509,0.9848805069923401,0.9883508741855621,1652.2905
5510,1.0675382614135742,0.9531109273433686,1652.295
5511,1.044507622718811,0.9658881545066833,1652.2995
5512,0.920521080493927,0.9686329007148743,1652.304
5513,0.9397658109664917,0.9650048017501831,1652.3085
5514,0.9063240885734558,0.9891395926475525,1652.313
5515,0.9700525999069214,0.9687275588512421,1652.3175
5516,0.8921271562576294,0.9683489620685577,1652.322
5517,1.053341269493103,0.983334618806839,1652.3265
5518,1.053341269493103,0.9688852965831757,1652.331
5519,1.101926326751709,0.9650047957897187,1652.3355
5520,1.009488582611084,0.9730497181415558,1652.34
5521,0.9217830300331116,0.9678757309913635,1652.3445
5522,0.9621654152870178,0.9720401644706727,1652.349
5523,0.9290392398834229,1.017091792821884,1652.3535
5524,1.0116969347000122,1.0285124242305757,1652.358
5525,0.9650048017501831,0.9744063317775726,1652.3625
5526,1.0063337087631226,0.9630803167819977,1652.367
5527,0.9968690276145935,0.9734283268451691,1652.3715
5528,0.9719455242156982,0.9775927364826202,1652.376
5529,0.9545937180519104,0.9901491463184356,1652.3805
5530,0.9527007937431335,0.983460807800293,1652.385
5531,0.8548996448516846,0.9755736291408539,1652.3895
5532,1.0363049507141113,0.9749741911888122,1652.394
5533,1.0426146984100342,0.9846281170845032,1652.3985
5534,0.9552246928215027,0.978097528219223,1652.403
5535,0.9050621390342712,0.9773088097572327,1652.4075
5536,0.888972282409668,1.0082581281661986,1652.412
5537,0.9290392398834229,0.9726395845413208,1652.4165
5538,0.9814101457595825,0.9587896943092347,1652.421
5539,0.9728919863700867,0.954877644777298,1652.4255
5540,1.0773183107376099,0.9834923565387725,1652.43
5541,0.908847987651825,0.9613451361656189,1652.4345
5542,0.958064079284668,1.0016959965229035,1652.439
5543,1.0353585481643677,1.003336524963379,1652.4435
5544,0.8659417033195496,0.9997399687767029,1652.448
5545,0.9990774393081665,0.9851644456386566,1652.4525
5546,1.0539722442626953,0.9962380588054657,1652.457
5547,0.949230432510376,0.9952916026115417,1652.4615
5548,0.9747849106788635,0.9709990620613098,1652.466
5549,0.9195745587348938,0.9649416923522949,1652.4705
5550,1.0161137580871582,0.9794541478157044,1652.475
5551,0.9344025254249573,0.9227925598621368,1652.4795
5552,0.9555401802062988,0.9593260169029236,1652.484
5553,0.9643738269805908,0.9859531700611115,1652.4885
5554,0.9839340448379517,0.9965850949287415,1652.493
5555,0.9325096011161804,0.9771826148033143,1652.4975
5556,1.0195841789245605,1.0076902568340302,1652.502
5557,0.9101099371910095,0.9857007682323455,1652.5065
5558,0.9530162811279297,0.9601778328418732,1652.511
5559,1.1016108989715576,0.9831137895584107,1652.5155
5560,0.9208365678787231,0.9920736372470855,1652.52
5561,1.0164293050765991,0.9961118698120117,1652.5245
5562,1.0773183107376099,0.9656042158603668,1652.529
5563,0.9568021297454834,1.014662539958954,1652.5335
5564,0.9889818429946899,1.0013174176216126,1652.538
5565,1.0208461284637451,0.9819149315357208,1652.5425
5566,0.9952915906906128,0.9758260130882264,1652.547
5567,0.8384943008422852,0.9781921803951263,1652.5515
5568,0.9167351722717285,0.9737122416496277,1652.556
5569,1.0470315217971802,0.9945975124835968,1652.5605
5570,0.9334560632705688,0.9919158816337585,1652.565
5571,1.0530258417129517,0.9850382506847382,1652.5695
5572,1.044507622718811,0.9352858603000641,1652.574
5573,1.046400547027588,0.9919789731502533,1652.5785
5574,1.0590200424194336,0.9785076677799225,1652.583
5575,0.9943451285362244,0.9988250434398651,1652.5875
5576,1.0277868509292603,0.9705889284610748,1652.592
5577,0.9672132134437561,1.0062074601650237,1652.5965
5578,1.0262093544006348,0.9842179954051972,1652.601
5579,0.9842495322227478,0.9929569780826568,1652.6055
5580,1.0325191020965576,0.9636797428131103,1652.61
5581,1.0126434564590454,0.9842495262622833,1652.6145
5582,0.9861424565315247,0.9828613877296448,1652.619
5583,0.9889818429946899,0.9939980983734131,1652.6235
5584,0.9217830300331116,0.9708097577095032,1652.628
5585,0.9511233568191528,0.9768986761569977,1652.6325
5586,0.924937903881073,0.9876883566379547,1652.637
5587,0.9025382399559021,0.9936195254325867,1652.6415
5588,1.0369359254837036,0.977245706319809,1652.646
5589,0.9542782306671143,0.9877198815345765,1652.6505
5590,1.0123279094696045,1.013558316230774,1652.655
5591,0.8747753500938416,1.0083527863025665,1652.6595
5592,1.0041252374649048,0.9849120676517487,1652.664
5593,0.9820411205291748,0.9658881485462188,1652.6685
5594,1.0722705125808716,0.9963642656803131,1652.673
5595,1.08015775680542,1.0008757293224335,1652.6775
5596,1.071324110031128,0.9868365168571472,1652.682
5597,0.9662667512893677,0.9635535478591919,1652.6865
5598,1.028733253479004,0.981946486234665,1652.691
5599,0.8896032571792603,0.9869627118110657,1652.6955
5600,1.0325191020965576,0.9735860645771026,1652.7
5601,1.0195841789245605,1.0103718996047975,1652.7045
5602,0.9874044060707092,1.0005286931991577,1652.709
5603,0.9047466516494751,0.9840286910533905,1652.7135
5604,0.9650048017501831,0.9756682693958283,1652.718
5605,0.9511233568191528,0.9780659914016724,1652.7225
5606,0.9148422479629517,0.988287764787674,1652.727
5607,0.9028537273406982,0.9937141597270965,1652.7315
5608,1.0057027339935303,0.9846281170845032,1652.736
5609,0.931563138961792,0.9940296530723571,1652.7405
5610,0.9997084140777588,0.9970898747444152,1652.745
5611,0.9880353808403015,0.963332724571228,1652.7495
5612,0.9993929266929626,0.9734914064407348,1652.754
5613,0.9148422479629517,0.9824827909469604,1652.7585
5614,1.0337810516357422,0.9579063296318054,1652.763
5615,0.904431164264679,1.0077218055725097,1652.7675
5616,0.9542782306671143,0.980305939912796,1652.772
5617,1.0391443967819214,0.9961118578910828,1652.7765
5618,1.009173035621643,0.9369263887405396,1652.781
5619,1.0766873359680176,1.0023269712924958,1652.7855
5620,0.9911902546882629,0.9748479902744294,1652.79
5621,1.0192686319351196,0.9892026960849762,1652.7945
5622,0.9956070780754089,0.960651057958603,1652.799
5623,0.9971845149993896,1.001033478975296,1652.8035
5624,1.0766873359680176,0.9933671295642853,1652.808
5625,1.0350430011749268,0.9611242890357972,1652.8125
5626,1.0527102947235107,0.9782237112522125,1652.817
5627,1.027155876159668,1.005734235048294,1652.8215
5628,1.0082266330718994,0.9998661518096924,1652.826
5629,1.0072801113128662,0.9619445621967315,1652.8305
5630,0.8826625347137451,1.0101510465145112,1652.835
5631,0.9142112731933594,0.9752896964550019,1652.8395
5632,0.9915057420730591,1.002011477947235,1652.844
5633,1.0230544805526733,0.9384091973304749,1652.8485
5634,0.9618499279022217,1.0422045826911925,1652.853
5635,1.0236854553222656,0.9802743852138519,1652.8575
5636,1.0684846639633179,0.9736176252365112,1652.862
5637,1.0347275733947754,0.9844072818756103,1652.8665
5638,1.0126434564590454,0.9904646337032318,1652.871
5639,0.7987428903579712,0.9730181872844696,1652.8755
5640,0.9883508682250977,0.9719770729541779,1652.88
5641,0.9618499279022217,0.9740908443927765,1652.8845
5642,0.9419742226600647,0.9815363585948944,1652.889
5643,0.9312476515769958,1.0038413047790526,1652.8935
5644,0.9675287008285522,0.9844703912734986,1652.898
5645,0.8621558547019958,0.9816309809684753,1652.9025
5646,0.9880353808403015,0.9396711468696595,1652.907
5647,1.0120124816894531,0.9586004018783569,1652.9115
5648,1.0028632879257202,1.003368067741394,1652.916
5649,1.0508173704147339,0.9980047941207886,1652.9205
5650,1.0069646835327148,0.9918212354183197,1652.925
5651,0.9485994577407837,1.0139999985694885,1652.9295
5652,0.9198900461196899,0.9829560339450836,1652.934
5653,0.9545937180519104,0.9619761168956756,1652.9385
5654,0.9631118774414062,0.9800850987434387,1652.943
5655,0.8164101839065552,0.9918212413787841,1652.9475
5656,0.9817256331443787,0.9899283111095428,1652.952
5657,0.8987523913383484,0.9837447524070739,1652.9565
5658,0.9836185574531555,0.9594206631183624,1652.961
5659,0.9965535402297974,0.9720401704311371,1652.9655
5660,1.0590200424194336,0.9975946605205536,1652.97
5661,1.015482783317566,0.9927992522716522,1652.9745
5662,0.9788862466812134,0.9687591016292572,1652.979
5663,1.062490463256836,0.9488833785057068,1652.9835
5664,0.9643738269805908,0.9804005682468414,1652.988
5665,0.9407122731208801,0.9641529858112335,1652.9925
5666,0.9766778349876404,0.9828298449516296,1652.997
5667,0.9504923820495605,0.9791070938110351,1653.0015
5668,1.082681655883789,0.9847543060779571,1653.006
5669,0.9353489875793457,0.9957332789897919,1653.0105
5670,1.0716395378112793,0.9847543120384217,1653.015
5671,1.075425386428833,0.9548145592212677,1653.0195
5672,1.0167447328567505,1.0111921548843383,1653.024
5673,0.9422897100448608,0.999361389875412,1653.0285
5674,1.0546032190322876,0.9904646456241608,1653.033
5675,0.9694216251373291,0.9986988663673401,1653.0375
5676,0.9217830300331116,0.9889818489551544,1653.042
5677,1.0044407844543457,0.9948814630508422,1653.0465
5678,0.9255688786506653,1.0001185595989228,1653.051
5679,0.9886663556098938,1.0129904568195343,1653.0555
5680,1.0476624965667725,1.001822191476822,1653.06
5681,1.0394598245620728,1.0376300036907196,1653.0645
5682,1.0874139070510864,0.992326021194458,1653.069
5683,1.0009703636169434,0.9578747868537902,1653.0735
5684,0.9612189531326294,0.9761099517345428,1653.078
5685,0.9810946583747864,0.9887609958648682,1653.0825
5686,0.9896128177642822,0.9780975341796875,1653.087
5687,1.084259033203125,0.9629225790500641,1653.0915
5688,0.9530162811279297,1.0014751493930816,1653.096
5689,1.0672227144241333,0.96771799325943,1653.1005
5690,0.906639575958252,0.9736491560935974,1653.105
5691,0.9697371125221252,1.007406336069107,1653.1095
5692,1.0511329174041748,0.9551300406455994,1653.114
5693,0.9924522042274475,0.9694847166538239,1653.1185
5694,1.0823661088943481,0.9787916123867035,1653.123
5695,0.924937903881073,1.0136529743671416,1653.1275
5696,0.9555401802062988,0.9783183574676514,1653.132
5697,1.0441921949386597,1.0060497045516967,1653.1365
5698,0.9631118774414062,1.0103088080883027,1653.141
5699,0.880138635635376,0.9416902601718903,1653.1455
5700,0.982356607913971,0.9795172274112701,1653.15
5701,0.9741539359092712,1.0079742074012756,1653.1545
5702,0.8993833661079407,0.9712198972702026,1653.159
5703,0.9561711549758911,1.0001185476779937,1653.1635
5704,0.8930736184120178,0.9886348247528076,1653.168
5705,1.03598952293396,0.9684751689434051,1653.1725
5706,1.0195841789245605,0.9964904487133026,1653.177
5707,0.9943451285362244,0.9952915966510772,1653.1815
5708,1.0659607648849487,0.988319319486618,1653.186
5709,1.0101195573806763,0.9907170236110687,1653.1905
5710,0.9429206848144531,0.9966797351837158,1653.195
5711,1.0495554208755493,0.9556348204612732,1653.1995
5712,0.9161041975021362,0.977151072025299,1653.204
5713,0.9732074737548828,0.9810946524143219,1653.2085
5714,1.002232313156128,0.9737122595310211,1653.213
5715,1.0792112350463867,0.958190256357193,1653.2175
5716,1.0195841789245605,0.97516348361969,1653.222
5717,0.9183126091957092,0.9704311907291412,1653.2265
5718,0.9107409119606018,1.007942646741867,1653.231
5719,1.0549187660217285,0.9729866325855255,1653.2355
5720,0.9372419118881226,0.9619130194187164,1653.24
5721,0.931563138961792,0.9816309869289398,1653.2445
5722,0.9198900461196899,0.9657619655132293,1653.249
5723,0.962480902671814,0.9807791709899902,1653.2535
5724,1.0202151536941528,0.9665191531181335,1653.258
5725,0.8971749544143677,0.9675287008285522,1653.2625
5726,0.9858269691467285,0.9772772550582886,1653.267
5727,0.96689772605896,1.0063652038574218,1653.2715
5728,0.9586950540542603,1.0163977026939393,1653.276
5729,0.9719455242156982,0.9981309831142425,1653.2805
5730,0.9438671469688416,0.9639321327209472,1653.285
5731,0.929354727268219,0.9774349987506866,1653.2895
5732,1.0028632879257202,0.9640583217144012,1653.294
5733,0.9107409119606018,0.9498298466205597,1653.2985
5734,1.1227484941482544,0.9599570035934448,1653.303
5735,1.0101195573806763,0.9623862385749817,1653.3075
5736,0.9265153408050537,0.9841233491897583,1653.312
5737,1.0249474048614502,1.0059550762176515,1653.3165
5738,1.03315007686615,1.0066491484642028,1653.321
5739,0.9833030700683594,0.9787600576877594,1653.3255
5740,0.9684751629829407,0.9941242814064026,1653.33
5741,0.8829780220985413,0.9780659735202789,1653.3345
5742,0.9621654152870178,0.9727973401546478,1653.339
5743,0.9795172214508057,0.9840917944908142,1653.3435
5744,1.0646988153457642,0.9556348145008087,1653.348
5745,0.9463910460472107,0.986804974079132,1653.3525
5746,1.0807887315750122,0.974911093711853,1653.357
5747,1.0034942626953125,0.9596415042877198,1653.3615
5748,1.0211615562438965,0.9886979043483735,1653.366
5749,0.9851959943771362,0.9931147336959839,1653.3705
5750,0.9697371125221252,0.9621969521045685,1653.375
5751,0.9684751629829407,1.0180382430553436,1653.3795
5752,0.9410277605056763,1.0105296432971955,1653.384
5753,0.9031692147254944,0.9755420744419098,1653.3885
5754,1.0962475538253784,1.0201520144939422,1653.393
5755,0.9889818429946899,0.978949350118637,1653.3975
5756,1.0697466135025024,0.9916319370269775,1653.402
5757,0.9571176171302795,0.951281088590622,1653.4065
5758,0.9527007937431335,0.9823250591754913,1653.411
5759,0.904431164264679,0.9797696113586426,1653.4155
5760,0.9485994577407837,0.9794541239738465,1653.42
5761,0.8608939051628113,0.9580956280231476,1653.4245
5762,1.0063337087631226,0.9763307809829712,1653.429
5763,0.931563138961792,0.9764569759368896,1653.4335
5764,0.8400717377662659,0.9864579319953919,1653.438
5765,1.0646988153457642,0.9812839508056641,1653.4425
5766,1.035673975944519,0.9611242949962616,1653.447
5767,0.9527007937431335,0.9787285089492798,1653.4515
5768,0.8504828214645386,0.9911902606487274,1653.456
5769,0.9656357765197754,0.9692954361438751,1653.4605
5770,0.8971749544143677,0.9813470482826233,1653.465
5771,0.8940200805664062,0.9756998181343078,1653.4695
5772,0.9375573992729187,0.9729866266250611,1653.474
5773,0.9659512639045715,0.9999923586845398,1653.4785
5774,0.935979962348938,0.9766462862491607,1653.483
5775,0.9788862466812134,0.9848805069923401,1653.4875
5776,1.0514483451843262,0.9784761071205139,1653.492
5777,0.9650048017501831,0.9857638776302338,1653.4965
5778,1.0927772521972656,0.9757944703102112,1653.501
5779,0.9350335001945496,0.9873097658157348,1653.5055
5780,0.9618499279022217,0.989297342300415,1653.51
5781,0.9618499279022217,0.9817571938037872,1653.5145
5782,1.1069741249084473,1.0360525846481323,1653.519
5783,0.9612189531326294,0.9810631215572357,1653.5235
5784,1.0060181617736816,1.009456992149353,1653.528
5785,0.9981309771537781,1.0063652217388153,1653.5325
5786,0.96689772605896,0.9814417004585266,1653.537
5787,0.9233604669570923,0.9625755429267884,1653.5415
5788,0.9053776264190674,0.9619130074977875,1653.546
5789,0.947022020816803,0.9664560198783875,1653.5505
5790,1.0681692361831665,0.9913480043411255,1653.555
5791,0.9874044060707092,0.9838078558444977,1653.5595
5792,1.0883604288101196,0.9674024999141693,1653.564
5793,1.1259033679962158,1.0104980945587159,1653.5685
5794,0.9968690276145935,1.0116654098033906,1653.573
5795,0.9183126091957092,1.0103403449058532,1653.5775
5796,1.0129588842391968,0.9820095717906951,1653.582
5797,1.062174916267395,0.9550038337707519,1653.5865
5798,0.9135802984237671,0.9891395926475525,1653.591
5799,0.9782552719116211,0.9974053621292114,1653.5955
5800,1.0501863956451416,0.9644684672355652,1653.6
5801,0.942605197429657,0.9901806890964509,1653.6045
5802,0.9489149451255798,0.9949761152267456,1653.609
5803,1.0274713039398193,0.99298854470253,1653.6135
5804,0.9432361721992493,1.0140946507453918,1653.618
5805,0.9631118774414062,1.0157036304473877,1653.6225
5806,1.0571271181106567,0.9716300308704376,1653.627
5807,0.9331405758857727,0.9903068780899048,1653.6315
5808,0.855846107006073,0.9726396024227142,1653.636
5809,0.9523853063583374,0.9900229573249817,1653.6405
5810,0.96689772605896,0.9721663653850555,1653.645
5811,1.0438766479492188,0.9636482000350952,1653.6495
5812,0.9634273648262024,1.0006233334541321,1653.654
5813,0.9751003980636597,0.9949130058288574,1653.6585
5814,0.9877198934555054,0.9944082379341126,1653.663
5815,0.9460755586624146,0.9928307950496673,1653.6675
5816,0.915473222732544,0.9893919825553894,1653.672
5817,0.9728919863700867,0.9944397866725921,1653.6765
5818,1.0564961433410645,1.0124225616455078,1653.681
5819,1.0792112350463867,0.9674971520900726,1653.6855
5820,0.9681596755981445,0.9654464781284332,1653.69
5821,0.9126338362693787,0.9777189493179321,1653.6945
5822,1.0075956583023071,0.9710621654987335,1653.699
5823,0.9788862466812134,0.981000018119812,1653.7035
5824,0.9290392398834229,0.9923575520515442,1653.708
5825,0.9965535402297974,0.9621969521045685,1653.7125
5826,1.019899606704712,0.9620707631111145,1653.717
5827,1.0628058910369873,0.9761099576950073,1653.7215
5828,1.006649136543274,0.9896443724632263,1653.726
5829,1.0378824472427368,0.9807791769504547,1653.7305
5830,0.955855667591095,0.9839655935764313,1653.735
5831,0.9930831789970398,0.9704627335071564,1653.7395
5832,0.9851959943771362,1.022581261396408,1653.744
5833,0.9921367168426514,0.9961749613285065,1653.7485
5834,0.9694216251373291,0.9714722871780396,1653.753
5835,0.9015917778015137,1.0128011584281922,1653.7575
5836,1.0120124816894531,0.9770879805088043,1653.762
5837,1.071324110031128,0.9974053561687469,1653.7665
5838,0.9754158854484558,0.9706520199775696,1653.771
5839,0.9508078694343567,0.9712830007076263,1653.7755
5840,1.1069741249084473,1.023086041212082,1653.78
5841,0.9432361721992493,0.9911271572113037,1653.7845
5842,0.9709990620613098,0.9587266027927399,1653.789
5843,1.0120124816894531,0.939986628293991,1653.7935
5844,0.9788862466812134,0.9944713234901428,1653.798
5845,1.0751099586486816,0.9842810809612275,1653.8025
5846,0.955855667591095,0.9874675035476684,1653.807
5847,1.0350430011749268,1.0028632819652556,1653.8115
5848,0.9915057420730591,0.9531424641609192,1653.816
5849,0.9776242971420288,0.9742801189422607,1653.8205
5850,1.0820506811141968,0.9803690373897552,1653.825
5851,1.0113815069198608,0.9995506823062896,1653.8295
5852,0.9971845149993896,0.9670870244503021,1653.834
5853,0.9990774393081665,0.977782016992569,1653.8385
5854,0.9214675426483154,0.9741223752498627,1653.843
5855,1.040090799331665,0.963048768043518,1653.8475
5856,1.0457695722579956,0.9922313690185547,1653.852
5857,0.9340870380401611,1.019836527109146,1653.8565
5858,0.9006453156471252,0.9864579439163208,1653.861
5859,1.0123279094696045,0.964279168844223,1653.8655
5860,0.9170506596565247,0.9931147336959839,1653.87
5861,0.9864579439163208,0.9890449464321136,1653.8745
5862,0.9751003980636597,0.9669292747974396,1653.879
5863,1.046400547027588,0.9546568095684052,1653.8835
5864,1.0325191020965576,0.9949130237102508,1653.888
5865,0.9956070780754089,0.9601778507232666,1653.8925
5866,0.8495363593101501,0.9637428522109985,1653.897
5867,1.1170697212219238,0.9860793471336364,1653.9015
5868,1.0031788349151611,0.9992982804775238,1653.906
5869,0.891180694103241,0.9800850987434387,1653.9105
5870,1.066591739654541,0.9799589097499848,1653.915
5871,0.9542782306671143,0.9916003823280335,1653.9195
5872,1.0583890676498413,0.9878460943698884,1653.924
5873,1.0766873359680176,1.0138738036155701,1653.9285
5874,0.9397658109664917,0.9785707533359528,1653.933
5875,0.9353489875793457,0.9868996381759644,1653.9375
5876,0.9198900461196899,0.9682543158531189,1653.942
5877,0.9142112731933594,0.9710306167602539,1653.9465
5878,0.9659512639045715,0.9884455084800721,1653.951
5879,0.9583795666694641,0.9980363428592682,1653.9555
5880,0.8959130048751831,0.994502866268158,1653.96
5881,0.9438671469688416,0.9766147255897522,1653.9645
5882,0.9586950540542603,0.9637744009494782,1653.969
5883,0.9372419118881226,1.0093307971954346,1653.9735
5884,0.9902437925338745,1.0204044044017793,1653.978
5885,1.0221080780029297,0.9645000100135803,1653.9825
5886,1.0195841789245605,1.0052294552326202,1653.987
5887,1.01106595993042,0.9442141652107239,1653.9915
5888,1.0088576078414917,0.9452237188816071,1653.996
5889,1.0741634368896484,0.9867418766021728,1654.0005
5890,0.9151577353477478,0.9698002159595489,1654.005
5891,0.9255688786506653,1.0070592761039734,1654.0095
5892,0.9962380528450012,0.9644369184970856,1654.014
5893,1.0258939266204834,0.9768986761569977,1654.0185
5894,0.9984464645385742,0.9506501138210297,1654.023
5895,0.8810850977897644,0.9893919825553894,1654.0275
5896,1.0495554208755493,0.9973107099533081,1654.032
5897,0.9015917778015137,0.995638644695282,1654.0365
5898,0.8722514510154724,0.969390070438385,1654.041
5899,1.0063337087631226,0.9823250651359559,1654.0455
5900,1.006649136543274,1.0065229475498199,1654.05
5901,0.9662667512893677,0.9835870087146759,1654.0545
5902,1.0523948669433594,0.9939980924129486,1654.059
5903,1.0366204977035522,1.0058919787406921,1654.0635
5904,0.935979962348938,1.0007810831069945,1654.068
5905,0.9056931138038635,0.9770248711109162,1654.0725
5906,1.1012953519821167,0.948094654083252,1654.077
5907,0.929354727268219,1.0019168317317964,1654.0815
5908,0.9252533912658691,0.9874990522861481,1654.086
5909,1.0350430011749268,0.9786023199558258,1654.0905
5910,1.066907286643982,1.0062074542045594,1654.095
5911,0.951438844203949,0.9876252591609955,1654.0995
5912,0.9706835746765137,0.9692007780075074,1654.104
5913,1.0069646835327148,1.0092361509799956,1654.1085
5914,0.8574235439300537,0.9784445703029633,1654.113
5915,1.005071759223938,0.9828298330307007,1654.1175
5916,1.0281022787094116,0.960840356349945,1654.122
5917,1.095932126045227,0.9905908286571503,1654.1265
5918,0.9574331045150757,0.9519751667976379,1654.131
5919,0.9189435839653015,1.0072801172733308,1654.1355
5920,0.9788862466812134,0.9907170295715332,1654.14
5921,0.9138957858085632,0.9800535440444946,1654.1445
5922,0.9760468602180481,0.9540889322757721,1654.149
5923,0.8959130048751831,0.9923891186714172,1654.1535
5924,0.9687906503677368,0.9921682775020599,1654.158
5925,1.0016013383865356,0.9815363407135009,1654.1625
5926,0.9788862466812134,1.023369985818863,1654.167
5927,1.0123279094696045,0.9799588978290558,1654.1715
5928,0.9552246928215027,0.9671185493469239,1654.176
5929,1.002232313156128,0.9713145554065704,1654.1805
5930,1.0678536891937256,1.0276921570301056,1654.185
5931,1.0072801113128662,1.0004024803638458,1654.1895
5932,0.9631118774414062,0.987499064207077,1654.194
5933,0.9892973303794861,1.002674013376236,1654.1985
5934,0.9113718867301941,0.9692638754844666,1654.203
5935,1.1334750652313232,0.9855745971202851,1654.2075
5936,1.0599665641784668,0.9662982881069183,1654.212
5937,0.8145172595977783,0.977119529247284,1654.2165
5938,0.9299857020378113,0.9758260190486908,1654.221
5939,0.9833030700683594,0.9590736329555511,1654.2255
5940,1.057758092880249,0.9767093896865845,1654.23
5941,0.9164196848869324,0.9772772550582886,1654.2345
5942,0.8577390313148499,1.0065860390663146,1654.239
5943,0.9709990620613098,0.9917266011238098,1654.2435
5944,1.0236854553222656,1.0016959846019744,1654.248
5945,1.075740933418274,0.9983833730220795,1654.2525
5946,0.973522961139679,0.9833661615848541,1654.257
5947,0.9943451285362244,0.9831453204154968,1654.2615
5948,1.0602819919586182,0.9845334887504578,1654.266
5949,0.9482839703559875,0.9910009682178498,1654.2705
5950,0.8870793581008911,0.9939981043338776,1654.275
5951,0.9911902546882629,0.9670870244503021,1654.2795
5952,0.9202055931091309,1.005986624956131,1654.284
5953,0.8785611987113953,1.0105296432971955,1654.2885
5954,1.040406346321106,0.9675602495670319,1654.293
5955,0.9523853063583374,0.9860793709754944,1654.2975
5956,1.0192686319351196,0.9703049898147583,1654.302
5957,0.9902437925338745,1.010119503736496,1654.3065
5958,0.906639575958252,0.9904961884021759,1654.311
5959,0.9804636836051941,1.009015303850174,1654.3155
5960,0.9684751629829407,0.9658250570297241,1654.32
5961,1.0388288497924805,0.9691692233085633,1654.3245
5962,1.0214771032333374,0.9925783991813659,1654.329
5963,1.029679775238037,0.9662982881069183,1654.3335
5964,0.9441826343536377,0.9899283170700073,1654.338
5965,0.8612093925476074,1.0095831751823425,1654.3425
5966,0.9195745587348938,1.001001924276352,1654.347
5967,0.9236759543418884,0.9537418901920318,1654.3515
5968,0.9640583395957947,0.9946290791034699,1654.356
5969,1.0883604288101196,0.9800220012664795,1654.3605
5970,0.9766778349876404,0.9654780268669129,1654.365
5971,0.9839340448379517,0.9885717153549194,1654.3695
5972,0.9621654152870178,0.9719139814376831,1654.374
5973,0.9391348361968994,0.9674340605735778,1654.3785
5974,1.0394598245620728,0.989991408586502,1654.383
5975,0.8798231482505798,0.990937876701355,1654.3875
5976,0.9968690276145935,0.9792017281055451,1654.392
5977,1.0069646835327148,0.9549722909927368,1654.3965
5978,0.9728919863700867,0.9962380588054657,1654.401
5979,0.8971749544143677,0.9636482179164887,1654.4055
5980,1.1255879402160645,0.9740592837333679,1654.41
5981,1.0823661088943481,0.9607772648334503,1654.4145
5982,0.9328250885009766,0.9908747673034668,1654.419
5983,0.8810850977897644,1.0027686536312104,1654.4235
5984,1.0085420608520508,0.9655726730823517,1654.428
5985,0.8804541230201721,0.9644053697586059,1654.4325
5986,1.0186376571655273,0.9857007741928101,1654.437
5987,0.9975000023841858,0.9339608192443848,1654.4415
5988,0.9593260288238525,0.9520382583141327,1654.446
5989,0.9839340448379517,0.9827036619186401,1654.4505
5990,0.924937903881073,0.9821988761425018,1654.455
5991,0.9867734313011169,0.998414933681488,1654.4595
5992,0.964689314365387,1.007658702135086,1654.464
5993,0.9892973303794861,0.9675286889076233,1654.4685
5994,0.9485994577407837,0.9621338665485382,1654.473
5995,0.9243069291114807,0.9922944664955139,1654.4775
5996,0.9889818429946899,1.0112237215042115,1654.482
5997,1.0186376571655273,0.9707466661930084,1654.4865
5998,1.0760563611984253,1.0026740074157714,1654.491
5999,1.0293642282485962,1.009046846628189,1654.4955
6000,1.1366299390792847,0.9747533559799194,1654.5
6001,0.9549092054367065,0.9903384387493134,1654.5045
6002,1.0921462774276733,0.9843126356601715,1654.509
6003,0.9233604669570923,1.0006864309310912,1654.5135
6004,1.075425386428833,0.9722294747829437,1654.518
6005,1.1142303943634033,0.9861424565315247,1654.5225
6006,0.9782552719116211,0.958758145570755,1654.527
6007,1.0628058910369873,0.9527323424816132,1654.5315
6008,0.9599570035934448,0.9694847285747528,1654.536
6009,1.0924617052078247,0.9852906346321106,1654.5405
6010,1.019899606704712,0.9753212451934814,1654.545
6011,0.9501768946647644,0.9650678932666779,1654.5495
6012,0.9091634750366211,0.9719455122947693,1654.554
6013,0.9148422479629517,0.982356595993042,1654.5585
6014,0.9785707592964172,0.9804952323436738,1654.563
6015,0.9258843660354614,0.96443692445755,1654.5675
6016,0.9296702146530151,0.982924473285675,1654.572
6017,0.9145267605781555,0.9934617698192596,1654.5765
6018,0.8996988534927368,0.9907485783100128,1654.581
6019,0.9984464645385742,0.9778451442718505,1654.5855
6020,1.0388288497924805,0.9930831789970398,1654.59
6021,0.9678441882133484,0.9450344383716583,1654.5945
6022,0.975731372833252,0.9668661773204803,1654.599
6023,0.9833030700683594,0.9592629373073578,1654.6035
6024,1.01390540599823,0.9534579634666442,1654.608
6025,0.9940296411514282,1.0043145298957825,1654.6125
6026,1.0785802602767944,0.9433938980102539,1654.617
6027,1.0258939266204834,0.9622916042804718,1654.6215
6028,1.024316430091858,0.9872151196002961,1654.626
6029,1.0943546295166016,0.9864579498767853,1654.6305
6030,0.9419742226600647,0.9859531819820404,1654.635
6031,0.9454445838928223,0.9888241052627563,1654.6395
6032,1.0337810516357422,0.9764569938182831,1654.644
6033,1.1199091672897339,0.9856061279773712,1654.6485
6034,1.0811041593551636,0.9884455144405365,1654.653
6035,0.9375573992729187,0.9979101419448853,1654.6575
6036,1.0211615562438965,0.9990459144115448,1654.662
6037,0.9703680872917175,0.9641529798507691,1654.6665
6038,0.9501768946647644,0.9827982783317566,1654.671
6039,0.9460755586624146,1.0000239074230195,1654.6755
6040,1.048924446105957,1.0097409188747406,1654.68
6041,1.0678536891937256,1.0279445469379425,1654.6845
6042,1.0520793199539185,0.9852591037750245,1654.689
6043,1.0293642282485962,1.0096778392791748,1654.6935
6044,1.0161137580871582,0.9576223850250244,1654.698
6045,1.0514483451843262,0.9660143554210663,1654.7025
6046,1.0157983303070068,0.9933671355247498,1654.707
6047,1.0104349851608276,0.9720717132091522,1654.7115
6048,0.9138957858085632,1.0089206576347352,1654.716
6049,0.9751003980636597,1.005008614063263,1654.7205
6050,0.9593260288238525,1.0217294573783875,1654.725
6051,1.0530258417129517,0.973680704832077,1654.7295
6052,0.9596415162086487,0.988571721315384,1654.734
6053,1.0290488004684448,0.9872782230377197,1654.7385
6054,0.9429206848144531,1.0315095722675323,1654.743
6055,0.975731372833252,1.0090468585491181,1654.7475
6056,0.9334560632705688,0.9568967580795288,1654.752
6057,0.9833030700683594,1.0117600500583648,1654.7565
6058,0.9839340448379517,0.969926404953003,1654.761
6059,0.964689314365387,0.9699579477310181,1654.7655
6060,1.031257152557373,0.9242437958717347,1654.77
6061,0.9069550633430481,0.9846281290054322,1654.7745
6062,1.0000238418579102,0.9661721110343933,1654.779
6063,0.9596415162086487,0.9805898785591125,1654.7835
6064,1.005071759223938,0.9741223871707916,1654.788
6065,0.9309321641921997,0.9729866266250611,1654.7925
6066,1.110759973526001,1.000718003511429,1654.797
6067,0.9366109371185303,1.0113499104976653,1654.8015
6068,0.9236759543418884,0.9664244890213013,1654.806
6069,1.019899606704712,0.9769933164119721,1654.8105
6070,0.9350335001945496,1.011381459236145,1654.815
6071,1.0176912546157837,1.0122648239135743,1654.8195
6072,1.0539722442626953,0.9662036538124085,1654.824
6073,0.9782552719116211,0.9760468602180481,1654.8285
6074,0.9306166768074036,0.9540258407592773,1654.833
6075,0.9776242971420288,0.9847858667373657,1654.8375
6076,1.0410373210906982,0.9636482059955597,1654.842
6077,0.9599570035934448,0.9824512422084808,1654.8465
6078,0.9637428522109985,0.9698948562145233,1654.851
6079,1.0583890676498413,0.97797132730484,1654.8555
6080,1.0034942626953125,1.0045353829860688,1654.86
6081,0.9769933223724365,0.9886348068714141,1654.8645
6082,1.0120124816894531,0.9668661653995514,1654.869
6083,1.0246319770812988,1.003778201341629,1654.8735
6084,0.9025382399559021,0.9851013541221618,1654.878
6085,0.8943355679512024,0.9551300287246705,1654.8825
6086,0.9126338362693787,0.9609350085258483,1654.887
6087,1.0098040103912354,0.9949130177497864,1654.8915
6088,1.1085516214370728,0.9873728573322296,1654.896
6089,0.9236759543418884,0.9879722833633423,1654.9005
6090,1.0038098096847534,0.9655411124229432,1654.905
6091,0.9075860381126404,0.9949761092662811,1654.9095
6092,0.9874044060707092,0.9728288948535919,1654.914
6093,1.0309417247772217,0.9811262130737305,1654.9185
6094,1.0905687808990479,0.9498929500579834,1654.923
6095,0.8407027125358582,0.9938087940216065,1654.9275
6096,1.0681692361831665,0.9892657935619354,1654.932
6097,0.940396785736084,0.9990143299102783,1654.9365
6098,0.9473375082015991,0.9882246732711792,1654.941
6099,1.0363049507141113,0.9659512579441071,1654.9455
6100,0.9949761033058167,0.984722763299942,1654.95
6101,0.9479684829711914,0.984975153207779,1654.9545
6102,0.9886663556098938,0.9660143613815307,1654.959
6103,0.9785707592964172,0.9723556458950042,1654.9635
6104,0.8530067205429077,1.0078795552253723,1654.968
6105,0.955855667591095,0.9623546898365021,1654.9725
6106,0.9555401802062988,0.9766147375106812,1654.977
6107,0.9634273648262024,0.9637113034725189,1654.9815
6108,0.94481360912323,0.9662667393684388,1654.986
6109,0.9003298282623291,0.960966557264328,1654.9905
6110,0.9552246928215027,1.004630023241043,1654.995
6111,1.0274713039398193,0.9549091815948486,1654.9995
6112,1.0539722442626953,1.0046615600585938,1655.004
6113,1.0041252374649048,1.0112552642822266,1655.0085
6114,0.9864579439163208,0.9763307988643646,1655.013
6115,1.0363049507141113,0.9899283111095428,1655.0175
6116,0.9785707592964172,0.9872151136398315,1655.022
6117,0.8949665427207947,0.9852906465530396,1655.0265
6118,0.9732074737548828,0.9671185672283172,1655.031
6119,0.9596415162086487,0.9802112877368927,1655.0355
6120,1.0394598245620728,0.9628279447555542,1655.04
6121,1.006649136543274,0.9833030760288238,1655.0445
6122,0.9555401802062988,0.9798642694950104,1655.049
6123,0.9148422479629517,0.975478982925415,1655.0535
6124,0.9747849106788635,0.9626701891422271,1655.058
6125,1.079842209815979,0.9502399802207947,1655.0625
6126,0.9782552719116211,0.9873097658157348,1655.067
6127,0.9031692147254944,1.0048508584499358,1655.0715
6128,0.949230432510376,0.9942820429801941,1655.076
6129,0.9590105414390564,0.9817256331443787,1655.0805
6130,1.0170602798461914,0.9953862428665161,1655.085
6131,0.9792017340660095,1.0271242916584016,1655.0895
6132,0.9075860381126404,0.9828929305076599,1655.094
6133,1.0236854553222656,0.9821988642215729,1655.0985
6134,0.9031692147254944,0.9704627335071564,1655.103
6135,0.9599570035934448,1.0100248634815217,1655.1075
6136,0.9937141537666321,0.95834801197052,1655.112
6137,1.1404157876968384,0.9537103414535523,1655.1165
6138,1.0476624965667725,0.97062047123909,1655.121
6139,0.9369264245033264,0.9894866347312927,1655.1255
6140,0.9309321641921997,0.9606195092201233,1655.13
6141,1.0460851192474365,1.0156720876693726,1655.1345
6142,0.9350335001945496,0.9916634917259216,1655.139
6143,1.0101195573806763,0.949514365196228,1655.1435
6144,1.1025573015213013,0.9878145456314087,1655.148
6145,0.9287237524986267,0.9656357765197754,1655.1525
6146,0.9299857020378113,1.0012227535247802,1655.157
6147,1.040090799331665,0.9845334649085998,1655.1615
6148,0.9120028614997864,0.9886979103088379,1655.166
6149,0.9230449795722961,0.9859216272830963,1655.1705
6150,0.962480902671814,0.9985095798969269,1655.175
6151,0.8545841574668884,0.9629541277885437,1655.1795
6152,1.024316430091858,0.9572122514247894,1655.184
6153,1.0438766479492188,0.9861740112304688,1655.1885
6154,0.9886663556098938,0.9991720974445343,1655.193
6155,0.9552246928215027,0.9698002099990845,1655.1975
6156,0.9586950540542603,0.9922313690185547,1655.202
6157,0.9299857020378113,0.991221821308136,1655.2065
6158,0.9340870380401611,0.9778451502323151,1655.211
6159,0.9309321641921997,0.9872466623783112,1655.2155
6160,0.9905592799186707,1.0045353710651397,1655.22
6161,0.9836185574531555,0.9519436180591583,1655.2245
6162,0.951438844203949,0.9770248651504516,1655.229
6163,1.066907286643982,1.0070277273654937,1655.2335
6164,1.0460851192474365,1.0303422391414643,1655.238
6165,0.9230449795722961,0.9696740210056305,1655.2425
6166,0.9290392398834229,1.0106243073940278,1655.247
6167,0.9312476515769958,0.9727342307567597,1655.2515
6168,0.9325096011161804,0.9957017302513123,1655.256
6169,0.9451290965080261,1.0082896947860718,1655.2605
6170,0.877930223941803,1.0141893029212952,1655.265
6171,1.0372514724731445,0.9822619616985321,1655.2695
6172,0.9025382399559021,0.9904961884021759,1655.274
6173,1.0217925310134888,0.9737438023090362,1655.2785
6174,0.931563138961792,0.9589474260807037,1655.283
6175,1.0195841789245605,0.9898652195930481,1655.2875
6176,0.982356607913971,0.9851644515991211,1655.292
6177,1.0246319770812988,0.9884770691394806,1655.2965
6178,0.9312476515769958,0.9845334768295289,1655.301
6179,0.9246224164962769,0.9792963802814484,1655.3055
6180,0.913264811038971,0.9585688471794128,1655.31
6181,1.062490463256836,0.9844388246536255,1655.3145
6182,0.9246224164962769,0.990369999408722,1655.319
6183,0.9069550633430481,0.977687394618988,1655.3235
6184,0.9927676916122437,0.9563604414463043,1655.328
6185,1.0240010023117065,0.9917896926403046,1655.3325
6186,0.9356644749641418,0.9863001942634583,1655.337
6187,0.888972282409668,0.994124299287796,1655.3415
6188,0.8810850977897644,0.961660635471344,1655.346
6189,0.9331405758857727,1.0119808793067933,1655.3505
6190,0.9170506596565247,0.9894866406917572,1655.355
6191,1.0101195573806763,0.9476529777050018,1655.3595
6192,0.9306166768074036,0.9675287008285522,1655.364
6193,1.0303107500076294,0.9705258250236511,1655.3685
6194,0.9650048017501831,0.9907170295715332,1655.373
6195,0.9599570035934448,0.980558329820633,1655.3775
6196,0.9593260288238525,0.996742844581604,1655.382
6197,0.9855114817619324,0.9898967504501343,1655.3865
6198,0.9788862466812134,0.9931147456169128,1655.391
6199,1.0628058910369873,0.9746902644634247,1655.3955
6200,0.9309321641921997,1.0114761114120483,1655.4
6201,0.9460755586624146,0.9224770784378051,1655.4045
6202,0.8722514510154724,0.9753527760505676,1655.409
6203,0.9754158854484558,1.0038728654384612,1655.4135
6204,0.984565019607544,0.969263881444931,1655.418
6205,0.9728919863700867,1.0055133938789367,1655.4225
6206,1.0085420608520508,0.9954493403434753,1655.427
6207,0.9138957858085632,0.9761415123939514,1655.4315
6208,0.9870889186859131,0.9737122595310211,1655.436
6209,0.9684751629829407,0.9956070840358734,1655.4405
6210,1.0161137580871582,0.9823566019535065,1655.445
6211,1.0441921949386597,0.9617237150669098,1655.4495
6212,1.004756212234497,0.9974053502082825,1655.454
6213,0.938188374042511,0.9946290791034699,1655.4585
6214,0.9230449795722961,0.9829560339450836,1655.463
6215,0.8643642663955688,0.9700841307640076,1655.4675
6216,1.0640678405761719,0.9794225811958313,1655.472
6217,0.9956070780754089,1.0026109039783477,1655.4765
6218,0.9429206848144531,0.9931778132915496,1655.481
6219,0.9306166768074036,0.9903068900108337,1655.4855
6220,1.0186376571655273,0.9626386404037476,1655.49
6221,0.9183126091957092,0.9953862488269806,1655.4945
6222,0.9463910460472107,0.9811893165111542,1655.499
6223,0.9303011894226074,0.9848174154758453,1655.5035
6224,1.0372514724731445,0.9851644396781921,1655.508
6225,0.9593260288238525,0.9661090195178985,1655.5125
6226,1.0079110860824585,0.9974053561687469,1655.517
6227,0.9656357765197754,1.0267772555351258,1655.5215
6228,0.9280927777290344,0.9675917804241181,1655.526
6229,1.0571271181106567,1.013085091114044,1655.5305
6230,1.0072801113128662,0.9633958101272583,1655.535
6231,0.9198900461196899,0.9605564177036285,1655.5395
6232,1.0735324621200562,0.9599254429340363,1655.544
6233,1.0867829322814941,0.9721032619476319,1655.5485
6234,1.0325191020965576,0.9897074699401855,1655.553
6235,0.9233604669570923,1.0075009703636169,1655.5575
6236,0.9883508682250977,0.9295755565166474,1655.562
6237,1.0195841789245605,0.9812839448451995,1655.5665
6238,0.9896128177642822,0.9697371125221252,1655.571
6239,0.9170506596565247,0.96125048995018,1655.5755
6240,0.9366109371185303,0.9741854786872863,1655.58
6241,0.9523853063583374,0.9693269789218902,1655.5845
6242,0.9038001894950867,1.0057973265647888,1655.589
6243,0.9687906503677368,0.9496720969676972,1655.5935
6244,1.0192686319351196,0.9668030738830566,1655.598
6245,0.9968690276145935,0.9385984838008881,1655.6025
6246,0.933771550655365,1.0135898828506469,1655.607
6247,1.0038098096847534,0.9838709533214569,1655.6115
6248,1.0053871870040894,0.9445927441120148,1655.616
6249,0.9684751629829407,0.9903069019317627,1655.6205
6250,0.9239914417266846,0.9817571878433228,1655.625
6251,1.0132744312286377,0.999645322561264,1655.6295
6252,1.0520793199539185,0.9880984842777252,1655.634
6253,0.9031692147254944,1.0021376729011535,1655.6385
6254,1.073848009109497,0.9874990522861481,1655.643
6255,0.9605879783630371,0.9822935163974762,1655.6475
6256,0.9637428522109985,0.9926414966583252,1655.652
6257,1.088991403579712,0.9979732394218445,1655.6565
6258,0.9968690276145935,0.9800220131874084,1655.661
6259,1.0735324621200562,0.9466434240341186,1655.6655
6260,0.9905592799186707,0.9773088097572327,1655.67
6261,1.0943546295166016,0.9756051659584045,1655.6745
6262,0.908847987651825,1.0094254434108734,1655.679
6263,1.0221080780029297,0.9938088059425354,1655.6835
6264,1.041983723640442,0.9357906520366669,1655.688
6265,0.8709895014762878,0.9930516302585601,1655.6925
6266,0.9564866423606873,0.9544990599155426,1655.697
6267,1.0299952030181885,1.0080372929573058,1655.7015
6268,0.8826625347137451,1.017880493402481,1655.706
6269,0.8949665427207947,0.9975631058216095,1655.7105
6270,0.9476529955863953,0.9368948400020599,1655.715
6271,0.9820411205291748,0.9617552816867828,1655.7195
6272,0.9284082651138306,0.9668346285820008,1655.724
6273,0.9744694232940674,0.9835239112377167,1655.7285
6274,0.980148196220398,1.0241586983203887,1655.733
6275,1.0514483451843262,0.971314549446106,1655.7375
6276,1.0530258417129517,0.943173062801361,1655.742
6277,0.9741539359092712,0.9890764772891998,1655.7465
6278,0.9892973303794861,0.9842179834842681,1655.751
6279,0.9038001894950867,0.9846912086009979,1655.7555
6280,0.9896128177642822,1.0046615719795227,1655.76
6281,1.062174916267395,0.9832399725914002,1655.7645
6282,0.9120028614997864,0.9356329023838044,1655.769
6283,0.942605197429657,0.9574961960315704,1655.7735
6284,1.091515302658081,0.9986042380332947,1655.778
6285,0.9561711549758911,1.0022323191165925,1655.7825
6286,0.8943355679512024,1.0079741895198822,1655.787
6287,0.9186280965805054,0.9637428522109985,1655.7915
6288,1.0602819919586182,1.0209722757339477,1655.796
6289,1.0353585481643677,0.9818518400192261,1655.8005
6290,0.9186280965805054,0.9611242949962616,1655.805
6291,0.9719455242156982,0.9922313690185547,1655.8095
6292,1.0659607648849487,0.9719139754772186,1655.814
6293,0.973522961139679,1.0281338393688202,1655.8185
6294,1.122117519378662,0.9886348187923432,1655.823
6295,0.9870889186859131,0.9830506801605224,1655.8275
6296,1.0325191020965576,0.9893604338169097,1655.832
6297,0.9915057420730591,0.984565019607544,1655.8365
6298,1.0366204977035522,0.9953862428665161,1655.841
6299,0.9460755586624146,1.0033049643039704,1655.8455
6300,1.0612285137176514,0.9952600419521331,1655.85
6301,0.9328250885009766,0.9707151234149933,1655.8545
6302,1.0186376571655273,0.9992667376995087,1655.859
6303,0.9997084140777588,0.9523221969604492,1655.8635
6304,0.9908747673034668,0.9914111018180847,1655.868
6305,1.1470410823822021,0.9387877821922302,1655.8725
6306,1.0186376571655273,1.0051348090171814,1655.877
6307,0.980148196220398,0.9576539397239685,1655.8815
6308,1.0643833875656128,0.9719770610332489,1655.886
6309,0.8952820301055908,0.9842179834842681,1655.8905
6310,1.0672227144241333,1.0009703755378723,1655.895
6311,0.9889818429946899,0.9731128334999084,1655.8995
6312,1.0157983303070068,0.9547199010848999,1655.904
6313,0.9233604669570923,0.9861424624919891,1655.9085
6314,1.0101195573806763,0.9851644515991211,1655.913
6315,0.9981309771537781,0.9860478103160858,1655.9175
6316,0.964689314365387,1.0052294552326202,1655.922
6317,0.9063240885734558,0.9668661653995514,1655.9265
6318,0.9675287008285522,0.9756051659584045,1655.931
6319,0.9075860381126404,0.9724503040313721,1655.9355
6320,0.9612189531326294,1.0045353889465332,1655.94
6321,0.9340870380401611,1.002043032646179,1655.9445
6322,1.0984560251235962,0.9489780247211457,1655.949
6323,0.9362954497337341,0.9678441822528839,1655.9535
6324,0.8798231482505798,0.99270458817482,1655.958
6325,0.9299857020378113,0.9620392143726348,1655.9625
6326,1.0457695722579956,1.0167132019996643,1655.967
6327,0.9101099371910095,0.9580009639263153,1655.9715
6328,0.8552151322364807,0.9656042039394379,1655.976
6329,0.969106137752533,0.964563125371933,1655.9805
6330,1.0858365297317505,0.9896443665027619,1655.985
6331,0.9284082651138306,1.0184799253940582,1655.9895
6332,1.0252629518508911,0.987782996892929,1655.994
6333,0.9479684829711914,0.9637743949890136,1655.9985
6334,0.9927676916122437,0.9601462841033935,1656.003
6335,0.9997084140777588,0.9720086276531219,1656.0075
6336,1.018006682395935,0.9785076677799225,1656.012
6337,0.9435516595840454,1.0020114719867705,1656.0165
6338,0.9299857020378113,0.981126219034195,1656.021
6339,0.9549092054367065,0.981820285320282,1656.0255
6340,0.9738384485244751,0.9893604278564453,1656.03
6341,1.0968785285949707,0.9798327088356018,1656.0345
6342,0.9574331045150757,0.9702418863773346,1656.039
6343,0.9369264245033264,0.9534263908863068,1656.0435
6344,1.0893068313598633,1.013179737329483,1656.048
6345,0.9429206848144531,0.9609350025653839,1656.0525
6346,0.9751003980636597,0.980432140827179,1656.057
6347,1.006649136543274,0.9646577656269073,1656.0615
6348,0.9012762904167175,0.9921998083591461,1656.066
6349,0.971314549446106,0.9914111018180847,1656.0705
6350,0.9047466516494751,0.9720717072486877,1656.075
6351,0.9877198934555054,1.0076586961746217,1656.0795
6352,1.034096598625183,0.9890765011310577,1656.084
6353,1.015482783317566,0.9792332768440246,1656.0885
6354,0.9751003980636597,0.9822935044765473,1656.093
6355,1.0145363807678223,1.0001501083374023,1656.0975
6356,0.931563138961792,1.0043460845947265,1656.102
6357,0.9763623476028442,1.005292546749115,1656.1065
6358,0.9220985174179077,0.9875306069850922,1656.111
6359,1.0113815069198608,0.9645946621894836,1656.1155
6360,1.0038098096847534,0.9679703831672668,1656.12
6361,0.8899187445640564,0.9916319489479065,1656.1245
6362,1.035673975944519,0.9640583336353302,1656.129
6363,1.0098040103912354,0.9481893002986908,1656.1335
6364,1.0258939266204834,1.0063336491584778,1656.138
6365,0.9836185574531555,0.9840917825698853,1656.1425
6366,0.9104254245758057,1.0242533564567566,1656.147
6367,0.9618499279022217,0.9833977162837982,1656.1515
6368,0.8968594670295715,0.9656988739967346,1656.156
6369,1.0053871870040894,0.9788231551647186,1656.1605
6370,0.9350335001945496,0.9775927603244782,1656.165
6371,1.0527102947235107,0.9804321348667144,1656.1695
6372,0.9621654152870178,0.9839971423149109,1656.174
6373,1.0372514724731445,0.9976262032985688,1656.1785
6374,1.027155876159668,1.0124541163444518,1656.183
6375,0.8902342319488525,0.9836501121520996,1656.1875
6376,1.026840329170227,0.9864264011383057,1656.192
6377,0.9255688786506653,1.0082265853881835,1656.1965
6378,0.9391348361968994,0.9914110958576202,1656.201
6379,0.9643738269805908,0.9482208609580993,1656.2055
6380,1.0009703636169434,1.001885288953781,1656.21
6381,1.0195841789245605,0.9758260130882264,1656.2145
6382,0.929354727268219,0.9561396062374115,1656.219
6383,0.8987523913383484,0.9600516438484192,1656.2235
6384,0.9927676916122437,1.0054187417030334,1656.228
6385,1.0785802602767944,0.9443719148635864,1656.2325
6386,1.0284178256988525,0.9727026939392089,1656.237
6387,0.8861328959465027,0.9771510601043701,1656.2415
6388,1.000339388847351,0.9766147196292877,1656.246
6389,1.0274713039398193,1.0012858510017395,1656.2505
6390,1.0016013383865356,1.0065229535102844,1656.255
6391,0.9157887101173401,0.9838394105434418,1656.2595
6392,0.9287237524986267,0.9851960122585297,1656.264
6393,0.9754158854484558,0.9943451225757599,1656.2685
6394,0.9697371125221252,1.0003709495067596,1656.273
6395,0.9451290965080261,0.9552877902984619,1656.2775
6396,0.940396785736084,0.99589102268219,1656.282
6397,0.9593260288238525,0.9811893045902252,1656.2865
6398,0.938188374042511,1.0034311771392823,1656.291
6399,0.9681596755981445,0.9787915945053101,1656.2955
6400,0.9952915906906128,0.9831453323364258,1656.3
6401,0.9369264245033264,0.9739961922168732,1656.3045
6402,1.0678536891937256,0.9974684715270996,1656.309
6403,0.9116873741149902,0.9771826088428497,1656.3135
6404,1.034096598625183,0.9574330925941468,1656.318
6405,0.9605879783630371,0.978507661819458,1656.3225
6406,0.9880353808403015,0.9585372924804687,1656.327
6407,0.9814101457595825,1.006554502248764,1656.3315
6408,0.9388193488121033,0.9681281328201294,1656.336
6409,0.984565019607544,0.9867103338241577,1656.3405
6410,1.0520793199539185,0.9961118578910828,1656.345
6411,0.9908747673034668,0.9561395883560181,1656.3495
6412,0.8949665427207947,0.9947868108749389,1656.354
6413,0.9927676916122437,0.977277261018753,1656.3585
6414,1.0202151536941528,0.9951653897762298,1656.363
6415,0.9870889186859131,0.9706520140171051,1656.3675
6416,0.9432361721992493,0.9981940865516663,1656.372
6417,1.0306261777877808,0.9968059301376343,1656.3765
6418,1.0167447328567505,0.9940927445888519,1656.381
6419,0.9719455242156982,0.9707151174545288,1656.3855
6420,0.9318786263465881,0.9588527917861939,1656.39
6421,1.0142208337783813,0.967717981338501,1656.3945
6422,0.9056931138038635,1.0059866070747376,1656.399
6423,1.01106595993042,1.0160191237926484,1656.4035
6424,0.9350335001945496,0.9738384425640106,1656.408
6425,0.9340870380401611,1.0132743895053864,1656.4125
6426,1.0173757076263428,0.9738699913024902,1656.417
6427,0.9555401802062988,0.9453814685344696,1656.4215
6428,1.0322036743164062,0.9700841426849365,1656.426
6429,1.000339388847351,0.9902122557163239,1656.4305
6430,0.9586950540542603,0.9645631194114686,1656.435
6431,1.035673975944519,0.9414378821849823,1656.4395
6432,1.031257152557373,0.9637743830680847,1656.444
6433,0.9968690276145935,0.9688221931457519,1656.4485
6434,1.0085420608520508,0.9995506942272187,1656.453
6435,1.0498709678649902,0.9955755352973938,1656.4575
6436,0.9542782306671143,0.9807791709899902,1656.462
6437,1.040406346321106,0.977687394618988,1656.4665
6438,0.9413432478904724,0.9924206376075745,1656.471
6439,1.0028632879257202,1.00642831325531,1656.4755
6440,1.0593355894088745,0.9473059415817261,1656.48
6441,1.0883604288101196,0.9746902406215667,1656.4845
6442,0.9795172214508057,1.003872847557068,1656.489
6443,1.034096598625183,0.9620392143726348,1656.4935
6444,0.9113718867301941,0.9918843388557435,1656.498
6445,0.9937141537666321,0.9814417004585266,1656.5025
6446,1.0482934713363647,0.9816309928894043,1656.507
6447,0.9561711549758911,0.9804321467876435,1656.5115
6448,1.0729014873504639,0.9614713430404663,1656.516
6449,1.0618594884872437,1.0013804972171783,1656.5205
6450,0.8984369039535522,1.006964635848999,1656.525
6451,1.0255783796310425,0.9699579477310181,1656.5295
6452,0.8700430393218994,0.9901175975799561,1656.534
6453,1.0848900079727173,0.9989197075366973,1656.5385
6454,0.9681596755981445,0.974500972032547,1656.543
6455,0.9265153408050537,0.9779082357883453,1656.5475
6456,0.9571176171302795,0.9571491539478302,1656.552
6457,0.9116873741149902,0.9555401682853699,1656.5565
6458,0.8788766860961914,0.9831453204154968,1656.561
6459,1.0057027339935303,0.970210337638855,1656.5655
6460,0.9851959943771362,0.9731759190559387,1656.57
6461,0.9804636836051941,0.9813155055046081,1656.5745
6462,0.8782457113265991,0.989013385772705,1656.579
6463,0.9545937180519104,1.0001185536384583,1656.5835
6464,0.8372323513031006,0.9717877805233002,1656.588
6465,0.9539627432823181,0.9762992441654206,1656.5925
6466,1.0438766479492188,0.9791701793670654,1656.597
6467,0.9687906503677368,0.9799589037895202,1656.6015
6468,1.0085420608520508,0.9837132096290588,1656.606
6469,0.9151577353477478,0.987625253200531,1656.6105
6470,1.004756212234497,0.9841548860073089,1656.615
6471,0.975731372833252,1.0028632879257202,1656.6195
6472,1.0486090183258057,0.9597676992416382,1656.624
6473,0.9116873741149902,0.981694084405899,1656.6285
6474,0.9877198934555054,0.9629541158676147,1656.633
6475,0.9287237524986267,0.970368093252182,1656.6375
6476,0.9687906503677368,0.9825459063053131,1656.642
6477,0.9732074737548828,0.9977839529514313,1656.6465
6478,0.9277772903442383,0.9681281328201294,1656.651
6479,0.9312476515769958,0.9585373103618622,1656.6555
6480,0.9593260288238525,0.9781921684741974,1656.66
6481,0.9107409119606018,0.9762046039104462,1656.6645
6482,1.01106595993042,0.9558556556701661,1656.669
6483,1.0176912546157837,0.9525745928287506,1656.6735
6484,0.8987523913383484,0.9924206554889679,1656.678
6485,1.0123279094696045,0.976583194732666,1656.6825
6486,1.0189532041549683,0.9888556599617004,1656.687
6487,0.9372419118881226,0.9702734351158142,1656.6915
6488,0.9656357765197754,0.9633958220481873,1656.696
6489,1.0574426651000977,1.0007810711860656,1656.7005
6490,1.0785802602767944,0.9953231573104858,1656.705
6491,0.9268308281898499,1.0019483804702758,1656.7095
6492,0.8791921734809875,1.0141261994838715,1656.714
6493,1.0602819919586182,0.9982256233692169,1656.7185
6494,1.0221080780029297,1.0185745775699615,1656.723
6495,0.9435516595840454,0.9894550740718842,1656.7275
6496,0.9851959943771362,0.9786338627338409,1656.732
6497,0.9113718867301941,0.9881931185722351,1656.7365
6498,1.0104349851608276,0.9604933261871338,1656.741
6499,1.0744789838790894,0.9945975363254547,1656.7455
6500,0.9129493236541748,0.9653202950954437,1656.75
6501,0.9186280965805054,1.0038097620010376,1656.7545
6502,1.004756212234497,0.9851329147815704,1656.759
6503,1.0956165790557861,1.0106243014335632,1656.7635
6504,0.984565019607544,0.993808799982071,1656.768
6505,1.0877294540405273,0.9790124416351318,1656.7725
6506,0.9583795666694641,0.9673709511756897,1656.777
6507,0.9334560632705688,0.9805898666381836,1656.7815
6508,0.9593260288238525,0.9632696211338043,1656.786
6509,1.0322036743164062,0.9855430245399475,1656.7905
6510,0.9394503235816956,0.9936195194721222,1656.795
6511,1.0142208337783813,0.9687275469303132,1656.7995
6512,0.9340870380401611,1.0149780094623566,1656.804
6513,0.9460755586624146,0.968412059545517,1656.8085
6514,0.9933986663818359,0.9815994381904602,1656.813
6515,1.0640678405761719,0.9819149136543274,1656.8175
6516,1.0350430011749268,0.9640583276748658,1656.822
6517,0.9479684829711914,1.0015067040920258,1656.8265
6518,0.951438844203949,0.9707466661930084,1656.831
6519,0.9851959943771362,0.9802428424358368,1656.8355
6520,1.0735324621200562,0.9726080417633056,1656.84
6521,0.9732074737548828,0.9490095853805542,1656.8445
6522,1.0454541444778442,1.0157036244869233,1656.849
6523,1.040090799331665,0.9649416923522949,1656.8535
6524,0.908847987651825,1.0116969406604768,1656.858
6525,1.0113815069198608,0.9741539359092712,1656.8625
6526,1.0274713039398193,0.9864264070987702,1656.867
6527,0.9956070780754089,0.9679703891277314,1656.8715
6528,0.915473222732544,0.9864895045757294,1656.876
6529,1.0716395378112793,1.0242218017578124,1656.8805
6530,1.0347275733947754,0.9791386306285859,1656.885
6531,0.9504923820495605,0.9410908341407775,1656.8895
6532,0.862471342086792,0.9802743911743164,1656.894
6533,0.980148196220398,1.0126118540763855,1656.8985
6534,1.028733253479004,1.0077533662319182,1656.903
6535,1.0072801113128662,0.9846912205219269,1656.9075
6536,0.9867734313011169,0.9811262011528015,1656.912
6537,1.0161137580871582,1.0042829871177674,1656.9165
6538,1.031257152557373,1.0098986685276032,1656.921
6539,0.9814101457595825,1.0435927391052247,1656.9255
6540,0.8892877697944641,1.0069015264511108,1656.93
6541,1.026840329170227,0.976015317440033,1656.9345
6542,0.9208365678787231,0.974500960111618,1656.939
6543,1.0113815069198608,0.9624178111553192,1656.9435
6544,1.0009703636169434,0.9538365364074707,1656.948
6545,0.9864579439163208,0.999077445268631,1656.9525
6546,0.969106137752533,0.9699264109134674,1656.957
6547,0.9593260288238525,0.9611873924732208,1656.9615
6548,0.9908747673034668,0.976425439119339,1656.966
6549,0.9508078694343567,0.979327940940857,1656.9705
6550,0.9416587352752686,1.0101826012134552,1656.975
6551,1.0388288497924805,0.9630172252655029,1656.9795
6552,0.8993833661079407,0.9537103474140167,1656.984
6553,0.9965535402297974,0.9681596636772156,1656.9885
6554,0.9596415162086487,0.9676233410835267,1656.993
6555,0.9782552719116211,0.9787285029888153,1656.9975
6556,1.042930245399475,0.9720401644706727,1657.002
6557,0.9284082651138306,0.9659828186035156,1657.0065
6558,0.9410277605056763,1.003210335969925,1657.011
6559,1.0293642282485962,1.0044722855091095,1657.0155
6560,0.9325096011161804,0.9964589059352875,1657.02
6561,0.929354727268219,0.9830822288990021,1657.0245
6562,0.9965535402297974,0.9937772452831268,1657.029
6563,1.0552341938018799,0.9820726811885834,1657.0335
6564,0.8637332916259766,0.9900860607624054,1657.038
6565,0.9785707592964172,0.97506884932518,1657.0425
6566,0.9933986663818359,0.959294468164444,1657.047
6567,1.1044502258300781,0.9376520276069641,1657.0515
6568,0.942605197429657,0.9593891143798828,1657.056
6569,1.0766873359680176,0.9730497241020203,1657.0605
6570,1.1315821409225464,0.9736806988716126,1657.065
6571,0.9107409119606018,0.953899621963501,1657.0695
6572,1.0262093544006348,0.9937457144260406,1657.074
6573,0.9634273648262024,0.9550984978675843,1657.0785
6574,0.8814005851745605,0.9683174073696137,1657.083
6575,1.0350430011749268,0.9828298509120941,1657.0875
6576,1.0347275733947754,0.9759206593036651,1657.092
6577,1.0012859106063843,0.9836816549301147,1657.0965
6578,0.8851864337921143,0.9782868087291717,1657.101
6579,0.9697371125221252,0.983208417892456,1657.1055
6580,0.9927676916122437,0.9501768767833709,1657.11
6581,0.9930831789970398,0.9563604474067688,1657.1145
6582,0.9268308281898499,0.9689483940601349,1657.119
6583,0.893389105796814,0.9676233351230621,1657.1235
6584,1.03598952293396,0.9934302270412445,1657.128
6585,0.9410277605056763,0.9928938984870911,1657.1325
6586,0.9889818429946899,0.9909063160419465,1657.137
6587,1.065014362335205,0.9989512383937835,1657.1415
6588,0.9429206848144531,0.966897714138031,1657.146
6589,1.0378824472427368,0.950870954990387,1657.1505
6590,0.96689772605896,0.9614082336425781,1657.155
6591,1.0129588842391968,0.9577485918998718,1657.1595
6592,0.9631118774414062,0.9617552697658539,1657.164
6593,0.9694216251373291,0.9610296547412872,1657.1685
6594,1.0085420608520508,0.9556663632392883,1657.173
6595,0.9350335001945496,0.9650994420051575,1657.1775
6596,0.9485994577407837,0.9814732611179352,1657.182
6597,1.009173035621643,0.9841864287853241,1657.1865
6598,0.9915057420730591,0.9677179872989654,1657.191
6599,1.0549187660217285,0.9685382604598999,1657.1955
6600,0.9246224164962769,0.9519436120986938,1657.2
6601,1.0479780435562134,0.9643107414245605,1657.2045
6602,1.0006548166275024,0.9714722871780396,1657.209
6603,0.9340870380401611,0.9519436120986938,1657.2135
6604,0.9943451285362244,1.0055449426174163,1657.218
6605,0.9924522042274475,1.0143786072731018,1657.2225
6606,1.0290488004684448,0.983050674200058,1657.227
6607,1.013589859008789,0.9668977200984955,1657.2315
6608,0.9681596755981445,1.0035258114337922,1657.236
6609,0.9798327088356018,0.9783499300479889,1657.2405
6610,0.9290392398834229,0.9900545120239258,1657.245
6611,0.9479684829711914,0.9886032581329346,1657.2495
6612,0.9104254245758057,1.0034942746162414,1657.254
6613,1.0325191020965576,0.9738384306430816,1657.2585
6614,1.0325191020965576,0.982230418920517,1657.263
6615,1.0038098096847534,0.9702103316783905,1657.2675
6616,1.08015775680542,0.9745956242084504,1657.272
6617,1.0195841789245605,1.0014751613140107,1657.2765
6618,1.0255783796310425,0.9918527841567993,1657.281
6619,1.049239993095398,0.9856061398983001,1657.2855
6620,1.0236854553222656,1.0079110860824585,1657.29
6621,0.8930736184120178,1.000497144460678,1657.2945
6622,1.065014362335205,0.9670870184898377,1657.299
6623,1.053341269493103,0.994408231973648,1657.3035
6624,0.8795076608657837,0.9778766810894013,1657.308
6625,1.118016242980957,0.9583795666694641,1657.3125
6626,0.9763623476028442,0.9712514460086823,1657.317
6627,0.9331405758857727,0.963869035243988,1657.3215
6628,1.0457695722579956,0.964279180765152,1657.326
6629,0.8990678787231445,0.993808799982071,1657.3305
6630,0.9990774393081665,0.9560133934020996,1657.335
6631,1.0167447328567505,0.9702103316783905,1657.3395
6632,0.9908747673034668,0.974217027425766,1657.344
6633,1.004756212234497,1.017848950624466,1657.3485
6634,0.9527007937431335,0.9740277409553528,1657.353
6635,0.9126338362693787,1.0032734334468842,1657.3575
6636,0.9659512639045715,0.9925468564033508,1657.362
6637,1.0025478601455688,0.9840602338314056,1657.3665
6638,0.9410277605056763,0.9751950562000274,1657.371
6639,0.9675287008285522,0.9599885404109955,1657.3755
6640,0.9145267605781555,0.9554770767688752,1657.38
6641,1.0145363807678223,0.9581271708011627,1657.3845
6642,1.009488582611084,0.9929569959640503,1657.389
6643,1.040090799331665,0.9952600359916687,1657.3935
6644,1.0725860595703125,0.9708413124084473,1657.398
6645,0.9239914417266846,0.9940612018108368,1657.4025
6646,0.9372419118881226,0.9795172214508057,1657.407
6647,1.0016013383865356,1.019710326194763,1657.4115
6648,1.01390540599823,0.9877198994159698,1657.416
6649,0.9621654152870178,0.9696108996868134,1657.4205
6650,1.0653297901153564,0.9997084140777588,1657.425
6651,0.973522961139679,1.0070277333259583,1657.4295
6652,0.9533317685127258,0.9679388165473938,1657.434
6653,0.984565019607544,0.9753527700901031,1657.4385
6654,0.9372419118881226,0.9739961802959443,1657.443
6655,1.0306261777877808,0.9742801189422607,1657.4475
6656,0.8530067205429077,1.0068699955940246,1657.452
6657,1.0123279094696045,0.9933671236038208,1657.4565
6658,0.9732074737548828,0.9860162854194641,1657.461
6659,1.093092679977417,0.9701472461223603,1657.4655
6660,0.9886663556098938,1.0060181736946106,1657.47
6661,1.0703775882720947,1.0138107120990754,1657.4745
6662,1.046400547027588,0.9892657935619354,1657.479
6663,1.0994024276733398,0.9907801449298859,1657.4835
6664,0.9694216251373291,0.9595468580722809,1657.488
6665,1.0438766479492188,0.9746902704238891,1657.4925
6666,0.9993929266929626,0.9810000121593475,1657.497
6667,0.9732074737548828,0.9753527939319611,1657.5015
6668,0.9798327088356018,1.0006548821926118,1657.506
6669,1.0230544805526733,0.9876883327960968,1657.5105
6670,0.8706740140914917,1.0086998105049134,1657.515
6671,0.8817160725593567,1.0020114839076997,1657.5195
6672,1.0852055549621582,0.9888241171836853,1657.524
6673,0.9520698189735413,0.96897993683815,1657.5285
6674,0.9839340448379517,1.0037782192230225,1657.533
6675,1.0435612201690674,0.9518174231052399,1657.5375
6676,0.9467065334320068,0.9668346285820008,1657.542
6677,1.0325191020965576,1.0042829811573029,1657.5465
6678,1.0164293050765991,0.9962065100669861,1657.551
6679,0.9467065334320068,1.004472291469574,1657.5555
6680,0.8479589223861694,0.9756682574748993,1657.56
6681,1.0924617052078247,1.0086998045444489,1657.5645
6682,0.915473222732544,0.9872782051563262,1657.569
6683,1.006649136543274,0.9802428364753724,1657.5735
6684,0.9634273648262024,1.0078164517879487,1657.578
6685,0.9299857020378113,0.9793910324573517,1657.5825
6686,0.9760468602180481,0.960398668050766,1657.587
6687,0.9782552719116211,0.9752581298351288,1657.5915
6688,0.9728919863700867,0.9823881566524506,1657.596
6689,0.8959130048751831,0.9741539239883423,1657.6005
6690,0.8754063248634338,0.981567895412445,1657.605
6691,0.9432361721992493,0.9649101436138153,1657.6095
6692,0.9867734313011169,0.9742485702037811,1657.614
6693,1.0407217741012573,0.9810000121593475,1657.6185
6694,0.9659512639045715,0.966235202550888,1657.623
6695,0.9138957858085632,0.9652256369590759,1657.6275
6696,1.034096598625183,0.9730497241020203,1657.632
6697,0.9653202891349792,0.9600831925868988,1657.6365
6698,0.9101099371910095,0.9579063296318054,1657.641
6699,1.0520793199539185,1.0020745813846588,1657.6455
6700,1.0098040103912354,0.9923891186714172,1657.65
6701,0.9886663556098938,0.9622600555419922,1657.6545
6702,0.9716300368309021,0.9641529798507691,1657.659
6703,0.9993929266929626,0.9947552621364594,1657.6635
6704,0.9410277605056763,0.9736176073551178,1657.668
6705,1.038513422012329,0.967055469751358,1657.6725
6706,1.0514483451843262,0.9538996338844299,1657.677
6707,1.071324110031128,0.9728288948535919,1657.6815
6708,1.0804731845855713,0.9449713289737701,1657.686
6709,0.9495459198951721,0.974343228340149,1657.6905
6710,0.8987523913383484,0.9602724850177765,1657.695
6711,0.9892973303794861,0.9863002061843872,1657.6995
6712,0.9258843660354614,0.981694084405899,1657.704
6713,0.9217830300331116,0.969674015045166,1657.7085
6714,0.971314549446106,1.003368091583252,1657.713
6715,0.9621654152870178,0.9834608197212219,1657.7175
6716,0.9593260288238525,0.9829875886440277,1657.722
6717,0.9552246928215027,0.9575592875480652,1657.7265
6718,1.0164293050765991,0.9721032559871674,1657.731
6719,1.0407217741012573,0.9786654114723206,1657.7355
6720,0.9416587352752686,0.9915372967720032,1657.74
6721,1.0041252374649048,0.9814417064189911,1657.7445
6722,1.0646988153457642,1.0057342410087586,1657.749
6723,0.9637428522109985,0.9741854906082154,1657.7535
6724,1.0157983303070068,1.009267693758011,1657.758
6725,0.9564866423606873,0.9826721012592315,1657.7625
6726,1.0262093544006348,0.9890764892101288,1657.767
6727,0.960272490978241,0.9974053621292114,1657.7715
6728,0.9609034657478333,0.9849751591682434,1657.776
6729,1.1044502258300781,0.9541204631328583,1657.7805
6730,0.9949761033058167,1.000623345375061,1657.785
6731,1.0867829322814941,0.9676864266395568,1657.7895
6732,1.0088576078414917,1.027818363904953,1657.794
6733,1.084574580192566,0.9663614094257355,1657.7985
6734,0.908847987651825,0.965383380651474,1657.803
6735,1.0662763118743896,0.9924206495285034,1657.8075
6736,0.9441826343536377,1.0052925527095795,1657.812
6737,0.9694216251373291,0.989959853887558,1657.8165
6738,1.0173757076263428,0.9575592815876007,1657.821
6739,0.9079015254974365,0.9649101555347442,1657.8255
6740,0.9747849106788635,0.978097528219223,1657.83
6741,0.9987619519233704,0.9867734372615814,1657.8345
6742,1.041983723640442,1.001191210746765,1657.839
6743,1.0363049507141113,0.9866787850856781,1657.8435
6744,0.9773088097572327,0.9899282991886139,1657.848
6745,0.871304988861084,0.9796434223651886,1657.8525
6746,0.9334560632705688,0.9803059339523316,1657.857
6747,1.0034942626953125,0.9732390284538269,1657.8615
6748,1.0034942626953125,0.9559818625450134,1657.866
6749,0.9732074737548828,0.9873728692531586,1657.8705
6750,1.0034942626953125,0.9658250689506531,1657.875
6751,0.9788862466812134,0.9458231568336487,1657.8795
6752,0.9252533912658691,0.9845334708690643,1657.884
6753,0.9795172214508057,0.9719139814376831,1657.8885
6754,0.8113623857498169,0.9704627335071564,1657.893
6755,0.9908747673034668,0.9892026782035828,1657.8975
6756,0.8820315599441528,0.98734130859375,1657.902
6757,0.9151577353477478,1.0033049881458282,1657.9065
6758,1.0422992706298828,0.9799273550510407,1657.911
6759,1.0098040103912354,0.9655095756053924,1657.9155
6760,0.9971845149993896,0.9876252591609955,1657.92
6761,0.9905592799186707,0.9723241031169891,1657.9245
6762,0.975731372833252,0.9799273610115051,1657.929
6763,0.9659512639045715,0.9462332785129547,1657.9335
6764,1.0192686319351196,0.9585688471794128,1657.938
6765,1.066907286643982,0.9802112996578216,1657.9425
6766,0.9277772903442383,0.9892657816410064,1657.947
6767,1.0643833875656128,0.9985095739364624,1657.9515
6768,0.9533317685127258,0.9629856765270233,1657.956
6769,0.975731372833252,1.0008441805839539,1657.9605
6770,1.0053871870040894,0.9620392143726348,1657.965
6771,0.9306166768074036,1.0012227654457093,1657.9695
6772,0.9413432478904724,0.9844388246536255,1657.974
6773,0.9902437925338745,1.0081003844738006,1657.9785
6774,1.0249474048614502,0.9780028939247132,1657.983
6775,0.9467065334320068,0.9926730453968048,1657.9875
6776,1.0063337087631226,0.9506501138210297,1657.992
6777,1.047347068786621,0.9834292531013489,1657.9965
6778,0.9041156768798828,0.978507661819458,1658.001
6779,0.9905592799186707,0.9808107078075409,1658.0055
6780,1.0416682958602905,0.9945659697055816,1658.01
6781,1.0142208337783813,0.9991089880466462,1658.0145
6782,0.9959225654602051,0.9411539375782013,1658.019
6783,1.013589859008789,0.9880038201808929,1658.0235
6784,1.0530258417129517,0.9437724828720093,1658.028
6785,1.0681692361831665,0.9774665594100952,1658.0325
6786,0.971314549446106,0.9800535440444946,1658.037
6787,1.0000238418579102,0.9702418744564056,1658.0415
6788,0.9485994577407837,1.0052294433116913,1658.046
6789,1.024316430091858,0.9925153017044067,1658.0505
6790,1.0186376571655273,0.9856692314147949,1658.055
6791,0.9397658109664917,1.0157982885837555,1658.0595
6792,0.9732074737548828,0.9808107376098633,1658.064
6793,0.9549092054367065,0.9730812728404998,1658.0685
6794,0.8930736184120178,0.967055469751358,1658.073
6795,0.8902342319488525,0.9737438142299653,1658.0775
6796,0.96689772605896,0.9755420804023742,1658.082
6797,1.0028632879257202,1.0025793671607972,1658.0865
6798,0.9883508682250977,0.9694847285747528,1658.091
6799,1.004756212234497,0.9854483723640441,1658.0955
6800,0.8479589223861694,0.9821988701820373,1658.1
6801,0.9366109371185303,0.9991405427455902,1658.1045
6802,1.0274713039398193,0.9788862407207489,1658.109
6803,0.9618499279022217,0.9754789769649506,1658.1135
6804,1.0770028829574585,1.0179436087608338,1658.118
6805,1.0971940755844116,0.9821042120456696,1658.1225
6806,0.9773088097572327,0.9804636895656585,1658.127
6807,0.9479684829711914,0.9794541239738465,1658.1315
6808,1.0249474048614502,0.9934617757797242,1658.136
6809,0.9965535402297974,0.9608719229698182,1658.1405
6810,0.9419742226600647,0.987782996892929,1658.145
6811,0.9839340448379517,1.0211615800857543,1658.1495
6812,0.9385038614273071,0.99298854470253,1658.154
6813,0.9741539359092712,0.9513126373291015,1658.1585
6814,0.9946606159210205,1.0204044163227082,1658.163
6815,0.982356607913971,0.9842810869216919,1658.1675
6816,0.9627963900566101,0.9858269631862641,1658.172
6817,0.8899187445640564,0.9977208375930786,1658.1765
6818,0.8877103328704834,0.9335191428661347,1658.181
6819,0.8649952411651611,0.9748795509338379,1658.1855
6820,0.9394503235816956,0.9766462743282318,1658.19
6821,0.9170506596565247,1.00860515832901,1658.1945
6822,1.0000238418579102,0.9916004061698913,1658.199
6823,1.03315007686615,0.995638632774353,1658.2035
6824,1.0852055549621582,0.9746587097644805,1658.208
6825,0.9422897100448608,0.9627332746982574,1658.2125
6826,0.915473222732544,1.007469403743744,1658.217
6827,0.849220871925354,0.9665822267532349,1658.2215
6828,0.9060086011886597,0.9746902704238891,1658.226
6829,1.0057027339935303,0.9790124416351318,1658.2305
6830,0.8927581310272217,0.9800850927829743,1658.235
6831,0.9798327088356018,0.9518805265426635,1658.2395
6832,1.0968785285949707,0.9804321348667144,1658.244
6833,0.9899283051490784,1.018101340532303,1658.2485
6834,1.0574426651000977,0.9824827969074249,1658.253
6835,1.0634368658065796,1.0018221855163574,1658.2575
6836,0.9826720952987671,1.0062074840068818,1658.262
6837,0.9792017340660095,0.986647230386734,1658.2665
6838,0.9836185574531555,0.9804321348667144,1658.271
6839,1.0823661088943481,0.9731759130954742,1658.2755
6840,1.01390540599823,0.9932409167289734,1658.28
6841,1.1218020915985107,1.0034627199172974,1658.2845
6842,0.947022020816803,0.9503030836582184,1658.289
6843,0.9877198934555054,0.9906223773956299,1658.2935
6844,1.0145363807678223,1.0076587080955506,1658.298
6845,1.0823661088943481,0.995386254787445,1658.3025
6846,0.9482839703559875,0.9585057497024536,1658.307
6847,1.0132744312286377,0.9450659811496734,1658.3115
6848,0.9385038614273071,1.0040621340274811,1658.316
6849,1.0012859106063843,0.9739961922168732,1658.3205
6850,1.0057027339935303,0.9880984902381897,1658.325
6851,0.9517543315887451,1.010939782857895,1658.3295
6852,1.031257152557373,0.9965850949287415,1658.334
6853,1.013589859008789,0.9674655973911286,1658.3385
6854,0.8937045931816101,0.9898021042346954,1658.343
6855,0.9864579439163208,0.9877514362335205,1658.3475
6856,0.9479684829711914,0.9419741988182068,1658.352
6857,0.8873948454856873,0.9743747711181641,1658.3565
6858,0.8788766860961914,0.9683489680290223,1658.361
6859,0.9429206848144531,0.9829560279846191,1658.3655
6860,1.0792112350463867,0.9799904465675354,1658.37
6861,0.9454445838928223,0.9807791650295258,1658.3745
6862,0.9489149451255798,0.9825143396854401,1658.379
6863,0.9908747673034668,1.0054818451404572,1658.3835
6864,0.9896128177642822,1.0079111099243163,1658.388
6865,0.940396785736084,0.9637428522109985,1658.3925
6866,1.0069646835327148,0.9975946485996247,1658.397
6867,1.031572699546814,0.9513441801071167,1658.4015
6868,1.013589859008789,0.9941242933273315,1658.406
6869,0.9795172214508057,0.9841548800468445,1658.4105
6870,1.0378824472427368,0.9777189433574677,1658.415
6871,0.9362954497337341,0.9872782170772553,1658.4195
6872,0.975731372833252,0.9802428483963013,1658.424
6873,0.94481360912323,0.97834991812706,1658.4285
6874,0.9940296411514282,0.9460124492645263,1658.433
6875,1.069431185722351,0.9732074737548828,1658.4375
6876,0.9820411205291748,0.95298473238945,1658.442
6877,0.977939784526825,1.0030210316181183,1658.4465
6878,1.0861519575119019,1.0006233155727386,1658.451
6879,1.0697466135025024,0.9765200853347779,1658.4555
6880,0.9899283051490784,0.9748164594173432,1658.46
6881,0.9583795666694641,1.0060812771320342,1658.4645
6882,1.0126434564590454,0.9908432185649871,1658.469
6883,0.9063240885734558,1.0018537402153016,1658.4735
6884,1.0202151536941528,0.9728919804096222,1658.478
6885,0.9161041975021362,0.9725449442863464,1658.4825
6886,1.0766873359680176,1.0082896828651429,1658.487
6887,1.0820506811141968,0.9820726692676545,1658.4915
6888,0.9309321641921997,0.9798011600971221,1658.496
6889,0.9694216251373291,0.9915057480335235,1658.5005
6890,0.9195745587348938,0.9585688471794128,1658.505
6891,0.9467065334320068,0.9822935163974762,1658.5095
6892,0.9697371125221252,0.9533002138137817,1658.514
6893,0.9429206848144531,0.9903699934482575,1658.5185
6894,1.026840329170227,0.9788547039031983,1658.523
6895,1.0306261777877808,0.9864579379558563,1658.5275
6896,0.9407122731208801,0.9827352046966553,1658.532
6897,1.0413527488708496,1.006239014863968,1658.5365
6898,0.9700525999069214,1.0027371048927307,1658.541
6899,0.9366109371185303,0.9668346107006073,1658.5455
6900,0.9747849106788635,0.9710936903953552,1658.55
6901,1.015482783317566,1.0074063122272492,1658.5545
6902,0.8905497193336487,0.960272490978241,1658.559
6903,0.9769933223724365,0.9993298411369324,1658.5635
6904,0.9725764989852905,0.9775927543640137,1658.568
6905,0.9741539359092712,0.9863002121448516,1658.5725
6906,0.9328250885009766,0.9757629215717316,1658.577
6907,0.9997084140777588,1.002547812461853,1658.5815
6908,1.1448326110839844,0.9905908286571503,1658.586
6909,1.0281022787094116,0.9810315668582916,1658.5905
6910,0.975731372833252,0.980589872598648,1658.595
6911,1.0804731845855713,0.9893288910388947,1658.5995
6912,0.9031692147254944,0.9461386442184448,1658.604
6913,0.9826720952987671,0.9884455144405365,1658.6085
6914,0.9716300368309021,0.987877631187439,1658.613
6915,1.0113815069198608,0.9807476282119751,1658.6175
6916,1.0041252374649048,0.9618183672428131,1658.622
6917,0.9306166768074036,0.9893919885158539,1658.6265
6918,1.1028728485107422,0.9794225692749023,1658.631
6919,1.0123279094696045,0.959294468164444,1658.6355
6920,0.9744694232940674,0.9920736253261566,1658.64
6921,0.9596415162086487,0.9728604435920716,1658.6445
6922,0.9451290965080261,0.982104218006134,1658.649
6923,0.9429206848144531,0.9703049898147583,1658.6535
6924,0.9142112731933594,0.9693269610404969,1658.658
6925,0.9331405758857727,0.9918843269348144,1658.6625
6926,1.0555497407913208,0.9993298351764679,1658.667
6927,0.984565019607544,0.9672132074832916,1658.6715
6928,0.9517543315887451,0.9587266027927399,1658.676
6929,0.9804636836051941,0.9889818549156189,1658.6805
6930,1.049239993095398,1.0247581243515014,1658.685
6931,1.1394693851470947,0.9733652234077453,1658.6895
6932,0.9962380528450012,0.9686644613742829,1658.694
6933,0.8457505106925964,0.9706520199775696,1658.6985
6934,0.9410277605056763,0.9813154876232147,1658.703
6935,1.0511329174041748,1.0036204636096955,1658.7075
6936,0.9498614072799683,0.993020099401474,1658.712
6937,0.9091634750366211,0.9833661794662476,1658.7165
6938,0.9378728866577148,0.9796118855476379,1658.721
6939,0.9385038614273071,0.9645000278949738,1658.7255
6940,0.9296702146530151,0.9751635015010833,1658.73
6941,0.9829875826835632,0.9690114796161652,1658.7345
6942,0.9640583395957947,0.9501768827438355,1658.739
6943,0.9867734313011169,0.9975631177425385,1658.7435
6944,0.9662667512893677,1.0075325191020965,1658.748
6945,0.7990583777427673,0.9841233432292938,1658.7525
6946,1.0104349851608276,0.9977839469909668,1658.757
6947,0.8864483833312988,0.9619445681571961,1658.7615
6948,0.958064079284668,1.006302112340927,1658.766
6949,1.0628058910369873,0.9870258271694183,1658.7705
6950,0.9700525999069214,1.0066176116466523,1658.775
6951,0.9388193488121033,0.980148196220398,1658.7795
6952,1.0075956583023071,0.9659828066825866,1658.784
6953,1.0057027339935303,0.9755105316638947,1658.7885
6954,0.9277772903442383,0.9935248553752899,1658.793
6955,0.8763527870178223,1.0162715196609498,1658.7975
6956,0.9517543315887451,0.9531740188598633,1658.802
6957,0.9344025254249573,1.0082896828651429,1658.8065
6958,1.0344120264053345,0.9655726730823517,1658.811
6959,0.8962284922599792,0.9574961960315704,1658.8155
6960,1.0176912546157837,0.992736142873764,1658.82
6961,0.8987523913383484,0.9985095798969269,1658.8245
6962,0.9176816344261169,0.9648470520973206,1658.829
6963,0.9990774393081665,0.9935879707336426,1658.8335
6964,1.0495554208755493,1.0035258412361145,1658.838
6965,0.9438671469688416,1.0012227654457093,1658.8425
6966,0.9290392398834229,0.9714091897010804,1658.847
6967,0.9227294921875,0.9658881604671479,1658.8515
6968,1.0072801113128662,0.9871520161628723,1658.856
6969,0.9369264245033264,0.9804636836051941,1658.8605
6970,1.019899606704712,1.009425449371338,1658.865
6971,1.0221080780029297,1.0112552642822266,1658.8695
6972,1.0148518085479736,1.002106136083603,1658.874
6973,1.0347275733947754,0.9777505040168762,1658.8785
6974,0.87572181224823,0.9811262130737305,1658.883
6975,1.1038192510604858,0.9976577520370483,1658.8875
6976,1.0060181617736816,0.9759837687015533,1658.892
6977,0.9214675426483154,0.9818833708763123,1658.8965
6978,1.0113815069198608,1.0154512465000152,1658.901
6979,0.9347180128097534,0.9526376843452453,1658.9055
6980,0.8896032571792603,0.9629856646060944,1658.91
6981,0.9261998534202576,0.9549722850322724,1658.9145
6982,0.964689314365387,0.9483155071735382,1658.919
6983,0.9899283051490784,1.0037151217460631,1658.9235
6984,0.9732074737548828,0.9814416944980622,1658.928
6985,1.0968785285949707,0.9827036499977112,1658.9325
6986,1.0173757076263428,0.9941242933273315,1658.937
6987,1.0157983303070068,0.962480902671814,1658.9415
6988,0.9612189531326294,0.9858900547027588,1658.946
6989,1.0542877912521362,0.97062047123909,1658.9505
6990,1.022739052772522,0.9956701755523681,1658.955
6991,0.9586950540542603,1.0198680877685546,1658.9595
6992,0.9545937180519104,0.9830506801605224,1658.964
6993,0.9230449795722961,0.9621654093265534,1658.9685
6994,0.9728919863700867,0.9875306010246276,1658.973
6995,0.9618499279022217,0.9533002138137817,1658.9775
6996,1.0817351341247559,0.976993304491043,1658.982
6997,1.0426146984100342,0.9681596696376801,1658.9865
6998,1.047347068786621,0.9625755548477173,1658.991
6999,1.047347068786621,0.9580956220626831,1658.9955
7000,0.9375573992729187,0.9778766930103302,1659.0
7001,0.9375573992729187,1.0200573682785035,1659.0045
7002,0.9612189531326294,1.0160191178321838,1659.009
7003,0.9962380528450012,0.9862055540084839,1659.0135
7004,0.9457600712776184,0.9622600436210632,1659.018
7005,0.8937045931816101,1.0158613801002503,1659.0225
7006,1.0539722442626953,0.9747533559799194,1659.027
7007,0.9653202891349792,1.0092361450195313,1659.0315
7008,0.9444981217384338,0.9604617655277252,1659.036
7009,0.9306166768074036,0.995102322101593,1659.0405
7010,0.8902342319488525,0.99106405377388,1659.045
7011,0.9527007937431335,0.9839340567588806,1659.0495
7012,0.9041156768798828,0.9821357667446137,1659.054
7013,1.002232313156128,0.9566759288311004,1659.0585
7014,0.9391348361968994,0.9741223871707916,1659.063
7015,0.9990774393081665,1.0204990744590758,1659.0675
7016,1.0173757076263428,1.0228336572647094,1659.072
7017,0.9990774393081665,1.0022007703781128,1659.0765
7018,0.953647255897522,0.9742170214653015,1659.081
7019,1.0773183107376099,1.0183537483215332,1659.0855
7020,0.971314549446106,1.007690280675888,1659.09
7021,0.9984464645385742,1.0013489603996277,1659.0945
7022,0.8135707974433899,0.9664244771003723,1659.099
7023,0.931563138961792,0.9569283187389374,1659.1035
7024,1.0530258417129517,0.9767093777656555,1659.108
7025,0.8719359636306763,0.985543030500412,1659.1125
7026,0.9416587352752686,1.011223715543747,1659.117
7027,1.0552341938018799,0.988603264093399,1659.1215
7028,1.0413527488708496,1.0130219995975493,1659.126
7029,0.9549092054367065,0.9781921744346619,1659.1305
7030,0.9962380528450012,1.0097093820571899,1659.135
7031,0.8918116688728333,0.9864579498767853,1659.1395
7032,0.9937141537666321,1.0002762913703918,1659.144
7033,0.9782552719116211,0.9918212234973908,1659.1485
7034,0.9034847021102905,0.972387182712555,1659.153
7035,0.9394503235816956,0.9867734491825104,1659.1575
7036,0.8940200805664062,0.976299250125885,1659.162
7037,1.031257152557373,0.9534579575061798,1659.1665
7038,1.1249569654464722,0.9766778349876404,1659.171
7039,0.9438671469688416,0.9659828066825866,1659.1755
7040,0.8924426436424255,0.9884139597415924,1659.18
7041,0.9826720952987671,0.9646262049674987,1659.1845
7042,1.0833126306533813,0.9695478081703186,1659.189
7043,1.0031788349151611,0.9480631113052368,1659.1935
7044,0.9634273648262024,0.9875306069850922,1659.198
7045,0.8965439796447754,1.0194263875484466,1659.2025
7046,0.9501768946647644,0.9855430364608765,1659.207
7047,0.9552246928215027,0.9679703712463379,1659.2115
7048,0.9545937180519104,1.0035573601722718,1659.216
7049,0.8918116688728333,1.0123594641685485,1659.2205
7050,0.9697371125221252,0.9987304091453553,1659.225
7051,0.9918212294578552,0.9875621616840362,1659.2295
7052,0.9728919863700867,1.010813581943512,1659.234
7053,1.0173757076263428,0.9834292650222778,1659.2385
7054,0.9915057420730591,0.9796434164047241,1659.243
7055,0.9732074737548828,0.9843441784381867,1659.2475
7056,0.9851959943771362,0.9919158756732941,1659.252
7057,0.9687906503677368,1.002011489868164,1659.2565
7058,0.9485994577407837,0.9912849128246307,1659.261
7059,1.0322036743164062,0.9704311728477478,1659.2655
7060,0.9911902546882629,0.9617552638053894,1659.27
7061,0.9984464645385742,1.0015697956085206,1659.2745
7062,1.0432456731796265,0.9933355808258056,1659.279
7063,0.9968690276145935,0.9936825931072235,1659.2835
7064,0.908847987651825,0.9576854825019836,1659.288
7065,1.0378824472427368,0.9830822288990021,1659.2925
7066,0.9933986663818359,1.0008441746234893,1659.297
7067,0.929354727268219,0.9980363309383392,1659.3015
7068,0.9508078694343567,0.9818202733993531,1659.306
7069,1.0281022787094116,0.9892342388629913,1659.3105
7070,1.0460851192474365,0.9595468521118165,1659.315
7071,1.0085420608520508,0.9660459041595459,1659.3195
7072,0.9946606159210205,0.9967428505420685,1659.324
7073,0.8728824257850647,1.0060812771320342,1659.3285
7074,0.9454445838928223,0.990117609500885,1659.333
7075,0.9252533912658691,0.9768671214580535,1659.3375
7076,1.0539722442626953,0.9961749613285065,1659.342
7077,0.9596415162086487,0.9717877805233002,1659.3465
7078,1.0372514724731445,0.9830506920814515,1659.351
7079,0.980148196220398,1.0022638738155365,1659.3555
7080,0.9766778349876404,0.9759522140026092,1659.36
7081,0.9839340448379517,0.995196956396103,1659.3645
7082,0.9504923820495605,0.9668346285820008,1659.369
7083,1.1173852682113647,0.9791070818901062,1659.3735
7084,0.847012460231781,0.9933040320873261,1659.378
7085,0.9615344405174255,0.9663929402828216,1659.3825
7086,0.9265153408050537,1.0226443707942963,1659.387
7087,0.9927676916122437,0.994124299287796,1659.3915
7088,0.9675287008285522,0.9918212473392487,1659.396
7089,1.038513422012329,0.9804636836051941,1659.4005
7090,0.8782457113265991,1.000213187932968,1659.405
7091,0.9924522042274475,0.996585088968277,1659.4095
7092,0.953647255897522,0.958348023891449,1659.414
7093,1.015482783317566,0.9815363407135009,1659.4185
7094,0.9192590713500977,0.9810631155967713,1659.423
7095,0.9867734313011169,1.0004024982452393,1659.4275
7096,0.9965535402297974,0.9901176035404206,1659.432
7097,0.9274618029594421,0.9762676894664765,1659.4365
7098,0.9227294921875,1.001538246870041,1659.441
7099,1.0435612201690674,1.0107504844665527,1659.4455
7100,1.1079206466674805,1.0250105142593384,1659.45
7101,1.0277868509292603,1.0099617660045623,1659.4545
7102,0.9085325002670288,0.9894550859928131,1659.459
7103,1.038513422012329,0.9488202869892121,1659.4635
7104,0.938188374042511,1.0125803053379059,1659.468
7105,0.9287237524986267,0.992010521888733,1659.4725
7106,0.9732074737548828,0.9464225769042969,1659.477
7107,1.0347275733947754,0.964563113451004,1659.4815
7108,1.0318881273269653,0.9495143532752991,1659.486
7109,1.0098040103912354,0.9980994284152984,1659.4905
7110,1.0328346490859985,1.0116022944450378,1659.495
7111,1.0192686319351196,1.012043970823288,1659.4995
7112,0.958064079284668,1.010529637336731,1659.504
7113,0.9441826343536377,0.9695793628692627,1659.5085
7114,0.9416587352752686,0.996174955368042,1659.513
7115,0.9457600712776184,0.9852590918540954,1659.5175
7116,1.0249474048614502,0.9658250629901886,1659.522
7117,0.9703680872917175,0.996869033575058,1659.5265
7118,1.0546032190322876,0.9696424424648284,1659.531
7119,1.041983723640442,0.9831768810749054,1659.5355
7120,1.0861519575119019,0.9600200951099396,1659.54
7121,1.0079110860824585,0.9980363249778748,1659.5445
7122,0.9198900461196899,1.010403460264206,1659.549
7123,0.9656357765197754,0.991221809387207,1659.5535
7124,0.9334560632705688,1.0220133781433105,1659.558
7125,1.0069646835327148,0.9665822327136994,1659.5625
7126,1.0006548166275024,0.9885401546955108,1659.567
7127,0.9855114817619324,0.9759837746620178,1659.5715
7128,0.913264811038971,0.9536156952381134,1659.576
7129,0.9217830300331116,0.9842179894447327,1659.5805
7130,1.0151673555374146,0.9966797292232513,1659.585
7131,0.8659417033195496,0.9784130215644836,1659.5895
7132,0.9533317685127258,0.9532686591148376,1659.594
7133,0.9997084140777588,0.9811892867088318,1659.5985
7134,0.9659512639045715,0.9683174192905426,1659.603
7135,0.9284082651138306,0.9696740090847016,1659.6075
7136,0.9927676916122437,0.9799904644489288,1659.612
7137,1.0883604288101196,0.984722763299942,1659.6165
7138,1.0041252374649048,0.9687275469303132,1659.621
7139,0.9101099371910095,1.0075640559196473,1659.6255
7140,0.9833030700683594,0.9969321191310883,1659.63
7141,1.1296892166137695,0.985826987028122,1659.6345
7142,0.9233604669570923,1.001348966360092,1659.639
7143,0.9220985174179077,0.9991405427455902,1659.6435
7144,0.9167351722717285,0.9442141592502594,1659.648
7145,0.9637428522109985,0.9993929326534271,1659.6525
7146,0.9034847021102905,0.9571807086467743,1659.657
7147,1.0306261777877808,0.9930516242980957,1659.6615
7148,0.9138957858085632,0.9970898866653443,1659.666
7149,1.0255783796310425,0.9621023058891296,1659.6705
7150,0.900014340877533,0.9467065155506134,1659.675
7151,1.08015775680542,0.9470535576343536,1659.6795
7152,0.9892973303794861,0.9846912145614624,1659.684
7153,0.8864483833312988,1.0008757174015046,1659.6885
7154,1.0148518085479736,0.9639006018638611,1659.693
7155,0.9413432478904724,0.9884455144405365,1659.6975
7156,1.0208461284637451,0.9841233432292938,1659.702
7157,0.9615344405174255,1.0058919727802276,1659.7065
7158,0.9997084140777588,1.0112868010997773,1659.711
7159,0.9880353808403015,1.0271873652935029,1659.7155
7160,0.9422897100448608,0.9754158854484558,1659.72
7161,0.9025382399559021,0.9807791769504547,1659.7245
7162,0.9593260288238525,0.9773719072341919,1659.729
7163,1.0281022787094116,0.9959856748580933,1659.7335
7164,1.0104349851608276,0.9910956025123596,1659.738
7165,0.9599570035934448,0.9621338486671448,1659.7425
7166,0.9303011894226074,0.9819780230522156,1659.747
7167,1.0284178256988525,0.9933671176433563,1659.7515
7168,0.9429206848144531,0.979201740026474,1659.756
7169,0.9318786263465881,0.9951023101806641,1659.7605
7170,1.040406346321106,0.997563111782074,1659.765
7171,1.0369359254837036,0.9509655952453613,1659.7695
7172,1.0012859106063843,0.9735545158386231,1659.774
7173,0.9965535402297974,0.9757629334926605,1659.7785
7174,0.9915057420730591,0.9852275490760803,1659.783
7175,0.8902342319488525,1.0094569802284241,1659.7875
7176,0.9552246928215027,0.9966166317462921,1659.792
7177,0.9041156768798828,0.9816625356674195,1659.7965
7178,0.9186280965805054,0.9945659816265107,1659.801
7179,0.929354727268219,0.9899914145469666,1659.8055
7180,0.953647255897522,0.9838394045829773,1659.81
7181,0.8548996448516846,0.9745956242084504,1659.8145
7182,1.0788958072662354,1.0034311950206756,1659.819
7183,1.0410373210906982,0.9896759271621705,1659.8235
7184,1.1271653175354004,0.9603355705738068,1659.828
7185,0.8577390313148499,0.9606510758399963,1659.8325
7186,0.9230449795722961,0.9860162615776062,1659.837
7187,1.0072801113128662,0.9701788008213044,1659.8415
7188,1.0457695722579956,0.9860793709754944,1659.846
7189,0.9675287008285522,0.9682858645915985,1659.8505
7190,1.060597538948059,1.0005286872386931,1659.855
7191,0.9422897100448608,0.9653833866119385,1659.8595
7192,0.9943451285362244,1.0133059322834015,1659.864
7193,1.0012859106063843,0.9716300427913666,1659.8685
7194,1.0344120264053345,0.9741539359092712,1659.873
7195,0.9391348361968994,0.96980020403862,1659.8775
7196,0.9366109371185303,0.9952915906906128,1659.882
7197,0.9889818429946899,0.9651625394821167,1659.8865
7198,0.8952820301055908,0.9621969640254975,1659.891
7199,0.8608939051628113,1.0068384289741517,1659.8955
7200,0.9508078694343567,0.9846596717834473,1659.9
7201,0.9527007937431335,0.9890765011310577,1659.9045
7202,0.9889818429946899,0.9523221969604492,1659.909
7203,1.040090799331665,0.966771537065506,1659.9135
7204,0.9571176171302795,1.00406214594841,1659.918
7205,1.0016013383865356,0.9669923722743988,1659.9225
7206,1.000339388847351,0.9769302308559418,1659.927
7207,1.0085420608520508,0.9761099457740784,1659.9315
7208,0.8463814854621887,0.9951023101806641,1659.936
7209,1.0075956583023071,0.9970583260059357,1659.9405
7210,0.9265153408050537,0.9891080379486084,1659.945
7211,1.0479780435562134,0.991631954908371,1659.9495
7212,0.9564866423606873,0.9866472542285919,1659.954
7213,0.955855667591095,0.9832399904727935,1659.9585
7214,0.9975000023841858,0.9828298509120941,1659.963
7215,0.9236759543418884,1.0052610039710999,1659.9675
7216,0.9050621390342712,0.9720401763916016,1659.972
7217,0.9631118774414062,0.9830191314220429,1659.9765
7218,1.0151673555374146,0.9439302325248718,1659.981
7219,0.9694216251373291,1.000875723361969,1659.9855
7220,0.9653202891349792,0.9820095777511597,1659.99
7221,0.9549092054367065,0.9621023178100586,1659.9945
7222,0.8798231482505798,0.9696740090847016,1659.999
7223,0.9877198934555054,0.9692638754844666,1660.0035
7224,0.9892973303794861,1.0110659718513488,1660.008
7225,1.0240010023117065,0.979485684633255,1660.0125
7226,0.8883413076400757,0.974942660331726,1660.017
7227,0.9615344405174255,0.9832715392112732,1660.0215
7228,0.9126338362693787,0.9875621676445008,1660.026
7229,0.880138635635376,0.967465591430664,1660.0305
7230,0.891180694103241,0.9742485761642456,1660.035
7231,0.9820411205291748,0.9910325050354004,1660.0395
7232,0.8750908374786377,0.9899598658084869,1660.044
7233,0.9795172214508057,0.9774350047111511,1660.0485
7234,0.9968690276145935,0.9982256293296814,1660.053
7235,1.1139148473739624,1.0198365211486817,1660.0575
7236,0.9883508682250977,1.0117600440979004,1660.062
7237,0.9489149451255798,0.9864264011383057,1660.0665
7238,0.9681596755981445,0.969642448425293,1660.071
7239,1.1072896718978882,0.9847858667373657,1660.0755
7240,0.8940200805664062,0.9796749711036682,1660.08
7241,0.8766682744026184,1.0124225735664367,1660.0845
7242,0.9807791709899902,1.0135267794132232,1660.089
7243,0.9309321641921997,0.956549733877182,1660.0935
7244,0.8902342319488525,0.9524799346923828,1660.098
7245,1.0391443967819214,0.9833977162837982,1660.1025
7246,1.0107505321502686,0.9839340507984161,1660.107
7247,0.9962380528450012,0.948252409696579,1660.1115
7248,0.9586950540542603,0.9936510622501373,1660.116
7249,1.015482783317566,0.9682543277740479,1660.1205
7250,1.0104349851608276,0.9977839410305023,1660.125
7251,0.9508078694343567,0.9637743949890136,1660.1295
7252,0.9034847021102905,0.9652887284755707,1660.134
7253,0.8612093925476074,0.9827351927757263,1660.1385
7254,0.9804636836051941,0.9910956203937531,1660.143
7255,0.9489149451255798,0.9993613958358765,1660.1475
7256,0.9328250885009766,0.9847858726978302,1660.152
7257,1.0142208337783813,0.9848174035549164,1660.1565
7258,0.9441826343536377,0.9945028722286224,1660.161
7259,0.9306166768074036,0.9516912221908569,1660.1655
7260,1.0019168853759766,0.9604302227497101,1660.17
7261,1.002232313156128,0.9585372984409333,1660.1745
7262,1.0221080780029297,0.9672447621822358,1660.179
7263,1.0192686319351196,0.9836816489696503,1660.1835
7264,0.9741539359092712,0.9951338469982147,1660.188
7265,0.9344025254249573,0.9639636933803558,1660.1925
7266,1.0599665641784668,0.9694216191768646,1660.197
7267,0.9763623476028442,1.0056711375713348,1660.2015
7268,0.9921367168426514,1.0210984647274017,1660.206
7269,0.9927676916122437,0.9855430424213409,1660.2105
7270,1.0164293050765991,0.9798011720180512,1660.215
7271,0.9956070780754089,1.0002762913703918,1660.2195
7272,0.9959225654602051,1.0052925646305084,1660.224
7273,0.9662667512893677,0.953489500284195,1660.2285
7274,0.984565019607544,0.9818518340587616,1660.233
7275,1.0233700275421143,0.9340239226818084,1660.2375
7276,1.0208461284637451,0.9569598615169526,1660.242
7277,0.9138957858085632,0.9827351808547974,1660.2465
7278,1.0347275733947754,0.9922313868999482,1660.251
7279,0.8962284922599792,0.9939350128173828,1660.2555
7280,0.9782552719116211,1.0101510524749755,1660.26
7281,0.9810946583747864,0.9749111056327819,1660.2645
7282,0.9265153408050537,0.9546883583068848,1660.269
7283,0.9798327088356018,0.9727657914161683,1660.2735
7284,0.9631118774414062,1.0040621519088746,1660.278
7285,0.9334560632705688,0.9642160773277283,1660.2825
7286,1.0328346490859985,0.9450028896331787,1660.287
7287,0.9760468602180481,0.9892342388629913,1660.2915
7288,0.9732074737548828,1.0051348030567169,1660.296
7289,1.0038098096847534,0.9700525999069214,1660.3005
7290,1.044507622718811,0.9859216153621674,1660.305
7291,0.9202055931091309,0.9886978983879089,1660.3095
7292,1.0211615562438965,0.9705889225006104,1660.314
7293,0.9867734313011169,0.967875736951828,1660.3185
7294,1.0306261777877808,0.957212257385254,1660.323
7295,0.951438844203949,0.9730812788009644,1660.3275
7296,1.0299952030181885,0.970084148645401,1660.332
7297,1.0968785285949707,0.958474212884903,1660.3365
7298,1.069431185722351,0.9945975363254547,1660.341
7299,0.9325096011161804,0.9621969401836395,1660.3455
7300,1.0558651685714722,1.0041883409023284,1660.35
7301,1.040090799331665,1.002390068769455,1660.3545
7302,0.8892877697944641,0.9685066998004913,1660.359
7303,0.9252533912658691,1.008889102935791,1660.3635
7304,0.9851959943771362,0.9491988778114319,1660.368
7305,0.882347047328949,0.9691376745700836,1660.3725
7306,1.0337810516357422,0.9810315608978272,1660.377
7307,0.933771550655365,1.005608034133911,1660.3815
7308,0.9684751629829407,0.9933355689048767,1660.386
7309,0.958064079284668,0.9615028917789459,1660.3905
7310,1.0883604288101196,0.9851328909397126,1660.395
7311,1.0441921949386597,0.9656988739967346,1660.3995
7312,1.0088576078414917,0.9803374886512757,1660.404
7313,0.9148422479629517,0.9729866325855255,1660.4085
7314,1.0104349851608276,0.9884139657020569,1660.413
7315,0.9886663556098938,0.9795803308486939,1660.4175
7316,0.9965535402297974,1.0030210316181183,1660.422
7317,0.9911902546882629,0.9346233427524566,1660.4265
7318,1.028733253479004,0.9924837529659272,1660.431
7319,0.958064079284668,0.9729866266250611,1660.4355
7320,0.9101099371910095,0.9623862564563751,1660.44
7321,1.019899606704712,0.9502399861812592,1660.4445
7322,0.9839340448379517,1.1359989643096924,1660.449
7323,1.0413527488708496,1.060597538948059,1660.4535
7324,1.0953011512756348,0.9148422479629517,1660.458
7325,0.9918212294578552,0.9391348361968994,1660.4625
7326,0.984565019607544,1.0208461284637451,1660.467
7327,1.0309417247772217,0.9927676916122437,1660.4715
7328,0.9211520552635193,0.9441826343536377,1660.476
7329,0.9243069291114807,0.9706835746765137,1660.4805
7330,0.9019072651863098,1.104765772819519,1660.485
7331,0.9599570035934448,0.9211520552635193,1660.4895
7332,0.9643738269805908,1.0880448818206787,1660.494
7333,0.9706835746765137,1.0599665641784668,1660.4985
7334,0.9700525999069214,1.0372514724731445,1660.503
7335,1.0410373210906982,1.0016013383865356,1660.5075
7336,0.9504923820495605,0.9908747673034668,1660.512
7337,1.0435612201690674,1.0337810516357422,1660.5165
7338,0.960272490978241,0.9599570035934448,1660.521
7339,0.9593260288238525,0.9460755586624146,1660.5255
7340,0.951438844203949,0.9296702146530151,1660.53
7341,0.9101099371910095,1.0451385974884033,1660.5345
7342,0.9577485918998718,0.955855667591095,1660.539
7343,0.9643738269805908,0.9309321641921997,1660.5435
7344,0.9498614072799683,1.0555497407913208,1660.548
7345,1.0252629518508911,1.0009703636169434,1660.5525
7346,0.9782552719116211,0.9511233568191528,1660.557
7347,0.9968690276145935,0.9463910460472107,1660.5615
7348,0.9921367168426514,0.9353489875793457,1660.566
7349,0.9943451285362244,0.9738384485244751,1660.5705
7350,1.078264832496643,1.10224187374115,1660.575
7351,1.0306261777877808,1.1076050996780396,1660.5795
7352,0.9773088097572327,0.9949761033058167,1660.584
7353,0.9340870380401611,0.8722514510154724,1660.5885
7354,0.9829875826835632,0.9899283051490784,1660.593
7355,1.0274713039398193,1.0454541444778442,1660.5975
7356,1.0508173704147339,1.0839436054229736,1660.602
7357,1.0098040103912354,0.9485994577407837,1660.6065
7358,1.0246319770812988,1.0564961433410645,1660.611
7359,1.097509503364563,0.9993929266929626,1660.6155
7360,0.9454445838928223,1.0186376571655273,1660.62
7361,0.884555459022522,0.8552151322364807,1660.6245
7362,0.9261998534202576,1.0539722442626953,1660.629
7363,0.9202055931091309,1.1334750652313232,1660.6335
7364,0.8993833661079407,0.9725764989852905,1660.638
7365,1.0353585481643677,0.9435516595840454,1660.6425
7366,0.9905592799186707,0.9810946583747864,1660.647
7367,0.9709990620613098,0.9416587352752686,1660.6515
7368,0.9940296411514282,1.031572699546814,1660.656
7369,0.9814101457595825,0.949230432510376,1660.6605
7370,0.9631118774414062,1.0123279094696045,1660.665
7371,0.958064079284668,0.9829875826835632,1660.6695
7372,0.96689772605896,0.9568021297454834,1660.674
7373,1.002232313156128,0.8927581310272217,1660.6785
7374,0.9763623476028442,0.9429206848144531,1660.683
7375,1.1120219230651855,1.026840329170227,1660.6875
7376,0.9681596755981445,0.8665726780891418,1660.692
7377,1.0953011512756348,0.9198900461196899,1660.6965
7378,0.9681596755981445,0.9312476515769958,1660.701
7379,0.9331405758857727,0.9810946583747864,1660.7055
7380,0.958064079284668,0.9202055931091309,1660.71
7381,1.0028632879257202,0.977939784526825,1660.7145
7382,1.0508173704147339,0.9391348361968994,1660.719
7383,0.9511233568191528,1.0618594884872437,1660.7235
7384,0.9583795666694641,0.9766778349876404,1660.728
7385,1.0230544805526733,0.9700525999069214,1660.7325
7386,0.9072705507278442,0.9328250885009766,1660.737
7387,0.9344025254249573,0.9460755586624146,1660.7415
7388,0.955855667591095,1.10224187374115,1660.746
7389,0.8930736184120178,1.0161137580871582,1660.7505
7390,0.9495459198951721,0.8101004362106323,1660.755
7391,1.0378824472427368,1.0202151536941528,1660.7595
7392,1.0426146984100342,1.005071759223938,1660.764
7393,0.9451290965080261,0.9738384485244751,1660.7685
7394,0.9549092054367065,1.0568116903305054,1660.773
7395,1.040090799331665,1.0899378061294556,1660.7775
7396,1.0113815069198608,0.8996988534927368,1660.782
7397,0.9833030700683594,0.9599570035934448,1660.7865
7398,1.0116969347000122,1.0656453371047974,1660.791
7399,1.031257152557373,0.980148196220398,1660.7955
7400,0.9741539359092712,1.0290488004684448,1660.8
7401,0.9782552719116211,0.964689314365387,1660.8045
7402,1.019899606704712,0.9527007937431335,1660.809
7403,0.9946606159210205,1.0861519575119019,1660.8135
7404,1.0176912546157837,1.0763719081878662,1660.818
7405,1.060597538948059,0.9930831789970398,1660.8225
7406,1.0883604288101196,0.9085325002670288,1660.827
7407,0.9148422479629517,0.96689772605896,1660.8315
7408,0.9672132134437561,0.9473375082015991,1660.836
7409,0.953647255897522,1.0148518085479736,1660.8405
7410,1.0962475538253784,1.0217925310134888,1660.845
7411,0.9457600712776184,1.0161137580871582,1660.8495
7412,0.9643738269805908,1.0293642282485962,1660.854
7413,1.0893068313598633,0.9318786263465881,1660.8585
7414,0.9214675426483154,1.0672227144241333,1660.863
7415,0.9542782306671143,0.982356607913971,1660.8675
7416,0.9927676916122437,0.9836185574531555,1660.872
7417,0.9195745587348938,0.9665822386741638,1660.8765
7418,1.060597538948059,0.9716300368309021,1660.881
7419,1.0053871870040894,1.01106595993042,1660.8855
7420,0.9183126091957092,1.015482783317566,1660.89
7421,1.0120124816894531,1.0646988153457642,1660.8945
7422,1.0530258417129517,1.018006682395935,1660.899
7423,0.9946606159210205,1.0142208337783813,1660.9035
7424,1.0716395378112793,1.0678536891937256,1660.908
7425,1.0470315217971802,1.046400547027588,1660.9125
7426,1.0173757076263428,1.066591739654541,1660.917
7427,0.938188374042511,0.9615344405174255,1660.9215
7428,0.8861328959465027,0.938188374042511,1660.926
7429,0.9766778349876404,1.0599665641784668,1660.9305
7430,0.9921367168426514,0.8012667894363403,1660.935
7431,1.047347068786621,0.9435516595840454,1660.9395
7432,0.9798327088356018,0.9732074737548828,1660.944
7433,1.0719550848007202,0.8697275519371033,1660.9485
7434,1.0924617052078247,0.9675287008285522,1660.953
7435,1.0041252374649048,1.0322036743164062,1660.9575
7436,0.9564866423606873,0.8457505106925964,1660.962
7437,0.8331310153007507,1.0322036743164062,1660.9665
7438,0.8952820301055908,0.9195745587348938,1660.971
7439,0.9795172214508057,1.026840329170227,1660.9755
7440,0.9063240885734558,1.004756212234497,1660.98
7441,0.9120028614997864,1.0293642282485962,1660.9845
7442,0.9498614072799683,0.9697371125221252,1660.989
7443,0.9883508682250977,0.984565019607544,1660.9935
7444,1.0028632879257202,0.9877198934555054,1660.998
7445,0.9795172214508057,0.8548996448516846,1661.0025
7446,0.9971845149993896,0.9460755586624146,1661.007
7447,0.949230432510376,0.8706740140914917,1661.0115
7448,0.9375573992729187,1.0290488004684448,1661.016
7449,0.9615344405174255,0.8949665427207947,1661.0205
7450,0.8965439796447754,0.9482839703559875,1661.025
7451,0.9586950540542603,0.9804636836051941,1661.0295
7452,0.9451290965080261,0.9444981217384338,1661.034
7453,0.9303011894226074,0.9687906503677368,1661.0385
7454,0.9615344405174255,1.015482783317566,1661.043
7455,0.9719455242156982,1.004756212234497,1661.0475
7456,0.9104254245758057,0.8438575863838196,1661.052
7457,0.9738384485244751,1.0088576078414917,1661.0565
7458,0.9047466516494751,0.942605197429657,1661.061
7459,1.0555497407913208,0.8460659980773926,1661.0655
7460,1.0230544805526733,0.982356607913971,1661.07
7461,0.9334560632705688,1.0454541444778442,1661.0745
7462,0.9672132134437561,1.0426146984100342,1661.079
7463,0.9214675426483154,0.975731372833252,1661.0835
7464,0.9681596755981445,0.9943451285362244,1661.088
7465,1.0306261777877808,0.9820411205291748,1661.0925
7466,0.9820411205291748,0.9104254245758057,1661.097
7467,0.9634273648262024,0.9170506596565247,1661.1015
7468,0.9675287008285522,0.9637428522109985,1661.106
7469,0.9457600712776184,1.0634368658065796,1661.1105
7470,0.9880353808403015,0.9485994577407837,1661.115
7471,1.0192686319351196,1.0501863956451416,1661.1195
7472,0.9287237524986267,0.9744694232940674,1661.124
7473,1.0325191020965576,0.9842495322227478,1661.1285
7474,0.9394503235816956,0.8836089968681335,1661.133
7475,1.0921462774276733,1.0656453371047974,1661.1375
7476,0.9564866423606873,1.0211615562438965,1661.142
7477,0.9009608030319214,1.005071759223938,1661.1465
7478,0.9751003980636597,0.9555401802062988,1661.151
7479,0.929354727268219,1.0145363807678223,1661.1555
7480,0.9287237524986267,0.9858269691467285,1661.16
7481,1.0751099586486816,0.9385038614273071,1661.1645
7482,1.013589859008789,1.0378824472427368,1661.169
7483,0.9820411205291748,0.9899283051490784,1661.1735
7484,1.0435612201690674,0.8795076608657837,1661.178
7485,0.8709895014762878,1.1012953519821167,1661.1825
7486,1.0012859106063843,1.071008563041687,1661.187
7487,0.9650048017501831,0.9220985174179077,1661.1915
7488,1.084574580192566,1.0262093544006348,1661.196
7489,0.9870889186859131,1.0744789838790894,1661.2005
7490,0.8766682744026184,1.075425386428833,1661.205
7491,0.9454445838928223,0.8924426436424255,1661.2095
7492,0.9653202891349792,1.0299952030181885,1661.214
7493,0.9151577353477478,0.9252533912658691,1661.2185
7494,1.009173035621643,1.1088670492172241,1661.223
7495,0.9179971218109131,0.9482839703559875,1661.2275
7496,0.9413432478904724,1.0281022787094116,1661.232
7497,1.0795267820358276,0.9997084140777588,1661.2365
7498,0.9028537273406982,0.9851959943771362,1661.241
7499,0.938188374042511,0.9050621390342712,1661.2455
7500,0.9555401802062988,1.009488582611084,1661.25
7501,0.9255688786506653,0.9978154897689819,1661.2545
7502,1.0366204977035522,0.935979962348938,1661.259
7503,1.0328346490859985,1.0583890676498413,1661.2635
7504,1.009173035621643,0.9476529955863953,1661.268
7505,0.8716204762458801,0.864679753780365,1661.2725
7506,0.9937141537666321,1.0388288497924805,1661.277
7507,0.977939784526825,0.9965535402297974,1661.2815
7508,1.1252723932266235,1.0590200424194336,1661.286
7509,0.9252533912658691,1.0069646835327148,1661.2905
7510,0.9965535402297974,1.0240010023117065,1661.295
7511,0.9855114817619324,0.9864579439163208,1661.2995
7512,1.0583890676498413,1.051763892173767,1661.304
7513,0.9795172214508057,0.927146315574646,1661.3085
7514,0.9527007937431335,0.9728919863700867,1661.313
7515,0.9782552719116211,0.9246224164962769,1661.3175
7516,0.984565019607544,0.9927676916122437,1661.322
7517,0.9962380528450012,0.9795172214508057,1661.3265
7518,1.0571271181106567,0.9220985174179077,1661.331
7519,0.9280927777290344,0.891180694103241,1661.3355
7520,0.9792017340660095,0.9981309771537781,1661.34
7521,1.0924617052078247,1.01390540599823,1661.3445
7522,1.0170602798461914,1.0230544805526733,1661.349
7523,0.9965535402297974,0.9318786263465881,1661.3535
7524,1.0214771032333374,1.0564961433410645,1661.358
7525,1.000339388847351,0.9009608030319214,1661.3625
7526,1.0249474048614502,0.908847987651825,1661.367
7527,0.9952915906906128,1.0820506811141968,1661.3715
7528,0.8949665427207947,0.8627868294715881,1661.376
7529,0.8962284922599792,0.9722610116004944,1661.3805
7530,0.9817256331443787,1.0063337087631226,1661.385
7531,0.9123183488845825,0.9422897100448608,1661.3895
7532,1.0511329174041748,0.9038001894950867,1661.394
7533,0.9593260288238525,0.9511233568191528,1661.3985
7534,0.9880353808403015,1.0116969347000122,1661.403
7535,1.0236854553222656,1.0025478601455688,1661.4075
7536,0.9063240885734558,0.9981309771537781,1661.412
7537,0.8836089968681335,1.0019168853759766,1661.4165
7538,0.9956070780754089,0.9265153408050537,1661.421
7539,0.9975000023841858,0.9274618029594421,1661.4255
7540,0.940396785736084,0.9549092054367065,1661.43
7541,0.9902437925338745,0.9539627432823181,1661.4345
7542,0.9034847021102905,1.031257152557373,1661.439
7543,0.9744694232940674,1.01106595993042,1661.4435
7544,0.953647255897522,1.0306261777877808,1661.448
7545,0.9079015254974365,0.9413432478904724,1661.4525
7546,0.9618499279022217,1.1000334024429321,1661.457
7547,0.9618499279022217,1.0126434564590454,1661.4615
7548,1.0795267820358276,0.8836089968681335,1661.466
7549,1.057758092880249,1.0192686319351196,1661.4705
7550,0.982356607913971,0.9836185574531555,1661.475
7551,0.9239914417266846,0.8687810897827148,1661.4795
7552,1.0063337087631226,0.9965535402297974,1661.484
7553,0.9094789624214172,0.9574331045150757,1661.4885
7554,0.9366109371185303,1.0107505321502686,1661.493
7555,1.031572699546814,0.8814005851745605,1661.4975
7556,0.9971845149993896,0.977939784526825,1661.502
7557,0.9870889186859131,0.8883413076400757,1661.5065
7558,1.0262093544006348,0.9523853063583374,1661.511
7559,0.9473375082015991,0.8785611987113953,1661.5155
7560,0.960272490978241,1.0151673555374146,1661.52
7561,1.0785802602767944,1.01106595993042,1661.5245
7562,0.9369264245033264,0.9978154897689819,1661.529
7563,0.9312476515769958,0.949230432510376,1661.5335
7564,0.9511233568191528,1.062174916267395,1661.538
7565,0.9706835746765137,0.8542686700820923,1661.5425
7566,1.0596510171890259,1.0372514724731445,1661.547
7567,0.9883508682250977,0.9568021297454834,1661.5515
7568,1.0609129667282104,0.9533317685127258,1661.556
7569,0.9940296411514282,0.9886663556098938,1661.5605
7570,0.9482839703559875,1.0388288497924805,1661.565
7571,0.9609034657478333,1.0508173704147339,1661.5695
7572,0.9495459198951721,0.984565019607544,1661.574
7573,1.1085516214370728,0.8943355679512024,1661.5785
7574,1.0416682958602905,1.0363049507141113,1661.583
7575,0.9410277605056763,1.0328346490859985,1661.5875
7576,1.0328346490859985,0.9391348361968994,1661.592
7577,1.0233700275421143,1.019899606704712,1661.5965
7578,0.9517543315887451,0.951438844203949,1661.601
7579,0.8788766860961914,0.9082170128822327,1661.6055
7580,0.9921367168426514,1.091515302658081,1661.61
7581,0.9422897100448608,1.0019168853759766,1661.6145
7582,1.044823169708252,1.093092679977417,1661.619
7583,0.9138957858085632,1.0773183107376099,1661.6235
7584,0.9593260288238525,0.9965535402297974,1661.628
7585,0.9773088097572327,0.9183126091957092,1661.6325
7586,0.9725764989852905,0.9741539359092712,1661.637
7587,0.886763870716095,0.9517543315887451,1661.6415
7588,1.0195841789245605,1.0896223783493042,1661.646
7589,0.971314549446106,1.0258939266204834,1661.6505
7590,0.9855114817619324,0.9268308281898499,1661.655
7591,1.0596510171890259,0.9766778349876404,1661.6595
7592,0.9804636836051941,0.9303011894226074,1661.664
7593,1.0646988153457642,0.8466969728469849,1661.6685
7594,0.9817256331443787,0.9050621390342712,1661.673
7595,1.0028632879257202,0.9482839703559875,1661.6775
7596,1.0000238418579102,1.03315007686615,1661.682
7597,0.9798327088356018,1.0476624965667725,1661.6865
7598,0.9416587352752686,0.9851959943771362,1661.691
7599,0.9148422479629517,0.9993929266929626,1661.6955
7600,0.958064079284668,1.0514483451843262,1661.7
7601,0.9142112731933594,0.9839340448379517,1661.7045
7602,1.0173757076263428,0.9391348361968994,1661.709
7603,1.1050812005996704,0.9280927777290344,1661.7135
7604,0.9804636836051941,1.0407217741012573,1661.718
7605,0.8788766860961914,1.1230640411376953,1661.7225
7606,1.0009703636169434,0.9732074737548828,1661.727
7607,0.9138957858085632,0.9126338362693787,1661.7315
7608,0.9697371125221252,1.0539722442626953,1661.736
7609,1.118016242980957,1.0527102947235107,1661.7405
7610,1.0454541444778442,0.9063240885734558,1661.745
7611,0.9877198934555054,0.9675287008285522,1661.7495
7612,0.9388193488121033,0.9848805069923401,1661.754
7613,0.9224140048027039,0.9038001894950867,1661.7585
7614,1.0744789838790894,1.0495554208755493,1661.763
7615,1.0025478601455688,1.0025478601455688,1661.7675
7616,0.9927676916122437,0.8684656023979187,1661.772
7617,0.9892973303794861,1.0347275733947754,1661.7765
7618,1.0482934713363647,1.0684846639633179,1661.781
7619,0.9224140048027039,1.0817351341247559,1661.7855
7620,0.9738384485244751,0.9952915906906128,1661.79
7621,1.0258939266204834,0.9309321641921997,1661.7945
7622,0.8681501150131226,0.9769933223724365,1661.799
7623,1.0069646835327148,0.8634178042411804,1661.8035
7624,1.0123279094696045,0.9485994577407837,1661.808
7625,0.9463910460472107,1.0072801113128662,1661.8125
7626,1.0116969347000122,1.0116969347000122,1661.817
7627,1.0369359254837036,1.0691156387329102,1661.8215
7628,0.9104254245758057,1.084574580192566,1661.826
7629,0.9978154897689819,0.9473375082015991,1661.8305
7630,1.0905687808990479,1.0101195573806763,1661.835
7631,0.9397658109664917,0.9321941137313843,1661.8395
7632,0.9104254245758057,0.9063240885734558,1661.844
7633,1.0646988153457642,1.009488582611084,1661.8485
7634,1.0173757076263428,1.0795267820358276,1661.853
7635,0.9605879783630371,0.960272490978241,1661.8575
7636,1.0041252374649048,1.1378918886184692,1661.862
7637,0.9444981217384338,0.9788862466812134,1661.8665
7638,0.9189435839653015,0.9959225654602051,1661.871
7639,0.9678441882133484,0.8769837617874146,1661.8755
7640,0.9833030700683594,1.1038192510604858,1661.88
7641,1.0322036743164062,1.051763892173767,1661.8845
7642,0.8886567950248718,0.9826720952987671,1661.889
7643,0.9454445838928223,0.9031692147254944,1661.8935
7644,0.9309321641921997,0.9839340448379517,1661.898
7645,1.082681655883789,0.8918116688728333,1661.9025
7646,1.0157983303070068,1.0034942626953125,1661.907
7647,1.038513422012329,1.1139148473739624,1661.9115
7648,0.9590105414390564,1.0741634368896484,1661.916
7649,0.9094789624214172,0.9618499279022217,1661.9205
7650,1.047347068786621,0.908847987651825,1661.925
7651,0.9804636836051941,1.1259033679962158,1661.9295
7652,1.0113815069198608,1.062490463256836,1661.934
7653,0.9640583395957947,0.902222752571106,1661.9385
7654,1.037566900253296,0.9444981217384338,1661.943
7655,0.8880258202552795,1.0151673555374146,1661.9475
7656,1.013589859008789,0.9328250885009766,1661.952
7657,1.0060181617736816,0.9842495322227478,1661.9565
7658,0.9097944498062134,1.0265249013900757,1661.961
7659,0.8855019211769104,1.0880448818206787,1661.9655
7660,0.9372419118881226,0.9700525999069214,1661.97
7661,0.9817256331443787,0.9637428522109985,1661.9745
7662,0.9905592799186707,0.9416587352752686,1661.979
7663,1.0012859106063843,0.9479684829711914,1661.9835
7664,1.009488582611084,1.079842209815979,1661.988
7665,0.9804636836051941,0.9760468602180481,1661.9925
7666,0.9728919863700867,0.8918116688728333,1661.997
7667,0.9656357765197754,0.9776242971420288,1662.0015
7668,0.9930831789970398,1.0262093544006348,1662.006
7669,0.9157887101173401,0.931563138961792,1662.0105
7670,1.0514483451843262,0.9577485918998718,1662.015
7671,0.951438844203949,0.927146315574646,1662.0195
7672,1.002232313156128,0.9766778349876404,1662.024
7673,0.9157887101173401,0.9378728866577148,1662.0285
7674,0.9369264245033264,0.9340870380401611,1662.033
7675,0.969106137752533,0.9915057420730591,1662.0375
7676,0.9946606159210205,0.9236759543418884,1662.042
7677,1.0574426651000977,1.0192686319351196,1662.0465
7678,1.0391443967819214,0.9375573992729187,1662.051
7679,0.9385038614273071,0.9435516595840454,1662.0555
7680,1.0486090183258057,1.044507622718811,1662.06
7681,0.9353489875793457,0.949230432510376,1662.0645
7682,0.980148196220398,0.9473375082015991,1662.069
7683,0.9202055931091309,0.9552246928215027,1662.0735
7684,1.048924446105957,0.9946606159210205,1662.078
7685,0.9675287008285522,0.9732074737548828,1662.0825
7686,0.9467065334320068,0.8829780220985413,1662.087
7687,1.0142208337783813,1.0539722442626953,1662.0915
7688,0.8719359636306763,1.0164293050765991,1662.096
7689,0.9918212294578552,1.0284178256988525,1662.1005
7690,1.031572699546814,1.0006548166275024,1662.105
7691,1.0394598245620728,1.0722705125808716,1662.1095
7692,0.964689314365387,0.9397658109664917,1662.114
7693,0.9763623476028442,0.962480902671814,1662.1185
7694,0.8684656023979187,1.0230544805526733,1662.123
7695,0.9508078694343567,0.873513400554657,1662.1275
7696,1.0277868509292603,1.0593355894088745,1662.132
7697,1.0192686319351196,1.013589859008789,1662.1365
7698,1.0350430011749268,0.9627963900566101,1662.141
7699,0.9842495322227478,0.94481360912323,1662.1455
7700,1.0221080780029297,0.9031692147254944,1662.15
7701,1.0590200424194336,0.9817256331443787,1662.1545
7702,0.9640583395957947,1.042930245399475,1662.159
7703,0.9814101457595825,1.0098040103912354,1662.1635
7704,0.9230449795722961,0.9719455242156982,1662.168
7705,0.9968690276145935,0.9457600712776184,1662.1725
7706,1.0281022787094116,0.9741539359092712,1662.177
7707,1.0240010023117065,0.9833030700683594,1662.1815
7708,1.027155876159668,0.9508078694343567,1662.186
7709,1.018006682395935,0.9703680872917175,1662.1905
7710,0.9340870380401611,0.9303011894226074,1662.195
7711,1.0214771032333374,0.938188374042511,1662.1995
7712,1.0309417247772217,1.1542972326278687,1662.204
7713,0.9378728866577148,0.9243069291114807,1662.2085
7714,1.0817351341247559,1.0514483451843262,1662.213
7715,0.953647255897522,1.0031788349151611,1662.2175
7716,1.0602819919586182,0.9829875826835632,1662.222
7717,0.8766682744026184,1.0350430011749268,1662.2265
7718,0.9479684829711914,1.0132744312286377,1662.231
7719,0.971314549446106,1.1031882762908936,1662.2355
7720,1.0820506811141968,0.9675287008285522,1662.24
7721,0.9107409119606018,1.0274713039398193,1662.2445
7722,1.0486090183258057,0.984565019607544,1662.249
7723,1.013589859008789,0.9145267605781555,1662.2535
7724,1.0000238418579102,0.9284082651138306,1662.258
7725,0.9946606159210205,0.9732074737548828,1662.2625
7726,1.0277868509292603,0.9388193488121033,1662.267
7727,0.7807601094245911,1.0192686319351196,1662.2715
7728,0.9940296411514282,0.9694216251373291,1662.276
7729,1.0779492855072021,0.9814101457595825,1662.2805
7730,0.9113718867301941,1.0173757076263428,1662.285
7731,0.9930831789970398,1.0514483451843262,1662.2895
7732,0.9933986663818359,1.03315007686615,1662.294
7733,1.0691156387329102,1.0277868509292603,1662.2985
7734,1.0741634368896484,0.9896128177642822,1662.303
7735,0.9391348361968994,1.0309417247772217,1662.3075
7736,1.0258939266204834,0.9842495322227478,1662.312
7737,1.0495554208755493,1.0230544805526733,1662.3165
7738,1.057758092880249,1.0148518085479736,1662.321
7739,0.9422897100448608,0.9763623476028442,1662.3255
7740,1.0186376571655273,1.0211615562438965,1662.33
7741,1.078264832496643,0.9400812983512878,1662.3345
7742,1.0410373210906982,0.9353489875793457,1662.339
7743,1.0337810516357422,1.0230544805526733,1662.3435
7744,0.942605197429657,0.8817160725593567,1662.348
7745,0.9981309771537781,1.0760563611984253,1662.3525
7746,0.9851959943771362,0.9344025254249573,1662.357
7747,0.9369264245033264,1.0233700275421143,1662.3615
7748,0.871304988861084,1.153035283088684,1662.366
7749,0.9211520552635193,0.9318786263465881,1662.3705
7750,0.9599570035934448,1.1236950159072876,1662.375
7751,0.9120028614997864,1.0732170343399048,1662.3795
7752,0.9842495322227478,0.9053776264190674,1662.384
7753,0.9650048017501831,1.006649136543274,1662.3885
7754,0.962480902671814,0.9097944498062134,1662.393
7755,0.9239914417266846,1.137260913848877,1662.3975
7756,1.0299952030181885,0.9385038614273071,1662.402
7757,0.9527007937431335,0.9782552719116211,1662.4065
7758,0.8788766860961914,0.9728919863700867,1662.411
7759,0.9577485918998718,0.9833030700683594,1662.4155
7760,0.9687906503677368,0.9157887101173401,1662.42
7761,1.0539722442626953,1.0173757076263428,1662.4245
7762,0.927146315574646,0.9918212294578552,1662.429
7763,0.9984464645385742,0.9918212294578552,1662.4335
7764,1.000339388847351,0.9416587352752686,1662.438
7765,0.9038001894950867,0.8460659980773926,1662.4425
7766,0.9479684829711914,0.9798327088356018,1662.447
7767,0.9542782306671143,0.9299857020378113,1662.4515
7768,1.0098040103912354,1.0016013383865356,1662.456
7769,0.9189435839653015,0.9508078694343567,1662.4605
7770,0.9104254245758057,1.0142208337783813,1662.465
7771,1.0555497407913208,1.024316430091858,1662.4695
7772,1.0829970836639404,0.9482839703559875,1662.474
7773,0.9593260288238525,0.9892973303794861,1662.4785
7774,0.9763623476028442,0.9684751629829407,1662.483
7775,1.0829970836639404,1.0350430011749268,1662.4875
7776,1.0060181617736816,0.7744503617286682,1662.492
7777,1.0306261777877808,0.9615344405174255,1662.4965
7778,0.89780592918396,0.9126338362693787,1662.501
7779,0.9356644749641418,1.0498709678649902,1662.5055
7780,1.0460851192474365,0.9817256331443787,1662.51
7781,1.0072801113128662,0.9984464645385742,1662.5145
7782,1.0583890676498413,0.8675191402435303,1662.519
7783,0.9179971218109131,0.9429206848144531,1662.5235
7784,0.8826625347137451,1.0167447328567505,1662.528
7785,0.8280832171440125,0.9851959943771362,1662.5325
7786,1.040406346321106,0.9362954497337341,1662.537
7787,0.9366109371185303,0.9627963900566101,1662.5415
7788,1.0318881273269653,1.004756212234497,1662.546
7789,0.9637428522109985,0.9968690276145935,1662.5505
7790,1.03315007686615,1.0441921949386597,1662.555
7791,0.9135802984237671,0.9056931138038635,1662.5595
7792,0.8804541230201721,0.9208365678787231,1662.564
7793,0.9902437925338745,1.0413527488708496,1662.5685
7794,1.027155876159668,0.9583795666694641,1662.573
7795,0.8596319556236267,0.9902437925338745,1662.5775
7796,1.0924617052078247,1.0060181617736816,1662.582
7797,0.8101004362106323,0.9631118774414062,1662.5865
7798,1.0388288497924805,1.0148518085479736,1662.591
7799,0.9217830300331116,0.913264811038971,1662.5955
7800,0.8577390313148499,0.9495459198951721,1662.6
7801,1.0060181617736816,0.8892877697944641,1662.6045
7802,0.9703680872917175,0.9997084140777588,1662.609
7803,0.8394407629966736,1.0659607648849487,1662.6135
7804,0.9643738269805908,0.8782457113265991,1662.618
7805,0.982356607913971,0.9993929266929626,1662.6225
7806,0.9495459198951721,1.0164293050765991,1662.627
7807,0.940396785736084,0.9350335001945496,1662.6315
7808,1.01106595993042,0.9896128177642822,1662.636
7809,0.9334560632705688,1.013589859008789,1662.6405
7810,0.9246224164962769,0.9760468602180481,1662.645
7811,0.9375573992729187,0.9126338362693787,1662.6495
7812,0.9921367168426514,0.9400812983512878,1662.654
7813,0.9511233568191528,0.9511233568191528,1662.6585
7814,1.0236854553222656,1.0735324621200562,1662.663
7815,0.9400812983512878,0.9564866423606873,1662.6675
7816,0.9429206848144531,0.9776242971420288,1662.672
7817,0.9826720952987671,1.0240010023117065,1662.6765
7818,0.8331310153007507,0.9321941137313843,1662.681
7819,1.0142208337783813,1.0609129667282104,1662.6855
7820,1.0101195573806763,1.0495554208755493,1662.69
7821,0.9135802984237671,0.9842495322227478,1662.6945
7822,0.9454445838928223,0.900014340877533,1662.699
7823,0.9810946583747864,0.9971845149993896,1662.7035
7824,0.8902342319488525,1.1120219230651855,1662.708
7825,0.9303011894226074,0.904431164264679,1662.7125
7826,0.9239914417266846,0.9709990620613098,1662.717
7827,1.0208461284637451,1.0836280584335327,1662.7215
7828,0.9864579439163208,1.0505019426345825,1662.726
7829,0.9003298282623291,1.027155876159668,1662.7305
7830,1.031572699546814,0.9709990620613098,1662.735
7831,1.115492343902588,0.9978154897689819,1662.7395
7832,0.9195745587348938,0.9312476515769958,1662.744
7833,0.9520698189735413,1.0552341938018799,1662.7485
7834,1.0618594884872437,0.9864579439163208,1662.753
7835,1.0129588842391968,0.9709990620613098,1662.7575
7836,0.9586950540542603,0.9429206848144531,1662.762
7837,0.9340870380401611,1.006649136543274,1662.7665
7838,0.9145267605781555,1.0691156387329102,1662.771
7839,0.9959225654602051,0.9186280965805054,1662.7755
7840,0.9911902546882629,0.9454445838928223,1662.78
7841,1.0277868509292603,1.0656453371047974,1662.7845
7842,1.0164293050765991,0.9050621390342712,1662.789
7843,0.9788862466812134,1.0413527488708496,1662.7935
7844,0.9807791709899902,1.0779492855072021,1662.798
7845,0.9539627432823181,0.9568021297454834,1662.8025
7846,0.9416587352752686,1.051763892173767,1662.807
7847,0.9280927777290344,0.9754158854484558,1662.8115
7848,0.8820315599441528,1.0085420608520508,1662.816
7849,1.0145363807678223,0.9722610116004944,1662.8205
7850,0.9943451285362244,1.0653297901153564,1662.825
7851,1.038513422012329,1.0760563611984253,1662.8295
7852,0.9485994577407837,1.0262093544006348,1662.834
7853,1.111075520515442,0.9612189531326294,1662.8385
7854,0.9552246928215027,0.8744598627090454,1662.843
7855,0.9732074737548828,1.004756212234497,1662.8475
7856,0.9905592799186707,1.0599665641784668,1662.852
7857,0.9987619519233704,0.9810946583747864,1662.8565
7858,1.0678536891937256,0.9432361721992493,1662.861
7859,1.0293642282485962,1.1088670492172241,1662.8655
7860,0.9028537273406982,1.002232313156128,1662.87
7861,0.9138957858085632,1.0347275733947754,1662.8745
7862,0.9299857020378113,0.9473375082015991,1662.879
7863,0.913264811038971,0.9561711549758911,1662.8835
7864,1.0599665641784668,0.9530162811279297,1662.888
7865,1.0829970836639404,1.0987714529037476,1662.8925
7866,0.9665822386741638,0.9839340448379517,1662.897
7867,0.942605197429657,0.9814101457595825,1662.9015
7868,0.9255688786506653,1.048924446105957,1662.906
7869,0.8596319556236267,0.920521080493927,1662.9105
7870,1.0031788349151611,0.9997084140777588,1662.915
7871,0.9621654152870178,1.0568116903305054,1662.9195
7872,1.0246319770812988,0.9870889186859131,1662.924
7873,0.9747849106788635,0.8993833661079407,1662.9285
7874,1.0230544805526733,1.0542877912521362,1662.933
7875,1.0000238418579102,0.9586950540542603,1662.9375
7876,0.9839340448379517,1.0113815069198608,1662.942
7877,0.8902342319488525,1.075740933418274,1662.9465
7878,0.9993929266929626,0.9700525999069214,1662.951
7879,1.0217925310134888,0.824928343296051,1662.9555
7880,0.9372419118881226,0.9467065334320068,1662.96
7881,0.9877198934555054,0.9883508682250977,1662.9645
7882,0.9568021297454834,1.004756212234497,1662.969
7883,0.8637332916259766,0.96689772605896,1662.9735
7884,0.9564866423606873,0.9817256331443787,1662.978
7885,1.0703775882720947,1.0435612201690674,1662.9825
7886,0.9788862466812134,0.8394407629966736,1662.987
7887,0.9517543315887451,0.9820411205291748,1662.9915
7888,0.9864579439163208,1.038513422012329,1662.996
7889,0.9366109371185303,1.0833126306533813,1663.0005
7890,0.9082170128822327,0.9631118774414062,1663.005
7891,1.0161137580871582,1.0722705125808716,1663.0095
7892,0.9609034657478333,0.9473375082015991,1663.014
7893,1.0438766479492188,0.9826720952987671,1663.0185
7894,1.0571271181106567,0.7700335383415222,1663.023
7895,1.0252629518508911,1.0009703636169434,1663.0275
7896,0.9766778349876404,1.0217925310134888,1663.032
7897,1.047347068786621,1.018322229385376,1663.0365
7898,1.0006548166275024,1.022423505783081,1663.041
7899,0.9889818429946899,1.0678536891937256,1663.0455
7900,1.0192686319351196,0.9899283051490784,1663.05
7901,1.0281022787094116,1.0350430011749268,1663.0545
7902,0.9975000023841858,1.0549187660217285,1663.059
7903,0.9902437925338745,1.0899378061294556,1663.0635
7904,0.9321941137313843,0.9804636836051941,1663.068
7905,1.0523948669433594,0.96689772605896,1663.0725
7906,0.9366109371185303,0.960272490978241,1663.077
7907,1.0381978750228882,0.9722610116004944,1663.0815
7908,0.9656357765197754,0.8896032571792603,1663.086
7909,0.9858269691467285,0.9542782306671143,1663.0905
7910,0.9167351722717285,0.9665822386741638,1663.095
7911,0.9807791709899902,0.9391348361968994,1663.0995
7912,0.9763623476028442,1.0318881273269653,1663.104
7913,1.009173035621643,0.9725764989852905,1663.1085
7914,0.9527007937431335,0.9946606159210205,1663.113
7915,1.0599665641784668,1.0167447328567505,1663.1175
7916,0.9990774393081665,0.977939784526825,1663.122
7917,0.9754158854484558,0.9145267605781555,1663.1265
7918,1.0170602798461914,0.911056399345398,1663.131
7919,1.0792112350463867,0.9189435839653015,1663.1355
7920,0.973522961139679,0.9703680872917175,1663.14
7921,0.975731372833252,0.951438844203949,1663.1445
7922,1.0290488004684448,0.9766778349876404,1663.149
7923,1.0214771032333374,0.9719455242156982,1663.1535
7924,1.0028632879257202,0.9798327088356018,1663.158
7925,1.0435612201690674,0.9542782306671143,1663.1625
7926,1.0498709678649902,0.9429206848144531,1663.167
7927,1.0990869998931885,0.9501768946647644,1663.1715
7928,1.0823661088943481,0.9385038614273071,1663.176
7929,1.0681692361831665,1.0328346490859985,1663.1805
7930,0.9615344405174255,1.041983723640442,1663.185
7931,1.062174916267395,0.8880258202552795,1663.1895
7932,1.1079206466674805,1.0214771032333374,1663.194
7933,0.9388193488121033,1.0921462774276733,1663.1985
7934,0.9441826343536377,1.087098479270935,1663.203
7935,0.9656357765197754,0.9744694232940674,1663.2075
7936,0.9937141537666321,0.9261998534202576,1663.212
7937,1.0123279094696045,0.9984464645385742,1663.2165
7938,0.9915057420730591,1.022739052772522,1663.221
7939,1.024316430091858,1.0019168853759766,1663.2255
7940,0.9820411205291748,1.027155876159668,1663.23
7941,1.0902533531188965,1.0157983303070068,1663.2345
7942,1.0031788349151611,1.0053871870040894,1663.239
7943,0.9552246928215027,0.9732074737548828,1663.2435
7944,1.000339388847351,0.9246224164962769,1663.248
7945,1.0350430011749268,1.0688002109527588,1663.2525
7946,0.933771550655365,0.9422897100448608,1663.257
7947,1.042930245399475,1.0486090183258057,1663.2615
7948,0.9694216251373291,0.9990774393081665,1663.266
7949,0.9650048017501831,0.9997084140777588,1663.2705
7950,1.0041252374649048,0.969106137752533,1663.275
7951,1.0514483451843262,0.9782552719116211,1663.2795
7952,1.0609129667282104,0.9568021297454834,1663.284
7953,1.0186376571655273,1.0044407844543457,1663.2885
7954,0.8829780220985413,1.0514483451843262,1663.293
7955,1.118016242980957,1.0549187660217285,1663.2975
7956,1.053341269493103,1.048924446105957,1663.302
7957,0.9927676916122437,1.0318881273269653,1663.3065
7958,1.0085420608520508,1.0940392017364502,1663.311
7959,0.9015917778015137,0.9792017340660095,1663.3155
7960,0.8930736184120178,0.9946606159210205,1663.32
7961,0.9851959943771362,0.949230432510376,1663.3245
7962,0.9615344405174255,0.9542782306671143,1663.329
7963,0.9268308281898499,1.0161137580871582,1663.3335
7964,0.9113718867301941,1.0631214380264282,1663.338
7965,1.0454541444778442,0.8088384866714478,1663.3425
7966,1.0186376571655273,0.9899283051490784,1663.347
7967,1.037566900253296,0.8962284922599792,1663.3515
7968,0.913264811038971,1.042930245399475,1663.356
7969,0.9965535402297974,0.8864483833312988,1663.3605
7970,1.0293642282485962,0.9056931138038635,1663.365
7971,0.9340870380401611,1.018006682395935,1663.3695
7972,0.9504923820495605,1.0211615562438965,1663.374
7973,1.0148518085479736,0.9899283051490784,1663.3785
7974,0.851429283618927,0.9785707592964172,1663.383
7975,1.009488582611084,1.0281022787094116,1663.3875
7976,1.0482934713363647,0.9444981217384338,1663.392
7977,0.9905592799186707,1.0107505321502686,1663.3965
7978,1.0716395378112793,0.9631118774414062,1663.401
7979,0.9495459198951721,0.9413432478904724,1663.4055
7980,1.0072801113128662,1.0041252374649048,1663.41
7981,0.9952915906906128,1.0416682958602905,1663.4145
7982,0.8905497193336487,0.975731372833252,1663.419
7983,0.9725764989852905,1.0116969347000122,1663.4235
7984,1.0410373210906982,0.9230449795722961,1663.428
7985,0.9530162811279297,1.0142208337783813,1663.4325
7986,0.9836185574531555,0.9643738269805908,1663.437
7987,0.8962284922599792,0.9353489875793457,1663.4415
7988,1.1259033679962158,0.9788862466812134,1663.446
7989,0.9031692147254944,0.9268308281898499,1663.4505
7990,0.9233604669570923,1.015482783317566,1663.455
7991,0.9993929266929626,0.8754063248634338,1663.4595
7992,0.9782552719116211,1.0792112350463867,1663.464
7993,1.0388288497924805,1.0363049507141113,1663.4685
7994,0.9498614072799683,0.9454445838928223,1663.473
7995,1.0435612201690674,1.031257152557373,1663.4775
7996,1.1006643772125244,0.9918212294578552,1663.482
7997,1.0921462774276733,0.9568021297454834,1663.4865
7998,0.8902342319488525,0.9773088097572327,1663.491
7999,1.027155876159668,1.0432456731796265,1663.4955
8000,0.9678441882133484,1.0186376571655273,1663.5
8001,1.1170697212219238,0.9754158854484558,1663.5045
8002,0.9508078694343567,0.9993929266929626,1663.509
8003,1.075425386428833,1.1924712657928467,1663.5135
8004,0.9189435839653015,1.0255783796310425,1663.518
8005,1.0303107500076294,0.9627963900566101,1663.5225
8006,1.0792112350463867,0.895597517490387,1663.527
8007,0.8858174085617065,1.0855209827423096,1663.5315
8008,0.9728919863700867,1.1016108989715576,1663.536
8009,1.0151673555374146,1.0085420608520508,1663.5405
8010,0.9303011894226074,0.9015917778015137,1663.545
8011,1.0527102947235107,0.9485994577407837,1663.5495
8012,0.942605197429657,0.9410277605056763,1663.554
8013,0.9855114817619324,0.8829780220985413,1663.5585
8014,0.9773088097572327,1.0609129667282104,1663.563
8015,0.9820411205291748,1.031572699546814,1663.5675
8016,0.9397658109664917,0.9933986663818359,1663.572
8017,0.9274618029594421,1.0880448818206787,1663.5765
8018,1.029679775238037,0.9340870380401611,1663.581
8019,1.0426146984100342,0.8861328959465027,1663.5855
8020,1.062174916267395,0.9438671469688416,1663.59
8021,0.8400717377662659,0.9744694232940674,1663.5945
8022,1.0479780435562134,0.9829875826835632,1663.599
8023,0.9385038614273071,0.9479684829711914,1663.6035
8024,0.9012762904167175,0.9643738269805908,1663.608
8025,0.9334560632705688,1.0902533531188965,1663.6125
8026,1.1016108989715576,1.002232313156128,1663.617
8027,0.9722610116004944,1.0744789838790894,1663.6215
8028,0.9586950540542603,1.0031788349151611,1663.626
8029,0.9523853063583374,0.9091634750366211,1663.6305
8030,0.927146315574646,1.0192686319351196,1663.635
8031,0.9574331045150757,0.9176816344261169,1663.6395
8032,1.0104349851608276,0.940396785736084,1663.644
8033,0.9501768946647644,0.9858269691467285,1663.6485
8034,0.8640487790107727,1.0192686319351196,1663.653
8035,0.9933986663818359,0.9435516595840454,1663.6575
8036,1.0662763118743896,1.0776338577270508,1663.662
8037,0.9675287008285522,0.8530067205429077,1663.6665
8038,0.9621654152870178,0.9962380528450012,1663.671
8039,1.066907286643982,0.9454445838928223,1663.6755
8040,0.8949665427207947,0.9239914417266846,1663.68
8041,0.973522961139679,1.0523948669433594,1663.6845
8042,1.05807363986969,0.9261998534202576,1663.689
8043,0.933771550655365,0.9321941137313843,1663.6935
8044,0.9189435839653015,0.9880353808403015,1663.698
8045,1.0397753715515137,1.0574426651000977,1663.7025
8046,1.0583890676498413,0.9725764989852905,1663.707
8047,0.9943451285362244,0.9990774393081665,1663.7115
8048,1.0628058910369873,0.924937903881073,1663.716
8049,1.047347068786621,0.9990774393081665,1663.7205
8050,1.042930245399475,0.9760468602180481,1663.725
8051,0.9151577353477478,1.0378824472427368,1663.7295
8052,1.0041252374649048,0.9927676916122437,1663.734
8053,0.9659512639045715,1.0041252374649048,1663.7385
8054,1.0063337087631226,0.9069550633430481,1663.743
8055,0.9820411205291748,0.9309321641921997,1663.7475
8056,0.9706835746765137,0.9520698189735413,1663.752
8057,1.1177006959915161,0.9325096011161804,1663.7565
8058,1.0334656238555908,0.9385038614273071,1663.761
8059,0.893389105796814,0.951438844203949,1663.7655
8060,1.0290488004684448,0.8814005851745605,1663.77
8061,0.9810946583747864,0.8965439796447754,1663.7745
8062,0.975731372833252,1.0299952030181885,1663.779
8063,0.9590105414390564,1.0937236547470093,1663.7835
8064,1.0363049507141113,0.8855019211769104,1663.788
8065,0.982356607913971,0.8236663937568665,1663.7925
8066,0.9732074737548828,1.0817351341247559,1663.797
8067,0.9400812983512878,0.9908747673034668,1663.8015
8068,1.0195841789245605,0.9435516595840454,1663.806
8069,1.0574426651000977,1.0328346490859985,1663.8105
8070,0.9545937180519104,0.9069550633430481,1663.815
8071,1.026840329170227,0.8653107285499573,1663.8195
8072,0.9006453156471252,1.0306261777877808,1663.824
8073,0.8413336873054504,0.9656357765197754,1663.8285
8074,0.9164196848869324,0.9126338362693787,1663.833
8075,0.9593260288238525,0.9804636836051941,1663.8375
8076,1.0252629518508911,0.9908747673034668,1663.842
8077,1.028733253479004,1.0659607648849487,1663.8465
8078,0.9921367168426514,0.9725764989852905,1663.851
8079,1.041983723640442,1.0618594884872437,1663.8555
8080,0.9940296411514282,0.9104254245758057,1663.86
8081,0.9410277605056763,1.0353585481643677,1663.8645
8082,0.975731372833252,0.9148422479629517,1663.869
8083,1.084259033203125,0.9981309771537781,1663.8735
8084,0.9949761033058167,0.9684751629829407,1663.878
8085,0.9833030700683594,1.0482934713363647,1663.8825
8086,0.9968690276145935,0.8924426436424255,1663.887
8087,0.9700525999069214,1.0303107500076294,1663.8915
8088,1.0031788349151611,0.9583795666694641,1663.896
8089,1.0211615562438965,0.9940296411514282,1663.9005
8090,1.0776338577270508,1.0195841789245605,1663.905
8091,0.9864579439163208,1.0454541444778442,1663.9095
8092,0.9047466516494751,0.9460755586624146,1663.914
8093,0.9378728866577148,1.0120124816894531,1663.9185
8094,1.0126434564590454,0.9003298282623291,1663.923
8095,1.042930245399475,1.093092679977417,1663.9275
8096,1.0599665641784668,0.8410181999206543,1663.932
8097,1.03315007686615,0.9899283051490784,1663.9365
8098,1.0028632879257202,0.9826720952987671,1663.941
8099,0.9924522042274475,1.015482783317566,1663.9455
8100,0.8943355679512024,0.9937141537666321,1663.95
8101,0.9268308281898499,0.9142112731933594,1663.9545
8102,1.0479780435562134,0.9530162811279297,1663.959
8103,0.9356644749641418,0.8807696104049683,1663.9635
8104,0.9833030700683594,0.8444885611534119,1663.968
8105,0.9189435839653015,0.8672036528587341,1663.9725
8106,0.9754158854484558,1.013589859008789,1663.977
8107,1.0410373210906982,0.8747753500938416,1663.9815
8108,0.9183126091957092,0.931563138961792,1663.986
8109,0.9075860381126404,0.9028537273406982,1663.9905
8110,1.0161137580871582,1.031257152557373,1663.995
8111,0.9148422479629517,0.8984369039535522,1663.9995
8112,1.0602819919586182,1.044823169708252,1664.004
8113,0.8694120645523071,0.9804636836051941,1664.0085
8114,1.002232313156128,0.9978154897689819,1664.013
8115,1.049239993095398,0.9542782306671143,1664.0175
8116,0.9321941137313843,1.0751099586486816,1664.022
8117,0.9391348361968994,0.8744598627090454,1664.0265
8118,1.0246319770812988,0.9123183488845825,1664.031
8119,0.8946510553359985,0.9792017340660095,1664.0355
8120,1.0309417247772217,0.9694216251373291,1664.04
8121,0.9861424565315247,1.038513422012329,1664.0445
8122,0.9593260288238525,0.908847987651825,1664.049
8123,0.8482744097709656,0.940396785736084,1664.0535
8124,1.0142208337783813,1.0451385974884033,1664.058
8125,0.9388193488121033,1.0555497407913208,1664.0625
8126,1.0034942626953125,0.9520698189735413,1664.067
8127,0.9861424565315247,1.0151673555374146,1664.0715
8128,1.0202151536941528,1.0164293050765991,1664.076
8129,0.9716300368309021,1.0041252374649048,1664.0805
8130,0.9593260288238525,1.057758092880249,1664.085
8131,1.042930245399475,1.1082360744476318,1664.0895
8132,0.9211520552635193,1.0116969347000122,1664.094
8133,0.9053776264190674,0.9255688786506653,1664.0985
8134,0.9773088097572327,0.9700525999069214,1664.103
8135,0.9716300368309021,1.1038192510604858,1664.1075
8136,1.015482783317566,1.0104349851608276,1664.112
8137,0.9747849106788635,0.9728919863700867,1664.1165
8138,0.9672132134437561,0.8993833661079407,1664.121
8139,0.9577485918998718,0.9265153408050537,1664.1255
8140,0.9719455242156982,1.022739052772522,1664.13
8141,1.004756212234497,0.9612189531326294,1664.1345
8142,1.05807363986969,0.8842399716377258,1664.139
8143,0.9485994577407837,0.9949761033058167,1664.1435
8144,0.9167351722717285,0.9738384485244751,1664.148
8145,1.0277868509292603,0.9407122731208801,1664.1525
8146,1.0034942626953125,0.9987619519233704,1664.157
8147,1.031257152557373,1.0968785285949707,1664.1615
8148,0.9599570035934448,0.9148422479629517,1664.166
8149,1.1388384103775024,1.0659607648849487,1664.1705
8150,0.9836185574531555,0.9394503235816956,1664.175
8151,1.0508173704147339,0.931563138961792,1664.1795
8152,1.013589859008789,0.9485994577407837,1664.184
8153,0.9684751629829407,1.0363049507141113,1664.1885
8154,0.9766778349876404,0.9596415162086487,1664.193
8155,0.9798327088356018,1.0255783796310425,1664.1975
8156,0.9880353808403015,0.9419742226600647,1664.202
8157,0.9549092054367065,1.0678536891937256,1664.2065
8158,0.8795076608657837,0.9788862466812134,1664.211
8159,0.869096577167511,0.9186280965805054,1664.2155
8160,1.0990869998931885,1.0044407844543457,1664.22
8161,0.9413432478904724,0.9744694232940674,1664.2245
8162,1.0539722442626953,1.0088576078414917,1664.229
8163,0.9732074737548828,0.9858269691467285,1664.2335
8164,0.9460755586624146,0.9056931138038635,1664.238
8165,0.9650048017501831,0.9880353808403015,1664.2425
8166,0.975731372833252,1.019899606704712,1664.247
8167,1.013589859008789,0.908847987651825,1664.2515
8168,0.8791921734809875,0.9495459198951721,1664.256
8169,0.951438844203949,0.8918116688728333,1664.2605
8170,0.9599570035934448,0.9413432478904724,1664.265
8171,0.940396785736084,0.935979962348938,1664.2695
8172,0.9656357765197754,1.0441921949386597,1664.274
8173,1.041983723640442,0.8716204762458801,1664.2785
8174,0.9435516595840454,1.0265249013900757,1664.283
8175,1.0290488004684448,0.9814101457595825,1664.2875
8176,0.931563138961792,0.9198900461196899,1664.292
8177,0.9952915906906128,0.9773088097572327,1664.2965
8178,0.9318786263465881,0.9025382399559021,1664.301
8179,0.9792017340660095,0.949230432510376,1664.3055
8180,1.140100359916687,1.0186376571655273,1664.31
8181,1.0019168853759766,1.0634368658065796,1664.3145
8182,0.9485994577407837,0.9795172214508057,1664.319
8183,1.0072801113128662,1.0328346490859985,1664.3235
8184,0.9716300368309021,0.9839340448379517,1664.328
8185,0.9101099371910095,0.9930831789970398,1664.3325
8186,0.9290392398834229,0.9694216251373291,1664.337
8187,1.0249474048614502,0.9722610116004944,1664.3415
8188,1.08015775680542,1.022739052772522,1664.346
8189,0.9892973303794861,1.0104349851608276,1664.3505
8190,1.009173035621643,1.0028632879257202,1664.355
8191,0.9094789624214172,0.8744598627090454,1664.3595
8192,1.026840329170227,0.9911902546882629,1664.364
8193,0.9451290965080261,0.8962284922599792,1664.3685
8194,0.9952915906906128,0.9564866423606873,1664.373
8195,1.0167447328567505,1.03315007686615,1664.3775
8196,0.9817256331443787,0.9366109371185303,1664.382
8197,1.0192686319351196,0.9776242971420288,1664.3865
8198,1.0274713039398193,0.9927676916122437,1664.391
8199,1.0864675045013428,0.9719455242156982,1664.3955
8200,1.044507622718811,1.0432456731796265,1664.4
8201,0.9069550633430481,1.0747944116592407,1664.4045
8202,0.9697371125221252,0.982356607913971,1664.409
8203,0.975731372833252,0.9709990620613098,1664.4135
8204,0.9517543315887451,0.951438844203949,1664.418
8205,1.0192686319351196,0.9687906503677368,1664.4225
8206,1.0088576078414917,1.024316430091858,1664.427
8207,1.066907286643982,0.9385038614273071,1664.4315
8208,0.9927676916122437,0.9653202891349792,1664.436
8209,0.9631118774414062,0.8858174085617065,1664.4405
8210,0.9769933223724365,1.0063337087631226,1664.445
8211,1.0044407844543457,0.9542782306671143,1664.4495
8212,0.9284082651138306,0.891180694103241,1664.454
8213,0.9684751629829407,0.9482839703559875,1664.4585
8214,1.1101289987564087,0.9189435839653015,1664.463
8215,0.9697371125221252,0.9482839703559875,1664.4675
8216,1.048924446105957,1.013589859008789,1664.472
8217,1.013589859008789,0.9867734313011169,1664.4765
8218,0.949230432510376,0.9640583395957947,1664.481
8219,1.0583890676498413,1.0192686319351196,1664.4855
8220,1.0741634368896484,0.9075860381126404,1664.49
8221,0.9485994577407837,1.0539722442626953,1664.4945
8222,0.9489149451255798,1.0192686319351196,1664.499
8223,0.9599570035934448,0.9463910460472107,1664.5035
8224,0.9993929266929626,0.9981309771537781,1664.508
8225,0.962480902671814,0.9489149451255798,1664.5125
8226,0.9176816344261169,0.864679753780365,1664.517
8227,0.9429206848144531,1.053341269493103,1664.5215
8228,0.9482839703559875,0.9593260288238525,1664.526
8229,0.9369264245033264,1.0255783796310425,1664.5305
8230,0.9618499279022217,0.8309226036071777,1664.535
8231,1.0205305814743042,0.9025382399559021,1664.5395
8232,0.8517447710037231,1.0725860595703125,1664.544
8233,0.940396785736084,0.9640583395957947,1664.5485
8234,1.078264832496643,0.9984464645385742,1664.553
8235,1.0205305814743042,0.953647255897522,1664.5575
8236,0.9807791709899902,0.9820411205291748,1664.562
8237,1.031257152557373,0.9385038614273071,1664.5665
8238,1.0410373210906982,0.9303011894226074,1664.571
8239,0.9709990620613098,0.9684751629829407,1664.5755
8240,0.9072705507278442,1.071008563041687,1664.58
8241,1.009173035621643,1.0205305814743042,1664.5845
8242,0.9574331045150757,1.015482783317566,1664.589
8243,1.0700621604919434,0.9555401802062988,1664.5935
8244,1.041983723640442,1.0486090183258057,1664.598
8245,1.0107505321502686,0.9732074737548828,1664.6025
8246,0.9732074737548828,0.9135802984237671,1664.607
8247,1.0747944116592407,0.929354727268219,1664.6115
8248,1.0303107500076294,1.0571271181106567,1664.616
8249,0.9997084140777588,0.9870889186859131,1664.6205
8250,1.0009703636169434,0.9056931138038635,1664.625
8251,0.9416587352752686,0.9665822386741638,1664.6295
8252,0.969106137752533,1.031257152557373,1664.634
8253,0.9858269691467285,0.9467065334320068,1664.6385
8254,1.0057027339935303,0.9788862466812134,1664.643
8255,1.1281118392944336,0.9596415162086487,1664.6475
8256,0.9631118774414062,0.9836185574531555,1664.652
8257,0.9530162811279297,0.9820411205291748,1664.6565
8258,0.9457600712776184,0.9063240885734558,1664.661
8259,0.9508078694343567,1.0460851192474365,1664.6655
8260,0.8760372996330261,0.9804636836051941,1664.67
8261,1.0019168853759766,0.9542782306671143,1664.6745
8262,0.9864579439163208,0.9908747673034668,1664.679
8263,1.0763719081878662,0.9069550633430481,1664.6835
8264,1.0407217741012573,1.093092679977417,1664.688
8265,1.0274713039398193,1.0157983303070068,1664.6925
8266,1.0303107500076294,0.9454445838928223,1664.697
8267,1.0366204977035522,0.9902437925338745,1664.7015
8268,0.9006453156471252,1.0318881273269653,1664.706
8269,1.0186376571655273,1.0322036743164062,1664.7105
8270,0.8782457113265991,1.0161137580871582,1664.715
8271,0.9937141537666321,0.962480902671814,1664.7195
8272,0.9015917778015137,1.0363049507141113,1664.724
8273,1.0151673555374146,0.9908747673034668,1664.7285
8274,0.9211520552635193,0.9851959943771362,1664.733
8275,0.9672132134437561,0.9429206848144531,1664.7375
8276,0.9952915906906128,0.9874044060707092,1664.742
8277,1.03598952293396,0.9299857020378113,1664.7465
8278,0.9056931138038635,0.9814101457595825,1664.751
8279,1.0691156387329102,0.9650048017501831,1664.7555
8280,0.9284082651138306,1.040406346321106,1664.76
8281,1.0631214380264282,1.0019168853759766,1664.7645
8282,0.818303108215332,1.0344120264053345,1664.769
8283,1.018006682395935,1.0413527488708496,1664.7735
8284,1.0987714529037476,1.040406346321106,1664.778
8285,1.027155876159668,1.0246319770812988,1664.7825
8286,1.0145363807678223,0.9637428522109985,1664.787
8287,1.026840329170227,0.9848805069923401,1664.7915
8288,0.9038001894950867,0.8962284922599792,1664.796
8289,0.9921367168426514,1.1072896718978882,1664.8005
8290,1.0729014873504639,1.0476624965667725,1664.805
8291,0.977939784526825,0.9697371125221252,1664.8095
8292,0.9706835746765137,0.9997084140777588,1664.814
8293,0.906639575958252,1.1031882762908936,1664.8185
8294,1.0378824472427368,0.9069550633430481,1664.823
8295,0.8681501150131226,1.1473565101623535,1664.8275
8296,0.9574331045150757,1.018322229385376,1664.832
8297,0.9747849106788635,0.9183126091957092,1664.8365
8298,0.9520698189735413,1.0016013383865356,1664.841
8299,1.03598952293396,0.953647255897522,1664.8455
8300,0.9034847021102905,1.1000334024429321,1664.85
8301,0.9883508682250977,0.8899187445640564,1664.8545
8302,1.0195841789245605,0.9971845149993896,1664.859
8303,0.9987619519233704,1.024316430091858,1664.8635
8304,0.969106137752533,1.0615439414978027,1664.868
8305,0.9385038614273071,1.0369359254837036,1664.8725
8306,1.0079110860824585,0.8763527870178223,1664.877
8307,0.873513400554657,1.0053871870040894,1664.8815
8308,1.0060181617736816,1.0236854553222656,1664.886
8309,0.9842495322227478,0.9634273648262024,1664.8905
8310,1.084574580192566,0.9908747673034668,1664.895
8311,0.9577485918998718,1.0274713039398193,1664.8995
8312,1.0126434564590454,1.042930245399475,1664.904
8313,0.9321941137313843,1.0514483451843262,1664.9085
8314,0.9586950540542603,0.9640583395957947,1664.913
8315,1.0157983303070068,0.816094696521759,1664.9175
8316,0.8968594670295715,0.9375573992729187,1664.922
8317,1.0378824472427368,1.0381978750228882,1664.9265
8318,0.9261998534202576,1.130951166152954,1664.931
8319,1.0482934713363647,1.0968785285949707,1664.9355
8320,1.0249474048614502,0.9003298282623291,1664.94
8321,0.9599570035934448,1.0659607648849487,1664.9445
8322,1.0173757076263428,0.9145267605781555,1664.949
8323,1.0328346490859985,1.022423505783081,1664.9535
8324,0.9072705507278442,0.9943451285362244,1664.958
8325,1.0277868509292603,1.0236854553222656,1664.9625
8326,1.0508173704147339,1.0217925310134888,1664.967
8327,0.9886663556098938,0.8987523913383484,1664.9715
8328,0.9482839703559875,0.9012762904167175,1664.976
8329,0.9946606159210205,1.0012859106063843,1664.9805
8330,1.0927772521972656,1.0120124816894531,1664.985
8331,0.9997084140777588,0.9586950540542603,1664.9895
8332,1.0369359254837036,0.971314549446106,1664.994
8333,0.8731979131698608,0.9258843660354614,1664.9985
8334,1.0113815069198608,1.0281022787094116,1665.003
8335,1.0211615562438965,0.9621654152870178,1665.0075
8336,1.0523948669433594,0.9340870380401611,1665.012
8337,0.8952820301055908,0.9542782306671143,1665.0165
8338,1.084259033203125,0.9684751629829407,1665.021
8339,0.9763623476028442,0.9224140048027039,1665.0255
8340,1.0646988153457642,1.0918307304382324,1665.03
8341,0.8877103328704834,0.982356607913971,1665.0345
8342,1.0609129667282104,0.9530162811279297,1665.039
8343,0.9656357765197754,1.0284178256988525,1665.0435
8344,0.9239914417266846,0.9836185574531555,1665.048
8345,0.9252533912658691,1.0299952030181885,1665.0525
8346,0.8507983088493347,0.9296702146530151,1665.057
8347,1.0129588842391968,1.0634368658065796,1665.0615
8348,1.0113815069198608,1.009173035621643,1665.066
8349,0.9921367168426514,0.9751003980636597,1665.0705
8350,1.0325191020965576,0.9444981217384338,1665.075
8351,1.0255783796310425,0.888972282409668,1665.0795
8352,0.8681501150131226,0.9227294921875,1665.084
8353,0.9933986663818359,0.9716300368309021,1665.0885
8354,0.913264811038971,1.0602819919586182,1665.093
8355,0.9949761033058167,1.03315007686615,1665.0975
8356,1.000339388847351,1.0530258417129517,1665.102
8357,1.0129588842391968,1.1025573015213013,1665.1065
8358,0.9321941137313843,1.0785802602767944,1665.111
8359,0.9552246928215027,0.9309321641921997,1665.1155
8360,1.071324110031128,0.9366109371185303,1665.12
8361,1.0217925310134888,0.9413432478904724,1665.1245
8362,0.9432361721992493,1.0501863956451416,1665.129
8363,0.9842495322227478,1.03315007686615,1665.1335
8364,0.958064079284668,0.9274618029594421,1665.138
8365,1.0634368658065796,0.8804541230201721,1665.1425
8366,0.9419742226600647,0.9340870380401611,1665.147
8367,0.906639575958252,0.9277772903442383,1665.1515
8368,0.9738384485244751,0.9842495322227478,1665.156
8369,0.9211520552635193,0.8201960325241089,1665.1605
8370,0.9643738269805908,0.9861424565315247,1665.165
8371,1.0006548166275024,1.0079110860824585,1665.1695
8372,1.0274713039398193,0.9312476515769958,1665.174
8373,1.022423505783081,0.9965535402297974,1665.1785
8374,0.9239914417266846,1.041983723640442,1665.183
8375,1.0281022787094116,1.0123279094696045,1665.1875
8376,0.9375573992729187,0.931563138961792,1665.192
8377,0.9769933223724365,0.8741443753242493,1665.1965
8378,0.96689772605896,0.9183126091957092,1665.201
8379,0.8754063248634338,1.084259033203125,1665.2055
8380,1.005071759223938,1.0684846639633179,1665.21
8381,0.953647255897522,0.927146315574646,1665.2145
8382,0.9867734313011169,0.958064079284668,1665.219
8383,1.0804731845855713,1.0792112350463867,1665.2235
8384,0.977939784526825,0.9911902546882629,1665.228
8385,1.013589859008789,1.084574580192566,1665.2325
8386,0.9397658109664917,0.9019072651863098,1665.237
8387,0.8000048398971558,0.9432361721992493,1665.2415
8388,0.9605879783630371,1.0151673555374146,1665.246
8389,1.0306261777877808,0.9861424565315247,1665.2505
8390,0.9189435839653015,0.9987619519233704,1665.255
8391,0.977939784526825,1.0057027339935303,1665.2595
8392,0.9814101457595825,0.9056931138038635,1665.264
8393,1.0523948669433594,1.0293642282485962,1665.2685
8394,1.0760563611984253,0.9858269691467285,1665.273
8395,0.9511233568191528,0.9164196848869324,1665.2775
8396,0.960272490978241,1.0322036743164062,1665.282
8397,0.9889818429946899,1.1467255353927612,1665.2865
8398,1.0722705125808716,0.920521080493927,1665.291
8399,1.0211615562438965,1.0823661088943481,1665.2955
8400,0.9902437925338745,1.0520793199539185,1665.3
8401,0.9527007937431335,1.0539722442626953,1665.3045
8402,0.980148196220398,1.027155876159668,1665.309
8403,0.902222752571106,0.8687810897827148,1665.3135
8404,0.9940296411514282,0.9990774393081665,1665.318
8405,0.9463910460472107,0.9549092054367065,1665.3225
8406,1.159345030784607,0.9350335001945496,1665.327
8407,1.0151673555374146,1.0719550848007202,1665.3315
8408,0.8615248799324036,0.9864579439163208,1665.336
8409,0.9126338362693787,0.9331405758857727,1665.3405
8410,0.9454445838928223,1.044823169708252,1665.345
8411,1.013589859008789,1.0426146984100342,1665.3495
8412,1.0057027339935303,0.9681596755981445,1665.354
8413,0.8993833661079407,1.0615439414978027,1665.3585
8414,0.9243069291114807,1.0486090183258057,1665.363
8415,0.8927581310272217,1.0482934713363647,1665.3675
8416,0.9687906503677368,0.9378728866577148,1665.372
8417,1.0546032190322876,1.0852055549621582,1665.3765
8418,1.019899606704712,0.9435516595840454,1665.381
8419,1.0640678405761719,1.0612285137176514,1665.3855
8420,0.9612189531326294,0.9517543315887451,1665.39
8421,0.9227294921875,1.0116969347000122,1665.3945
8422,1.0041252374649048,0.9173661470413208,1665.399
8423,0.9921367168426514,1.009488582611084,1665.4035
8424,0.9079015254974365,0.977939784526825,1665.408
8425,1.0552341938018799,0.8312380909919739,1665.4125
8426,0.9284082651138306,0.9814101457595825,1665.417
8427,0.9243069291114807,1.0347275733947754,1665.4215
8428,1.1016108989715576,1.0350430011749268,1665.426
8429,0.9627963900566101,0.9255688786506653,1665.4305
8430,0.891180694103241,1.0631214380264282,1665.435
8431,0.9053776264190674,0.9927676916122437,1665.4395
8432,1.065014362335205,1.1277962923049927,1665.444
8433,1.0044407844543457,1.0126434564590454,1665.4485
8434,0.9785707592964172,0.9284082651138306,1665.453
8435,1.161868929862976,1.0129588842391968,1665.4575
8436,1.0192686319351196,0.9568021297454834,1665.462
8437,1.0028632879257202,1.009488582611084,1665.4665
8438,1.0476624965667725,0.9151577353477478,1665.471
8439,0.9053776264190674,0.9429206848144531,1665.4755
8440,0.9394503235816956,1.0476624965667725,1665.48
8441,0.9495459198951721,0.8877103328704834,1665.4845
8442,1.0025478601455688,0.9971845149993896,1665.489
8443,1.0205305814743042,0.9776242971420288,1665.4935
8444,0.9896128177642822,0.8438575863838196,1665.498
8445,0.8952820301055908,1.022739052772522,1665.5025
8446,0.953647255897522,0.9350335001945496,1665.507
8447,1.0716395378112793,1.0413527488708496,1665.5115
8448,1.004756212234497,1.0277868509292603,1665.516
8449,0.9113718867301941,0.8943355679512024,1665.5205
8450,0.9173661470413208,1.019899606704712,1665.525
8451,0.9675287008285522,0.9747849106788635,1665.5295
8452,0.8848709464073181,1.0514483451843262,1665.534
8453,1.0142208337783813,0.9321941137313843,1665.5385
8454,1.0290488004684448,0.895597517490387,1665.543
8455,1.0479780435562134,0.9454445838928223,1665.5475
8456,0.9848805069923401,1.0618594884872437,1665.552
8457,0.9631118774414062,0.9527007937431335,1665.5565
8458,1.0303107500076294,1.075425386428833,1665.561
8459,0.9788862466812134,0.9886663556098938,1665.5655
8460,1.0072801113128662,1.0101195573806763,1665.57
8461,1.0539722442626953,0.9356644749641418,1665.5745
8462,1.0053871870040894,1.1218020915985107,1665.579
8463,1.0038098096847534,0.886763870716095,1665.5835
8464,1.0410373210906982,1.0426146984100342,1665.588
8465,1.0088576078414917,0.9817256331443787,1665.5925
8466,0.9422897100448608,1.0451385974884033,1665.597
8467,0.9463910460472107,0.9473375082015991,1665.6015
8468,0.9795172214508057,0.9911902546882629,1665.606
8469,1.1031882762908936,1.0142208337783813,1665.6105
8470,1.0511329174041748,0.9769933223724365,1665.615
8471,0.9198900461196899,0.9782552719116211,1665.6195
8472,0.9609034657478333,0.9583795666694641,1665.624
8473,1.0675382614135742,0.9416587352752686,1665.6285
8474,0.9728919863700867,1.046400547027588,1665.633
8475,0.9220985174179077,0.9366109371185303,1665.6375
8476,0.9473375082015991,0.8372323513031006,1665.642
8477,1.0214771032333374,0.9814101457595825,1665.6465
8478,0.9807791709899902,1.0725860595703125,1665.651
8479,0.9186280965805054,1.0817351341247559,1665.6555
8480,1.031257152557373,0.9672132134437561,1665.66
8481,1.0145363807678223,0.9776242971420288,1665.6645
8482,0.8659417033195496,1.0205305814743042,1665.669
8483,0.9751003980636597,0.9517543315887451,1665.6735
8484,0.9675287008285522,1.0057027339935303,1665.678
8485,1.0126434564590454,1.042930245399475,1665.6825
8486,0.9523853063583374,0.9870889186859131,1665.687
8487,0.9769933223724365,0.9258843660354614,1665.6915
8488,1.0202151536941528,0.9123183488845825,1665.696
8489,0.9034847021102905,1.0173757076263428,1665.7005
8490,0.9864579439163208,1.018322229385376,1665.705
8491,0.9927676916122437,0.9993929266929626,1665.7095
8492,0.8971749544143677,1.1057121753692627,1665.714
8493,0.9662667512893677,0.8782457113265991,1665.7185
8494,0.9555401802062988,0.9041156768798828,1665.723
8495,0.9810946583747864,0.982356607913971,1665.7275
8496,1.040090799331665,0.9520698189735413,1665.732
8497,0.9552246928215027,1.0085420608520508,1665.7365
8498,0.9157887101173401,0.949230432510376,1665.741
8499,1.0129588842391968,0.9530162811279297,1665.7455
8500,0.8479589223861694,0.8914961814880371,1665.75
8501,1.0555497407913208,0.9385038614273071,1665.7545
8502,1.0034942626953125,1.0129588842391968,1665.759
8503,0.971314549446106,0.9135802984237671,1665.7635
8504,1.03598952293396,0.9356644749641418,1665.768
8505,1.0688002109527588,0.9416587352752686,1665.7725
8506,1.0640678405761719,1.0829970836639404,1665.777
8507,1.062490463256836,0.9943451285362244,1665.7815
8508,1.0426146984100342,0.9400812983512878,1665.786
8509,0.9138957858085632,0.9012762904167175,1665.7905
8510,1.0236854553222656,0.9959225654602051,1665.795
8511,1.0230544805526733,0.9694216251373291,1665.7995
8512,1.1044502258300781,1.0189532041549683,1665.804
8513,0.9940296411514282,0.938188374042511,1665.8085
8514,0.9019072651863098,0.9176816344261169,1665.813
8515,0.9413432478904724,1.0205305814743042,1665.8175
8516,0.9892973303794861,0.9706835746765137,1665.822
8517,0.9921367168426514,1.0202151536941528,1665.8265
8518,0.9889818429946899,0.886763870716095,1665.831
8519,1.0195841789245605,0.9883508682250977,1665.8355
8520,1.0016013383865356,1.0214771032333374,1665.84
8521,1.028733253479004,1.0325191020965576,1665.8445
8522,1.000339388847351,0.9760468602180481,1665.849
8523,0.9883508682250977,0.9467065334320068,1665.8535
8524,0.9637428522109985,0.942605197429657,1665.858
8525,0.9640583395957947,0.8968594670295715,1665.8625
8526,0.9940296411514282,1.084574580192566,1665.867
8527,1.1072896718978882,1.0214771032333374,1665.8715
8528,0.9867734313011169,0.9643738269805908,1665.876
8529,0.9347180128097534,0.9908747673034668,1665.8805
8530,0.9858269691467285,1.0662763118743896,1665.885
8531,0.9533317685127258,1.018006682395935,1665.8895
8532,0.94481360912323,0.9227294921875,1665.894
8533,1.022739052772522,1.0101195573806763,1665.8985
8534,1.0896223783493042,1.0549187660217285,1665.903
8535,0.9299857020378113,0.9681596755981445,1665.9075
8536,0.9880353808403015,1.006649136543274,1665.912
8537,0.9889818429946899,0.9804636836051941,1665.9165
8538,0.9930831789970398,0.9113718867301941,1665.921
8539,1.1044502258300781,1.0523948669433594,1665.9255
8540,0.8760372996330261,0.9306166768074036,1665.93
8541,1.0293642282485962,0.9385038614273071,1665.9345
8542,0.9435516595840454,0.9927676916122437,1665.939
8543,1.0236854553222656,1.0905687808990479,1665.9435
8544,0.9946606159210205,0.9233604669570923,1665.948
8545,1.027155876159668,1.0208461284637451,1665.9525
8546,0.938188374042511,0.9785707592964172,1665.957
8547,0.911056399345398,1.0113815069198608,1665.9615
8548,0.9867734313011169,1.0318881273269653,1665.966
8549,1.041983723640442,0.9908747673034668,1665.9705
8550,1.009173035621643,0.9173661470413208,1665.975
8551,0.9880353808403015,0.9523853063583374,1665.9795
8552,0.9971845149993896,0.9631118774414062,1665.984
8553,0.9795172214508057,1.0258939266204834,1665.9885
8554,0.9120028614997864,1.004756212234497,1665.993
8555,0.9164196848869324,1.126849889755249,1665.9975
8556,0.9274618029594421,0.9700525999069214,1666.002
8557,0.9933986663818359,0.9990774393081665,1666.0065
8558,1.0028632879257202,0.9454445838928223,1666.011
8559,0.962480902671814,1.0303107500076294,1666.0155
8560,1.0804731845855713,0.9198900461196899,1666.02
8561,0.9921367168426514,0.8719359636306763,1666.0245
8562,0.895597517490387,0.9817256331443787,1666.029
8563,1.1158077716827393,0.9583795666694641,1666.0335
8564,0.8921271562576294,1.0306261777877808,1666.038
8565,1.0085420608520508,0.8851864337921143,1666.0425
8566,0.8817160725593567,0.9422897100448608,1666.047
8567,0.9984464645385742,0.8873948454856873,1666.0515
8568,1.0309417247772217,0.9949761033058167,1666.056
8569,1.0350430011749268,0.9839340448379517,1666.0605
8570,1.1350525617599487,0.9744694232940674,1666.065
8571,0.9309321641921997,0.9946606159210205,1666.0695
8572,0.9350335001945496,0.8886567950248718,1666.074
8573,1.062490463256836,1.0293642282485962,1666.0785
8574,1.0031788349151611,1.0729014873504639,1666.083
8575,0.955855667591095,1.0258939266204834,1666.0875
8576,0.9542782306671143,0.9874044060707092,1666.092
8577,0.9116873741149902,0.9072705507278442,1666.0965
8578,0.9508078694343567,1.0123279094696045,1666.101
8579,1.0735324621200562,1.0883604288101196,1666.1055
8580,0.9921367168426514,1.002232313156128,1666.11
8581,1.0779492855072021,0.9454445838928223,1666.1145
8582,0.9239914417266846,0.9085325002670288,1666.119
8583,0.9987619519233704,1.0192686319351196,1666.1235
8584,0.9075860381126404,1.022739052772522,1666.128
8585,0.9747849106788635,1.0691156387329102,1666.1325
8586,1.004756212234497,1.0170602798461914,1666.137
8587,1.022739052772522,0.9432361721992493,1666.1415
8588,0.9568021297454834,0.9662667512893677,1666.146
8589,1.0034942626953125,1.048924446105957,1666.1505
8590,0.9981309771537781,1.0609129667282104,1666.155
8591,1.035673975944519,0.9296702146530151,1666.1595
8592,0.958064079284668,0.9650048017501831,1666.164
8593,0.9937141537666321,0.9915057420730591,1666.1685
8594,1.0684846639633179,0.9523853063583374,1666.173
8595,1.0555497407913208,0.9930831789970398,1666.1775
8596,0.9517543315887451,1.022739052772522,1666.182
8597,1.0937236547470093,1.0675382614135742,1666.1865
8598,0.9760468602180481,0.9716300368309021,1666.191
8599,1.0773183107376099,0.9104254245758057,1666.1955
8600,1.0192686319351196,0.9728919863700867,1666.2
8601,1.0265249013900757,0.9678441882133484,1666.2045
8602,1.057758092880249,1.035673975944519,1666.209
8603,1.0823661088943481,1.146094560623169,1666.2135
8604,0.9520698189735413,1.0325191020965576,1666.218
8605,0.931563138961792,0.9079015254974365,1666.2225
8606,0.9795172214508057,0.8596319556236267,1666.227
8607,0.9391348361968994,1.0893068313598633,1666.2315
8608,1.0107505321502686,0.9656357765197754,1666.236
8609,1.0684846639633179,0.9485994577407837,1666.2405
8610,0.9788862466812134,0.9167351722717285,1666.245
8611,1.0208461284637451,0.9552246928215027,1666.2495
8612,0.9454445838928223,0.9987619519233704,1666.254
8613,0.9397658109664917,0.9892973303794861,1666.2585
8614,0.9444981217384338,0.9277772903442383,1666.263
8615,0.9962380528450012,0.9615344405174255,1666.2675
8616,0.9634273648262024,1.0303107500076294,1666.272
8617,1.051763892173767,0.9019072651863098,1666.2765
8618,0.9261998534202576,0.9684751629829407,1666.281
8619,0.9463910460472107,1.0088576078414917,1666.2855
8620,0.9905592799186707,1.075740933418274,1666.29
8621,1.0265249013900757,0.9940296411514282,1666.2945
8622,0.8870793581008911,1.0069646835327148,1666.299
8623,0.971314549446106,0.9709990620613098,1666.3035
8624,0.9400812983512878,0.9795172214508057,1666.308
8625,1.0833126306533813,1.0217925310134888,1666.3125
8626,0.9618499279022217,0.8949665427207947,1666.317
8627,1.0697466135025024,1.178274393081665,1666.3215
8628,0.9993929266929626,0.9331405758857727,1666.326
8629,0.9113718867301941,0.9148422479629517,1666.3305
8630,1.0107505321502686,0.9861424565315247,1666.335
8631,1.0072801113128662,0.9388193488121033,1666.3395
8632,1.0044407844543457,1.022739052772522,1666.344
8633,0.9224140048027039,0.9627963900566101,1666.3485
8634,0.9766778349876404,0.9444981217384338,1666.353
8635,0.9656357765197754,0.9959225654602051,1666.3575
8636,0.9069550633430481,0.9773088097572327,1666.362
8637,0.9709990620613098,1.0157983303070068,1666.3665
8638,1.057758092880249,1.027155876159668,1666.371
8639,1.0615439414978027,1.0571271181106567,1666.3755
8640,0.8362858891487122,0.9858269691467285,1666.38
8641,1.1057121753692627,0.9523853063583374,1666.3845
8642,0.8760372996330261,0.9659512639045715,1666.389
8643,1.0479780435562134,1.049239993095398,1666.3935
8644,0.9810946583747864,1.079842209815979,1666.398
8645,0.9959225654602051,0.8744598627090454,1666.4025
8646,1.018322229385376,0.9015917778015137,1666.407
8647,0.964689314365387,1.0028632879257202,1666.4115
8648,0.9719455242156982,0.9385038614273071,1666.416
8649,0.9643738269805908,1.046400547027588,1666.4205
8650,0.9826720952987671,1.0167447328567505,1666.425
8651,0.8987523913383484,1.095932126045227,1666.4295
8652,0.9864579439163208,0.9975000023841858,1666.434
8653,0.9618499279022217,1.040406346321106,1666.4385
8654,1.03598952293396,0.9833030700683594,1666.443
8655,1.0098040103912354,0.9397658109664917,1666.4475
8656,0.9309321641921997,1.0902533531188965,1666.452
8657,0.9741539359092712,0.8526912331581116,1666.4565
8658,1.0350430011749268,0.9889818429946899,1666.461
8659,0.9255688786506653,0.833761990070343,1666.4655
8660,1.0438766479492188,0.9978154897689819,1666.47
8661,1.0631214380264282,1.0000238418579102,1666.4745
8662,0.9397658109664917,0.9208365678787231,1666.479
8663,0.9350335001945496,0.9296702146530151,1666.4835
8664,0.9101099371910095,1.0016013383865356,1666.488
8665,0.9527007937431335,0.9334560632705688,1666.4925
8666,1.0546032190322876,0.9634273648262024,1666.497
8667,0.9069550633430481,0.9164196848869324,1666.5015
8668,1.0388288497924805,0.9079015254974365,1666.506
8669,1.0009703636169434,0.8993833661079407,1666.5105
8670,0.9126338362693787,0.9517543315887451,1666.515
8671,0.9479684829711914,0.895597517490387,1666.5195
8672,0.9896128177642822,0.9839340448379517,1666.524
8673,1.0470315217971802,0.9855114817619324,1666.5285
8674,0.9905592799186707,0.9583795666694641,1666.533
8675,0.9388193488121033,0.904431164264679,1666.5375
8676,0.9151577353477478,0.9810946583747864,1666.542
8677,0.9123183488845825,0.9650048017501831,1666.5465
8678,0.9255688786506653,0.9164196848869324,1666.551
8679,1.0347275733947754,0.9886663556098938,1666.5555
8680,1.0281022787094116,0.9833030700683594,1666.56
8681,0.9277772903442383,0.9394503235816956,1666.5645
8682,1.018006682395935,0.9549092054367065,1666.569
8683,1.029679775238037,0.9867734313011169,1666.5735
8684,1.0397753715515137,0.9593260288238525,1666.578
8685,1.0211615562438965,0.975731372833252,1666.5825
8686,0.9432361721992493,0.8987523913383484,1666.587
8687,0.9460755586624146,1.028733253479004,1666.5915
8688,1.0129588842391968,1.0309417247772217,1666.596
8689,1.0612285137176514,1.0281022787094116,1666.6005
8690,0.9615344405174255,0.9858269691467285,1666.605
8691,1.124010443687439,1.024316430091858,1666.6095
8692,0.9353489875793457,0.9978154897689819,1666.614
8693,1.0031788349151611,1.0205305814743042,1666.6185
8694,1.0984560251235962,0.9732074737548828,1666.623
8695,1.0208461284637451,0.9877198934555054,1666.6275
8696,0.9700525999069214,1.0041252374649048,1666.632
8697,0.9460755586624146,0.9161041975021362,1666.6365
8698,0.9924522042274475,1.048924446105957,1666.641
8699,1.0230544805526733,1.0148518085479736,1666.6455
8700,0.929354727268219,0.9542782306671143,1666.65
8701,1.0369359254837036,0.9886663556098938,1666.6545
8702,0.9284082651138306,1.0344120264053345,1666.659
8703,1.0019168853759766,1.0700621604919434,1666.6635
8704,0.9896128177642822,1.0123279094696045,1666.668
8705,1.026840329170227,1.0186376571655273,1666.6725
8706,0.9902437925338745,0.9609034657478333,1666.677
8707,0.9287237524986267,1.0363049507141113,1666.6815
8708,0.9549092054367065,0.9104254245758057,1666.686
8709,0.8873948454856873,1.026840329170227,1666.6905
8710,0.9467065334320068,0.9227294921875,1666.695
8711,1.041983723640442,0.8631023168563843,1666.6995
8712,0.9508078694343567,0.8675191402435303,1666.704
8713,1.0413527488708496,1.0262093544006348,1666.7085
8714,0.9116873741149902,0.9372419118881226,1666.713
8715,0.9246224164962769,1.0861519575119019,1666.7175
8716,1.0527102947235107,0.9164196848869324,1666.722
8717,0.9151577353477478,0.9981309771537781,1666.7265
8718,0.9533317685127258,1.0034942626953125,1666.731
8719,1.0413527488708496,0.9571176171302795,1666.7355
8720,0.9700525999069214,0.9539627432823181,1666.74
8721,0.9839340448379517,1.0602819919586182,1666.7445
8722,1.0684846639633179,1.0157983303070068,1666.749
8723,1.0217925310134888,0.9978154897689819,1666.7535
8724,1.027155876159668,0.9356644749641418,1666.758
8725,0.9987619519233704,1.0678536891937256,1666.7625
8726,0.9413432478904724,0.9504923820495605,1666.767
8727,0.902222752571106,0.9296702146530151,1666.7715
8728,1.0306261777877808,0.9858269691467285,1666.776
8729,0.9079015254974365,0.9719455242156982,1666.7805
8730,1.0151673555374146,0.9921367168426514,1666.785
8731,0.9700525999069214,1.0388288497924805,1666.7895
8732,0.9277772903442383,1.08015775680542,1666.794
8733,0.9479684829711914,1.084574580192566,1666.7985
8734,0.9369264245033264,1.0747944116592407,1666.803
8735,1.0284178256988525,0.9318786263465881,1666.8075
8736,0.962480902671814,0.9880353808403015,1666.812
8737,0.8542686700820923,1.0060181617736816,1666.8165
8738,0.9287237524986267,0.8511137962341309,1666.821
8739,1.0132744312286377,0.9299857020378113,1666.8255
8740,0.9886663556098938,0.9605879783630371,1666.83
8741,0.8990678787231445,0.9495459198951721,1666.8345
8742,1.0069646835327148,0.9545937180519104,1666.839
8743,0.9306166768074036,1.0205305814743042,1666.8435
8744,0.9586950540542603,0.9344025254249573,1666.848
8745,1.0208461284637451,1.0041252374649048,1666.8525
8746,0.9993929266929626,1.0170602798461914,1666.857
8747,0.9643738269805908,1.0804731845855713,1666.8615
8748,0.96689772605896,1.009173035621643,1666.866
8749,1.071324110031128,0.888972282409668,1666.8705
8750,0.8930736184120178,1.0142208337783813,1666.875
8751,1.0132744312286377,0.9877198934555054,1666.8795
8752,1.0564961433410645,0.9826720952987671,1666.884
8753,1.0628058910369873,1.0855209827423096,1666.8885
8754,1.0012859106063843,1.0697466135025024,1666.893
8755,1.056180715560913,1.0214771032333374,1666.8975
8756,0.860262930393219,0.9814101457595825,1666.902
8757,0.9362954497337341,1.0202151536941528,1666.9065
8758,1.0747944116592407,0.9795172214508057,1666.911
8759,0.9463910460472107,0.8861328959465027,1666.9155
8760,0.8754063248634338,1.0770028829574585,1666.92
8761,1.0587046146392822,1.0148518085479736,1666.9245
8762,1.0299952030181885,0.9599570035934448,1666.929
8763,1.006649136543274,1.0025478601455688,1666.9335
8764,0.8908652067184448,0.9306166768074036,1666.938
8765,1.0435612201690674,1.0564961433410645,1666.9425
8766,1.0161137580871582,0.9410277605056763,1666.947
8767,0.9366109371185303,0.940396785736084,1666.9515
8768,0.9385038614273071,0.9410277605056763,1666.956
8769,0.9224140048027039,1.0186376571655273,1666.9605
8770,1.031257152557373,0.9489149451255798,1666.965
8771,0.9583795666694641,0.9157887101173401,1666.9695
8772,0.9634273648262024,0.9164196848869324,1666.974
8773,0.9978154897689819,1.0031788349151611,1666.9785
8774,1.01390540599823,1.019899606704712,1666.983
8775,0.9277772903442383,0.827136754989624,1666.9875
8776,1.0700621604919434,0.977939784526825,1666.992
8777,0.9460755586624146,0.9930831789970398,1666.9965
8778,0.9094789624214172,1.0214771032333374,1667.001
8779,0.9684751629829407,1.0299952030181885,1667.0055
8780,1.0637524127960205,0.8498518466949463,1667.01
8781,1.0602819919586182,0.9220985174179077,1667.0145
8782,0.9419742226600647,0.953647255897522,1667.019
8783,1.0186376571655273,0.9410277605056763,1667.0235
8784,1.0564961433410645,1.0075956583023071,1667.028
8785,0.9776242971420288,1.015482783317566,1667.0325
8786,1.015482783317566,0.9157887101173401,1667.037
8787,0.9782552719116211,1.015482783317566,1667.0415
8788,1.0176912546157837,1.0281022787094116,1667.046
8789,0.9810946583747864,0.9138957858085632,1667.0505
8790,1.040406346321106,0.9703680872917175,1667.055
8791,0.9659512639045715,0.9889818429946899,1667.0595
8792,0.9776242971420288,0.8741443753242493,1667.064
8793,0.9883508682250977,0.8993833661079407,1667.0685
8794,0.9504923820495605,0.9798327088356018,1667.073
8795,0.9520698189735413,1.01106595993042,1667.0775
8796,1.0344120264053345,1.0684846639633179,1667.082
8797,0.9009608030319214,1.0161137580871582,1667.0865
8798,0.9987619519233704,0.9943451285362244,1667.091
8799,0.9905592799186707,1.0098040103912354,1667.0955
8800,0.9056931138038635,0.9063240885734558,1667.1
8801,0.9769933223724365,1.065014362335205,1667.1045
8802,1.034096598625183,1.047347068786621,1667.109
8803,0.9905592799186707,0.9984464645385742,1667.1135
8804,0.9943451285362244,0.9284082651138306,1667.118
8805,0.9738384485244751,0.8750908374786377,1667.1225
8806,1.1079206466674805,0.9239914417266846,1667.127
8807,1.0997179746627808,1.0527102947235107,1667.1315
8808,0.9637428522109985,0.9227294921875,1667.136
8809,0.9880353808403015,0.9971845149993896,1667.1405
8810,0.9596415162086487,1.0751099586486816,1667.145
8811,0.9678441882133484,0.9744694232940674,1667.1495
8812,0.9429206848144531,0.9760468602180481,1667.154
8813,0.9243069291114807,1.0318881273269653,1667.1585
8814,1.0148518085479736,0.982356607913971,1667.163
8815,0.94481360912323,1.0994024276733398,1667.1675
8816,0.9467065334320068,1.0482934713363647,1667.172
8817,0.8599474430084229,0.9851959943771362,1667.1765
8818,1.0009703636169434,0.9063240885734558,1667.181
8819,0.9069550633430481,0.9722610116004944,1667.1855
8820,1.0000238418579102,1.0773183107376099,1667.19
8821,0.9549092054367065,0.9050621390342712,1667.1945
8822,0.9063240885734558,0.9681596755981445,1667.199
8823,1.0072801113128662,0.9962380528450012,1667.2035
8824,1.0192686319351196,1.084259033203125,1667.208
8825,1.0148518085479736,0.940396785736084,1667.2125
8826,0.9391348361968994,1.0318881273269653,1667.217
8827,1.0823661088943481,0.8810850977897644,1667.2215
8828,0.9353489875793457,0.877930223941803,1667.226
8829,0.9874044060707092,0.9467065334320068,1667.2305
8830,1.097825050354004,0.9564866423606873,1667.235
8831,0.8864483833312988,1.026840329170227,1667.2395
8832,0.8959130048751831,0.9577485918998718,1667.244
8833,1.0416682958602905,1.0391443967819214,1667.2485
8834,1.0318881273269653,0.9874044060707092,1667.253
8835,1.0202151536941528,0.9410277605056763,1667.2575
8836,1.0132744312286377,0.9640583395957947,1667.262
8837,0.8476434350013733,0.9814101457595825,1667.2665
8838,0.960272490978241,0.9482839703559875,1667.271
8839,0.953647255897522,1.0038098096847534,1667.2755
8840,1.0088576078414917,1.03598952293396,1667.28
8841,1.005071759223938,1.01390540599823,1667.2845
8842,1.044507622718811,0.9719455242156982,1667.289
8843,0.9946606159210205,0.9883508682250977,1667.2935
8844,1.1079206466674805,1.0044407844543457,1667.298
8845,0.9344025254249573,1.0116969347000122,1667.3025
8846,1.0684846639633179,1.022739052772522,1667.307
8847,0.9921367168426514,1.0760563611984253,1667.3115
8848,0.9858269691467285,0.9239914417266846,1667.316
8849,1.0053871870040894,0.9697371125221252,1667.3205
8850,0.8224044442176819,0.9321941137313843,1667.325
8851,1.0176912546157837,0.8567925691604614,1667.3295
8852,0.9877198934555054,0.911056399345398,1667.334
8853,0.9473375082015991,0.973522961139679,1667.3385
8854,0.8971749544143677,0.9542782306671143,1667.343
8855,0.9435516595840454,0.8987523913383484,1667.3475
8856,0.9656357765197754,1.0984560251235962,1667.352
8857,1.0123279094696045,0.9653202891349792,1667.3565
8858,0.9586950540542603,1.1214865446090698,1667.361
8859,0.9561711549758911,0.9855114817619324,1667.3655
8860,1.002232313156128,1.028733253479004,1667.37
8861,1.0132744312286377,1.1142303943634033,1667.3745
8862,0.940396785736084,0.9517543315887451,1667.379
8863,1.0369359254837036,1.013589859008789,1667.3835
8864,1.0016013383865356,0.9659512639045715,1667.388
8865,1.0233700275421143,0.9586950540542603,1667.3925
8866,1.0470315217971802,0.955855667591095,1667.397
8867,1.035673975944519,0.9561711549758911,1667.4015
8868,0.9429206848144531,0.9236759543418884,1667.406
8869,0.9656357765197754,1.0038098096847534,1667.4105
8870,0.9968690276145935,0.9568021297454834,1667.415
8871,0.9820411205291748,0.9211520552635193,1667.4195
8872,0.9874044060707092,0.9924522042274475,1667.424
8873,0.9615344405174255,0.9754158854484558,1667.4285
8874,1.0479780435562134,0.9195745587348938,1667.433
8875,1.0318881273269653,0.9952915906906128,1667.4375
8876,1.0363049507141113,0.9722610116004944,1667.442
8877,0.911056399345398,0.9833030700683594,1667.4465
8878,1.1082360744476318,0.931563138961792,1667.451
8879,1.1410467624664307,0.9766778349876404,1667.4555
8880,1.057758092880249,0.8864483833312988,1667.46
8881,0.9284082651138306,1.0277868509292603,1667.4645
8882,1.0082266330718994,0.9164196848869324,1667.469
8883,0.9208365678787231,1.0470315217971802,1667.4735
8884,0.9334560632705688,0.9353489875793457,1667.478
8885,1.0079110860824585,1.0186376571655273,1667.4825
8886,1.0706931352615356,0.8615248799324036,1667.487
8887,0.9858269691467285,0.9400812983512878,1667.4915
8888,1.0306261777877808,0.9586950540542603,1667.496
8889,0.9634273648262024,1.034096598625183,1667.5005
8890,0.9479684829711914,0.9842495322227478,1667.505
8891,0.9848805069923401,0.9479684829711914,1667.5095
8892,1.0322036743164062,0.977939784526825,1667.514
8893,0.9643738269805908,0.9820411205291748,1667.5185
8894,0.9072705507278442,0.949230432510376,1667.523
8895,1.0189532041549683,1.0148518085479736,1667.5275
8896,1.0214771032333374,0.8741443753242493,1667.532
8897,0.9839340448379517,0.9451290965080261,1667.5365
8898,1.1281118392944336,0.9637428522109985,1667.541
8899,0.9378728866577148,1.018006682395935,1667.5455
8900,0.9687906503677368,0.8353394269943237,1667.55
8901,1.0416682958602905,0.9826720952987671,1667.5545
8902,0.8731979131698608,0.8855019211769104,1667.559
8903,1.002232313156128,0.9498614072799683,1667.5635
8904,0.9978154897689819,0.982356607913971,1667.568
8905,0.915473222732544,0.9583795666694641,1667.5725
8906,0.982356607913971,1.1520888805389404,1667.577
8907,0.8277677297592163,1.0422992706298828,1667.5815
8908,1.0804731845855713,0.9444981217384338,1667.586
8909,0.8608939051628113,1.0788958072662354,1667.5905
8910,0.9012762904167175,0.9372419118881226,1667.595
8911,1.0855209827423096,1.024316430091858,1667.5995
8912,0.8577390313148499,0.9653202891349792,1667.604
8913,0.8952820301055908,1.053341269493103,1667.6085
8914,1.0262093544006348,1.053656816482544,1667.613
8915,0.9539627432823181,1.0142208337783813,1667.6175
8916,0.9072705507278442,0.9435516595840454,1667.622
8917,0.9394503235816956,0.9716300368309021,1667.6265
8918,0.9438671469688416,1.0691156387329102,1667.631
8919,1.0397753715515137,0.9523853063583374,1667.6355
8920,0.9350335001945496,0.9129493236541748,1667.64
8921,1.009173035621643,1.0706931352615356,1667.6445
8922,0.9473375082015991,0.9599570035934448,1667.649
8923,1.0691156387329102,0.977939784526825,1667.6535
8924,1.0350430011749268,1.0116969347000122,1667.658
8925,0.971314549446106,0.9593260288238525,1667.6625
8926,0.9820411205291748,0.8962284922599792,1667.667
8927,0.9318786263465881,1.0691156387329102,1667.6715
8928,0.9555401802062988,0.9230449795722961,1667.676
8929,0.9785707592964172,0.949230432510376,1667.6805
8930,0.9252533912658691,0.9501768946647644,1667.685
8931,0.9899283051490784,0.9687906503677368,1667.6895
8932,0.9312476515769958,1.0006548166275024,1667.694
8933,0.9202055931091309,0.9621654152870178,1667.6985
8934,0.9722610116004944,0.96689772605896,1667.703
8935,0.9586950540542603,1.0612285137176514,1667.7075
8936,1.035673975944519,1.0293642282485962,1667.712
8937,0.9277772903442383,1.0044407844543457,1667.7165
8938,1.0098040103912354,0.9826720952987671,1667.721
8939,0.9561711549758911,0.980148196220398,1667.7255
8940,0.9769933223724365,1.0249474048614502,1667.73
8941,0.9463910460472107,1.0031788349151611,1667.7345
8942,1.0221080780029297,1.01390540599823,1667.739
8943,1.0161137580871582,0.9990774393081665,1667.7435
8944,1.0281022787094116,0.9378728866577148,1667.748
8945,1.0391443967819214,0.9523853063583374,1667.7525
8946,0.9738384485244751,0.975731372833252,1667.757
8947,0.9419742226600647,0.8930736184120178,1667.7615
8948,0.9378728866577148,0.9776242971420288,1667.766
8949,1.0038098096847534,0.9463910460472107,1667.7705
8950,1.0041252374649048,0.931563138961792,1667.775
8951,1.1183316707611084,0.9940296411514282,1667.7795
8952,0.9744694232940674,1.0438766479492188,1667.784
8953,1.0325191020965576,0.9564866423606873,1667.7885
8954,0.8981214165687561,0.8388097882270813,1667.793
8955,0.9334560632705688,0.9019072651863098,1667.7975
8956,0.9621654152870178,0.984565019607544,1667.802
8957,0.8577390313148499,0.9858269691467285,1667.8065
8958,1.0498709678649902,0.9788862466812134,1667.811
8959,1.0583890676498413,0.9956070780754089,1667.8155
8960,1.047347068786621,0.8908652067184448,1667.82
8961,1.0328346490859985,0.9933986663818359,1667.8245
8962,1.0034942626953125,1.0716395378112793,1667.829
8963,0.9684751629829407,1.0290488004684448,1667.8335
8964,1.0161137580871582,0.9549092054367065,1667.838
8965,0.9356644749641418,0.9829875826835632,1667.8425
8966,1.1296892166137695,0.9280927777290344,1667.847
8967,1.03315007686615,0.9504923820495605,1667.8515
8968,0.9243069291114807,1.0006548166275024,1667.856
8969,1.0299952030181885,1.0656453371047974,1667.8605
8970,0.9265153408050537,0.9836185574531555,1667.865
8971,0.9867734313011169,0.9833030700683594,1667.8695
8972,1.0038098096847534,0.9943451285362244,1667.874
8973,1.0968785285949707,0.9637428522109985,1667.8785
8974,1.0441921949386597,0.8949665427207947,1667.883
8975,1.0255783796310425,0.8795076608657837,1667.8875
8976,1.0350430011749268,1.0069646835327148,1667.892
8977,0.9754158854484558,0.9810946583747864,1667.8965
8978,1.0255783796310425,0.9937141537666321,1667.901
8979,0.9328250885009766,0.920521080493927,1667.9055
8980,0.9429206848144531,0.9946606159210205,1667.91
8981,1.057758092880249,0.9716300368309021,1667.9145
8982,1.0495554208755493,1.05807363986969,1667.919
8983,0.893389105796814,0.9460755586624146,1667.9235
8984,0.9334560632705688,0.9299857020378113,1667.928
8985,1.0426146984100342,0.9911902546882629,1667.9325
8986,1.0697466135025024,0.9946606159210205,1667.937
8987,0.9019072651863098,0.920521080493927,1667.9415
8988,1.0249474048614502,0.9659512639045715,1667.946
8989,0.9151577353477478,0.96689772605896,1667.9505
8990,1.0148518085479736,0.9615344405174255,1667.955
8991,0.960272490978241,0.9527007937431335,1667.9595
8992,1.0006548166275024,1.019899606704712,1667.964
8993,1.0044407844543457,1.0161137580871582,1667.9685
8994,1.0060181617736816,0.9441826343536377,1667.973
8995,0.9025382399559021,0.9325096011161804,1667.9775
8996,1.0240010023117065,1.1214865446090698,1667.982
8997,0.9612189531326294,0.982356607913971,1667.9865
8998,0.9473375082015991,0.9738384485244751,1667.991
8999,0.9227294921875,0.9501768946647644,1667.9955
9000,0.9829875826835632,0.9501768946647644,1668.0
9001,0.9460755586624146,1.053656816482544,1668.0045
9002,0.9419742226600647,1.0719550848007202,1668.009
9003,0.9126338362693787,0.9375573992729187,1668.0135
9004,1.066907286643982,0.8631023168563843,1668.018
9005,1.0498709678649902,0.9905592799186707,1668.0225
9006,1.0202151536941528,1.0539722442626953,1668.027
9007,0.9400812983512878,0.9810946583747864,1668.0315
9008,1.0662763118743896,0.9593260288238525,1668.036
9009,0.9911902546882629,1.000339388847351,1668.0405
9010,1.0344120264053345,0.9369264245033264,1668.045
9011,0.9069550633430481,0.9527007937431335,1668.0495
9012,0.9072705507278442,0.9211520552635193,1668.054
9013,0.9362954497337341,0.9653202891349792,1668.0585
9014,1.0441921949386597,1.0684846639633179,1668.063
9015,0.9473375082015991,0.9303011894226074,1668.0675
9016,0.9530162811279297,0.9927676916122437,1668.072
9017,0.9855114817619324,1.0438766479492188,1668.0765
9018,1.0804731845855713,0.9596415162086487,1668.081
9019,0.9870889186859131,1.0186376571655273,1668.0855
9020,0.9665822386741638,0.9362954497337341,1668.09
9021,0.9747849106788635,0.9350335001945496,1668.0945
9022,0.9703680872917175,1.0539722442626953,1668.099
9023,0.9851959943771362,0.9482839703559875,1668.1035
9024,0.9372419118881226,1.0142208337783813,1668.108
9025,0.9915057420730591,0.9542782306671143,1668.1125
9026,0.9637428522109985,0.8659417033195496,1668.117
9027,0.9233604669570923,0.9208365678787231,1668.1215
9028,1.0145363807678223,0.8738288879394531,1668.126
9029,0.9719455242156982,0.9520698189735413,1668.1305
9030,0.927146315574646,0.9851959943771362,1668.135
9031,1.0148518085479736,0.9990774393081665,1668.1395
9032,0.8949665427207947,1.0546032190322876,1668.144
9033,1.0126434564590454,0.9810946583747864,1668.1485
9034,0.9615344405174255,1.0369359254837036,1668.153
9035,0.9631118774414062,1.0511329174041748,1668.1575
9036,1.0151673555374146,0.8618403673171997,1668.162
9037,1.01106595993042,0.9861424565315247,1668.1665
9038,0.9583795666694641,0.9656357765197754,1668.171
9039,0.9280927777290344,1.026840329170227,1668.1755
9040,0.8930736184120178,0.9618499279022217,1668.18
9041,1.0672227144241333,0.9410277605056763,1668.1845
9042,0.9899283051490784,1.0281022787094116,1668.189
9043,0.9138957858085632,0.9833030700683594,1668.1935
9044,0.9157887101173401,0.9675287008285522,1668.198
9045,0.891180694103241,1.1536662578582764,1668.2025
9046,1.0741634368896484,0.9441826343536377,1668.207
9047,1.006649136543274,0.9709990620613098,1668.2115
9048,0.9451290965080261,1.0328346490859985,1668.216
9049,1.0703775882720947,0.9672132134437561,1668.2205
9050,0.906639575958252,0.9479684829711914,1668.225
9051,1.0284178256988525,0.9719455242156982,1668.2295
9052,1.0883604288101196,1.0249474048614502,1668.234
9053,0.9653202891349792,1.0643833875656128,1668.2385
9054,0.9400812983512878,1.0413527488708496,1668.243
9055,0.9397658109664917,1.0833126306533813,1668.2475
9056,0.9656357765197754,1.062174916267395,1668.252
9057,0.8530067205429077,0.9627963900566101,1668.2565
9058,0.9303011894226074,0.9041156768798828,1668.261
9059,1.0628058910369873,0.9990774393081665,1668.2655
9060,0.9896128177642822,0.9555401802062988,1668.27
9061,1.1126528978347778,0.877930223941803,1668.2745
9062,0.9829875826835632,0.89780592918396,1668.279
9063,0.9397658109664917,0.9422897100448608,1668.2835
9064,0.9460755586624146,0.9826720952987671,1668.288
9065,1.0246319770812988,0.9810946583747864,1668.2925
9066,0.8943355679512024,0.8706740140914917,1668.297
9067,0.977939784526825,0.9858269691467285,1668.3015
9068,1.069431185722351,0.9568021297454834,1668.306
9069,0.9325096011161804,0.9728919863700867,1668.3105
9070,1.0148518085479736,0.880138635635376,1668.315
9071,1.057758092880249,0.9905592799186707,1668.3195
9072,1.0344120264053345,1.0148518085479736,1668.324
9073,0.9568021297454834,1.0460851192474365,1668.3285
9074,1.0921462774276733,0.9776242971420288,1668.333
9075,1.079842209815979,0.9694216251373291,1668.3375
9076,0.9549092054367065,0.9728919863700867,1668.342
9077,0.8372323513031006,0.94481360912323,1668.3465
9078,1.05807363986969,1.0470315217971802,1668.351
9079,0.9728919863700867,0.9741539359092712,1668.3555
9080,0.8637332916259766,1.0618594884872437,1668.36
9081,0.9650048017501831,1.0293642282485962,1668.3645
9082,0.8924426436424255,0.9356644749641418,1668.369
9083,0.9621654152870178,0.8507983088493347,1668.3735
9084,1.0422992706298828,1.1126528978347778,1668.378
9085,1.0031788349151611,0.9798327088356018,1668.3825
9086,1.0075956583023071,1.0716395378112793,1668.387
9087,0.9208365678787231,0.9523853063583374,1668.3915
9088,1.019899606704712,1.0192686319351196,1668.396
9089,0.8962284922599792,1.027155876159668,1668.4005
9090,1.037566900253296,1.006649136543274,1668.405
9091,0.9694216251373291,1.0258939266204834,1668.4095
9092,1.0060181617736816,1.0205305814743042,1668.414
9093,0.9836185574531555,0.9975000023841858,1668.4185
9094,1.0848900079727173,0.933771550655365,1668.423
9095,0.9741539359092712,1.0214771032333374,1668.4275
9096,0.9082170128822327,1.0763719081878662,1668.432
9097,1.0293642282485962,0.9157887101173401,1668.4365
9098,0.8927581310272217,1.03315007686615,1668.441
9099,0.9962380528450012,0.869096577167511,1668.4455
9100,0.9782552719116211,1.037566900253296,1668.45
9101,1.0318881273269653,0.9583795666694641,1668.4545
9102,1.0678536891937256,0.9413432478904724,1668.459
9103,0.9568021297454834,0.9508078694343567,1668.4635
9104,1.0012859106063843,1.015482783317566,1668.468
9105,0.9501768946647644,0.9473375082015991,1668.4725
9106,0.9618499279022217,1.0006548166275024,1668.477
9107,0.8959130048751831,0.873513400554657,1668.4815
9108,0.8731979131698608,0.9851959943771362,1668.486
9109,0.9097944498062134,1.0274713039398193,1668.4905
9110,0.9899283051490784,1.0766873359680176,1668.495
9111,0.8892877697944641,1.0347275733947754,1668.4995
9112,0.9454445838928223,0.9902437925338745,1668.504
9113,0.9984464645385742,0.9975000023841858,1668.5085
9114,1.1053967475891113,0.9038001894950867,1668.513
9115,1.028733253479004,1.0571271181106567,1668.5175
9116,1.0132744312286377,1.0388288497924805,1668.522
9117,1.03315007686615,1.031572699546814,1668.5265
9118,0.9612189531326294,0.9555401802062988,1668.531
9119,0.942605197429657,0.9340870380401611,1668.5355
9120,0.9419742226600647,0.9239914417266846,1668.54
9121,0.9933986663818359,0.9195745587348938,1668.5445
9122,0.8959130048751831,1.0678536891937256,1668.549
9123,0.9892973303794861,1.0098040103912354,1668.5535
9124,0.9164196848869324,1.0113815069198608,1668.558
9125,0.9309321641921997,1.024316430091858,1668.5625
9126,0.9618499279022217,1.1202245950698853,1668.567
9127,1.0725860595703125,0.9495459198951721,1668.5715
9128,1.0552341938018799,0.9170506596565247,1668.576
9129,0.9467065334320068,1.018006682395935,1668.5805
9130,1.0157983303070068,0.9687906503677368,1668.585
9131,1.0255783796310425,0.8987523913383484,1668.5895
9132,0.94481360912323,1.0530258417129517,1668.594
9133,0.9410277605056763,1.0770028829574585,1668.5985
9134,1.0192686319351196,0.9545937180519104,1668.603
9135,1.062174916267395,1.009173035621643,1668.6075
9136,1.0328346490859985,0.9839340448379517,1668.612
9137,1.0176912546157837,0.882347047328949,1668.6165
9138,0.9921367168426514,1.0205305814743042,1668.621
9139,0.9053776264190674,0.9574331045150757,1668.6255
9140,1.0303107500076294,0.9303011894226074,1668.63
9141,0.9564866423606873,1.0703775882720947,1668.6345
9142,0.9656357765197754,1.0082266330718994,1668.639
9143,0.8899187445640564,1.1082360744476318,1668.6435
9144,0.9539627432823181,0.9025382399559021,1668.648
9145,0.9552246928215027,1.0498709678649902,1668.6525
9146,0.9325096011161804,1.027155876159668,1668.657
9147,0.9927676916122437,1.0173757076263428,1668.6615
9148,0.9785707592964172,1.05807363986969,1668.666
9149,1.018322229385376,1.0479780435562134,1668.6705
9150,1.018006682395935,0.9123183488845825,1668.675
9151,0.8814005851745605,1.0779492855072021,1668.6795
9152,0.9527007937431335,1.0063337087631226,1668.684
9153,1.0012859106063843,0.962480902671814,1668.6885
9154,0.9366109371185303,0.9975000023841858,1668.693
9155,0.9508078694343567,1.0104349851608276,1668.6975
9156,0.9975000023841858,0.975731372833252,1668.702
9157,0.9523853063583374,1.0549187660217285,1668.7065
9158,0.9672132134437561,0.8719359636306763,1668.711
9159,1.0779492855072021,0.9394503235816956,1668.7155
9160,0.940396785736084,1.004756212234497,1668.72
9161,0.9908747673034668,0.9769933223724365,1668.7245
9162,1.018322229385376,1.0249474048614502,1668.729
9163,1.0337810516357422,1.03315007686615,1668.7335
9164,0.9157887101173401,1.0126434564590454,1668.738
9165,0.8962284922599792,1.028733253479004,1668.7425
9166,0.9741539359092712,1.0053871870040894,1668.747
9167,0.9517543315887451,1.056180715560913,1668.7515
9168,1.0527102947235107,0.9637428522109985,1668.756
9169,0.9766778349876404,1.0587046146392822,1668.7605
9170,1.1208555698394775,1.0309417247772217,1668.765
9171,1.0217925310134888,0.9164196848869324,1668.7695
9172,0.9571176171302795,0.9050621390342712,1668.774
9173,1.0337810516357422,1.01106595993042,1668.7785
9174,1.0546032190322876,0.9025382399559021,1668.783
9175,0.9978154897689819,1.0432456731796265,1668.7875
9176,0.9788862466812134,0.9763623476028442,1668.792
9177,0.9599570035934448,1.0009703636169434,1668.7965
9178,1.0034942626953125,1.051763892173767,1668.801
9179,0.9148422479629517,1.0741634368896484,1668.8055
9180,0.8937045931816101,0.9504923820495605,1668.81
9181,1.0848900079727173,0.8697275519371033,1668.8145
9182,0.9328250885009766,0.9523853063583374,1668.819
9183,0.9467065334320068,1.03315007686615,1668.8235
9184,0.9394503235816956,0.9413432478904724,1668.828
9185,1.009488582611084,0.9542782306671143,1668.8325
9186,0.9495459198951721,1.005071759223938,1668.837
9187,0.9164196848869324,1.027155876159668,1668.8415
9188,1.0552341938018799,0.924937903881073,1668.846
9189,0.9167351722717285,0.900014340877533,1668.8505
9190,0.9107409119606018,0.858054518699646,1668.855
9191,1.0729014873504639,1.0542877912521362,1668.8595
9192,1.0063337087631226,1.0691156387329102,1668.864
9193,0.9697371125221252,0.9978154897689819,1668.8685
9194,0.9697371125221252,0.9508078694343567,1668.873
9195,0.9732074737548828,1.0451385974884033,1668.8775
9196,0.9202055931091309,0.9665822386741638,1668.882
9197,0.9498614072799683,0.9839340448379517,1668.8865
9198,0.8034752011299133,0.9571176171302795,1668.891
9199,0.9473375082015991,0.9265153408050537,1668.8955
9200,0.9968690276145935,0.9814101457595825,1668.9
9201,1.0716395378112793,0.9530162811279297,1668.9045
9202,0.927146315574646,0.9571176171302795,1668.909
9203,0.9056931138038635,1.1082360744476318,1668.9135
9204,0.9621654152870178,1.0123279094696045,1668.918
9205,1.0596510171890259,1.0173757076263428,1668.9225
9206,0.9785707592964172,0.9769933223724365,1668.927
9207,0.9659512639045715,0.924937903881073,1668.9315
9208,0.955855667591095,0.9883508682250977,1668.936
9209,0.9050621390342712,1.0126434564590454,1668.9405
9210,0.9760468602180481,0.9545937180519104,1668.945
9211,0.9634273648262024,0.9870889186859131,1668.9495
9212,1.042930245399475,1.0902533531188965,1668.954
9213,0.960272490978241,0.9609034657478333,1668.9585
9214,0.9921367168426514,0.9457600712776184,1668.963
9215,0.9706835746765137,0.9498614072799683,1668.9675
9216,0.9050621390342712,1.0041252374649048,1668.972
9217,1.0113815069198608,0.9968690276145935,1668.9765
9218,1.0012859106063843,0.8501673340797424,1668.981
9219,1.0372514724731445,1.0542877912521362,1668.9855
9220,0.9189435839653015,1.0167447328567505,1668.99
9221,0.942605197429657,0.9851959943771362,1668.9945
9222,1.018006682395935,1.1057121753692627,1668.999
9223,1.044507622718811,1.0075956583023071,1669.0035
9224,1.0303107500076294,1.0012859106063843,1669.008
9225,0.9763623476028442,1.0501863956451416,1669.0125
9226,0.9744694232940674,1.0946701765060425,1669.017
9227,1.024316430091858,0.9678441882133484,1669.0215
9228,1.0344120264053345,1.0145363807678223,1669.026
9229,1.0085420608520508,1.1123374700546265,1669.0305
9230,0.9798327088356018,0.984565019607544,1669.035
9231,0.9586950540542603,0.96689772605896,1669.0395
9232,0.9993929266929626,1.024316430091858,1669.044
9233,0.8791921734809875,1.002232313156128,1669.0485
9234,1.0069646835327148,1.006649136543274,1669.053
9235,1.022423505783081,1.0208461284637451,1669.0575
9236,0.8836089968681335,0.9643738269805908,1669.062
9237,1.0811041593551636,1.0441921949386597,1669.0665
9238,1.0949856042861938,1.0921462774276733,1669.071
9239,0.9454445838928223,0.8555306196212769,1669.0755
9240,0.9233604669570923,0.8993833661079407,1669.08
9241,1.0006548166275024,0.9826720952987671,1669.0845
9242,1.0337810516357422,1.0520793199539185,1669.089
9243,0.9949761033058167,1.0820506811141968,1669.0935
9244,0.953647255897522,0.9258843660354614,1669.098
9245,0.9814101457595825,0.9899283051490784,1669.1025
9246,0.8798231482505798,0.9874044060707092,1669.107
9247,1.0583890676498413,0.9552246928215027,1669.1115
9248,0.9848805069923401,1.066907286643982,1669.116
9249,0.9517543315887451,0.9280927777290344,1669.1205
9250,0.9533317685127258,1.056180715560913,1669.125
9251,1.0924617052078247,1.042930245399475,1669.1295
9252,1.0041252374649048,0.9697371125221252,1669.134
9253,1.065014362335205,1.1464101076126099,1669.1385
9254,1.006649136543274,0.9908747673034668,1669.143
9255,0.927146315574646,0.984565019607544,1669.1475
9256,0.96689772605896,0.9060086011886597,1669.152
9257,0.9678441882133484,0.9571176171302795,1669.1565
9258,0.9984464645385742,0.9997084140777588,1669.161
9259,0.9501768946647644,1.0971940755844116,1669.1655
9260,1.0006548166275024,0.9656357765197754,1669.17
9261,0.9981309771537781,0.9031692147254944,1669.1745
9262,0.9189435839653015,0.9220985174179077,1669.179
9263,0.9728919863700867,1.004756212234497,1669.1835
9264,0.9915057420730591,1.0262093544006348,1669.188
9265,1.0104349851608276,0.9915057420730591,1669.1925
9266,0.9025382399559021,0.9328250885009766,1669.197
9267,0.9896128177642822,0.9858269691467285,1669.2015
9268,0.9867734313011169,0.9356644749641418,1669.206
9269,1.0987714529037476,1.0337810516357422,1669.2105
9270,1.0899378061294556,1.0057027339935303,1669.215
9271,1.0564961433410645,1.024316430091858,1669.2195
9272,1.0432456731796265,0.9653202891349792,1669.224
9273,0.9769933223724365,0.9946606159210205,1669.2285
9274,1.0246319770812988,0.9732074737548828,1669.233
9275,0.9318786263465881,0.9220985174179077,1669.2375
9276,0.8454350233078003,0.973522961139679,1669.242
9277,0.8615248799324036,0.9277772903442383,1669.2465
9278,0.9284082651138306,1.0236854553222656,1669.251
9279,1.0646988153457642,1.1905783414840698,1669.2555
9280,1.0325191020965576,1.1473565101623535,1669.26
9281,0.8788766860961914,1.0211615562438965,1669.2645
9282,0.9476529955863953,1.009488582611084,1669.269
9283,1.0678536891937256,1.05807363986969,1669.2735
9284,0.9987619519233704,0.962480902671814,1669.278
9285,1.056180715560913,1.044507622718811,1669.2825
9286,1.0255783796310425,1.0116969347000122,1669.287
9287,1.0060181617736816,0.9504923820495605,1669.2915
9288,1.0236854553222656,0.9596415162086487,1669.296
9289,0.9517543315887451,0.8419646620750427,1669.3005
9290,1.046400547027588,1.0189532041549683,1669.305
9291,0.9063240885734558,0.9299857020378113,1669.3095
9292,0.9851959943771362,0.8530067205429077,1669.314
9293,0.9959225654602051,0.931563138961792,1669.3185
9294,0.9366109371185303,0.8864483833312988,1669.323
9295,0.9586950540542603,1.132844090461731,1669.3275
9296,0.9508078694343567,0.8656262159347534,1669.332
9297,0.920521080493927,0.9716300368309021,1669.3365
9298,0.9104254245758057,1.0085420608520508,1669.341
9299,1.024316430091858,0.9971845149993896,1669.3455
9300,0.9388193488121033,1.0044407844543457,1669.35
9301,1.0019168853759766,1.1363145112991333,1669.3545
9302,0.9911902546882629,0.8653107285499573,1669.359
9303,0.9435516595840454,0.9296702146530151,1669.3635
9304,0.958064079284668,0.9760468602180481,1669.368
9305,0.8608939051628113,1.006649136543274,1669.3725
9306,0.9656357765197754,0.9987619519233704,1669.377
9307,1.0792112350463867,1.1167542934417725,1669.3815
9308,1.0590200424194336,0.9621654152870178,1669.386
9309,0.9978154897689819,0.9296702146530151,1669.3905
9310,0.9350335001945496,0.9041156768798828,1669.395
9311,0.9555401802062988,0.9612189531326294,1669.3995
9312,1.0587046146392822,0.9968690276145935,1669.404
9313,1.104765772819519,1.0520793199539185,1669.4085
9314,0.9170506596565247,1.065014362335205,1669.413
9315,0.9561711549758911,1.0016013383865356,1669.4175
9316,0.9896128177642822,1.0432456731796265,1669.422
9317,0.9309321641921997,1.0016013383865356,1669.4265
9318,0.9372419118881226,0.9164196848869324,1669.431
9319,1.018006682395935,1.0836280584335327,1669.4355
9320,1.0202151536941528,0.9754158854484558,1669.44
9321,1.0053871870040894,0.9826720952987671,1669.4445
9322,0.9732074737548828,0.9056931138038635,1669.449
9323,0.9416587352752686,0.9792017340660095,1669.4535
9324,0.9344025254249573,0.8855019211769104,1669.458
9325,0.9804636836051941,0.9344025254249573,1669.4625
9326,1.0028632879257202,1.0940392017364502,1669.467
9327,0.8949665427207947,1.0240010023117065,1669.4715
9328,0.9410277605056763,1.0363049507141113,1669.476
9329,1.028733253479004,1.0101195573806763,1669.4805
9330,0.9738384485244751,0.9678441882133484,1669.485
9331,1.0240010023117065,1.0397753715515137,1669.4895
9332,0.9561711549758911,0.9246224164962769,1669.494
9333,0.9672132134437561,0.9631118774414062,1669.4985
9334,0.9145267605781555,0.8517447710037231,1669.503
9335,0.9309321641921997,0.9795172214508057,1669.5075
9336,1.0281022787094116,0.8612093925476074,1669.512
9337,1.0637524127960205,1.040406346321106,1669.5165
9338,0.9236759543418884,1.0350430011749268,1669.521
9339,0.9385038614273071,0.9280927777290344,1669.5255
9340,0.9665822386741638,1.0325191020965576,1669.53
9341,0.9896128177642822,0.9549092054367065,1669.5345
9342,1.069431185722351,0.7889627814292908,1669.539
9343,1.0195841789245605,0.9946606159210205,1669.5435
9344,1.0363049507141113,0.900014340877533,1669.548
9345,0.9861424565315247,0.9814101457595825,1669.5525
9346,0.931563138961792,0.9839340448379517,1669.557
9347,0.9265153408050537,0.9258843660354614,1669.5615
9348,0.938188374042511,1.0148518085479736,1669.566
9349,0.9981309771537781,1.0060181617736816,1669.5705
9350,0.9252533912658691,0.900014340877533,1669.575
9351,0.9681596755981445,0.9145267605781555,1669.5795
9352,0.9732074737548828,0.9744694232940674,1669.584
9353,0.9880353808403015,1.0012859106063843,1669.5885
9354,0.8485898971557617,1.0293642282485962,1669.593
9355,1.0299952030181885,1.1218020915985107,1669.5975
9356,1.0173757076263428,0.9662667512893677,1669.602
9357,0.9826720952987671,1.013589859008789,1669.6065
9358,0.9766778349876404,0.9151577353477478,1669.611
9359,0.904431164264679,0.9858269691467285,1669.6155
9360,0.8930736184120178,1.148618459701538,1669.62
9361,1.01390540599823,1.0981404781341553,1669.6245
9362,0.9744694232940674,0.9605879783630371,1669.629
9363,0.8905497193336487,0.9577485918998718,1669.6335
9364,0.938188374042511,1.0148518085479736,1669.638
9365,0.9394503235816956,1.0896223783493042,1669.6425
9366,1.1076050996780396,1.026840329170227,1669.647
9367,0.9997084140777588,1.0079110860824585,1669.6515
9368,0.9861424565315247,1.0088576078414917,1669.656
9369,1.0590200424194336,1.1104445457458496,1669.6605
9370,1.004756212234497,1.0025478601455688,1669.665
9371,0.8914961814880371,0.9905592799186707,1669.6695
9372,1.0161137580871582,0.9798327088356018,1669.674
9373,0.9072705507278442,0.9183126091957092,1669.6785
9374,0.893389105796814,1.0770028829574585,1669.683
9375,1.041983723640442,0.9833030700683594,1669.6875
9376,0.9362954497337341,0.984565019607544,1669.692
9377,0.8905497193336487,0.9716300368309021,1669.6965
9378,1.035673975944519,1.0208461284637451,1669.701
9379,1.042930245399475,1.0284178256988525,1669.7055
9380,0.9665822386741638,1.088675856590271,1669.71
9381,1.0590200424194336,1.0539722442626953,1669.7145
9382,0.9719455242156982,1.0044407844543457,1669.719
9383,0.9694216251373291,1.0069646835327148,1669.7235
9384,0.9063240885734558,1.019899606704712,1669.728
9385,0.9817256331443787,0.8971749544143677,1669.7325
9386,1.1072896718978882,1.0637524127960205,1669.737
9387,1.0413527488708496,1.0101195573806763,1669.7415
9388,0.9650048017501831,0.940396785736084,1669.746
9389,0.9971845149993896,0.9290392398834229,1669.7505
9390,1.0413527488708496,0.9069550633430481,1669.755
9391,1.0009703636169434,1.0795267820358276,1669.7595
9392,1.0697466135025024,0.9741539359092712,1669.764
9393,0.8892877697944641,0.9549092054367065,1669.7685
9394,0.8981214165687561,0.9239914417266846,1669.773
9395,0.9864579439163208,1.004756212234497,1669.7775
9396,0.9369264245033264,0.9350335001945496,1669.782
9397,0.8842399716377258,1.015482783317566,1669.7865
9398,1.1072896718978882,1.056180715560913,1669.791
9399,1.0170602798461914,1.0391443967819214,1669.7955
9400,1.0164293050765991,0.9504923820495605,1669.8
9401,0.960272490978241,1.0697466135025024,1669.8045
9402,0.9851959943771362,1.0161137580871582,1669.809
9403,1.0265249013900757,0.9839340448379517,1669.8135
9404,0.9687906503677368,1.0587046146392822,1669.818
9405,0.929354727268219,0.9870889186859131,1669.8225
9406,1.0255783796310425,0.9593260288238525,1669.827
9407,1.0609129667282104,0.9120028614997864,1669.8315
9408,0.9763623476028442,0.9886663556098938,1669.836
9409,0.908847987651825,0.9915057420730591,1669.8405
9410,0.8851864337921143,1.01390540599823,1669.845
9411,0.9744694232940674,0.8325000405311584,1669.8495
9412,0.9883508682250977,1.0454541444778442,1669.854
9413,0.9631118774414062,1.013589859008789,1669.8585
9414,0.955855667591095,0.9615344405174255,1669.863
9415,0.9416587352752686,0.9202055931091309,1669.8675
9416,0.9489149451255798,1.0508173704147339,1669.872
9417,1.0467160940170288,0.9732074737548828,1669.8765
9418,0.9236759543418884,1.0612285137176514,1669.881
9419,1.082681655883789,0.9751003980636597,1669.8855
9420,0.8962284922599792,1.0208461284637451,1669.89
9421,0.9732074737548828,1.018322229385376,1669.8945
9422,0.9460755586624146,0.9208365678787231,1669.899
9423,0.9564866423606873,0.8473279476165771,1669.9035
9424,1.0202151536941528,0.9959225654602051,1669.908
9425,0.9706835746765137,0.9012762904167175,1669.9125
9426,0.9520698189735413,1.0413527488708496,1669.917
9427,1.0722705125808716,0.9908747673034668,1669.9215
9428,0.886763870716095,0.9883508682250977,1669.926
9429,0.9694216251373291,0.9631118774414062,1669.9305
9430,0.9252533912658691,0.9457600712776184,1669.935
9431,0.9485994577407837,0.9451290965080261,1669.9395
9432,0.9997084140777588,0.9706835746765137,1669.944
9433,1.0306261777877808,1.0678536891937256,1669.9485
9434,0.9747849106788635,0.931563138961792,1669.953
9435,0.9817256331443787,0.9230449795722961,1669.9575
9436,1.0006548166275024,1.040090799331665,1669.962
9437,1.0034942626953125,0.9751003980636597,1669.9665
9438,0.9574331045150757,0.9751003980636597,1669.971
9439,0.9612189531326294,0.9533317685127258,1669.9755
9440,0.9482839703559875,0.982356607913971,1669.98
9441,1.0211615562438965,0.8946510553359985,1669.9845
9442,0.7959035038948059,1.1684942245483398,1669.989
9443,0.9741539359092712,1.0151673555374146,1669.9935
9444,0.975731372833252,0.9665822386741638,1669.998
9445,0.9640583395957947,0.9495459198951721,1670.0025
9446,1.006649136543274,0.8407027125358582,1670.007
9447,0.9915057420730591,1.044823169708252,1670.0115
9448,1.0344120264053345,0.9549092054367065,1670.016
9449,0.9640583395957947,1.0381978750228882,1670.0205
9450,1.009173035621643,1.0132744312286377,1670.025
9451,1.0170602798461914,1.0479780435562134,1670.0295
9452,1.0634368658065796,0.8842399716377258,1670.034
9453,0.9814101457595825,1.0467160940170288,1670.0385
9454,1.1331596374511719,0.929354727268219,1670.043
9455,1.0173757076263428,0.9460755586624146,1670.0475
9456,1.0470315217971802,0.975731372833252,1670.052
9457,1.0880448818206787,0.933771550655365,1670.0565
9458,0.940396785736084,1.1009799242019653,1670.061
9459,1.0505019426345825,0.835970401763916,1670.0655
9460,0.9861424565315247,0.9867734313011169,1670.07
9461,1.0060181617736816,0.9908747673034668,1670.0745
9462,1.0016013383865356,1.018006682395935,1670.079
9463,0.951438844203949,0.9391348361968994,1670.0835
9464,0.9782552719116211,1.0785802602767944,1670.088
9465,0.8921271562576294,0.9997084140777588,1670.0925
9466,0.969106137752533,1.0391443967819214,1670.097
9467,0.9886663556098938,1.1000334024429321,1670.1015
9468,1.113599419593811,0.9394503235816956,1670.106
9469,1.01106595993042,0.9732074737548828,1670.1105
9470,0.9769933223724365,0.900014340877533,1670.115
9471,0.9946606159210205,0.9489149451255798,1670.1195
9472,0.9820411205291748,1.0337810516357422,1670.124
9473,0.8454350233078003,1.0495554208755493,1670.1285
9474,0.9807791709899902,0.9993929266929626,1670.133
9475,1.0325191020965576,1.048924446105957,1670.1375
9476,0.8716204762458801,0.9709990620613098,1670.142
9477,0.9716300368309021,1.042930245399475,1670.1465
9478,1.0157983303070068,1.0057027339935303,1670.151
9479,0.9145267605781555,0.977939784526825,1670.1555
9480,0.9230449795722961,0.962480902671814,1670.16
9481,1.057758092880249,1.0176912546157837,1670.1645
9482,1.0347275733947754,1.0788958072662354,1670.169
9483,0.9265153408050537,0.9971845149993896,1670.1735
9484,0.9722610116004944,0.9905592799186707,1670.178
9485,0.9744694232940674,0.8962284922599792,1670.1825
9486,0.9697371125221252,0.9284082651138306,1670.187
9487,0.9504923820495605,1.0646988153457642,1670.1915
9488,0.8971749544143677,0.9826720952987671,1670.196
9489,0.958064079284668,1.0514483451843262,1670.2005
9490,1.0173757076263428,1.0164293050765991,1670.205
9491,1.062174916267395,1.009173035621643,1670.2095
9492,1.0116969347000122,0.920521080493927,1670.214
9493,1.0208461284637451,0.9927676916122437,1670.2185
9494,1.0104349851608276,0.9927676916122437,1670.223
9495,0.9183126091957092,1.0284178256988525,1670.2275
9496,1.034096598625183,0.9129493236541748,1670.232
9497,0.9877198934555054,1.1035038232803345,1670.2365
9498,0.9429206848144531,0.9773088097572327,1670.241
9499,0.9454445838928223,0.9179971218109131,1670.2455
9500,0.9754158854484558,0.9527007937431335,1670.25
9501,0.9590105414390564,1.037566900253296,1670.2545
9502,0.8684656023979187,0.9870889186859131,1670.259
9503,0.840387225151062,0.9971845149993896,1670.2635
9504,1.0284178256988525,0.9662667512893677,1670.268
9505,1.018006682395935,0.9817256331443787,1670.2725
9506,0.8993833661079407,1.0675382614135742,1670.277
9507,1.1214865446090698,0.9776242971420288,1670.2815
9508,1.0148518085479736,0.9520698189735413,1670.286
9509,0.829345166683197,1.013589859008789,1670.2905
9510,0.9785707592964172,1.028733253479004,1670.295
9511,0.9706835746765137,0.8930736184120178,1670.2995
9512,0.9113718867301941,1.0410373210906982,1670.304
9513,0.9615344405174255,0.9706835746765137,1670.3085
9514,1.028733253479004,1.1060277223587036,1670.313
9515,0.9593260288238525,1.084574580192566,1670.3175
9516,0.9385038614273071,0.9568021297454834,1670.322
9517,1.0079110860824585,0.913264811038971,1670.3265
9518,1.0053871870040894,0.9747849106788635,1670.331
9519,0.838178813457489,0.9643738269805908,1670.3355
9520,0.900014340877533,0.9877198934555054,1670.34
9521,0.9684751629829407,0.9829875826835632,1670.3445
9522,0.8596319556236267,0.8902342319488525,1670.349
9523,1.0378824472427368,0.8892877697944641,1670.3535
9524,0.955855667591095,1.0725860595703125,1670.358
9525,1.03315007686615,0.9157887101173401,1670.3625
9526,0.9211520552635193,0.9896128177642822,1670.367
9527,0.9858269691467285,0.9410277605056763,1670.3715
9528,0.9899283051490784,0.9706835746765137,1670.376
9529,0.9634273648262024,0.9605879783630371,1670.3805
9530,0.9706835746765137,0.9454445838928223,1670.385
9531,0.9908747673034668,1.027155876159668,1670.3895
9532,0.9795172214508057,1.0088576078414917,1670.394
9533,0.9583795666694641,0.924937903881073,1670.3985
9534,0.973522961139679,1.1076050996780396,1670.403
9535,1.0735324621200562,0.9586950540542603,1670.4075
9536,0.8836089968681335,0.9962380528450012,1670.412
9537,0.8750908374786377,1.046400547027588,1670.4165
9538,0.9665822386741638,1.0394598245620728,1670.421
9539,0.9451290965080261,0.969106137752533,1670.4255
9540,0.9309321641921997,0.884555459022522,1670.43
9541,0.9590105414390564,1.0366204977035522,1670.4345
9542,0.9047466516494751,1.026840329170227,1670.439
9543,0.9773088097572327,1.0438766479492188,1670.4435
9544,0.9467065334320068,0.9703680872917175,1670.448
9545,1.051763892173767,0.9564866423606873,1670.4525
9546,0.9116873741149902,0.9621654152870178,1670.457
9547,0.913264811038971,1.0082266330718994,1670.4615
9548,1.0088576078414917,0.9539627432823181,1670.466
9549,0.9820411205291748,0.975731372833252,1670.4705
9550,0.964689314365387,1.0337810516357422,1670.475
9551,0.9142112731933594,1.0255783796310425,1670.4795
9552,0.9542782306671143,1.0583890676498413,1670.484
9553,0.8782457113265991,0.8880258202552795,1670.4885
9554,0.9224140048027039,0.9164196848869324,1670.493
9555,0.9883508682250977,0.9605879783630371,1670.4975
9556,0.9527007937431335,1.0520793199539185,1670.502
9557,1.1044502258300781,1.0407217741012573,1670.5065
9558,0.984565019607544,0.9672132134437561,1670.511
9559,1.0318881273269653,1.047347068786621,1670.5155
9560,0.9362954497337341,0.9672132134437561,1670.52
9561,1.0157983303070068,0.9545937180519104,1670.5245
9562,0.9583795666694641,1.0000238418579102,1670.529
9563,1.03315007686615,0.8886567950248718,1670.5335
9564,0.8892877697944641,1.037566900253296,1670.538
9565,1.0410373210906982,1.0060181617736816,1670.5425
9566,0.8634178042411804,0.9555401802062988,1670.547
9567,0.864679753780365,0.929354727268219,1670.5515
9568,0.9261998534202576,0.9366109371185303,1670.556
9569,1.0722705125808716,1.006649136543274,1670.5605
9570,1.0189532041549683,0.9640583395957947,1670.565
9571,0.9170506596565247,1.0053871870040894,1670.5695
9572,0.9416587352752686,0.9391348361968994,1670.574
9573,0.9479684829711914,1.0653297901153564,1670.5785
9574,0.9574331045150757,0.9962380528450012,1670.583
9575,1.1167542934417725,1.0552341938018799,1670.5875
9576,1.0214771032333374,0.9949761033058167,1670.592
9577,1.0852055549621582,1.0145363807678223,1670.5965
9578,0.9243069291114807,1.0274713039398193,1670.601
9579,0.8993833661079407,0.9441826343536377,1670.6055
9580,1.0344120264053345,0.9732074737548828,1670.61
9581,0.9113718867301941,1.0672227144241333,1670.6145
9582,0.9924522042274475,0.9596415162086487,1670.619
9583,0.9211520552635193,0.9303011894226074,1670.6235
9584,1.0281022787094116,0.9530162811279297,1670.628
9585,1.1072896718978882,1.0495554208755493,1670.6325
9586,1.0028632879257202,0.9438671469688416,1670.637
9587,0.913264811038971,0.8612093925476074,1670.6415
9588,0.9867734313011169,0.9533317685127258,1670.646
9589,0.9640583395957947,1.0432456731796265,1670.6505
9590,0.8962284922599792,1.0063337087631226,1670.655
9591,0.9769933223724365,0.9476529955863953,1670.6595
9592,0.9416587352752686,0.9605879783630371,1670.664
9593,0.9804636836051941,0.9971845149993896,1670.6685
9594,1.002232313156128,1.0691156387329102,1670.673
9595,1.0019168853759766,1.0252629518508911,1670.6775
9596,0.942605197429657,0.949230432510376,1670.682
9597,0.9776242971420288,0.9684751629829407,1670.6865
9598,0.9795172214508057,1.069431185722351,1670.691
9599,1.0041252374649048,1.0643833875656128,1670.6955
9600,0.9867734313011169,0.9615344405174255,1670.7
9601,1.0293642282485962,0.9962380528450012,1670.7045
9602,0.9902437925338745,0.9586950540542603,1670.709
9603,1.0098040103912354,1.0281022787094116,1670.7135
9604,0.9517543315887451,1.0911997556686401,1670.718
9605,0.8943355679512024,1.0277868509292603,1670.7225
9606,1.0940392017364502,0.9347180128097534,1670.727
9607,0.9719455242156982,0.9706835746765137,1670.7315
9608,1.0028632879257202,0.8722514510154724,1670.736
9609,1.0366204977035522,0.9463910460472107,1670.7405
9610,1.0142208337783813,0.9927676916122437,1670.745
9611,0.9123183488845825,0.9533317685127258,1670.7495
9612,0.949230432510376,0.9467065334320068,1670.754
9613,0.8971749544143677,0.9927676916122437,1670.7585
9614,0.9665822386741638,0.8747753500938416,1670.763
9615,0.9303011894226074,0.9135802984237671,1670.7675
9616,1.040406346321106,0.8908652067184448,1670.772
9617,1.0426146984100342,1.002232313156128,1670.7765
9618,0.94481360912323,0.9706835746765137,1670.781
9619,0.9479684829711914,1.0069646835327148,1670.7855
9620,1.0299952030181885,0.9665822386741638,1670.79
9621,0.9763623476028442,0.9744694232940674,1670.7945
9622,0.9479684829711914,0.8848709464073181,1670.799
9623,1.0262093544006348,1.0164293050765991,1670.8035
9624,0.888972282409668,1.0325191020965576,1670.808
9625,0.9930831789970398,0.8659417033195496,1670.8125
9626,0.9694216251373291,0.9151577353477478,1670.817
9627,1.0836280584335327,1.009173035621643,1670.8215
9628,1.0770028829574585,0.906639575958252,1670.826
9629,0.9763623476028442,0.9208365678787231,1670.8305
9630,0.9769933223724365,0.9984464645385742,1670.835
9631,0.9189435839653015,0.9858269691467285,1670.8395
9632,0.9716300368309021,1.0240010023117065,1670.844
9633,0.9495459198951721,0.9829875826835632,1670.8485
9634,0.9754158854484558,0.9609034657478333,1670.853
9635,0.9956070780754089,0.9489149451255798,1670.8575
9636,0.9766778349876404,0.982356607913971,1670.862
9637,0.8965439796447754,1.049239993095398,1670.8665
9638,0.9814101457595825,0.9164196848869324,1670.871
9639,1.0284178256988525,0.9265153408050537,1670.8755
9640,1.0009703636169434,1.0069646835327148,1670.88
9641,1.042930245399475,1.0555497407913208,1670.8845
9642,0.9659512639045715,1.0779492855072021,1670.889
9643,0.9833030700683594,0.9987619519233704,1670.8935
9644,0.9870889186859131,0.9662667512893677,1670.898
9645,0.9410277605056763,0.9489149451255798,1670.9025
9646,0.9227294921875,0.9220985174179077,1670.907
9647,1.006649136543274,1.078264832496643,1670.9115
9648,1.0126434564590454,0.9684751629829407,1670.916
9649,1.1637619733810425,0.8722514510154724,1670.9205
9650,1.0214771032333374,0.8785611987113953,1670.925
9651,0.9836185574531555,0.9530162811279297,1670.9295
9652,0.9435516595840454,1.062174916267395,1670.934
9653,1.0394598245620728,0.9091634750366211,1670.9385
9654,1.0009703636169434,1.0085420608520508,1670.943
9655,1.0129588842391968,1.0116969347000122,1670.9475
9656,0.8697275519371033,1.062174916267395,1670.952
9657,1.1303201913833618,1.0700621604919434,1670.9565
9658,1.009488582611084,0.9416587352752686,1670.961
9659,0.9564866423606873,1.0041252374649048,1670.9655
9660,0.9675287008285522,1.0176912546157837,1670.97
9661,1.0161137580871582,0.9312476515769958,1670.9745
9662,0.9318786263465881,1.0552341938018799,1670.979
9663,1.0202151536941528,0.9303011894226074,1670.9835
9664,0.9028537273406982,1.0836280584335327,1670.988
9665,1.0612285137176514,1.1161233186721802,1670.9925
9666,0.891180694103241,1.0098040103912354,1670.997
9667,0.9684751629829407,1.0164293050765991,1671.0015
9668,0.9949761033058167,1.026840329170227,1671.006
9669,1.0391443967819214,0.9918212294578552,1671.0105
9670,1.035673975944519,1.0211615562438965,1671.015
9671,1.0893068313598633,0.8927581310272217,1671.0195
9672,0.9350335001945496,0.8656262159347534,1671.024
9673,1.028733253479004,0.929354727268219,1671.0285
9674,1.015482783317566,0.9034847021102905,1671.033
9675,1.0426146984100342,0.9719455242156982,1671.0375
9676,1.0378824472427368,0.8905497193336487,1671.042
9677,1.0476624965667725,0.9842495322227478,1671.0465
9678,0.9451290965080261,0.9186280965805054,1671.051
9679,0.96689772605896,0.9596415162086487,1671.0555
9680,0.9728919863700867,0.9807791709899902,1671.06
9681,1.0265249013900757,1.031257152557373,1671.0645
9682,0.9366109371185303,0.9776242971420288,1671.069
9683,1.0568116903305054,0.9804636836051941,1671.0735
9684,1.0053871870040894,0.866888165473938,1671.078
9685,0.982356607913971,0.9694216251373291,1671.0825
9686,1.0038098096847534,0.9107409119606018,1671.087
9687,0.9517543315887451,1.0085420608520508,1671.0915
9688,0.9678441882133484,0.8962284922599792,1671.096
9689,0.9722610116004944,0.9908747673034668,1671.1005
9690,1.0514483451843262,0.9782552719116211,1671.105
9691,0.962480902671814,1.0034942626953125,1671.1095
9692,1.1382074356079102,1.0098040103912354,1671.114
9693,0.9738384485244751,0.971314549446106,1671.1185
9694,0.9766778349876404,0.9855114817619324,1671.123
9695,1.03598952293396,1.034096598625183,1671.1275
9696,1.0760563611984253,0.9807791709899902,1671.132
9697,1.0322036743164062,0.9959225654602051,1671.1365
9698,0.9372419118881226,1.0192686319351196,1671.141
9699,0.8971749544143677,1.0880448818206787,1671.1455
9700,1.029679775238037,0.9123183488845825,1671.15
9701,0.9056931138038635,0.9687906503677368,1671.1545
9702,0.8722514510154724,0.9265153408050537,1671.159
9703,0.8902342319488525,1.0053871870040894,1671.1635
9704,0.9208365678787231,0.9097944498062134,1671.168
9705,1.0451385974884033,1.0407217741012573,1671.1725
9706,0.9747849106788635,0.904431164264679,1671.177
9707,0.9997084140777588,1.0640678405761719,1671.1815
9708,0.9687906503677368,0.9561711549758911,1671.186
9709,1.0072801113128662,0.9306166768074036,1671.1905
9710,1.0322036743164062,0.8763527870178223,1671.195
9711,0.96689772605896,0.940396785736084,1671.1995
9712,1.0350430011749268,1.0176912546157837,1671.204
9713,1.0861519575119019,0.9889818429946899,1671.2085
9714,0.9829875826835632,0.9747849106788635,1671.213
9715,1.0012859106063843,1.1331596374511719,1671.2175
9716,0.9930831789970398,1.0716395378112793,1671.222
9717,1.056180715560913,0.8987523913383484,1671.2265
9718,1.0277868509292603,0.931563138961792,1671.231
9719,0.9971845149993896,0.9968690276145935,1671.2355
9720,0.9675287008285522,0.9391348361968994,1671.24
9721,0.9810946583747864,0.9463910460472107,1671.2445
9722,1.0609129667282104,1.0281022787094116,1671.249
9723,0.9138957858085632,0.9224140048027039,1671.2535
9724,1.0467160940170288,0.9760468602180481,1671.258
9725,1.0612285137176514,1.018006682395935,1671.2625
9726,1.0255783796310425,1.0277868509292603,1671.267
9727,0.924937903881073,0.9006453156471252,1671.2715
9728,0.8902342319488525,1.049239993095398,1671.276
9729,1.028733253479004,1.0520793199539185,1671.2805
9730,1.0041252374649048,0.9265153408050537,1671.285
9731,1.002232313156128,1.0164293050765991,1671.2895
9732,0.9609034657478333,1.018006682395935,1671.294
9733,0.9952915906906128,0.9019072651863098,1671.2985
9734,0.9609034657478333,0.9732074737548828,1671.303
9735,1.0104349851608276,1.0009703636169434,1671.3075
9736,1.065014362335205,0.9883508682250977,1671.312
9737,1.0328346490859985,0.9325096011161804,1671.3165
9738,0.8763527870178223,0.9719455242156982,1671.321
9739,0.9949761033058167,1.0009703636169434,1671.3255
9740,1.1000334024429321,0.8937045931816101,1671.33
9741,1.0823661088943481,0.9864579439163208,1671.3345
9742,1.115492343902588,0.8782457113265991,1671.339
9743,1.0079110860824585,0.9429206848144531,1671.3435
9744,0.8981214165687561,0.9700525999069214,1671.348
9745,0.9968690276145935,1.0549187660217285,1671.3525
9746,1.0732170343399048,1.0031788349151611,1671.357
9747,0.9126338362693787,0.869096577167511,1671.3615
9748,1.0558651685714722,1.0479780435562134,1671.366
9749,0.9451290965080261,0.8855019211769104,1671.3705
9750,0.9230449795722961,0.9874044060707092,1671.375
9751,0.9227294921875,0.8018977642059326,1671.3795
9752,0.9192590713500977,1.0571271181106567,1671.384
9753,0.9075860381126404,1.0214771032333374,1671.3885
9754,0.9511233568191528,0.9530162811279297,1671.393
9755,0.9495459198951721,0.9858269691467285,1671.3975
9756,0.9877198934555054,1.0123279094696045,1671.402
9757,1.047347068786621,0.9930831789970398,1671.4065
9758,0.9101099371910095,0.9151577353477478,1671.411
9759,1.0186376571655273,1.0353585481643677,1671.4155
9760,0.9482839703559875,0.9432361721992493,1671.42
9761,0.9880353808403015,1.0195841789245605,1671.4245
9762,0.8719359636306763,1.0072801113128662,1671.429
9763,1.0072801113128662,0.9385038614273071,1671.4335
9764,0.975731372833252,0.9530162811279297,1671.438
9765,1.0602819919586182,0.9716300368309021,1671.4425
9766,0.9858269691467285,1.0173757076263428,1671.447
9767,0.9889818429946899,0.9631118774414062,1671.4515
9768,1.0691156387329102,1.0366204977035522,1671.456
9769,0.9687906503677368,1.0643833875656128,1671.4605
9770,0.8662571907043457,1.0009703636169434,1671.465
9771,1.01390540599823,0.9754158854484558,1671.4695
9772,0.9038001894950867,1.0347275733947754,1671.474
9773,1.0867829322814941,0.9605879783630371,1671.4785
9774,0.8637332916259766,1.0104349851608276,1671.483
9775,0.915473222732544,1.1085516214370728,1671.4875
9776,0.9763623476028442,1.0520793199539185,1671.492
9777,0.9508078694343567,0.9435516595840454,1671.4965
9778,1.0274713039398193,0.9987619519233704,1671.501
9779,0.9782552719116211,0.9798327088356018,1671.5055
9780,1.013589859008789,0.9836185574531555,1671.51
9781,0.8908652067184448,0.9687906503677368,1671.5145
9782,1.0000238418579102,0.9167351722717285,1671.519
9783,1.038513422012329,0.9280927777290344,1671.5235
9784,0.813886284828186,0.9795172214508057,1671.528
9785,0.9498614072799683,1.071324110031128,1671.5325
9786,0.9722610116004944,1.027155876159668,1671.537
9787,0.9164196848869324,0.9874044060707092,1671.5415
9788,1.0388288497924805,0.9747849106788635,1671.546
9789,0.958064079284668,0.9643738269805908,1671.5505
9790,0.9533317685127258,0.9277772903442383,1671.555
9791,1.0833126306533813,1.1199091672897339,1671.5595
9792,0.9145267605781555,0.9454445838928223,1671.564
9793,1.0098040103912354,0.9277772903442383,1671.5685
9794,0.9438671469688416,0.9586950540542603,1671.573
9795,1.0164293050765991,0.9113718867301941,1671.5775
9796,1.088675856590271,0.9577485918998718,1671.582
9797,1.0590200424194336,1.0520793199539185,1671.5865
9798,0.9504923820495605,0.927146315574646,1671.591
9799,0.9615344405174255,0.9952915906906128,1671.5955
9800,0.9489149451255798,0.9170506596565247,1671.6
9801,1.019899606704712,0.9640583395957947,1671.6045
9802,1.0069646835327148,0.89780592918396,1671.609
9803,1.0366204977035522,0.9422897100448608,1671.6135
9804,1.1050812005996704,1.0123279094696045,1671.618
9805,0.9542782306671143,0.9612189531326294,1671.6225
9806,0.9347180128097534,1.1183316707611084,1671.627
9807,0.9410277605056763,0.9662667512893677,1671.6315
9808,0.9413432478904724,0.8908652067184448,1671.636
9809,1.1410467624664307,1.0451385974884033,1671.6405
9810,0.9113718867301941,1.0539722442626953,1671.645
9811,0.9416587352752686,1.0785802602767944,1671.6495
9812,0.9971845149993896,0.9303011894226074,1671.654
9813,0.9463910460472107,0.9662667512893677,1671.6585
9814,1.0120124816894531,1.0451385974884033,1671.663
9815,0.9366109371185303,0.9634273648262024,1671.6675
9816,0.9962380528450012,1.0075956583023071,1671.672
9817,0.9833030700683594,1.0240010023117065,1671.6765
9818,0.9807791709899902,1.009173035621643,1671.681
9819,0.8965439796447754,1.0038098096847534,1671.6855
9820,1.0157983303070068,0.9937141537666321,1671.69
9821,1.0697466135025024,0.9814101457595825,1671.6945
9822,1.0407217741012573,0.9807791709899902,1671.699
9823,0.9744694232940674,1.0751099586486816,1671.7035
9824,0.9769933223724365,1.0063337087631226,1671.708
9825,0.9687906503677368,0.8968594670295715,1671.7125
9826,0.9738384485244751,1.0170602798461914,1671.717
9827,1.013589859008789,0.9656357765197754,1671.7215
9828,1.0410373210906982,1.0195841789245605,1671.726
9829,0.940396785736084,1.034096598625183,1671.7305
9830,1.0631214380264282,0.9851959943771362,1671.735
9831,0.9113718867301941,1.040090799331665,1671.7395
9832,1.0896223783493042,1.0971940755844116,1671.744
9833,1.0057027339935303,1.0372514724731445,1671.7485
9834,0.9303011894226074,1.019899606704712,1671.753
9835,0.9230449795722961,0.9202055931091309,1671.7575
9836,0.9596415162086487,0.9116873741149902,1671.762
9837,1.0719550848007202,0.9975000023841858,1671.7665
9838,1.0615439414978027,0.8987523913383484,1671.771
9839,1.0290488004684448,0.9681596755981445,1671.7755
9840,0.8861328959465027,1.0366204977035522,1671.78
9841,0.9725764989852905,1.0060181617736816,1671.7845
9842,0.9826720952987671,1.0703775882720947,1671.789
9843,0.9653202891349792,0.9391348361968994,1671.7935
9844,0.8861328959465027,0.9586950540542603,1671.798
9845,0.962480902671814,0.9785707592964172,1671.8025
9846,1.0044407844543457,1.069431185722351,1671.807
9847,1.075425386428833,0.9804636836051941,1671.8115
9848,0.9728919863700867,0.8937045931816101,1671.816
9849,1.0363049507141113,0.9220985174179077,1671.8205
9850,0.94481360912323,0.9031692147254944,1671.825
9851,0.9807791709899902,0.8880258202552795,1671.8295
9852,1.040090799331665,0.9861424565315247,1671.834
9853,1.0299952030181885,1.073848009109497,1671.8385
9854,0.9593260288238525,0.9760468602180481,1671.843
9855,1.0075956583023071,0.9877198934555054,1671.8475
9856,0.9252533912658691,1.0079110860824585,1671.852
9857,1.0293642282485962,1.006649136543274,1671.8565
9858,0.9599570035934448,0.882347047328949,1671.861
9859,0.9063240885734558,0.9908747673034668,1671.8655
9860,1.0167447328567505,1.022423505783081,1671.87
9861,0.9586950540542603,1.0113815069198608,1671.8745
9862,0.9870889186859131,0.931563138961792,1671.879
9863,1.002232313156128,1.041983723640442,1671.8835
9864,0.9665822386741638,0.9227294921875,1671.888
9865,1.1139148473739624,0.9239914417266846,1671.8925
9866,0.882347047328949,0.9552246928215027,1671.897
9867,0.9287237524986267,0.9050621390342712,1671.9015
9868,0.9097944498062134,1.000339388847351,1671.906
9869,1.0735324621200562,1.0129588842391968,1671.9105
9870,0.9672132134437561,1.1053967475891113,1671.915
9871,1.0318881273269653,0.9407122731208801,1671.9195
9872,0.9375573992729187,0.9583795666694641,1671.924
9873,0.9555401802062988,0.9397658109664917,1671.9285
9874,0.9173661470413208,0.8880258202552795,1671.933
9875,0.9981309771537781,0.9508078694343567,1671.9375
9876,1.066591739654541,1.0788958072662354,1671.942
9877,0.949230432510376,1.0104349851608276,1671.9465
9878,0.9732074737548828,0.9025382399559021,1671.951
9879,1.0631214380264282,1.1006643772125244,1671.9555
9880,1.0552341938018799,1.006649136543274,1671.96
9881,1.0984560251235962,0.9258843660354614,1671.9645
9882,0.9555401802062988,1.0486090183258057,1671.969
9883,1.0145363807678223,0.9375573992729187,1671.9735
9884,0.955855667591095,0.9413432478904724,1671.978
9885,1.0025478601455688,0.9299857020378113,1671.9825
9886,0.8687810897827148,1.0703775882720947,1671.987
9887,0.9861424565315247,1.0460851192474365,1671.9915
9888,0.9075860381126404,0.8832935094833374,1671.996
9889,1.106658697128296,1.002232313156128,1672.0005
9890,0.8454350233078003,0.884555459022522,1672.005
9891,1.0716395378112793,0.9725764989852905,1672.0095
9892,0.9568021297454834,0.9429206848144531,1672.014
9893,0.9754158854484558,0.8791921734809875,1672.0185
9894,0.9564866423606873,0.9959225654602051,1672.023
9895,0.9833030700683594,1.0552341938018799,1672.0275
9896,0.9006453156471252,1.126534342765808,1672.032
9897,0.8501673340797424,1.1094980239868164,1672.0365
9898,0.9366109371185303,0.9116873741149902,1672.041
9899,0.8504828214645386,0.9716300368309021,1672.0455
9900,1.041983723640442,1.002232313156128,1672.05
9901,0.9038001894950867,0.9176816344261169,1672.0545
9902,0.9164196848869324,1.056180715560913,1672.059
9903,1.0482934713363647,0.8937045931816101,1672.0635
9904,0.958064079284668,0.9877198934555054,1672.068
9905,0.9504923820495605,0.9896128177642822,1672.0725
9906,1.0369359254837036,0.9883508682250977,1672.077
9907,1.0009703636169434,0.9804636836051941,1672.0815
9908,1.0104349851608276,1.05807363986969,1672.086
9909,0.9391348361968994,1.013589859008789,1672.0905
9910,0.9372419118881226,1.0211615562438965,1672.095
9911,0.9874044060707092,0.873513400554657,1672.0995
9912,1.0088576078414917,0.9763623476028442,1672.104
9913,0.9858269691467285,1.0322036743164062,1672.1085
9914,0.9656357765197754,0.9508078694343567,1672.113
9915,0.975731372833252,1.0574426651000977,1672.1175
9916,0.9703680872917175,0.9407122731208801,1672.122
9917,0.9637428522109985,1.0467160940170288,1672.1265
9918,0.9104254245758057,1.037566900253296,1672.131
9919,0.9665822386741638,0.8914961814880371,1672.1355
9920,0.9744694232940674,1.0142208337783813,1672.14
9921,1.0116969347000122,1.0552341938018799,1672.1445
9922,1.0369359254837036,0.9874044060707092,1672.149
9923,1.057758092880249,0.940396785736084,1672.1535
9924,1.0451385974884033,1.0208461284637451,1672.158
9925,1.0116969347000122,0.9785707592964172,1672.1625
9926,0.9350335001945496,0.9356644749641418,1672.167
9927,0.8855019211769104,0.9549092054367065,1672.1715
9928,0.858054518699646,0.9817256331443787,1672.176
9929,1.0438766479492188,0.9157887101173401,1672.1805
9930,0.971314549446106,0.9568021297454834,1672.185
9931,1.0028632879257202,1.0981404781341553,1672.1895
9932,0.9451290965080261,0.8996988534927368,1672.194
9933,1.053656816482544,1.046400547027588,1672.1985
9934,1.01390540599823,1.0501863956451416,1672.203
9935,1.0369359254837036,1.0057027339935303,1672.2075
9936,0.94481360912323,0.9760468602180481,1672.212
9937,0.9618499279022217,0.9561711549758911,1672.2165
9938,0.8886567950248718,0.9539627432823181,1672.221
9939,0.9340870380401611,1.0893068313598633,1672.2255
9940,0.9189435839653015,0.9454445838928223,1672.23
9941,0.9173661470413208,1.0249474048614502,1672.2345
9942,0.9952915906906128,0.9397658109664917,1672.239
9943,0.9233604669570923,1.041983723640442,1672.2435
9944,0.9372419118881226,1.048924446105957,1672.248
9945,0.9880353808403015,0.9189435839653015,1672.2525
9946,1.0170602798461914,0.9214675426483154,1672.257
9947,0.9782552719116211,0.862471342086792,1672.2615
9948,0.958064079284668,0.9280927777290344,1672.266
9949,0.9820411205291748,1.0303107500076294,1672.2705
9950,1.0034942626953125,1.01106595993042,1672.275
9951,0.9738384485244751,1.0281022787094116,1672.2795
9952,1.004756212234497,0.8432266116142273,1672.284
9953,0.8952820301055908,1.0034942626953125,1672.2885
9954,0.8741443753242493,0.886763870716095,1672.293
9955,0.9902437925338745,0.9252533912658691,1672.2975
9956,0.9356644749641418,1.0716395378112793,1672.302
9957,1.0230544805526733,0.9309321641921997,1672.3065
9958,1.1132838726043701,1.1173852682113647,1672.311
9959,0.8984369039535522,1.0038098096847534,1672.3155
9960,1.0202151536941528,0.9896128177642822,1672.32
9961,0.9309321641921997,1.0527102947235107,1672.3245
9962,0.9911902546882629,1.0019168853759766,1672.329
9963,0.9410277605056763,0.958064079284668,1672.3335
9964,0.9962380528450012,0.9836185574531555,1672.338
9965,1.0965631008148193,1.0678536891937256,1672.3425
9966,1.0170602798461914,1.0252629518508911,1672.347
9967,0.924937903881073,0.9826720952987671,1672.3515
9968,1.0590200424194336,0.8703585267066956,1672.356
9969,0.8788766860961914,0.9975000023841858,1672.3605
9970,0.9239914417266846,0.8996988534927368,1672.365
9971,0.902222752571106,0.9732074737548828,1672.3695
9972,1.0848900079727173,1.0413527488708496,1672.374
9973,1.0397753715515137,0.9318786263465881,1672.3785
9974,0.9019072651863098,0.9804636836051941,1672.383
9975,0.9899283051490784,1.1069741249084473,1672.3875
9976,0.9176816344261169,0.9637428522109985,1672.392
9977,0.9858269691467285,1.029679775238037,1672.3965
9978,0.9476529955863953,0.915473222732544,1672.401
9979,1.0618594884872437,0.9719455242156982,1672.4055
9980,1.0113815069198608,1.144201636314392,1672.41
9981,0.9814101457595825,1.100348949432373,1672.4145
9982,0.940396785736084,0.9504923820495605,1672.419
9983,1.0325191020965576,0.9508078694343567,1672.4235
9984,0.958064079284668,0.9826720952987671,1672.428
9985,0.9082170128822327,0.9738384485244751,1672.4325
9986,0.9732074737548828,1.009488582611084,1672.437
9987,1.013589859008789,0.877930223941803,1672.4415
9988,1.0811041593551636,0.9662667512893677,1672.446
9989,0.9965535402297974,0.9274618029594421,1672.4505
9990,1.0388288497924805,1.1129684448242188,1672.455
9991,0.929354727268219,0.880138635635376,1672.4595
9992,1.0378824472427368,0.9325096011161804,1672.464
9993,1.0590200424194336,1.031257152557373,1672.4685
9994,1.044823169708252,1.0874139070510864,1672.473
9995,0.8836089968681335,0.9079015254974365,1672.4775
9996,1.0025478601455688,0.8700430393218994,1672.482
